id;género;edad;fecha_compra;factura;Bebida_favorita;horario;región;satisfacción
0;;28;20230212;65400;Latte;10-12;Pacífica;1
1;F;55;20230715;112000;Espresso Macchiato;16-18;Insular;4
2;;28;20240712;65400;Chocolate Caliente;10-12;Caribe;4
3;F;75;20230509;100000;Chocolate Blanco;16-18;Orinoquía;5
4;;28;20230804;65400;Mocha Blanco Latte;16-18;Andina;3
5;M;68;20240426;70000;Flat White;16-18;Caribe;1
6;;28;20230925;65400;Mocha Blanco Latte;16-18;Andina;3
7;;28;20231002;65400;Arequipe Latte;18-20;Pacífica;5
8;M;65;20240209;53000;Caramel Macchiato;12-14;Andina;2
9;;28;20221122;65400;Latte;12-14;Orinoquía;2
10;;28;20230824;65400;Americano;18-20;Insular;2
11;;28;20210919;65400;Flat White;14-16;Orinoquía;3
12;M;58;20231111;51000;Latte;12-14;Caribe;1
13;F;61;20230911;57000;Flat White;10-12;Caribe;2
14;M;26;20200213;46000;Mocha Blanco Latte;20-22;Pacífica;1
15;F;62;20220211;71000;Café del día;12-14;Caribe;5
16;M;49;20201113;52000;Mocha Latte;14-16;Andina;4
17;;28;20230801;65400;Café del día;10-12;Insular;3
18;M;57;20231231;42000;Café del día;12-14;Caribe;4
19;F;61;20240501;40000;Latte;14-16;Caribe;5
20;F;40;20220504;71000;Cappuccino;20-22;Orinoquía;2
21;M;64;20230909;100000;Latte Macchiato;14-16;Andina;4
22;F;78;20230616;71000;Chocolate Blanco Helado;18-20;Pacífica;1
23;;28;20230907;65400;Chocolate Caliente;20-22;Andina;3
24;M;42;20190811;69000;Americano;16-18;Caribe;5
25;F;56;20240428;88000;Mocha Blanco Latte;20-22;Caribe;2
26;;28;20230330;65400;Flat White;16-18;Andina;4
27;F;33;20230926;52000;Chocolate Blanco;20-22;Orinoquía;2
28;F;46;20230911;59000;Chocolate Blanco;16-18;Andina;4
29;M;59;20210121;41000;Chocolate Blanco Helado;16-18;Insular;4
30;M;67;20200823;96000;Chocolate Blanco Helado;16-18;Orinoquía;3
31;O;53;20230916;52000;Chocolate Blanco;10-12;Andina;3
32;M;22;20230925;70000;Café del día;16-18;Andina;4
33;F;96;20231117;89000;Espresso Macchiato;18-20;Insular;3
34;M;40;20220709;33000;Latte;12-14;Orinoquía;4
35;F;69;20220814;57000;Chocolate Blanco;12-14;Orinoquía;4
36;;28;20220707;65400;Cappuccino;10-12;Orinoquía;5
37;M;56;20200511;68000;Mocha Latte;10-12;Pacífica;4
38;F;26;20230812;63000;Espresso Sencillo;20-22;Caribe;5
39;;28;20240113;65400;Espresso Sencillo;20-22;Orinoquía;4
40;M;75;20211112;40000;Chocolate Blanco Helado;12-14;Andina;5
41;F;20;20220711;30000;Mocha Latte;10-12;Pacífica;1
42;M;45;20240707;33000;Espresso Sencillo;16-18;Andina;5
43;M;61;20231121;98000;Espresso Macchiato;10-12;Andina;3
44;;28;20201111;65400;Latte Macchiato;20-22;Orinoquía;3
45;;28;20230511;65400;Arequipe Latte;16-18;Caribe;1
46;F;69;20190918;37000;Espresso Sencillo;10-12;Orinoquía;1
47;F;54;20230207;80000;Arequipe Latte;16-18;Andina;4
48;M;39;20200527;51000;Arequipe Latte;12-14;Orinoquía;2
49;F;41;20210921;41000;Mocha Latte;10-12;Caribe;2
50;F;79;20210415;48000;Espresso Doble;12-14;Insular;3
51;F;66;20240408;38000;Café del día;18-20;Insular;4
52;F;56;20230626;52000;Latte;18-20;Orinoquía;5
53;F;39;20200723;56000;Americano;18-20;Andina;4
54;;28;20230528;65400;Mocha Blanco Latte;16-18;Insular;2
55;M;42;20220117;96000;Arequipe Latte;14-16;Caribe;3
56;;28;20231013;65400;Mocha Blanco Latte;10-12;Caribe;2
57;;28;20211220;65400;Chocolate Blanco;14-16;Orinoquía;4
58;F;78;20221009;93000;Cappuccino;16-18;Caribe;3
59;M;45;20231006;48000;Chocolate Blanco Helado;16-18;Insular;3
60;M;29;20220430;50000;Americano;18-20;Orinoquía;3
61;M;44;20230924;35000;Espresso Macchiato;10-12;Orinoquía;4
62;M;63;20240713;56000;Espresso Macchiato;20-22;Caribe;2
63;M;36;20231228;56000;Americano;16-18;Caribe;4
64;F;76;20240314;47000;Mocha Blanco Latte;10-12;Orinoquía;4
65;M;68;20230823;87000;Espresso Sencillo;20-22;Pacífica;5
66;M;75;20211129;52000;Café del día;18-20;Pacífica;3
67;M;67;20230226;76000;Café del día;10-12;Insular;1
68;M;77;20220730;51000;Caramel Macchiato;18-20;Orinoquía;5
69;M;76;20200831;64000;Latte;16-18;Pacífica;3
70;M;57;20240207;98000;Flat White;14-16;Pacífica;4
71;F;53;20220706;72000;Café del día;14-16;Andina;4
72;F;53;20221231;117000;Arequipe Latte;10-12;Pacífica;5
73;F;53;20231026;55000;Espresso Macchiato;20-22;Pacífica;1
74;F;61;20231110;112000;Chocolate Blanco Helado;12-14;Insular;2
75;F;67;20220910;77000;Mocha Latte;14-16;Insular;4
76;F;58;20240125;85000;Mocha Blanco Latte;14-16;Orinoquía;4
77;F;46;20240629;36000;Latte;10-12;Insular;2
78;M;30;20231202;41000;Chocolate Caliente;18-20;Pacífica;2
79;M;59;20230820;89000;Chocolate Blanco;10-12;Pacífica;2
80;;28;20230918;65400;Latte Macchiato;12-14;Caribe;3
81;M;51;20211231;41000;Cappuccino;10-12;Orinoquía;5
82;M;27;20240110;35000;Flat White;18-20;Andina;5
83;M;40;20240227;53000;Latte Macchiato;10-12;Insular;1
84;;28;20210920;65400;Latte;10-12;Caribe;2
85;F;73;20240419;91000;Flat White;12-14;Pacífica;2
86;F;74;20211224;107000;Caramel Macchiato;20-22;Andina;2
87;M;42;20211121;66000;Latte;20-22;Orinoquía;3
88;M;78;20211111;58000;Café del día;16-18;Insular;2
89;F;54;20221225;53000;Chocolate Blanco Helado;10-12;Orinoquía;4
90;F;70;20240613;74000;Americano;14-16;Pacífica;1
91;F;49;20230408;57000;Espresso Sencillo;12-14;Orinoquía;2
92;F;62;20240410;57000;Flat White;12-14;Andina;1
93;M;64;20230305;70000;Arequipe Latte;10-12;Insular;2
94;F;89;20231114;87000;Café del día;20-22;Caribe;3
95;M;73;20240401;51000;Latte Macchiato;20-22;Pacífica;2
96;;28;20220806;65400;Mocha Blanco Latte;12-14;Insular;3
97;F;50;20230506;93000;Chocolate Caliente;16-18;Orinoquía;5
98;F;90;20211210;98000;Cappuccino;16-18;Andina;5
99;F;68;20220731;84000;Latte Macchiato;18-20;Andina;3
100;M;60;20230206;64000;Caramel Macchiato;12-14;Insular;1
101;M;45;20230815;54000;Chocolate Blanco;20-22;Orinoquía;2
102;M;66;20220124;49000;Café del día;16-18;Insular;4
103;;28;20230223;65400;Espresso Doble;18-20;Pacífica;4
104;;28;20230823;65400;Espresso Macchiato;12-14;Insular;1
105;F;19;20221015;73000;Chocolate Caliente;18-20;Andina;2
106;F;66;20240216;58000;Espresso Doble;12-14;Orinoquía;2
107;F;72;20220811;72000;Espresso Sencillo;10-12;Insular;3
108;;28;20220190;65400;Chocolate Helado;14-16;Andina;5
109;M;76;20220407;63000;Chocolate Blanco;14-16;Caribe;2
110;M;52;20230515;78000;Caramel Macchiato;16-18;Insular;3
111;M;55;20231210;31000;Latte Macchiato;14-16;Pacífica;4
112;F;39;20230919;60000;Latte Macchiato;18-20;Orinoquía;2
113;F;45;20220126;44000;Espresso Sencillo;18-20;Orinoquía;4
114;F;57;20230704;114000;Chocolate Caliente;18-20;Orinoquía;2
115;M;74;20240712;48000;Espresso Doble;20-22;Caribe;1
116;M;18;20220727;47000;Latte;12-14;Orinoquía;5
117;M;53;20230927;96000;Espresso Macchiato;16-18;Insular;2
118;F;59;20230910;98000;Arequipe Latte;20-22;Pacífica;1
119;M;57;20201104;46000;Cappuccino;20-22;Insular;2
120;F;51;20230813;56000;Mocha Latte;12-14;Orinoquía;3
121;;28;20210730;65400;Cappuccino;14-16;Andina;5
122;;28;20231125;65400;Caramel Macchiato;10-12;Andina;3
123;F;64;20231020;37000;Arequipe Latte;18-20;Caribe;3
124;M;71;20230129;57000;Americano;20-22;Pacífica;1
125;F;64;20230421;66000;Mocha Latte;12-14;Andina;1
126;M;83;20240127;46000;Chocolate Blanco Helado;18-20;Caribe;3
127;M;26;20231211;71000;Café del día;18-20;Pacífica;3
128;;28;20220418;65400;Cappuccino;12-14;Insular;1
129;F;29;20240321;58000;Latte;10-12;Caribe;1
130;M;43;20230915;70000;Chocolate Caliente;18-20;Orinoquía;4
131;F;89;20240114;65000;Chocolate Helado;10-12;Andina;3
132;F;49;20240518;79000;Chocolate Blanco Helado;10-12;Caribe;5
133;M;79;20220627;67000;Chocolate Caliente;12-14;Pacífica;5
134;F;55;20231016;94000;Arequipe Latte;18-20;Insular;5
135;M;55;20231203;66000;Americano;14-16;Orinoquía;3
136;M;45;20231007;31000;Americano;10-12;Andina;4
137;M;52;20240130;30000;Caramel Macchiato;14-16;Andina;1
138;M;39;20220404;55000;Chocolate Caliente;18-20;Pacífica;2
139;M;77;20240702;69000;Chocolate Blanco;12-14;Andina;2
140;M;66;20240709;60000;Americano;18-20;Andina;2
141;F;69;20230927;87000;Mocha Blanco Latte;20-22;Andina;1
142;M;74;20200820;53000;Chocolate Caliente;20-22;Pacífica;4
143;;28;20221018;65400;Café del día;12-14;Pacífica;5
144;F;75;20240712;87000;Mocha Latte;10-12;Pacífica;3
145;F;59;20210909;85000;Espresso Doble;12-14;Caribe;1
146;M;47;20191230;66000;Mocha Latte;18-20;Orinoquía;2
147;M;20;20240528;69000;Espresso Doble;12-14;Pacífica;4
148;M;60;20230426;108000;Flat White;12-14;Insular;1
149;M;65;20240315;61000;Chocolate Blanco Helado;14-16;Orinoquía;3
150;M;33;20210421;43000;Arequipe Latte;10-12;Caribe;2
151;F;39;20231217;67000;Mocha Blanco Latte;12-14;Pacífica;3
152;M;49;20240602;59000;Chocolate Caliente;20-22;Andina;5
153;M;68;20240207;58000;Chocolate Blanco;12-14;Orinoquía;3
154;M;42;20230209;80000;Latte;10-12;Andina;3
155;M;72;20240601;33000;Espresso Sencillo;12-14;Pacífica;3
156;F;18;20230524;49000;Latte;18-20;Caribe;2
157;F;32;20240628;42000;Cappuccino;14-16;Caribe;4
158;M;67;20230828;50000;Caramel Macchiato;20-22;Caribe;5
159;M;52;20240704;42000;Chocolate Caliente;10-12;Caribe;3
160;M;38;20231019;64000;Mocha Blanco Latte;16-18;Pacífica;4
161;F;60;20240316;77000;Arequipe Latte;18-20;Caribe;2
162;F;62;20231222;77000;Latte Macchiato;10-12;Andina;1
163;F;55;20240708;51000;Arequipe Latte;20-22;Andina;1
164;M;22;20240428;63000;Latte Macchiato;20-22;Orinoquía;2
165;M;34;20231206;41000;Mocha Blanco Latte;16-18;Insular;3
166;M;46;20201214;60000;Latte Macchiato;10-12;Caribe;1
167;M;85;20240726;67000;Mocha Blanco Latte;16-18;Pacífica;2
168;F;51;20230316;85000;Cappuccino;12-14;Caribe;3
169;;28;20210905;65400;Americano;12-14;Caribe;5
170;F;53;20220427;85000;Caramel Macchiato;16-18;Pacífica;4
171;M;51;20220810;92000;Chocolate Blanco;12-14;Caribe;5
172;;28;20240114;65400;Chocolate Blanco Helado;20-22;Caribe;5
173;M;48;20210601;44000;Mocha Latte;20-22;Pacífica;2
174;M;52;20240605;72000;Mocha Blanco Latte;16-18;Caribe;3
175;;28;20230607;65400;Espresso Doble;18-20;Orinoquía;3
176;M;62;20220305;53000;Mocha Blanco Latte;20-22;Caribe;1
177;M;42;20240325;62000;Americano;18-20;Insular;1
178;M;55;20231025;65000;Americano;18-20;Insular;1
179;F;27;20210915;50000;Café del día;10-12;Caribe;1
180;M;68;20240530;107000;Chocolate Blanco Helado;14-16;Orinoquía;3
181;F;74;20231220;83000;Espresso Sencillo;20-22;Andina;2
182;M;77;20201011;66000;Espresso Macchiato;12-14;Caribe;5
183;M;35;20240118;72000;Chocolate Blanco;14-16;Caribe;5
184;F;50;20231108;69000;Chocolate Blanco;12-14;Caribe;3
185;M;45;20211027;94000;Chocolate Blanco Helado;16-18;Insular;5
186;M;82;20221231;87000;Chocolate Caliente;10-12;Andina;3
187;M;40;20191222;57000;Flat White;12-14;Orinoquía;1
188;M;66;20240617;34000;Cappuccino;10-12;Orinoquía;3
189;M;52;20240411;63000;Espresso Doble;12-14;Insular;1
190;F;57;20220329;89000;Latte Macchiato;20-22;Caribe;4
191;M;68;20220629;69000;Arequipe Latte;10-12;Andina;2
192;M;21;20240303;52000;Cappuccino;12-14;Pacífica;2
193;M;61;20230815;44000;Chocolate Helado;18-20;Caribe;2
194;;28;20220506;65400;Espresso Macchiato;16-18;Orinoquía;2
195;F;58;20240317;54000;Americano;18-20;Orinoquía;1
196;F;67;20240614;54000;Latte;16-18;Pacífica;1
197;M;24;20230212;61000;Flat White;16-18;Orinoquía;1
198;;28;20210206;65400;Chocolate Helado;16-18;Andina;5
199;M;26;20231117;35000;Flat White;18-20;Orinoquía;1
200;F;71;20231207;105000;Latte Macchiato;18-20;Andina;5
201;F;69;20231212;64000;Espresso Macchiato;12-14;Caribe;3
202;M;81;20240503;93000;Arequipe Latte;14-16;Pacífica;4
203;M;62;20220405;73000;Espresso Sencillo;10-12;Insular;3
204;M;38;20230709;74000;Chocolate Caliente;16-18;Pacífica;1
205;M;61;20230926;82000;Latte Macchiato;20-22;Andina;4
206;F;52;20230809;92000;Latte;14-16;Pacífica;4
207;M;50;20231225;70000;Flat White;16-18;Insular;4
208;M;54;20230216;118000;Cappuccino;18-20;Pacífica;2
209;F;75;20240502;109000;Mocha Blanco Latte;16-18;Pacífica;4
210;M;82;20240319;73000;Latte Macchiato;12-14;Andina;4
211;M;64;20240720;38000;Café del día;20-22;Insular;5
212;F;54;20211006;99000;Arequipe Latte;10-12;Andina;3
213;;28;20240708;65400;Caramel Macchiato;12-14;Andina;5
214;M;82;20240108;72000;Espresso Sencillo;12-14;Orinoquía;1
215;;28;20211115;65400;Chocolate Blanco Helado;14-16;Caribe;4
216;M;90;20240509;45000;Chocolate Caliente;16-18;Pacífica;2
217;F;34;20240417;67000;Latte;12-14;Orinoquía;5
218;M;44;20240718;53000;Mocha Blanco Latte;12-14;Andina;5
219;F;79;20240711;106000;Chocolate Helado;16-18;Pacífica;2
220;F;58;20221231;95000;Espresso Macchiato;12-14;Insular;3
221;;28;20240327;65400;Chocolate Blanco Helado;12-14;Pacífica;1
222;F;47;20220105;74000;Arequipe Latte;14-16;Insular;4
223;F;60;20231117;59000;Espresso Macchiato;18-20;Caribe;2
224;M;83;20230807;54000;Chocolate Blanco;18-20;Insular;3
225;F;74;20240517;103000;Mocha Latte;20-22;Orinoquía;2
226;M;89;20210917;101000;Latte;18-20;Insular;4
227;M;68;20220305;62000;Espresso Doble;16-18;Pacífica;5
228;F;63;20231127;110000;Espresso Doble;20-22;Orinoquía;1
229;F;40;20240706;51000;Chocolate Helado;20-22;Andina;3
230;F;79;20231217;99000;Caramel Macchiato;14-16;Insular;1
231;M;71;20240321;30000;Latte;10-12;Andina;3
232;F;76;20210906;114000;Espresso Sencillo;20-22;Caribe;3
233;M;89;20220528;96000;Latte;10-12;Caribe;4
234;M;63;20230729;36000;Chocolate Caliente;14-16;Andina;5
235;;28;20240501;65400;Cappuccino;12-14;Insular;2
236;M;41;20230922;83000;Café del día;10-12;Orinoquía;4
237;F;71;20240408;56000;Café del día;20-22;Andina;4
238;M;44;20231011;36000;Chocolate Blanco;14-16;Andina;5
239;M;25;20220406;73000;Chocolate Blanco;14-16;Insular;5
240;M;27;20240327;70000;Mocha Blanco Latte;20-22;Pacífica;2
241;M;67;20240212;106000;Chocolate Blanco Helado;18-20;Andina;1
242;F;77;20220219;80000;Cappuccino;10-12;Pacífica;2
243;F;68;20211229;66000;Americano;12-14;Orinoquía;4
244;M;37;20220420;64000;Americano;18-20;Orinoquía;3
245;M;55;20220323;60000;Americano;18-20;Orinoquía;4
246;M;30;20220903;54000;Chocolate Helado;10-12;Insular;5
247;M;51;20210815;54000;Flat White;16-18;Orinoquía;5
248;F;47;20240712;92000;Americano;20-22;Insular;4
249;M;49;20240204;48000;Americano;12-14;Insular;5
250;M;32;20211008;38000;Chocolate Caliente;10-12;Pacífica;2
251;M;30;20230418;69000;Espresso Sencillo;12-14;Caribe;3
252;M;47;20230225;86000;Latte Macchiato;10-12;Orinoquía;2
253;;28;20231207;65400;Espresso Macchiato;12-14;Caribe;3
254;M;34;20230123;34000;Chocolate Blanco Helado;10-12;Orinoquía;5
255;F;78;20230604;101000;Espresso Macchiato;14-16;Orinoquía;5
256;F;85;20220302;71000;Espresso Doble;16-18;Caribe;3
257;F;75;20190806;69000;Latte Macchiato;12-14;Caribe;1
258;F;76;20230311;71000;Latte Macchiato;10-12;Andina;3
259;F;89;20210722;59000;Cappuccino;16-18;Caribe;3
260;M;58;20240129;70000;Café del día;14-16;Orinoquía;2
261;M;23;20231030;49000;Espresso Sencillo;18-20;Pacífica;5
262;M;58;20230916;53000;Chocolate Blanco;18-20;Insular;4
263;;28;20231228;65400;Chocolate Caliente;18-20;Caribe;1
264;F;64;20211012;95000;Espresso Doble;16-18;Orinoquía;2
265;M;72;20230909;39000;Latte;18-20;Insular;4
266;F;66;20230811;72000;Latte;12-14;Orinoquía;4
267;F;49;20230809;68000;Arequipe Latte;10-12;Insular;3
268;M;43;20230413;71000;Espresso Macchiato;12-14;Caribe;3
269;M;58;20240717;39000;Latte Macchiato;20-22;Andina;2
270;M;43;20230806;76000;Americano;14-16;Caribe;2
271;F;56;20230329;87000;Mocha Latte;14-16;Insular;1
272;F;69;20231016;118000;Latte Macchiato;16-18;Caribe;4
273;O;60;20240216;94000;Mocha Blanco Latte;14-16;Andina;3
274;M;81;20220601;70000;Latte;18-20;Insular;5
275;M;42;20230403;91000;Caramel Macchiato;20-22;Insular;4
276;M;75;20210110;71000;Chocolate Blanco Helado;20-22;Andina;3
277;M;62;20240127;73000;Chocolate Blanco Helado;20-22;Caribe;3
278;F;55;20220505;54000;Flat White;14-16;Insular;3
279;M;65;20231011;39000;Chocolate Blanco;20-22;Pacífica;2
280;M;52;20230227;46000;Espresso Macchiato;16-18;Insular;3
281;F;30;20231015;40000;Espresso Macchiato;12-14;Andina;1
282;F;74;20210924;75000;Café del día;16-18;Pacífica;2
283;F;100;20210828;63000;Latte Macchiato;12-14;Pacífica;3
284;F;26;20230324;40000;Café del día;20-22;Andina;5
285;F;56;20220328;53000;Chocolate Helado;14-16;Orinoquía;4
286;M;50;20201015;90000;Caramel Macchiato;18-20;Orinoquía;5
287;M;73;20231008;95000;Mocha Blanco Latte;20-22;Orinoquía;2
288;F;49;20231210;74000;Latte;14-16;Pacífica;4
289;M;37;20220109;50000;Cappuccino;12-14;Pacífica;5
290;M;65;20220212;57000;Espresso Macchiato;14-16;Andina;4
291;F;64;20220225;81000;Mocha Latte;20-22;Caribe;4
292;F;48;20221014;53000;Latte;20-22;Orinoquía;1
293;M;20;20210812;32000;Latte Macchiato;18-20;Pacífica;2
294;;28;20240205;65400;Café del día;20-22;Pacífica;4
295;M;46;20240723;40000;Mocha Blanco Latte;20-22;Andina;2
296;M;24;20210427;69000;Americano;16-18;Pacífica;4
297;M;71;20210826;95000;Latte;18-20;Insular;1
298;F;50;20240525;78000;Chocolate Caliente;20-22;Caribe;2
299;M;37;20230515;92000;Espresso Macchiato;20-22;Andina;1
300;F;57;20220522;81000;Espresso Macchiato;14-16;Insular;4
301;;28;20230920;65400;Cappuccino;16-18;Insular;2
302;M;52;20200425;85000;Chocolate Blanco Helado;16-18;Caribe;2
303;M;41;20220824;41000;Chocolate Blanco Helado;18-20;Pacífica;5
304;F;66;20230618;74000;Chocolate Helado;12-14;Insular;3
305;F;66;20211001;87000;Chocolate Caliente;16-18;Pacífica;4
306;F;68;20231025;120000;Mocha Latte;12-14;Pacífica;1
307;M;20;20220308;70000;Latte Macchiato;20-22;Caribe;3
308;M;43;20230704;42000;Chocolate Blanco;20-22;Andina;2
309;M;73;20231212;38000;Café del día;12-14;Pacífica;2
310;;28;20240406;65400;Flat White;18-20;Orinoquía;4
311;F;42;20230529;56000;Flat White;12-14;Caribe;1
312;M;82;20220604;110000;Chocolate Blanco Helado;12-14;Andina;4
313;;28;20240418;65400;Chocolate Caliente;12-14;Andina;2
314;F;70;20231109;92000;Arequipe Latte;18-20;Caribe;5
315;F;42;20231010;71000;Chocolate Blanco Helado;18-20;Pacífica;5
316;M;48;20210903;62000;Latte;10-12;Pacífica;1
317;F;53;20210910;93000;Latte;14-16;Insular;5
318;M;64;20240304;67000;Espresso Doble;18-20;Orinoquía;5
319;M;79;20240123;90000;Espresso Sencillo;20-22;Andina;1
320;M;51;20220511;55000;Latte;16-18;Insular;4
321;F;45;20240120;88000;Espresso Doble;10-12;Andina;3
322;F;48;20220602;105000;Americano;14-16;Andina;1
323;;28;20210817;65400;Espresso Doble;16-18;Caribe;1
324;F;54;20211024;119000;Arequipe Latte;12-14;Orinoquía;1
325;M;52;20240710;48000;Latte Macchiato;14-16;Orinoquía;1
326;M;28;20190924;68000;Latte;12-14;Insular;2
327;M;69;20200502;47000;Mocha Blanco Latte;20-22;Caribe;1
328;M;73;20230627;92000;Chocolate Helado;18-20;Pacífica;2
329;;28;20230821;65400;Arequipe Latte;12-14;Caribe;3
330;F;67;20230813;71000;Chocolate Helado;18-20;Caribe;5
331;F;76;20240613;34000;Chocolate Blanco Helado;18-20;Caribe;2
332;F;55;20211121;53000;Mocha Latte;10-12;Caribe;4
333;F;89;20240623;83000;Chocolate Blanco Helado;10-12;Caribe;5
334;;28;20230201;65400;Espresso Macchiato;12-14;Insular;5
335;M;57;20240429;41000;Caramel Macchiato;12-14;Orinoquía;4
336;;28;20220721;65400;Café del día;12-14;Andina;3
337;F;54;20240211;70000;Flat White;16-18;Orinoquía;1
338;;28;20210811;65400;Mocha Blanco Latte;14-16;Orinoquía;4
339;M;58;20231227;73000;Chocolate Blanco;14-16;Pacífica;1
340;;28;20230815;65400;Chocolate Helado;14-16;Orinoquía;2
341;M;49;20231123;39000;Cappuccino;10-12;Pacífica;1
342;F;73;20240507;79000;Chocolate Caliente;16-18;Orinoquía;1
343;F;58;20230219;76000;Chocolate Caliente;20-22;Insular;3
344;M;51;20231214;70000;Latte;12-14;Caribe;4
345;M;74;20220418;78000;Latte Macchiato;10-12;Caribe;5
346;M;53;20210906;95000;Café del día;10-12;Caribe;5
347;M;61;20240227;32000;Americano;10-12;Orinoquía;1
348;;28;20230912;65400;Latte;20-22;Pacífica;2
349;M;41;20231024;55000;Cappuccino;10-12;Pacífica;2
350;F;64;20231008;95000;Espresso Macchiato;18-20;Pacífica;3
351;;28;20220516;65400;Latte;16-18;Pacífica;5
352;;28;20230928;65400;Latte Macchiato;18-20;Andina;5
353;M;42;20230908;75000;Café del día;18-20;Insular;4
354;M;50;20220426;57000;Flat White;10-12;Pacífica;3
355;M;60;20230903;56000;Chocolate Blanco Helado;20-22;Caribe;4
356;F;57;20220408;83000;Espresso Macchiato;20-22;Pacífica;5
357;F;39;20230407;54000;Caramel Macchiato;20-22;Caribe;5
358;;28;20230903;65400;Café del día;14-16;Orinoquía;1
359;F;57;20220827;67000;Chocolate Caliente;14-16;Insular;4
360;M;57;20231216;71000;Chocolate Caliente;14-16;Insular;1
361;M;68;20220318;51000;Cappuccino;16-18;Pacífica;5
362;F;83;20210910;114000;Mocha Latte;20-22;Andina;5
363;F;35;20240102;72000;Flat White;12-14;Andina;1
364;F;90;20240101;72000;Espresso Doble;18-20;Insular;4
365;M;56;20240404;72000;Cappuccino;12-14;Caribe;5
366;;28;20240114;65400;Caramel Macchiato;14-16;Andina;2
367;M;84;20230907;81000;Caramel Macchiato;14-16;Caribe;5
368;M;62;20240312;39000;Cappuccino;12-14;Andina;1
369;M;63;20230223;58000;Arequipe Latte;16-18;Pacífica;4
370;;28;20231207;65400;Latte Macchiato;20-22;Caribe;2
371;M;67;20220105;56000;Espresso Sencillo;12-14;Pacífica;5
372;F;68;20231126;50000;Chocolate Blanco;14-16;Caribe;3
373;M;55;20230508;73000;Mocha Latte;14-16;Andina;1
374;;28;20240608;65400;Chocolate Blanco;14-16;Andina;2
375;;28;20231014;65400;Chocolate Blanco;18-20;Andina;1
376;F;24;20230207;59000;Cappuccino;10-12;Andina;2
377;M;40;20230815;39000;Espresso Doble;18-20;Andina;5
378;M;83;20240118;61000;Chocolate Blanco Helado;10-12;Pacífica;2
379;;28;20220104;65400;Chocolate Helado;10-12;Caribe;5
380;;28;20220618;65400;Caramel Macchiato;14-16;Caribe;2
381;F;63;20230316;41000;Mocha Latte;20-22;Insular;2
382;F;59;20240116;59000;Espresso Doble;20-22;Pacífica;4
383;O;49;20231207;42000;Latte;20-22;Orinoquía;2
384;F;61;20220612;99000;Mocha Blanco Latte;12-14;Orinoquía;4
385;M;42;20240613;57000;Espresso Doble;10-12;Andina;1
386;M;58;20240129;36000;Latte Macchiato;14-16;Caribe;2
387;F;48;20221021;44000;Mocha Blanco Latte;16-18;Insular;5
388;M;35;20230829;64000;Americano;14-16;Caribe;4
389;M;36;20240315;31000;Chocolate Blanco;16-18;Orinoquía;4
390;F;41;20220414;100000;Mocha Blanco Latte;10-12;Orinoquía;4
391;F;83;20230430;73000;Chocolate Blanco Helado;10-12;Andina;4
392;M;53;20231015;87000;Chocolate Caliente;12-14;Andina;5
393;;28;20210910;65400;Chocolate Blanco Helado;20-22;Orinoquía;4
394;F;53;20220115;97000;Arequipe Latte;12-14;Orinoquía;3
395;F;80;20240110;48000;Espresso Sencillo;12-14;Orinoquía;1
396;M;25;20211116;66000;Espresso Sencillo;16-18;Caribe;3
397;M;63;20211104;119000;Americano;10-12;Orinoquía;5
398;F;63;20220614;66000;Flat White;20-22;Orinoquía;1
399;F;56;20240123;109000;Latte;18-20;Andina;3
400;M;43;20231004;59000;Arequipe Latte;10-12;Insular;5
401;F;58;20220314;58000;Mocha Latte;14-16;Insular;3
402;M;59;20230123;59000;Latte Macchiato;12-14;Pacífica;5
403;M;49;20240318;104000;Chocolate Helado;12-14;Orinoquía;3
404;F;63;20230912;70000;Espresso Sencillo;10-12;Andina;3
405;M;42;20211210;94000;Flat White;10-12;Caribe;1
406;F;52;20240117;57000;Chocolate Caliente;12-14;Orinoquía;3
407;F;57;20240408;37000;Espresso Doble;16-18;Andina;3
408;F;56;20231109;59000;Latte;16-18;Pacífica;3
409;M;80;20231015;87000;Latte;18-20;Caribe;2
410;M;43;20220211;52000;Espresso Sencillo;14-16;Pacífica;3
411;M;54;20231114;70000;Chocolate Helado;12-14;Orinoquía;4
412;M;28;20221111;73000;Americano;10-12;Caribe;3
413;F;57;20231008;95000;Espresso Sencillo;18-20;Pacífica;4
414;M;71;20210310;67000;Chocolate Caliente;16-18;Insular;1
415;;28;20231029;65400;Chocolate Helado;10-12;Insular;1
416;F;64;20240418;112000;Arequipe Latte;14-16;Insular;2
417;M;20;20200531;49000;Arequipe Latte;16-18;Pacífica;5
418;;28;20210822;65400;Flat White;12-14;Pacífica;3
419;;28;20210827;65400;Chocolate Blanco;18-20;Andina;3
420;F;36;20230423;58000;Latte;20-22;Orinoquía;2
421;F;45;20221004;99000;Cappuccino;16-18;Caribe;1
422;M;71;20201217;65000;Cappuccino;18-20;Pacífica;4
423;M;67;20240601;89000;Espresso Macchiato;10-12;Insular;2
424;F;72;20220922;81000;Café del día;10-12;Orinoquía;2
425;M;51;20240512;100000;Mocha Blanco Latte;12-14;Andina;1
426;;28;20230419;65400;Chocolate Caliente;12-14;Caribe;5
427;M;48;20230919;68000;Chocolate Helado;16-18;Caribe;2
428;M;53;20240410;60000;Cappuccino;10-12;Caribe;2
429;M;25;20240215;53000;Americano;14-16;Orinoquía;1
430;F;79;20240110;85000;Chocolate Helado;20-22;Pacífica;1
431;M;19;20240624;32000;Flat White;14-16;Andina;5
432;F;28;20240411;49000;Café del día;20-22;Caribe;5
433;M;56;20200611;76000;Arequipe Latte;20-22;Orinoquía;4
434;M;44;20200319;37000;Espresso Doble;18-20;Orinoquía;3
435;M;25;20231225;40000;Latte Macchiato;12-14;Orinoquía;2
436;F;61;20240113;78000;Arequipe Latte;20-22;Orinoquía;2
437;M;34;20230922;59000;Caramel Macchiato;10-12;Orinoquía;4
438;F;41;20231210;37000;Mocha Latte;16-18;Andina;1
439;M;44;20221204;51000;Chocolate Blanco;16-18;Pacífica;5
440;F;51;20240629;92000;Caramel Macchiato;16-18;Caribe;5
441;M;47;20231109;44000;Latte Macchiato;12-14;Caribe;1
442;F;63;20240707;70000;Café del día;16-18;Pacífica;2
443;M;62;20231126;61000;Arequipe Latte;20-22;Caribe;4
444;M;66;20240703;71000;Arequipe Latte;12-14;Andina;5
445;M;62;20231208;70000;Chocolate Helado;20-22;Orinoquía;4
446;M;83;20220410;88000;Chocolate Blanco;20-22;Pacífica;5
447;M;43;20240627;58000;Chocolate Helado;18-20;Pacífica;5
448;F;66;20221204;94000;Latte Macchiato;14-16;Orinoquía;3
449;M;70;20231118;44000;Espresso Sencillo;18-20;Orinoquía;1
450;F;65;20240112;66000;Chocolate Caliente;20-22;Orinoquía;5
451;F;33;20221106;54000;Arequipe Latte;16-18;Caribe;5
452;M;63;20240726;78000;Chocolate Blanco Helado;10-12;Pacífica;5
453;M;77;20230801;42000;Americano;20-22;Insular;2
454;F;49;20231016;57000;Chocolate Helado;12-14;Orinoquía;5
455;M;53;20230123;104000;Espresso Sencillo;16-18;Andina;3
456;F;61;20220228;87000;Latte;20-22;Andina;5
457;M;60;20211215;38000;Cappuccino;18-20;Andina;2
458;;28;20211028;65400;Chocolate Blanco;20-22;Insular;3
459;F;44;20230918;60000;Mocha Blanco Latte;10-12;Pacífica;5
460;M;69;20210622;62000;Chocolate Caliente;14-16;Caribe;5
461;M;39;20240524;71000;Caramel Macchiato;10-12;Andina;4
462;F;38;20210326;55000;Espresso Sencillo;16-18;Andina;3
463;F;83;20231223;99000;Espresso Doble;12-14;Orinoquía;1
464;F;63;20220124;94000;Espresso Doble;10-12;Pacífica;2
465;F;41;20211015;41000;Arequipe Latte;10-12;Insular;2
466;M;54;20231112;39000;Latte Macchiato;12-14;Andina;4
467;;28;20240214;65400;Espresso Macchiato;12-14;Orinoquía;5
468;M;41;20240126;55000;Caramel Macchiato;10-12;Insular;5
469;;28;20220623;65400;Flat White;10-12;Caribe;1
470;;28;20230903;65400;Caramel Macchiato;12-14;Caribe;5
471;F;56;20230922;69000;Chocolate Helado;10-12;Andina;5
472;;28;20230328;65400;Americano;10-12;Pacífica;5
473;M;50;20240118;98000;Caramel Macchiato;20-22;Orinoquía;3
474;M;58;20211123;55000;Chocolate Blanco;12-14;Orinoquía;5
475;M;39;20230425;61000;Espresso Macchiato;10-12;Pacífica;5
476;F;60;20230926;55000;Mocha Latte;10-12;Andina;5
477;F;60;20220906;74000;Cappuccino;16-18;Andina;2
478;M;24;20240703;38000;Flat White;16-18;Insular;3
479;M;48;20221130;57000;Latte;16-18;Pacífica;1
480;M;50;20240326;110000;Espresso Doble;16-18;Insular;1
481;F;41;20230730;67000;Americano;10-12;Insular;5
482;M;45;20210504;84000;Americano;10-12;Caribe;5
483;M;48;20220709;93000;Espresso Doble;16-18;Andina;3
484;M;59;20240201;87000;Cappuccino;14-16;Andina;5
485;M;43;20240423;45000;Latte Macchiato;10-12;Insular;1
486;F;56;20231021;67000;Americano;12-14;Andina;5
487;M;54;20221206;93000;Café del día;10-12;Insular;4
488;F;48;20240722;47000;Chocolate Caliente;14-16;Andina;1
489;;28;20240218;65400;Arequipe Latte;10-12;Pacífica;5
490;;28;20210816;65400;Café del día;14-16;Orinoquía;3
491;;28;20230205;65400;Espresso Sencillo;20-22;Insular;5
492;M;63;20231226;49000;Espresso Doble;14-16;Pacífica;2
493;;28;20210930;65400;Mocha Latte;14-16;Pacífica;4
494;M;47;20231202;35000;Chocolate Blanco;14-16;Caribe;5
495;M;52;20220830;56000;Espresso Sencillo;18-20;Andina;4
496;F;58;20220905;78000;Flat White;14-16;Orinoquía;5
497;M;78;20210509;39000;Espresso Macchiato;20-22;Pacífica;1
498;M;43;20200701;40000;Chocolate Blanco Helado;12-14;Andina;5
499;M;68;20230806;61000;Arequipe Latte;12-14;Andina;3
500;M;18;20210503;48000;Espresso Sencillo;10-12;Pacífica;5
501;F;39;20220919;85000;Cappuccino;18-20;Insular;3
502;M;74;20240721;99000;Mocha Blanco Latte;18-20;Insular;2
503;F;53;20230119;98000;Café del día;20-22;Andina;5
504;F;61;20210923;67000;Espresso Macchiato;14-16;Orinoquía;3
505;M;23;20240428;54000;Flat White;10-12;Insular;1
506;M;46;20231109;55000;Café del día;18-20;Orinoquía;3
507;M;51;20230827;78000;Espresso Sencillo;10-12;Caribe;3
508;M;77;20240407;86000;Espresso Doble;14-16;Pacífica;5
509;F;79;20231026;91000;Espresso Sencillo;12-14;Orinoquía;3
510;M;41;20210514;41000;Mocha Blanco Latte;20-22;Caribe;2
511;F;60;20220217;78000;Arequipe Latte;20-22;Andina;5
512;F;54;20231123;47000;Latte Macchiato;10-12;Insular;3
513;O;63;20210920;89000;Espresso Macchiato;10-12;Insular;3
514;M;73;20240414;76000;Café del día;18-20;Andina;3
515;M;47;20240211;77000;Cappuccino;18-20;Orinoquía;3
516;M;84;20220401;82000;Chocolate Blanco Helado;10-12;Caribe;5
517;;28;20240422;65400;Espresso Doble;10-12;Caribe;3
518;M;20;20230901;56000;Espresso Macchiato;10-12;Caribe;5
519;F;24;20210118;35000;Chocolate Caliente;12-14;Andina;5
520;F;58;20230310;71000;Chocolate Caliente;18-20;Caribe;3
521;M;35;20230928;40000;Café del día;12-14;Insular;5
522;;28;20230731;65400;Cappuccino;18-20;Orinoquía;2
523;M;57;20230806;33000;Flat White;10-12;Caribe;3
524;M;87;20210410;55000;Café del día;16-18;Caribe;2
525;F;86;20210506;84000;Latte;16-18;Insular;2
526;F;57;20240117;100000;Chocolate Caliente;18-20;Andina;3
527;M;61;20231022;112000;Espresso Doble;16-18;Orinoquía;4
528;M;25;20231021;53000;Espresso Doble;20-22;Insular;5
529;M;38;20210513;31000;Mocha Blanco Latte;14-16;Orinoquía;3
530;M;94;20201128;50000;Espresso Sencillo;18-20;Caribe;5
531;M;59;20211212;61000;Chocolate Blanco;20-22;Orinoquía;4
532;F;49;20231231;73000;Espresso Macchiato;16-18;Insular;4
533;F;61;20220614;72000;Café del día;12-14;Pacífica;1
534;;28;20230501;65400;Latte;20-22;Insular;3
535;M;31;20231101;64000;Caramel Macchiato;20-22;Insular;5
536;F;75;20231102;53000;Chocolate Helado;10-12;Pacífica;4
537;;28;20231219;65400;Chocolate Caliente;10-12;Pacífica;1
538;;28;20210809;65400;Latte Macchiato;16-18;Insular;4
539;M;51;20240405;65000;Mocha Latte;12-14;Orinoquía;5
540;M;68;20231201;74000;Chocolate Blanco;10-12;Insular;1
541;M;86;20240524;71000;Espresso Sencillo;12-14;Caribe;4
542;F;62;20240707;117000;Chocolate Blanco;12-14;Andina;5
543;M;61;20240627;64000;Chocolate Helado;18-20;Pacífica;3
544;;28;20240722;65400;Mocha Blanco Latte;10-12;Orinoquía;5
545;F;63;20240627;57000;Espresso Doble;20-22;Orinoquía;4
546;F;26;20231204;52000;Chocolate Caliente;10-12;Insular;1
547;F;50;20211102;77000;Arequipe Latte;10-12;Orinoquía;2
548;;28;20230902;65400;Americano;14-16;Insular;5
549;F;45;20230625;93000;Cappuccino;20-22;Orinoquía;5
550;F;88;20220214;64000;Arequipe Latte;14-16;Orinoquía;1
551;F;50;20230908;92000;Chocolate Blanco;20-22;Pacífica;3
552;F;65;20230909;119000;Chocolate Helado;14-16;Andina;1
553;;28;20210729;65400;Chocolate Helado;16-18;Orinoquía;5
554;M;55;20230717;76000;Café del día;10-12;Pacífica;2
555;M;71;20220406;95000;Caramel Macchiato;18-20;Andina;5
556;F;34;20210925;46000;Latte Macchiato;12-14;Pacífica;2
557;M;81;20230825;65000;Espresso Macchiato;16-18;Orinoquía;2
558;;28;20240607;65400;Espresso Sencillo;10-12;Orinoquía;1
559;F;65;20190822;98000;Chocolate Caliente;20-22;Pacífica;4
560;;28;20220605;65400;Latte Macchiato;12-14;Pacífica;2
561;;28;20220922;65400;Espresso Sencillo;18-20;Pacífica;4
562;F;63;20240326;62000;Latte;18-20;Caribe;1
563;M;73;20220527;58000;Chocolate Blanco;18-20;Pacífica;5
564;F;84;20240125;77000;Mocha Blanco Latte;20-22;Orinoquía;4
565;;28;20230828;65400;Flat White;12-14;Insular;5
566;F;55;20240613;62000;Chocolate Helado;18-20;Caribe;5
567;M;63;20230924;70000;Espresso Doble;14-16;Orinoquía;2
568;F;24;20240416;51000;Mocha Blanco Latte;16-18;Orinoquía;1
569;M;36;20190730;74000;Chocolate Blanco Helado;10-12;Orinoquía;2
570;M;56;20220607;69000;Arequipe Latte;14-16;Insular;4
571;F;65;20230502;119000;Café del día;20-22;Orinoquía;5
572;M;75;20240623;75000;Mocha Latte;10-12;Andina;1
573;M;71;20220720;114000;Latte;10-12;Pacífica;3
574;M;71;20231224;118000;Chocolate Caliente;10-12;Orinoquía;5
575;M;61;20230425;39000;Mocha Latte;14-16;Orinoquía;3
576;O;73;20240316;88000;Mocha Blanco Latte;12-14;Orinoquía;5
577;M;19;20240321;73000;Latte;20-22;Andina;5
578;F;64;20230724;34000;Chocolate Caliente;18-20;Pacífica;3
579;F;66;20231020;112000;Latte;14-16;Pacífica;1
580;M;37;20240224;59000;Americano;10-12;Caribe;1
581;M;22;20221220;49000;Cappuccino;10-12;Pacífica;2
582;F;54;20240719;96000;Arequipe Latte;16-18;Caribe;5
583;M;62;20240105;73000;Latte;20-22;Pacífica;3
584;F;50;20240106;75000;Espresso Sencillo;18-20;Caribe;2
585;F;80;20230726;87000;Chocolate Helado;20-22;Caribe;2
586;M;55;20210923;112000;Latte Macchiato;16-18;Andina;1
587;M;40;20230303;50000;Arequipe Latte;12-14;Insular;2
588;M;43;20211218;52000;Arequipe Latte;10-12;Andina;3
589;M;61;20230205;53000;Arequipe Latte;14-16;Andina;5
590;F;32;20230531;43000;Caramel Macchiato;10-12;Orinoquía;5
591;;28;20210928;65400;Espresso Doble;16-18;Insular;2
592;F;68;20230903;32000;Chocolate Blanco Helado;10-12;Andina;2
593;F;66;20230821;104000;Espresso Macchiato;10-12;Pacífica;3
594;M;36;20231226;35000;Latte Macchiato;10-12;Andina;3
595;M;38;20231019;60000;Espresso Doble;14-16;Orinoquía;4
596;F;80;20210728;54000;Espresso Doble;20-22;Orinoquía;1
597;F;82;20240123;68000;Espresso Doble;14-16;Orinoquía;2
598;M;45;20211027;74000;Mocha Blanco Latte;16-18;Caribe;1
599;M;89;20231026;63000;Chocolate Helado;20-22;Pacífica;1
600;F;45;20231207;94000;Mocha Latte;16-18;Pacífica;4
601;M;59;20240405;35000;Caramel Macchiato;16-18;Pacífica;1
602;M;22;20240322;44000;Chocolate Caliente;18-20;Orinoquía;2
603;F;67;20230714;50000;Chocolate Blanco;12-14;Insular;3
604;F;30;20221205;41000;Café del día;14-16;Orinoquía;1
605;;28;20230415;65400;Arequipe Latte;12-14;Andina;1
606;M;56;20240402;88000;Chocolate Caliente;12-14;Andina;3
607;F;53;20220114;100000;Mocha Blanco Latte;18-20;Pacífica;2
608;;28;20210823;65400;Mocha Latte;16-18;Insular;2
609;;28;20211210;65400;Chocolate Blanco;18-20;Andina;1
610;M;32;20221028;58000;Chocolate Caliente;10-12;Orinoquía;5
611;F;51;20220223;73000;Caramel Macchiato;10-12;Caribe;2
612;F;38;20231225;66000;Espresso Sencillo;12-14;Pacífica;2
613;F;52;20200113;45000;Chocolate Helado;10-12;Orinoquía;3
614;;28;20221008;65400;Mocha Blanco Latte;18-20;Andina;5
615;M;55;20220908;68000;Chocolate Blanco;10-12;Insular;4
616;M;81;20231009;41000;Mocha Latte;18-20;Andina;4
617;M;55;20231103;78000;Flat White;18-20;Insular;5
618;F;51;20200202;67000;Chocolate Blanco Helado;18-20;Pacífica;5
619;;28;20220429;65400;Chocolate Helado;14-16;Pacífica;4
620;F;71;20210904;74000;Chocolate Helado;14-16;Pacífica;1
621;M;45;20220303;84000;Caramel Macchiato;18-20;Pacífica;3
622;;28;20220802;65400;Chocolate Blanco Helado;16-18;Insular;1
623;;28;20220305;65400;Chocolate Blanco;18-20;Orinoquía;2
624;M;49;20211016;71000;Café del día;12-14;Pacífica;2
625;M;62;20230920;48000;Arequipe Latte;18-20;Pacífica;5
626;F;65;20211016;99000;Mocha Blanco Latte;10-12;Pacífica;4
627;;28;20240203;65400;Chocolate Caliente;10-12;Pacífica;4
628;F;50;20240109;63000;Chocolate Caliente;14-16;Insular;2
629;F;20;20240203;60000;Chocolate Blanco;12-14;Orinoquía;1
630;F;49;20240430;31000;Café del día;18-20;Insular;3
631;M;55;20230924;83000;Arequipe Latte;16-18;Andina;2
632;M;58;20201024;54000;Espresso Sencillo;20-22;Insular;4
633;;28;20220607;65400;Flat White;20-22;Andina;3
634;F;95;20230913;64000;Chocolate Helado;10-12;Andina;2
635;F;83;20240112;99000;Espresso Sencillo;16-18;Orinoquía;5
636;F;56;20220214;70000;Café del día;20-22;Pacífica;3
637;M;66;20230523;54000;Espresso Macchiato;12-14;Andina;1
638;M;87;20230808;74000;Espresso Macchiato;12-14;Insular;5
639;;28;20220824;65400;Mocha Blanco Latte;18-20;Orinoquía;1
640;M;55;20220826;89000;Flat White;10-12;Pacífica;3
641;F;52;20230801;114000;Chocolate Blanco Helado;14-16;Andina;1
642;F;59;20221226;83000;Espresso Macchiato;16-18;Caribe;2
643;F;59;20220515;51000;Americano;16-18;Insular;1
644;F;49;20231128;74000;Americano;16-18;Orinoquía;5
645;F;62;20200404;46000;Cappuccino;20-22;Pacífica;2
646;F;56;20210826;80000;Espresso Doble;12-14;Insular;4
647;F;51;20230401;97000;Latte;16-18;Orinoquía;1
648;F;47;20200608;62000;Cappuccino;14-16;Insular;2
649;M;38;20220413;96000;Arequipe Latte;10-12;Andina;5
650;M;43;20240709;44000;Café del día;12-14;Caribe;3
651;M;43;20221021;72000;Americano;12-14;Insular;1
652;M;49;20211106;84000;Americano;16-18;Caribe;4
653;F;36;20230925;57000;Latte;10-12;Insular;2
654;F;45;20221124;58000;Espresso Sencillo;20-22;Insular;4
655;;28;20240331;65400;Americano;12-14;Caribe;1
656;M;53;20240609;95000;Café del día;12-14;Pacífica;3
657;M;43;20230806;60000;Latte;12-14;Insular;5
658;;28;20240326;65400;Latte Macchiato;16-18;Orinoquía;4
659;F;18;20230619;67000;Espresso Sencillo;12-14;Insular;5
660;M;40;20220602;41000;Espresso Doble;20-22;Pacífica;2
661;F;83;20230321;114000;Espresso Macchiato;18-20;Orinoquía;5
662;M;49;20240123;65000;Latte Macchiato;20-22;Orinoquía;4
663;F;51;20230323;106000;Chocolate Helado;20-22;Caribe;5
664;M;25;20240329;55000;Arequipe Latte;16-18;Orinoquía;4
665;M;71;20240105;55000;Latte;18-20;Pacífica;5
666;M;58;20230917;71000;Cappuccino;10-12;Caribe;5
667;M;53;20200712;36000;Chocolate Blanco;16-18;Insular;2
668;F;83;20230615;93000;Espresso Doble;12-14;Pacífica;1
669;M;46;20220315;56000;Mocha Blanco Latte;20-22;Caribe;4
670;F;69;20230225;97000;Chocolate Helado;20-22;Insular;5
671;M;51;20230802;73000;Latte Macchiato;18-20;Pacífica;5
672;M;61;20240224;68000;Espresso Sencillo;10-12;Orinoquía;5
673;F;81;20230804;101000;Chocolate Blanco;20-22;Pacífica;1
674;M;60;20240202;41000;Mocha Latte;18-20;Caribe;4
675;M;48;20210910;75000;Arequipe Latte;20-22;Pacífica;5
676;F;48;20210923;87000;Espresso Doble;20-22;Caribe;3
677;M;73;20200124;63000;Espresso Sencillo;12-14;Pacífica;4
678;F;41;20240211;89000;Café del día;12-14;Andina;2
679;F;39;20220402;77000;Caramel Macchiato;14-16;Pacífica;2
680;M;31;20231008;56000;Flat White;14-16;Orinoquía;3
681;M;38;20231215;61000;Espresso Sencillo;16-18;Caribe;4
682;F;46;20230911;36000;Arequipe Latte;16-18;Insular;4
683;M;87;20201113;72000;Chocolate Blanco Helado;14-16;Caribe;1
684;F;53;20211214;83000;Americano;14-16;Andina;2
685;;28;20240615;65400;Chocolate Helado;18-20;Pacífica;3
686;F;93;20191025;48000;Cappuccino;14-16;Pacífica;3
687;M;42;20210825;41000;Arequipe Latte;18-20;Insular;4
688;M;54;20211026;79000;Cappuccino;14-16;Orinoquía;3
689;M;47;20240726;53000;Americano;20-22;Insular;1
690;M;75;20231203;109000;Mocha Latte;20-22;Pacífica;3
691;F;79;20240410;61000;Mocha Latte;14-16;Orinoquía;4
692;F;36;20231010;64000;Chocolate Helado;12-14;Orinoquía;2
693;M;30;20230409;43000;Chocolate Blanco Helado;14-16;Orinoquía;5
694;M;34;20191116;50000;Latte;14-16;Orinoquía;2
695;F;39;20220119;78000;Caramel Macchiato;12-14;Orinoquía;4
696;F;52;20220523;87000;Café del día;12-14;Orinoquía;2
697;M;43;20220416;34000;Latte Macchiato;10-12;Insular;4
698;M;75;20240624;38000;Espresso Doble;16-18;Insular;2
699;M;47;20230917;40000;Espresso Doble;18-20;Caribe;3
700;F;60;20240420;117000;Latte;18-20;Pacífica;3
701;M;31;20240123;43000;Latte;14-16;Caribe;1
702;M;70;20240304;35000;Espresso Sencillo;18-20;Orinoquía;5
703;F;49;20240109;36000;Chocolate Caliente;12-14;Pacífica;3
704;M;48;20230816;56000;Chocolate Blanco;20-22;Caribe;5
705;M;37;20231219;36000;Espresso Macchiato;16-18;Andina;1
706;;28;20230329;65400;Mocha Latte;18-20;Orinoquía;1
707;F;67;20210929;67000;Mocha Latte;14-16;Pacífica;1
708;M;48;20210719;65000;Cappuccino;10-12;Orinoquía;3
709;M;69;20210920;38000;Chocolate Caliente;18-20;Caribe;1
710;M;66;20231219;32000;Chocolate Helado;10-12;Pacífica;3
711;M;38;20230912;56000;Chocolate Blanco Helado;20-22;Andina;1
712;F;59;20230816;90000;Americano;16-18;Insular;1
713;M;43;20240410;65000;Latte Macchiato;12-14;Andina;5
714;M;43;20200128;41000;Chocolate Caliente;12-14;Pacífica;2
715;F;68;20230421;108000;Caramel Macchiato;14-16;Insular;1
716;M;60;20240424;45000;Latte;20-22;Orinoquía;4
717;M;53;20210925;39000;Cappuccino;18-20;Insular;3
718;M;34;20240216;50000;Mocha Latte;16-18;Insular;5
719;M;77;20240322;64000;Latte;10-12;Caribe;1
720;F;88;20230511;73000;Americano;18-20;Orinoquía;4
721;;28;20220320;65400;Mocha Latte;10-12;Caribe;3
722;F;62;20240625;88000;Café del día;10-12;Pacífica;4
723;M;63;20200731;86000;Chocolate Caliente;10-12;Caribe;1
724;M;70;20231112;99000;Latte Macchiato;14-16;Caribe;1
725;M;38;20240403;33000;Latte Macchiato;16-18;Caribe;4
726;F;44;20240217;39000;Caramel Macchiato;10-12;Orinoquía;3
727;F;40;20240306;50000;Flat White;18-20;Insular;5
728;M;51;20240328;99000;Chocolate Caliente;16-18;Pacífica;2
729;;28;20221025;65400;Latte;12-14;Orinoquía;1
730;F;72;20190814;60000;Latte;12-14;Caribe;3
731;M;22;20230904;45000;Arequipe Latte;10-12;Andina;1
732;;28;20220227;65400;Americano;20-22;Pacífica;4
733;M;72;20230819;49000;Flat White;12-14;Caribe;4
734;M;70;20230903;37000;Chocolate Blanco;14-16;Andina;5
735;;28;20230811;65400;Mocha Blanco Latte;16-18;Caribe;5
736;M;23;20200719;65000;Mocha Blanco Latte;12-14;Insular;2
737;M;38;20240718;75000;Latte Macchiato;18-20;Orinoquía;4
738;F;71;20211017;67000;Chocolate Blanco Helado;16-18;Insular;4
739;M;50;20190927;51000;Mocha Latte;14-16;Pacífica;4
740;M;72;20201204;35000;Mocha Blanco Latte;12-14;Orinoquía;2
741;M;43;20240327;31000;Café del día;10-12;Pacífica;4
742;M;63;20220510;70000;Chocolate Helado;20-22;Orinoquía;4
743;M;73;20240610;46000;Arequipe Latte;14-16;Andina;5
744;M;53;20211227;57000;Chocolate Caliente;14-16;Andina;4
745;F;37;20240507;57000;Arequipe Latte;20-22;Insular;3
746;;28;20240709;65400;Chocolate Blanco Helado;20-22;Pacífica;4
747;M;45;20201029;44000;Espresso Sencillo;18-20;Andina;4
748;M;59;20240702;61000;Chocolate Blanco;16-18;Caribe;1
749;M;74;20220924;51000;Mocha Blanco Latte;10-12;Andina;2
750;M;18;20221031;36000;Flat White;10-12;Insular;3
751;F;94;20221130;84000;Espresso Sencillo;14-16;Andina;4
752;M;38;20220207;33000;Mocha Blanco Latte;14-16;Caribe;4
753;F;67;20220912;50000;Flat White;12-14;Caribe;1
754;F;46;20211229;36000;Americano;14-16;Orinoquía;4
755;M;82;20231220;41000;Caramel Macchiato;12-14;Andina;1
756;M;37;20240705;36000;Mocha Latte;16-18;Insular;1
757;F;65;20240604;71000;Cappuccino;12-14;Pacífica;2
758;F;66;20230815;34000;Mocha Latte;12-14;Caribe;4
759;F;65;20221009;57000;Americano;12-14;Caribe;5
760;;28;20210822;65400;Caramel Macchiato;18-20;Andina;4
761;;28;20230928;65400;Espresso Doble;12-14;Andina;2
762;F;54;20220613;52000;Chocolate Blanco;20-22;Andina;5
763;M;63;20231219;113000;Espresso Sencillo;12-14;Orinoquía;3
764;;28;20240405;65400;Latte Macchiato;18-20;Insular;3
765;F;50;20240325;110000;Chocolate Helado;20-22;Orinoquía;1
766;M;64;20230921;81000;Espresso Doble;12-14;Caribe;3
767;M;66;20231014;50000;Caramel Macchiato;12-14;Pacífica;5
768;F;76;20221209;62000;Mocha Blanco Latte;16-18;Pacífica;5
769;F;56;20230104;82000;Chocolate Helado;18-20;Insular;1
770;M;49;20230512;75000;Café del día;16-18;Andina;4
771;F;29;20211023;53000;Chocolate Helado;12-14;Insular;3
772;;28;20230708;65400;Espresso Macchiato;16-18;Andina;1
773;F;51;20220517;56000;Arequipe Latte;16-18;Orinoquía;2
774;M;69;20240614;68000;Cappuccino;18-20;Insular;5
775;M;48;20190815;52000;Espresso Macchiato;10-12;Insular;2
776;M;25;20211027;68000;Cappuccino;10-12;Insular;1
777;M;82;20211014;78000;Chocolate Blanco;12-14;Insular;1
778;F;57;20220921;70000;Cappuccino;10-12;Pacífica;5
779;M;50;20231224;70000;Chocolate Caliente;20-22;Insular;4
780;;28;20220109;65400;Chocolate Blanco;16-18;Caribe;1
781;F;74;20240725;72000;Cappuccino;12-14;Orinoquía;5
782;;28;20230920;65400;Café del día;16-18;Pacífica;2
783;;28;20230831;65400;Mocha Blanco Latte;18-20;Orinoquía;1
784;F;49;20240604;59000;Espresso Sencillo;10-12;Pacífica;1
785;;28;20220903;65400;Espresso Sencillo;16-18;Orinoquía;1
786;M;80;20230503;88000;Chocolate Blanco;16-18;Orinoquía;1
787;;28;20240505;65400;Chocolate Blanco Helado;14-16;Pacífica;1
788;F;62;20220617;81000;Chocolate Blanco Helado;14-16;Pacífica;3
789;M;63;20240707;50000;Arequipe Latte;10-12;Caribe;1
790;F;54;20220424;109000;Chocolate Blanco;16-18;Andina;5
791;;28;20220229;65400;Mocha Latte;16-18;Andina;5
792;M;45;20240501;55000;Espresso Doble;16-18;Caribe;1
793;F;49;20231226;110000;Café del día;18-20;Pacífica;5
794;M;61;20230802;35000;Chocolate Caliente;18-20;Pacífica;1
795;M;46;20231204;46000;Café del día;16-18;Caribe;2
796;M;64;20200726;59000;Chocolate Blanco;20-22;Orinoquía;4
797;;28;20230527;65400;Mocha Latte;20-22;Insular;2
798;F;69;20211120;89000;Mocha Blanco Latte;16-18;Orinoquía;2
799;M;69;20210328;64000;Chocolate Helado;18-20;Orinoquía;5
800;M;66;20230701;70000;Arequipe Latte;20-22;Insular;4
801;M;60;20200810;56000;Arequipe Latte;18-20;Insular;2
802;F;40;20231129;51000;Latte;16-18;Pacífica;1
803;M;74;20210922;64000;Cappuccino;20-22;Caribe;5
804;F;52;20210930;31000;Americano;18-20;Insular;5
805;;28;20230806;65400;Chocolate Helado;16-18;Insular;1
806;F;62;20210806;55000;Chocolate Helado;18-20;Insular;2
807;F;61;20211010;118000;Caramel Macchiato;20-22;Orinoquía;3
808;F;22;20230812;55000;Espresso Sencillo;12-14;Caribe;2
809;M;62;20230325;35000;Chocolate Blanco Helado;16-18;Orinoquía;5
810;M;23;20230831;63000;Mocha Latte;14-16;Pacífica;3
811;F;90;20220911;104000;Chocolate Blanco;10-12;Pacífica;2
812;F;72;20211102;41000;Cappuccino;12-14;Orinoquía;1
813;F;69;20220307;93000;Americano;14-16;Orinoquía;3
814;F;71;20231121;43000;Espresso Macchiato;18-20;Caribe;5
815;M;32;20240422;38000;Flat White;20-22;Orinoquía;1
816;M;36;20240310;51000;Chocolate Blanco;14-16;Pacífica;4
817;F;58;20240621;38000;Americano;18-20;Caribe;3
818;M;75;20211129;103000;Cappuccino;18-20;Orinoquía;3
819;F;58;20230929;41000;Arequipe Latte;14-16;Caribe;5
820;M;76;20230107;69000;Latte Macchiato;14-16;Caribe;5
821;;28;20240417;65400;Espresso Doble;12-14;Andina;4
822;F;49;20191026;73000;Chocolate Helado;16-18;Andina;2
823;F;57;20220103;90000;Mocha Latte;20-22;Pacífica;1
824;M;66;20240118;74000;Espresso Doble;14-16;Andina;2
825;M;33;20240106;54000;Chocolate Blanco;10-12;Insular;3
826;M;54;20240523;39000;Café del día;12-14;Andina;3
827;F;48;20221008;82000;Chocolate Helado;18-20;Orinoquía;5
828;F;66;20230227;62000;Cappuccino;10-12;Caribe;2
829;F;46;20210221;73000;Chocolate Caliente;14-16;Pacífica;2
830;F;51;20230501;91000;Mocha Latte;14-16;Caribe;2
831;F;67;20210813;58000;Chocolate Blanco;12-14;Orinoquía;3
832;F;28;20240120;65000;Mocha Blanco Latte;10-12;Andina;4
833;F;20;20230910;55000;Mocha Blanco Latte;12-14;Pacífica;5
834;M;74;20230801;34000;Mocha Latte;10-12;Pacífica;5
835;;28;20231220;65400;Latte;16-18;Insular;4
836;M;67;20191019;73000;Flat White;12-14;Insular;2
837;;28;20231208;65400;Latte;10-12;Caribe;1
838;;28;20231113;65400;Mocha Latte;18-20;Orinoquía;5
839;M;86;20230928;55000;Chocolate Helado;20-22;Insular;5
840;M;58;20230906;83000;Cappuccino;20-22;Caribe;5
841;;28;20221222;65400;Cappuccino;12-14;Caribe;3
842;;28;20210829;65400;Chocolate Blanco;14-16;Caribe;2
843;M;67;20230804;41000;Espresso Doble;16-18;Andina;3
844;F;58;20230213;92000;Latte Macchiato;18-20;Insular;3
845;F;54;20230211;82000;Chocolate Caliente;20-22;Insular;1
846;F;56;20220624;55000;Chocolate Caliente;12-14;Caribe;3
847;;28;20220603;65400;Chocolate Blanco;12-14;Orinoquía;4
848;M;58;20240420;41000;Chocolate Caliente;20-22;Caribe;3
849;F;56;20240720;91000;Espresso Sencillo;14-16;Andina;3
850;M;63;20240526;61000;Espresso Sencillo;14-16;Pacífica;4
851;O;48;20220729;80000;Caramel Macchiato;18-20;Pacífica;2
852;M;50;20240615;59000;Espresso Macchiato;20-22;Insular;1
853;;28;20231221;65400;Chocolate Blanco;18-20;Caribe;5
854;M;63;20230804;96000;Chocolate Helado;14-16;Orinoquía;1
855;;28;20230409;65400;Mocha Latte;10-12;Orinoquía;1
856;F;79;20191207;94000;Americano;14-16;Andina;3
857;M;47;20240123;92000;Espresso Doble;16-18;Insular;2
858;M;57;20230611;110000;Espresso Doble;16-18;Pacífica;4
859;F;63;20220728;74000;Americano;12-14;Insular;3
860;M;79;20240613;64000;Chocolate Blanco Helado;20-22;Pacífica;4
861;M;54;20210811;92000;Cappuccino;10-12;Caribe;3
862;M;53;20231118;33000;Chocolate Blanco;14-16;Andina;3
863;M;53;20231113;96000;Chocolate Helado;16-18;Caribe;3
864;F;70;20210914;58000;Chocolate Caliente;16-18;Insular;2
865;F;47;20220306;77000;Latte;18-20;Insular;1
866;M;42;20220429;60000;Latte;18-20;Caribe;3
867;;28;20230214;65400;Flat White;12-14;Caribe;2
868;M;61;20210829;100000;Espresso Sencillo;20-22;Insular;3
869;M;30;20240305;35000;Café del día;18-20;Insular;5
870;M;59;20230827;108000;Chocolate Caliente;16-18;Insular;3
871;M;38;20240615;38000;Espresso Sencillo;12-14;Insular;3
872;F;72;20231014;35000;Americano;10-12;Pacífica;5
873;M;69;20210324;36000;Americano;14-16;Insular;5
874;M;31;20220926;55000;Café del día;10-12;Insular;5
875;F;58;20240413;37000;Café del día;10-12;Andina;2
876;F;74;20240122;61000;Americano;20-22;Orinoquía;2
877;M;66;20220321;72000;Flat White;20-22;Pacífica;3
878;F;65;20230421;88000;Latte Macchiato;16-18;Pacífica;1
879;F;56;20220519;83000;Caramel Macchiato;16-18;Pacífica;5
880;M;63;20240424;51000;Café del día;10-12;Andina;2
881;F;38;20240322;69000;Espresso Doble;18-20;Insular;2
882;F;70;20231101;78000;Espresso Macchiato;16-18;Insular;5
883;F;64;20201203;70000;Espresso Macchiato;10-12;Insular;5
884;F;43;20240316;47000;Cappuccino;16-18;Andina;3
885;M;47;20221017;69000;Chocolate Caliente;20-22;Pacífica;1
886;M;49;20210906;91000;Latte;14-16;Andina;4
887;F;64;20200910;59000;Espresso Doble;16-18;Orinoquía;1
888;F;50;20210916;67000;Mocha Latte;14-16;Insular;5
889;O;32;20221223;54000;Latte Macchiato;16-18;Insular;2
890;F;56;20230820;106000;Chocolate Blanco;16-18;Andina;3
891;M;53;20220108;69000;Latte Macchiato;12-14;Pacífica;1
892;M;33;20230916;68000;Latte Macchiato;14-16;Caribe;5
893;;28;20210914;65400;Latte;12-14;Andina;2
894;M;25;20210829;56000;Caramel Macchiato;14-16;Pacífica;2
895;O;59;20230805;73000;Latte Macchiato;14-16;Caribe;4
896;F;58;20231220;77000;Mocha Latte;20-22;Andina;5
897;F;73;20211111;67000;Chocolate Caliente;16-18;Pacífica;4
898;M;45;20230727;52000;Arequipe Latte;16-18;Orinoquía;1
899;;28;20211105;65400;Cappuccino;10-12;Caribe;2
900;;28;20230905;65400;Latte Macchiato;14-16;Orinoquía;4
901;F;22;20231030;50000;Chocolate Blanco Helado;18-20;Caribe;1
902;F;50;20231114;110000;Latte Macchiato;14-16;Orinoquía;3
903;M;57;20230728;33000;Latte Macchiato;12-14;Caribe;4
904;;28;20220306;65400;Mocha Latte;18-20;Pacífica;1
905;M;56;20210823;56000;Flat White;14-16;Insular;1
906;F;68;20230502;115000;Espresso Doble;20-22;Caribe;3
907;;28;20211209;65400;Mocha Latte;16-18;Orinoquía;5
908;M;36;20240721;67000;Arequipe Latte;20-22;Orinoquía;4
909;M;66;20210317;50000;Chocolate Caliente;18-20;Caribe;2
910;F;68;20240518;117000;Flat White;18-20;Andina;5
911;F;84;20240414;68000;Mocha Blanco Latte;20-22;Andina;4
912;F;74;20240617;52000;Latte Macchiato;16-18;Caribe;2
913;F;49;20231106;70000;Chocolate Blanco;20-22;Orinoquía;2
914;;28;20231209;65400;Chocolate Blanco Helado;20-22;Insular;2
915;F;30;20211124;69000;Espresso Doble;18-20;Pacífica;1
916;F;74;20230814;97000;Chocolate Blanco Helado;20-22;Andina;4
917;F;55;20240412;57000;Flat White;20-22;Pacífica;5
918;M;19;20230114;65000;Mocha Blanco Latte;20-22;Andina;5
919;M;69;20230817;70000;Latte;12-14;Orinoquía;1
920;F;69;20240516;34000;Mocha Blanco Latte;12-14;Orinoquía;3
921;M;54;20220421;39000;Espresso Doble;10-12;Caribe;3
922;M;25;20200711;60000;Chocolate Blanco Helado;10-12;Orinoquía;5
923;;28;20221030;65400;Flat White;10-12;Orinoquía;3
924;F;49;20210921;112000;Arequipe Latte;20-22;Pacífica;5
925;M;55;20231022;41000;Americano;12-14;Pacífica;1
926;M;69;20200601;72000;Chocolate Blanco;20-22;Andina;5
927;;28;20211217;65400;Chocolate Caliente;20-22;Orinoquía;3
928;M;60;20231101;68000;Latte;18-20;Insular;3
929;M;40;20221121;91000;Chocolate Blanco;18-20;Pacífica;4
930;F;64;20230604;59000;Espresso Sencillo;14-16;Orinoquía;1
931;;28;20231016;65400;Chocolate Blanco;16-18;Orinoquía;1
932;M;65;20220618;50000;Mocha Blanco Latte;12-14;Pacífica;1
933;F;91;20230815;37000;Latte;10-12;Andina;5
934;M;71;20230502;87000;Cappuccino;14-16;Andina;5
935;;28;20230812;65400;Latte Macchiato;18-20;Andina;3
936;M;57;20221114;38000;Chocolate Helado;12-14;Caribe;2
937;M;51;20210826;93000;Chocolate Blanco;18-20;Orinoquía;5
938;M;82;20231012;89000;Espresso Doble;16-18;Caribe;4
939;M;60;20221227;68000;Latte Macchiato;12-14;Caribe;4
940;M;68;20231003;71000;Latte;14-16;Pacífica;2
941;M;42;20230609;63000;Espresso Doble;20-22;Insular;4
942;F;65;20230129;77000;Americano;20-22;Pacífica;4
943;F;42;20231229;53000;Mocha Blanco Latte;12-14;Insular;4
944;M;45;20240506;63000;Americano;16-18;Insular;5
945;M;64;20231003;38000;Latte;14-16;Andina;3
946;F;53;20230126;32000;Espresso Macchiato;14-16;Orinoquía;1
947;;28;20231025;65400;Mocha Latte;14-16;Orinoquía;3
948;F;47;20231024;53000;Mocha Latte;18-20;Caribe;5
949;M;92;20240601;113000;Mocha Blanco Latte;20-22;Insular;2
950;F;42;20220813;48000;Arequipe Latte;10-12;Caribe;4
951;M;45;20231013;68000;Espresso Macchiato;18-20;Pacífica;2
952;F;60;20240528;47000;Mocha Blanco Latte;12-14;Orinoquía;1
953;M;32;20211030;34000;Espresso Sencillo;20-22;Pacífica;3
954;M;63;20230701;73000;Café del día;10-12;Insular;4
955;F;89;20230902;81000;Caramel Macchiato;20-22;Orinoquía;4
956;F;54;20230729;91000;Chocolate Caliente;16-18;Andina;5
957;F;53;20240117;95000;Flat White;14-16;Insular;3
958;M;60;20231021;42000;Espresso Macchiato;10-12;Insular;1
959;M;21;20221114;74000;Espresso Macchiato;16-18;Andina;4
960;M;63;20231005;58000;Flat White;10-12;Caribe;5
961;F;90;20240130;75000;Mocha Latte;14-16;Caribe;2
962;M;47;20221017;82000;Flat White;20-22;Orinoquía;3
963;M;25;20200531;46000;Espresso Sencillo;10-12;Pacífica;2
964;;28;20220712;65400;Espresso Doble;14-16;Orinoquía;1
965;M;41;20230510;61000;Latte Macchiato;20-22;Pacífica;2
966;;28;20240123;65400;Chocolate Helado;10-12;Caribe;4
967;M;22;20220226;31000;Mocha Blanco Latte;18-20;Orinoquía;1
968;;28;20240709;65400;Americano;20-22;Orinoquía;4
969;F;57;20220201;51000;Caramel Macchiato;18-20;Andina;4
970;;28;20230510;65400;Mocha Latte;18-20;Caribe;5
971;F;37;20210928;100000;Espresso Sencillo;18-20;Orinoquía;1
972;F;65;20200616;79000;Caramel Macchiato;16-18;Pacífica;4
973;M;45;20240408;32000;Latte Macchiato;14-16;Caribe;3
974;M;42;20240615;53000;Café del día;20-22;Insular;4
975;M;19;20230915;69000;Latte;18-20;Pacífica;5
976;M;33;20231109;51000;Espresso Doble;14-16;Andina;2
977;F;96;20231128;72000;Chocolate Blanco;18-20;Orinoquía;5
978;M;46;20240221;42000;Espresso Sencillo;20-22;Orinoquía;4
979;O;74;20210910;61000;Chocolate Caliente;16-18;Pacífica;2
980;F;62;20211126;103000;Chocolate Caliente;14-16;Orinoquía;5
981;O;55;20230504;76000;Café del día;16-18;Orinoquía;3
982;F;50;20221215;92000;Espresso Macchiato;18-20;Caribe;5
983;M;59;20220408;64000;Mocha Blanco Latte;14-16;Orinoquía;5
984;M;73;20231130;106000;Latte;12-14;Pacífica;1
985;F;57;20220524;89000;Americano;18-20;Pacífica;4
986;M;86;20220209;92000;Latte Macchiato;18-20;Orinoquía;1
987;;28;20211124;65400;Latte Macchiato;20-22;Insular;2
988;F;74;20231130;72000;Americano;10-12;Pacífica;4
989;F;88;20230325;71000;Flat White;16-18;Orinoquía;3
990;M;63;20200806;44000;Arequipe Latte;12-14;Pacífica;4
991;F;49;20220123;44000;Espresso Macchiato;20-22;Pacífica;5
992;;28;20210813;65400;Café del día;16-18;Orinoquía;4
993;F;49;20240428;115000;Latte Macchiato;14-16;Andina;2
994;;28;20211129;65400;Americano;20-22;Insular;1
995;M;63;20230907;64000;Latte;16-18;Caribe;1
996;M;25;20210808;73000;Chocolate Blanco;10-12;Pacífica;3
997;F;22;20240109;36000;Chocolate Helado;16-18;Caribe;1
998;F;55;20220611;58000;Café del día;20-22;Orinoquía;5
999;M;67;20231213;44000;Espresso Macchiato;10-12;Caribe;3
1000;F;52;20240215;71000;Flat White;18-20;Pacífica;2
1001;M;50;20240613;89000;Chocolate Helado;14-16;Insular;3
1002;;28;20221112;65400;Espresso Doble;18-20;Orinoquía;3
1003;;28;20240111;65400;Mocha Blanco Latte;12-14;Insular;4
1004;F;42;20220202;56000;Latte Macchiato;16-18;Andina;1
1005;M;53;20210913;78000;Espresso Macchiato;20-22;Pacífica;4
1006;F;70;20220907;101000;Arequipe Latte;20-22;Pacífica;1
1007;F;57;20211107;111000;Caramel Macchiato;14-16;Andina;2
1008;M;41;20220121;49000;Café del día;20-22;Pacífica;1
1009;F;62;20221101;67000;Caramel Macchiato;20-22;Pacífica;3
1010;M;63;20240416;90000;Espresso Doble;12-14;Orinoquía;2
1011;M;53;20230423;40000;Mocha Blanco Latte;10-12;Pacífica;5
1012;M;60;20240529;57000;Chocolate Helado;14-16;Caribe;4
1013;F;90;20240531;71000;Cappuccino;10-12;Insular;2
1014;M;52;20211031;50000;Espresso Macchiato;12-14;Caribe;2
1015;M;28;20231003;35000;Cappuccino;10-12;Andina;1
1016;F;68;20240622;76000;Espresso Macchiato;20-22;Insular;2
1017;F;43;20230928;63000;Espresso Doble;14-16;Orinoquía;3
1018;F;20;20200306;47000;Cappuccino;20-22;Insular;3
1019;M;52;20220926;104000;Espresso Sencillo;12-14;Orinoquía;2
1020;F;73;20240626;75000;Caramel Macchiato;12-14;Pacífica;4
1021;M;36;20240316;52000;Latte;16-18;Insular;4
1022;M;28;20191029;51000;Chocolate Blanco Helado;16-18;Insular;5
1023;;28;20240502;65400;Café del día;12-14;Orinoquía;1
1024;F;69;20221026;84000;Flat White;18-20;Pacífica;4
1025;F;33;20230901;56000;Espresso Doble;18-20;Insular;4
1026;F;39;20230818;35000;Mocha Blanco Latte;18-20;Andina;4
1027;F;51;20230310;84000;Chocolate Helado;14-16;Andina;1
1028;M;79;20220103;50000;Americano;10-12;Insular;5
1029;M;40;20221105;44000;Chocolate Helado;20-22;Caribe;3
1030;F;59;20210817;109000;Caramel Macchiato;14-16;Caribe;5
1031;M;54;20230816;75000;Latte Macchiato;16-18;Orinoquía;2
1032;M;32;20240124;48000;Latte Macchiato;10-12;Orinoquía;2
1033;M;37;20231109;57000;Mocha Latte;12-14;Insular;1
1034;F;49;20240110;79000;Chocolate Blanco;10-12;Pacífica;2
1035;M;66;20231214;69000;Mocha Latte;16-18;Pacífica;1
1036;M;67;20240226;35000;Mocha Blanco Latte;20-22;Pacífica;1
1037;M;47;20231126;38000;Chocolate Caliente;12-14;Andina;3
1038;M;57;20240405;41000;Espresso Macchiato;16-18;Insular;1
1039;M;31;20240722;45000;Mocha Blanco Latte;20-22;Caribe;5
1040;M;55;20240120;52000;Mocha Blanco Latte;12-14;Insular;5
1041;M;81;20240613;74000;Chocolate Blanco Helado;10-12;Insular;5
1042;M;43;20240324;51000;Caramel Macchiato;18-20;Andina;3
1043;F;76;20200717;85000;Cappuccino;16-18;Andina;1
1044;F;64;20221224;83000;Latte Macchiato;12-14;Insular;5
1045;F;61;20230813;80000;Mocha Blanco Latte;14-16;Andina;2
1046;F;44;20240413;41000;Café del día;16-18;Andina;2
1047;F;72;20230731;39000;Flat White;20-22;Andina;2
1048;M;53;20240501;61000;Chocolate Helado;10-12;Orinoquía;1
1049;M;50;20210806;62000;Americano;20-22;Caribe;3
1050;;28;20230319;65400;Flat White;20-22;Pacífica;5
1051;;28;20230706;65400;Espresso Macchiato;18-20;Orinoquía;5
1052;;28;20231216;65400;Americano;10-12;Insular;4
1053;;28;20240623;65400;Espresso Sencillo;14-16;Andina;4
1054;F;50;20230101;98000;Chocolate Helado;20-22;Orinoquía;3
1055;F;81;20240307;57000;Americano;16-18;Orinoquía;5
1056;F;44;20231106;36000;Chocolate Caliente;14-16;Pacífica;2
1057;O;81;20240324;57000;Mocha Latte;16-18;Andina;3
1058;F;49;20231227;54000;Mocha Blanco Latte;12-14;Andina;1
1059;F;61;20221106;108000;Americano;20-22;Orinoquía;4
1060;F;38;20230726;72000;Cappuccino;12-14;Andina;3
1061;M;58;20230913;77000;Chocolate Caliente;14-16;Pacífica;5
1062;;28;20220413;65400;Chocolate Helado;14-16;Orinoquía;5
1063;M;77;20210101;58000;Espresso Macchiato;20-22;Orinoquía;2
1064;F;63;20231126;31000;Espresso Macchiato;10-12;Orinoquía;4
1065;F;64;20220807;102000;Arequipe Latte;12-14;Insular;3
1066;F;33;20211106;43000;Chocolate Helado;16-18;Insular;1
1067;M;39;20240521;64000;Espresso Doble;10-12;Andina;5
1068;M;61;20191205;34000;Chocolate Blanco Helado;12-14;Andina;4
1069;;28;20240114;65400;Chocolate Helado;12-14;Caribe;5
1070;;28;20210911;65400;Chocolate Blanco Helado;14-16;Andina;2
1071;F;63;20220410;96000;Latte Macchiato;12-14;Insular;1
1072;M;63;20231223;34000;Latte;14-16;Andina;1
1073;M;28;20231003;67000;Cappuccino;12-14;Caribe;4
1074;M;46;20231009;32000;Mocha Blanco Latte;18-20;Insular;3
1075;F;20;20231226;59000;Mocha Latte;14-16;Andina;3
1076;M;70;20230630;98000;Latte;12-14;Insular;3
1077;F;83;20230615;34000;Espresso Sencillo;12-14;Insular;2
1078;F;20;20221224;62000;Latte Macchiato;18-20;Insular;4
1079;F;73;20231204;89000;Espresso Sencillo;14-16;Pacífica;5
1080;M;29;20231015;67000;Chocolate Blanco Helado;14-16;Insular;2
1081;F;24;20240321;53000;Espresso Macchiato;10-12;Caribe;3
1082;;28;20200329;65400;Cappuccino;16-18;Insular;5
1083;M;98;20240410;52000;Americano;18-20;Andina;5
1084;F;28;20230908;68000;Caramel Macchiato;18-20;Caribe;5
1085;M;43;20240521;88000;Café del día;10-12;Andina;4
1086;;28;20231128;65400;Arequipe Latte;16-18;Insular;1
1087;M;60;20230731;51000;Mocha Latte;10-12;Andina;2
1088;F;59;20231215;72000;Americano;12-14;Insular;2
1089;F;81;20190802;62000;Mocha Latte;10-12;Caribe;5
1090;F;65;20230805;51000;Latte;20-22;Andina;4
1091;;28;20230327;65400;Chocolate Blanco;18-20;Orinoquía;1
1092;M;76;20210912;99000;Espresso Sencillo;16-18;Pacífica;4
1093;M;66;20231115;74000;Caramel Macchiato;20-22;Andina;2
1094;;28;20240325;65400;Caramel Macchiato;16-18;Insular;3
1095;M;62;20210907;76000;Arequipe Latte;16-18;Orinoquía;1
1096;M;41;20230529;41000;Espresso Sencillo;12-14;Orinoquía;1
1097;F;33;20230920;41000;Café del día;14-16;Orinoquía;5
1098;F;52;20220116;89000;Chocolate Caliente;16-18;Caribe;2
1099;F;38;20231008;50000;Americano;14-16;Andina;3
1100;M;57;20220613;83000;Flat White;10-12;Insular;5
1101;M;60;20190802;93000;Latte Macchiato;16-18;Insular;2
1102;M;41;20231116;71000;Mocha Blanco Latte;10-12;Caribe;3
1103;;28;20230906;65400;Chocolate Blanco Helado;12-14;Insular;5
1104;F;47;20211012;59000;Espresso Macchiato;14-16;Insular;4
1105;M;53;20240325;91000;Chocolate Helado;10-12;Caribe;3
1106;M;19;20230507;67000;Arequipe Latte;18-20;Caribe;4
1107;F;55;20220128;47000;Espresso Doble;10-12;Orinoquía;2
1108;F;39;20220713;90000;Flat White;14-16;Caribe;4
1109;M;50;20231126;42000;Chocolate Caliente;16-18;Orinoquía;2
1110;;28;20221002;65400;Chocolate Caliente;18-20;Caribe;1
1111;;28;20230531;65400;Chocolate Helado;16-18;Orinoquía;4
1112;M;42;20230916;48000;Latte Macchiato;10-12;Orinoquía;2
1113;M;56;20240322;32000;Espresso Macchiato;20-22;Pacífica;1
1114;M;59;20211014;86000;Flat White;18-20;Insular;2
1115;M;60;20240527;92000;Caramel Macchiato;18-20;Orinoquía;3
1116;F;58;20220906;77000;Americano;12-14;Insular;5
1117;F;64;20231012;33000;Latte;16-18;Orinoquía;5
1118;M;56;20210720;49000;Latte Macchiato;20-22;Pacífica;2
1119;M;77;20191123;73000;Espresso Doble;18-20;Pacífica;1
1120;M;58;20230423;39000;Arequipe Latte;16-18;Pacífica;2
1121;F;69;20221115;74000;Latte;14-16;Pacífica;5
1122;M;62;20221129;92000;Chocolate Blanco;18-20;Andina;2
1123;M;79;20230308;71000;Chocolate Blanco Helado;10-12;Caribe;1
1124;F;53;20230818;31000;Flat White;10-12;Andina;4
1125;M;64;20220419;60000;Chocolate Blanco;16-18;Caribe;2
1126;F;49;20230610;52000;Mocha Blanco Latte;10-12;Insular;3
1127;M;22;20231114;54000;Chocolate Blanco;20-22;Caribe;3
1128;M;79;20221117;42000;Espresso Doble;12-14;Pacífica;5
1129;F;38;20230809;60000;Chocolate Helado;18-20;Orinoquía;3
1130;F;64;20240607;88000;Cappuccino;16-18;Pacífica;4
1131;F;81;20220417;71000;Chocolate Blanco Helado;10-12;Caribe;5
1132;F;47;20191111;40000;Caramel Macchiato;12-14;Andina;1
1133;;28;20230904;65400;Cappuccino;14-16;Pacífica;3
1134;;28;20210905;65400;Chocolate Blanco Helado;16-18;Insular;4
1135;M;20;20231120;40000;Arequipe Latte;12-14;Pacífica;1
1136;F;83;20230305;69000;Espresso Doble;16-18;Insular;4
1137;M;56;20200407;57000;Cappuccino;18-20;Caribe;5
1138;;28;20231128;65400;Americano;18-20;Insular;4
1139;M;37;20201207;46000;Arequipe Latte;10-12;Insular;3
1140;F;44;20240610;71000;Café del día;20-22;Insular;5
1141;F;22;20230828;51000;Espresso Doble;14-16;Pacífica;3
1142;M;51;20230810;53000;Chocolate Blanco;16-18;Andina;1
1143;M;42;20240519;33000;Latte;18-20;Orinoquía;5
1144;M;48;20240629;39000;Café del día;18-20;Insular;5
1145;M;78;20240121;44000;Latte Macchiato;14-16;Insular;5
1146;M;67;20211224;69000;Café del día;20-22;Orinoquía;2
1147;M;33;20240530;54000;Espresso Sencillo;18-20;Andina;5
1148;F;83;20230807;58000;Flat White;12-14;Andina;3
1149;M;74;20240715;61000;Chocolate Helado;10-12;Andina;3
1150;M;34;20200618;72000;Chocolate Caliente;18-20;Pacífica;3
1151;F;57;20210810;72000;Latte;14-16;Pacífica;1
1152;F;29;20200529;39000;Chocolate Caliente;18-20;Andina;5
1153;M;68;20240309;52000;Chocolate Helado;10-12;Pacífica;2
1154;F;21;20221101;31000;Chocolate Blanco;18-20;Insular;3
1155;M;20;20240308;33000;Espresso Macchiato;16-18;Andina;1
1156;F;62;20231108;74000;Café del día;10-12;Insular;3
1157;M;31;20230915;60000;Americano;18-20;Andina;1
1158;M;46;20231117;75000;Latte;18-20;Insular;2
1159;F;70;20221031;67000;Chocolate Blanco;20-22;Andina;4
1160;F;54;20220525;53000;Arequipe Latte;20-22;Insular;4
1161;M;53;20230603;83000;Arequipe Latte;14-16;Pacífica;5
1162;;28;20231029;65400;Espresso Sencillo;10-12;Andina;4
1163;F;67;20240613;102000;Mocha Blanco Latte;20-22;Caribe;3
1164;M;30;20240621;53000;Mocha Blanco Latte;14-16;Insular;1
1165;F;76;20230721;109000;Arequipe Latte;20-22;Caribe;3
1166;F;57;20221004;89000;Chocolate Blanco;16-18;Andina;4
1167;M;36;20210305;37000;Chocolate Helado;18-20;Insular;5
1168;M;42;20240107;50000;Latte Macchiato;18-20;Insular;2
1169;M;54;20220331;95000;Latte Macchiato;20-22;Andina;5
1170;M;19;20210115;34000;Cappuccino;12-14;Pacífica;5
1171;F;100;20230905;118000;Arequipe Latte;18-20;Insular;3
1172;F;59;20220211;111000;Mocha Blanco Latte;18-20;Andina;4
1173;M;72;20240609;53000;Chocolate Helado;16-18;Orinoquía;2
1174;F;38;20230806;63000;Espresso Macchiato;10-12;Caribe;5
1175;F;20;20231205;39000;Espresso Doble;16-18;Insular;2
1176;M;42;20220729;78000;Mocha Latte;16-18;Orinoquía;5
1177;M;51;20231123;66000;Mocha Blanco Latte;12-14;Insular;3
1178;M;70;20230731;35000;Café del día;14-16;Pacífica;2
1179;M;38;20211213;56000;Latte;20-22;Caribe;4
1180;M;85;20230727;95000;Latte;18-20;Caribe;4
1181;M;53;20211116;92000;Cappuccino;20-22;Pacífica;2
1182;M;51;20210330;61000;Espresso Doble;14-16;Andina;2
1183;M;26;20230822;63000;Espresso Macchiato;16-18;Orinoquía;5
1184;M;40;20240706;70000;Arequipe Latte;16-18;Caribe;4
1185;M;75;20191215;50000;Latte;20-22;Andina;2
1186;M;40;20191229;99000;Cappuccino;12-14;Insular;2
1187;F;81;20210810;33000;Latte;10-12;Pacífica;1
1188;;28;20231101;65400;Café del día;16-18;Pacífica;2
1189;M;78;20230921;42000;Chocolate Helado;10-12;Insular;3
1190;M;53;20220704;100000;Café del día;14-16;Insular;5
1191;M;49;20220101;79000;Latte;10-12;Caribe;2
1192;M;58;20230929;31000;Espresso Sencillo;18-20;Insular;2
1193;M;59;20230827;73000;Americano;10-12;Pacífica;2
1194;F;58;20231023;95000;Mocha Blanco Latte;14-16;Orinoquía;4
1195;F;36;20220829;77000;Café del día;14-16;Pacífica;1
1196;;28;20220224;65400;Cappuccino;12-14;Orinoquía;1
1197;M;66;20240716;56000;Chocolate Blanco;20-22;Andina;3
1198;M;71;20230117;84000;Mocha Latte;10-12;Andina;4
1199;M;83;20230301;52000;Chocolate Caliente;20-22;Insular;4
1200;M;52;20190730;65000;Americano;12-14;Insular;4
1201;;28;20220101;65400;Americano;16-18;Pacífica;3
1202;F;61;20231103;109000;Caramel Macchiato;14-16;Caribe;2
1203;M;49;20200802;74000;Espresso Doble;16-18;Insular;2
1204;F;70;20220704;87000;Chocolate Blanco Helado;14-16;Pacífica;3
1205;F;53;20231210;104000;Caramel Macchiato;16-18;Caribe;2
1206;F;59;20220813;73000;Mocha Blanco Latte;10-12;Caribe;5
1207;F;21;20230125;63000;Chocolate Helado;12-14;Caribe;3
1208;F;53;20230528;87000;Chocolate Blanco Helado;14-16;Insular;3
1209;M;32;20220726;45000;Café del día;18-20;Insular;4
1210;F;63;20240120;51000;Café del día;10-12;Pacífica;2
1211;F;75;20211117;72000;Caramel Macchiato;20-22;Orinoquía;5
1212;M;56;20240412;52000;Caramel Macchiato;16-18;Pacífica;5
1213;M;49;20210809;45000;Mocha Blanco Latte;10-12;Pacífica;1
1214;M;42;20210625;93000;Americano;12-14;Orinoquía;3
1215;;28;20230926;65400;Chocolate Blanco Helado;14-16;Andina;1
1216;M;55;20230212;71000;Latte Macchiato;10-12;Orinoquía;1
1217;M;44;20211104;55000;Mocha Blanco Latte;18-20;Andina;1
1218;;28;20211126;65400;Mocha Blanco Latte;14-16;Insular;2
1219;;28;20230420;65400;Chocolate Helado;12-14;Pacífica;2
1220;M;70;20211210;60000;Flat White;10-12;Orinoquía;5
1221;M;62;20240403;31000;Chocolate Caliente;10-12;Caribe;1
1222;M;96;20220412;82000;Arequipe Latte;16-18;Pacífica;1
1223;M;65;20230910;116000;Latte;16-18;Pacífica;1
1224;F;51;20221129;85000;Cappuccino;18-20;Insular;1
1225;F;44;20231006;63000;Latte Macchiato;18-20;Caribe;4
1226;F;39;20211225;31000;Chocolate Blanco;14-16;Caribe;3
1227;F;40;20220628;41000;Chocolate Caliente;10-12;Caribe;1
1228;F;33;20240723;64000;Mocha Blanco Latte;20-22;Caribe;2
1229;F;76;20220604;64000;Caramel Macchiato;16-18;Orinoquía;3
1230;M;26;20240622;62000;Cappuccino;20-22;Pacífica;4
1231;M;65;20220323;31000;Café del día;20-22;Orinoquía;2
1232;;28;20240203;65400;Latte;20-22;Orinoquía;5
1233;F;64;20220326;86000;Flat White;10-12;Andina;1
1234;M;75;20240201;36000;Arequipe Latte;12-14;Caribe;5
1235;F;75;20240205;99000;Espresso Sencillo;10-12;Andina;4
1236;F;58;20231029;81000;Espresso Doble;14-16;Orinoquía;4
1237;M;25;20230811;50000;Arequipe Latte;16-18;Andina;4
1238;M;19;20230902;46000;Chocolate Blanco;12-14;Andina;5
1239;F;26;20240524;69000;Chocolate Blanco Helado;10-12;Pacífica;1
1240;M;58;20220525;75000;Espresso Macchiato;20-22;Andina;4
1241;F;69;20201208;67000;Mocha Latte;16-18;Caribe;5
1242;M;58;20240102;93000;Americano;16-18;Andina;4
1243;M;48;20220206;52000;Mocha Latte;14-16;Orinoquía;2
1244;F;26;20240210;55000;Mocha Latte;12-14;Andina;2
1245;F;35;20230224;58000;Arequipe Latte;16-18;Andina;3
1246;M;63;20210530;46000;Café del día;10-12;Pacífica;5
1247;F;24;20230417;75000;Latte;18-20;Insular;4
1248;;28;20230717;65400;Flat White;10-12;Caribe;3
1249;F;48;20231116;71000;Chocolate Blanco;12-14;Andina;4
1250;M;55;20220607;79000;Chocolate Caliente;10-12;Andina;5
1251;M;58;20220601;44000;Mocha Latte;16-18;Insular;1
1252;;28;20230810;65400;Espresso Doble;12-14;Andina;4
1253;F;75;20231121;75000;Chocolate Caliente;12-14;Pacífica;5
1254;F;55;20211030;89000;Espresso Doble;12-14;Andina;4
1255;M;84;20230307;53000;Arequipe Latte;18-20;Pacífica;2
1256;F;79;20230122;102000;Cappuccino;10-12;Andina;5
1257;M;66;20221212;96000;Café del día;18-20;Pacífica;5
1258;F;67;20231209;61000;Chocolate Blanco Helado;14-16;Andina;5
1259;F;69;20220610;73000;Chocolate Helado;14-16;Insular;5
1260;M;66;20211212;62000;Americano;18-20;Orinoquía;3
1261;F;72;20220311;116000;Latte Macchiato;20-22;Orinoquía;3
1262;F;69;20230928;53000;Chocolate Caliente;18-20;Andina;3
1263;M;60;20231214;41000;Flat White;10-12;Insular;2
1264;M;84;20231007;72000;Flat White;12-14;Caribe;2
1265;F;53;20231116;68000;Chocolate Helado;14-16;Orinoquía;4
1266;F;81;20211109;111000;Latte Macchiato;10-12;Pacífica;4
1267;M;53;20201217;62000;Chocolate Caliente;12-14;Orinoquía;3
1268;M;64;20231207;56000;Flat White;10-12;Andina;5
1269;M;70;20240304;52000;Mocha Blanco Latte;14-16;Caribe;3
1270;F;52;20211226;60000;Caramel Macchiato;16-18;Insular;1
1271;;28;20240215;65400;Latte;10-12;Andina;3
1272;M;18;20240421;46000;Latte;14-16;Insular;2
1273;F;54;20230227;37000;Latte Macchiato;16-18;Orinoquía;2
1274;F;56;20211010;40000;Chocolate Helado;14-16;Pacífica;4
1275;F;68;20230208;88000;Americano;18-20;Pacífica;1
1276;M;30;20240621;55000;Espresso Macchiato;20-22;Andina;2
1277;M;59;20231021;32000;Chocolate Helado;16-18;Orinoquía;3
1278;M;50;20240308;33000;Latte Macchiato;12-14;Caribe;5
1279;M;30;20191013;41000;Chocolate Blanco;20-22;Pacífica;4
1280;M;76;20240513;43000;Latte Macchiato;14-16;Caribe;3
1281;M;34;20240411;39000;Espresso Doble;12-14;Andina;1
1282;M;74;20221005;75000;Mocha Blanco Latte;12-14;Andina;1
1283;M;56;20220402;77000;Arequipe Latte;20-22;Orinoquía;4
1284;F;87;20220210;58000;Espresso Doble;10-12;Andina;5
1285;M;80;20240113;60000;Caramel Macchiato;14-16;Orinoquía;2
1286;M;64;20220320;53000;Café del día;18-20;Orinoquía;5
1287;;28;20230901;65400;Latte Macchiato;16-18;Andina;1
1288;M;22;20240103;66000;Mocha Latte;18-20;Andina;3
1289;F;49;20240114;102000;Flat White;10-12;Orinoquía;1
1290;M;66;20240429;35000;Americano;18-20;Orinoquía;1
1291;M;70;20220819;70000;Chocolate Caliente;12-14;Andina;5
1292;;28;20230727;65400;Mocha Latte;10-12;Insular;1
1293;M;52;20220422;83000;Caramel Macchiato;14-16;Pacífica;4
1294;M;60;20230803;54000;Café del día;18-20;Insular;5
1295;M;65;20211226;52000;Caramel Macchiato;10-12;Orinoquía;5
1296;M;43;20220225;59000;Café del día;16-18;Orinoquía;3
1297;M;24;20240103;40000;Flat White;12-14;Andina;4
1298;M;65;20240310;42000;Espresso Macchiato;18-20;Orinoquía;1
1299;;28;20220317;65400;Chocolate Caliente;14-16;Orinoquía;4
1300;M;25;20201110;35000;Americano;18-20;Pacífica;4
1301;M;76;20211114;56000;Café del día;12-14;Pacífica;4
1302;M;73;20240213;73000;Chocolate Blanco;10-12;Orinoquía;1
1303;F;62;20220613;107000;Latte;12-14;Pacífica;4
1304;;28;20230413;65400;Latte Macchiato;20-22;Orinoquía;1
1305;;28;20220710;65400;Latte;18-20;Andina;1
1306;M;48;20231206;39000;Cappuccino;16-18;Andina;2
1307;M;20;20240427;75000;Cappuccino;14-16;Insular;2
1308;F;60;20231206;77000;Mocha Latte;16-18;Insular;1
1309;M;66;20240122;58000;Mocha Blanco Latte;16-18;Pacífica;1
1310;M;48;20230502;57000;Chocolate Blanco Helado;18-20;Insular;2
1311;M;80;20191104;39000;Flat White;12-14;Andina;1
1312;F;46;20231110;45000;Café del día;14-16;Caribe;3
1313;;28;20231012;65400;Arequipe Latte;18-20;Andina;4
1314;F;61;20240319;98000;Chocolate Blanco;16-18;Insular;3
1315;F;70;20231217;71000;Chocolate Blanco;18-20;Andina;3
1316;F;63;20220121;100000;Chocolate Caliente;18-20;Pacífica;5
1317;F;30;20230801;63000;Mocha Latte;18-20;Pacífica;4
1318;M;61;20231207;71000;Espresso Doble;14-16;Orinoquía;2
1319;M;55;20230911;74000;Caramel Macchiato;18-20;Pacífica;2
1320;F;53;20220311;99000;Espresso Macchiato;16-18;Insular;3
1321;M;50;20231121;31000;Espresso Sencillo;14-16;Andina;3
1322;M;68;20220501;81000;Cappuccino;16-18;Pacífica;2
1323;F;19;20210720;67000;Arequipe Latte;14-16;Orinoquía;2
1324;F;44;20230430;61000;Mocha Blanco Latte;18-20;Andina;1
1325;;28;20220610;65400;Arequipe Latte;14-16;Caribe;4
1326;M;65;20230408;35000;Cappuccino;14-16;Pacífica;1
1327;M;72;20220223;95000;Chocolate Blanco Helado;16-18;Insular;2
1328;M;58;20210811;47000;Chocolate Blanco Helado;16-18;Insular;3
1329;M;66;20221017;70000;Chocolate Blanco;18-20;Orinoquía;3
1330;F;67;20210729;110000;Latte Macchiato;14-16;Pacífica;1
1331;M;72;20230510;56000;Chocolate Blanco;10-12;Orinoquía;3
1332;M;58;20211221;31000;Chocolate Helado;18-20;Caribe;1
1333;F;63;20230725;56000;Caramel Macchiato;12-14;Orinoquía;3
1334;M;74;20231213;52000;Espresso Doble;14-16;Andina;1
1335;M;50;20220423;86000;Café del día;16-18;Pacífica;4
1336;M;35;20240505;73000;Mocha Latte;16-18;Insular;5
1337;F;51;20240116;76000;Flat White;10-12;Pacífica;2
1338;;28;20240520;65400;Chocolate Blanco;18-20;Orinoquía;2
1339;M;48;20240604;57000;Chocolate Caliente;20-22;Pacífica;3
1340;M;62;20200312;68000;Chocolate Helado;18-20;Insular;1
1341;F;71;20231130;108000;Flat White;14-16;Pacífica;3
1342;M;42;20200702;57000;Espresso Sencillo;12-14;Insular;1
1343;F;78;20231128;89000;Mocha Latte;18-20;Orinoquía;2
1344;;28;20210516;65400;Mocha Blanco Latte;12-14;Orinoquía;1
1345;F;81;20230424;119000;Café del día;10-12;Orinoquía;2
1346;F;64;20230729;71000;Americano;18-20;Andina;1
1347;M;43;20230518;56000;Chocolate Caliente;14-16;Pacífica;4
1348;F;48;20210813;93000;Latte;12-14;Andina;3
1349;O;35;20231115;54000;Latte Macchiato;18-20;Caribe;3
1350;M;40;20220911;79000;Caramel Macchiato;16-18;Insular;3
1351;;28;20231128;65400;Espresso Macchiato;14-16;Pacífica;5
1352;F;54;20231221;73000;Chocolate Blanco Helado;14-16;Caribe;4
1353;M;53;20231210;115000;Espresso Doble;12-14;Pacífica;2
1354;M;63;20190921;47000;Latte Macchiato;10-12;Insular;5
1355;F;64;20220812;68000;Latte Macchiato;10-12;Andina;4
1356;O;56;20240501;33000;Latte;14-16;Orinoquía;2
1357;M;71;20211011;73000;Cappuccino;20-22;Insular;3
1358;M;78;20220119;77000;Latte Macchiato;14-16;Insular;1
1359;;28;20210813;65400;Chocolate Blanco Helado;16-18;Andina;2
1360;M;43;20210109;32000;Chocolate Helado;18-20;Pacífica;4
1361;F;35;20190810;52000;Cappuccino;16-18;Caribe;5
1362;M;67;20221217;82000;Chocolate Helado;14-16;Andina;3
1363;F;86;20210901;93000;Flat White;18-20;Orinoquía;5
1364;;28;20240413;65400;Espresso Macchiato;12-14;Pacífica;2
1365;F;53;20220215;114000;Café del día;20-22;Pacífica;4
1366;F;45;20230830;33000;Mocha Blanco Latte;16-18;Orinoquía;2
1367;M;49;20231108;40000;Espresso Doble;10-12;Pacífica;3
1368;M;37;20231029;66000;Espresso Doble;10-12;Andina;3
1369;F;81;20210729;88000;Latte Macchiato;10-12;Pacífica;5
1370;F;33;20230923;41000;Chocolate Caliente;18-20;Orinoquía;5
1371;F;48;20230907;74000;Americano;16-18;Insular;1
1372;F;54;20231216;92000;Chocolate Blanco;20-22;Pacífica;4
1373;;28;20240718;65400;Cappuccino;20-22;Pacífica;3
1374;F;88;20231020;55000;Chocolate Blanco Helado;12-14;Orinoquía;2
1375;;28;20240613;65400;Café del día;14-16;Andina;2
1376;F;22;20220426;65000;Chocolate Helado;14-16;Andina;4
1377;;28;20220306;65400;Espresso Macchiato;10-12;Andina;5
1378;F;62;20220502;98000;Cappuccino;14-16;Orinoquía;4
1379;M;41;20220203;60000;Latte;12-14;Insular;5
1380;F;60;20211227;53000;Flat White;18-20;Pacífica;2
1381;;28;20210812;65400;Espresso Sencillo;12-14;Caribe;5
1382;M;75;20220920;64000;Flat White;14-16;Orinoquía;3
1383;F;51;20240628;100000;Café del día;20-22;Andina;5
1384;F;60;20240106;32000;Espresso Macchiato;10-12;Pacífica;1
1385;M;80;20210926;70000;Americano;10-12;Insular;3
1386;M;19;20240501;59000;Flat White;14-16;Andina;1
1387;M;53;20200908;34000;Americano;10-12;Andina;3
1388;M;41;20230919;53000;Chocolate Blanco Helado;18-20;Andina;3
1389;;28;20230828;65400;Mocha Latte;18-20;Orinoquía;1
1390;F;55;20221015;52000;Mocha Blanco Latte;14-16;Insular;5
1391;M;66;20231013;86000;Café del día;12-14;Pacífica;2
1392;F;42;20230821;59000;Cappuccino;12-14;Insular;2
1393;M;77;20240428;61000;Chocolate Blanco;14-16;Orinoquía;2
1394;M;59;20240318;63000;Chocolate Blanco;14-16;Orinoquía;5
1395;F;77;20220113;87000;Flat White;20-22;Pacífica;1
1396;F;58;20230408;93000;Caramel Macchiato;10-12;Pacífica;2
1397;;28;20230225;65400;Americano;12-14;Andina;4
1398;F;53;20220805;99000;Latte Macchiato;10-12;Caribe;5
1399;M;43;20240524;33000;Espresso Macchiato;18-20;Insular;1
1400;M;50;20220911;39000;Latte;14-16;Caribe;2
1401;F;56;20231208;76000;Espresso Macchiato;20-22;Insular;4
1402;M;62;20230115;50000;Chocolate Blanco;10-12;Orinoquía;1
1403;M;64;20231223;36000;Latte Macchiato;18-20;Pacífica;1
1404;M;31;20240118;44000;Caramel Macchiato;20-22;Insular;3
1405;M;56;20220322;99000;Americano;10-12;Orinoquía;2
1406;F;60;20240116;99000;Espresso Doble;16-18;Caribe;3
1407;M;51;20230106;63000;Chocolate Blanco Helado;10-12;Pacífica;2
1408;M;71;20231011;32000;Espresso Sencillo;12-14;Caribe;5
1409;M;80;20240328;51000;Latte Macchiato;20-22;Andina;2
1410;F;67;20230516;87000;Chocolate Blanco Helado;10-12;Pacífica;4
1411;F;76;20211217;98000;Latte;12-14;Andina;1
1412;M;29;20231223;59000;Caramel Macchiato;10-12;Andina;4
1413;F;63;20240402;81000;Espresso Sencillo;20-22;Insular;4
1414;F;64;20231203;76000;Arequipe Latte;12-14;Insular;2
1415;;28;20230731;65400;Flat White;18-20;Orinoquía;4
1416;M;22;20200909;56000;Cappuccino;20-22;Orinoquía;3
1417;F;52;20231201;80000;Cappuccino;18-20;Insular;2
1418;F;82;20220313;99000;Espresso Sencillo;14-16;Pacífica;5
1419;F;63;20230515;86000;Mocha Blanco Latte;12-14;Orinoquía;1
1420;;28;20230308;65400;Espresso Sencillo;14-16;Caribe;4
1421;M;27;20240703;70000;Mocha Blanco Latte;10-12;Insular;1
1422;;28;20221229;65400;Mocha Latte;18-20;Pacífica;2
1423;M;82;20231010;86000;Americano;20-22;Pacífica;2
1424;F;55;20230816;81000;Caramel Macchiato;16-18;Pacífica;4
1425;;28;20230829;65400;Americano;14-16;Orinoquía;1
1426;;28;20211231;65400;Chocolate Helado;18-20;Orinoquía;4
1427;F;60;20230418;115000;Caramel Macchiato;12-14;Orinoquía;3
1428;F;67;20240220;81000;Latte;12-14;Orinoquía;5
1429;M;44;20230912;55000;Cappuccino;10-12;Insular;2
1430;;28;20240726;65400;Cappuccino;16-18;Insular;1
1431;M;19;20210824;46000;Americano;20-22;Caribe;2
1432;;28;20220622;65400;Latte Macchiato;20-22;Andina;5
1433;M;62;20240128;114000;Espresso Macchiato;12-14;Pacífica;5
1434;;28;20230803;65400;Caramel Macchiato;12-14;Andina;5
1435;F;57;20220805;70000;Caramel Macchiato;14-16;Insular;3
1436;M;75;20231008;71000;Chocolate Caliente;16-18;Caribe;2
1437;M;52;20231030;73000;Americano;12-14;Andina;5
1438;M;69;20230428;80000;Flat White;10-12;Andina;3
1439;;28;20240223;65400;Arequipe Latte;10-12;Insular;5
1440;F;50;20230802;70000;Latte Macchiato;16-18;Orinoquía;1
1441;M;63;20230809;40000;Caramel Macchiato;18-20;Andina;2
1442;F;66;20240501;62000;Mocha Latte;14-16;Andina;3
1443;F;45;20220721;61000;Americano;14-16;Pacífica;1
1444;F;63;20221203;31000;Espresso Doble;12-14;Orinoquía;3
1445;M;82;20230912;62000;Chocolate Blanco;16-18;Insular;5
1446;M;70;20230729;47000;Latte Macchiato;10-12;Caribe;5
1447;F;60;20231229;101000;Latte Macchiato;16-18;Andina;3
1448;F;85;20230418;75000;Chocolate Blanco;18-20;Insular;1
1449;M;57;20231215;69000;Chocolate Blanco;12-14;Andina;2
1450;M;28;20220422;41000;Espresso Macchiato;14-16;Orinoquía;4
1451;M;59;20210825;68000;Flat White;10-12;Insular;1
1452;M;57;20220404;83000;Espresso Doble;16-18;Caribe;2
1453;M;38;20210820;46000;Chocolate Helado;18-20;Pacífica;5
1454;;28;20230506;65400;Chocolate Caliente;16-18;Insular;3
1455;M;44;20221122;47000;Café del día;14-16;Caribe;2
1456;M;24;20240202;63000;Café del día;12-14;Andina;5
1457;M;76;20240308;36000;Mocha Latte;18-20;Insular;4
1458;;28;20231117;65400;Mocha Latte;16-18;Caribe;3
1459;M;33;20240525;33000;Chocolate Blanco Helado;12-14;Insular;2
1460;F;71;20230303;72000;Latte Macchiato;18-20;Orinoquía;1
1461;M;28;20220929;60000;Cappuccino;18-20;Caribe;1
1462;F;63;20240314;58000;Latte Macchiato;14-16;Orinoquía;4
1463;M;42;20231014;74000;Arequipe Latte;14-16;Caribe;1
1464;F;55;20240722;53000;Arequipe Latte;16-18;Andina;1
1465;F;53;20230911;84000;Mocha Blanco Latte;16-18;Caribe;1
1466;M;64;20240310;61000;Latte Macchiato;16-18;Caribe;2
1467;M;54;20201024;46000;Espresso Macchiato;20-22;Orinoquía;5
1468;;28;20231109;65400;Chocolate Blanco Helado;16-18;Orinoquía;5
1469;F;93;20220411;59000;Latte;12-14;Insular;1
1470;F;24;20240606;33000;Espresso Doble;20-22;Insular;1
1471;F;48;20210112;82000;Americano;16-18;Insular;1
1472;M;28;20240529;48000;Caramel Macchiato;20-22;Andina;1
1473;F;51;20230801;98000;Flat White;10-12;Insular;4
1474;M;55;20220509;91000;Mocha Blanco Latte;12-14;Caribe;2
1475;M;23;20221102;42000;Americano;20-22;Insular;2
1476;F;51;20231114;56000;Chocolate Blanco;20-22;Pacífica;5
1477;O;20;20240205;33000;Chocolate Caliente;16-18;Orinoquía;1
1478;M;83;20210307;39000;Espresso Doble;12-14;Insular;5
1479;M;63;20230507;89000;Latte;14-16;Pacífica;5
1480;;28;20240321;65400;Mocha Latte;12-14;Andina;4
1481;;28;20240107;65400;Espresso Sencillo;18-20;Insular;2
1482;M;53;20221007;50000;Chocolate Caliente;12-14;Caribe;1
1483;O;47;20221012;39000;Arequipe Latte;18-20;Andina;3
1484;M;86;20220914;55000;Espresso Macchiato;18-20;Pacífica;4
1485;M;37;20240105;64000;Chocolate Blanco Helado;10-12;Pacífica;1
1486;F;49;20230821;104000;Espresso Doble;18-20;Andina;3
1487;M;61;20220929;81000;Espresso Sencillo;16-18;Pacífica;1
1488;M;66;20231106;42000;Latte;18-20;Orinoquía;2
1489;F;37;20211113;60000;Mocha Latte;12-14;Insular;2
1490;M;70;20240104;73000;Cappuccino;18-20;Andina;3
1491;F;65;20231021;53000;Americano;18-20;Caribe;1
1492;M;45;20230326;67000;Flat White;18-20;Orinoquía;1
1493;M;40;20240427;57000;Cappuccino;14-16;Orinoquía;2
1494;;28;20230103;65400;Espresso Doble;20-22;Insular;4
1495;F;62;20240421;55000;Espresso Macchiato;20-22;Insular;3
1496;M;42;20231217;52000;Latte;20-22;Andina;4
1497;M;64;20220207;108000;Americano;14-16;Insular;4
1498;M;70;20230803;105000;Café del día;12-14;Insular;2
1499;M;29;20230228;41000;Latte;10-12;Caribe;4
1500;M;37;20221017;69000;Espresso Doble;10-12;Orinoquía;2
1501;M;59;20230403;74000;Espresso Doble;16-18;Pacífica;4
1502;M;20;20220110;62000;Americano;12-14;Caribe;3
1503;M;47;20240308;54000;Chocolate Helado;18-20;Caribe;1
1504;M;37;20240327;48000;Mocha Latte;18-20;Pacífica;1
1505;M;89;20240618;82000;Chocolate Caliente;12-14;Insular;3
1506;M;23;20230924;34000;Caramel Macchiato;10-12;Insular;5
1507;M;55;20231226;80000;Americano;12-14;Caribe;3
1508;F;48;20240713;46000;Latte;10-12;Orinoquía;3
1509;M;42;20210901;48000;Caramel Macchiato;20-22;Andina;1
1510;F;52;20221021;114000;Mocha Latte;18-20;Orinoquía;4
1511;M;38;20220514;47000;Latte;16-18;Andina;4
1512;M;35;20230906;42000;Chocolate Caliente;18-20;Orinoquía;5
1513;M;53;20210831;104000;Americano;16-18;Andina;3
1514;F;82;20210821;65000;Espresso Doble;14-16;Andina;1
1515;M;32;20210213;57000;Chocolate Caliente;18-20;Pacífica;4
1516;;28;20240123;65400;Latte Macchiato;14-16;Pacífica;5
1517;M;28;20240726;33000;Espresso Sencillo;12-14;Orinoquía;5
1518;F;62;20230703;96000;Espresso Macchiato;14-16;Insular;1
1519;;28;20210815;65400;Flat White;18-20;Caribe;3
1520;F;92;20240225;63000;Espresso Doble;18-20;Andina;2
1521;;28;20240208;65400;Caramel Macchiato;12-14;Pacífica;3
1522;M;49;20231002;67000;Americano;16-18;Pacífica;5
1523;M;82;20231205;115000;Chocolate Helado;18-20;Insular;2
1524;M;41;20200618;57000;Chocolate Helado;20-22;Andina;3
1525;M;75;20220117;89000;Espresso Macchiato;18-20;Orinoquía;1
1526;M;61;20231218;35000;Mocha Latte;20-22;Caribe;4
1527;F;61;20211018;49000;Flat White;12-14;Caribe;1
1528;F;30;20220520;56000;Café del día;18-20;Insular;4
1529;M;54;20190914;72000;Espresso Doble;16-18;Caribe;5
1530;;28;20221214;65400;Espresso Doble;10-12;Orinoquía;3
1531;F;52;20230817;84000;Espresso Macchiato;16-18;Insular;3
1532;M;43;20240516;42000;Latte;20-22;Insular;5
1533;M;32;20200117;52000;Cappuccino;20-22;Caribe;3
1534;F;35;20231021;74000;Café del día;12-14;Pacífica;3
1535;M;31;20201103;69000;Cappuccino;20-22;Insular;4
1536;M;50;20220404;59000;Caramel Macchiato;10-12;Orinoquía;2
1537;F;38;20191006;59000;Mocha Latte;14-16;Andina;2
1538;F;57;20220829;53000;Mocha Latte;18-20;Insular;3
1539;F;50;20240212;58000;Chocolate Blanco;12-14;Insular;2
1540;M;24;20211123;65000;Espresso Doble;16-18;Pacífica;3
1541;O;64;20240529;31000;Caramel Macchiato;14-16;Andina;4
1542;M;56;20210204;49000;Chocolate Caliente;20-22;Andina;3
1543;M;20;20220814;67000;Mocha Blanco Latte;20-22;Caribe;4
1544;F;65;20221004;53000;Café del día;10-12;Insular;1
1545;;28;20230926;65400;Chocolate Caliente;14-16;Insular;4
1546;M;33;20231222;42000;Chocolate Blanco Helado;14-16;Pacífica;2
1547;M;60;20240115;83000;Mocha Blanco Latte;16-18;Caribe;2
1548;F;67;20230930;107000;Chocolate Blanco;20-22;Orinoquía;2
1549;M;51;20231206;34000;Espresso Macchiato;12-14;Caribe;4
1550;;28;20220203;65400;Latte Macchiato;14-16;Caribe;3
1551;M;49;20240224;70000;Chocolate Blanco;10-12;Andina;2
1552;M;63;20231013;77000;Mocha Blanco Latte;14-16;Insular;5
1553;M;75;20210912;97000;Cappuccino;16-18;Pacífica;1
1554;;28;20220731;65400;Espresso Doble;14-16;Caribe;2
1555;M;91;20210208;78000;Latte;18-20;Pacífica;5
1556;F;101;20231004;43000;Chocolate Blanco;16-18;Caribe;1
1557;M;42;20240105;62000;Espresso Doble;14-16;Orinoquía;1
1558;F;52;20211228;80000;Mocha Blanco Latte;10-12;Andina;1
1559;M;57;20230801;66000;Espresso Sencillo;12-14;Orinoquía;5
1560;M;72;20211002;79000;Arequipe Latte;18-20;Andina;4
1561;M;66;20220731;47000;Latte Macchiato;14-16;Caribe;3
1562;M;37;20240624;72000;Americano;12-14;Insular;5
1563;;28;20240617;65400;Chocolate Caliente;16-18;Insular;5
1564;;28;20230628;65400;Latte Macchiato;14-16;Insular;3
1565;M;76;20210715;64000;Latte Macchiato;20-22;Insular;4
1566;;28;20240221;65400;Chocolate Blanco;10-12;Pacífica;4
1567;M;56;20220125;82000;Latte Macchiato;14-16;Insular;1
1568;M;55;20230817;63000;Chocolate Blanco Helado;16-18;Pacífica;5
1569;M;36;20230830;47000;Chocolate Caliente;20-22;Orinoquía;2
1570;M;64;20220811;90000;Chocolate Helado;18-20;Andina;5
1571;M;23;20230222;60000;Espresso Macchiato;16-18;Caribe;1
1572;M;30;20230220;35000;Espresso Macchiato;20-22;Insular;1
1573;M;67;20240615;57000;Espresso Macchiato;12-14;Insular;1
1574;;28;20230330;65400;Café del día;20-22;Insular;2
1575;M;42;20221028;49000;Latte Macchiato;16-18;Pacífica;5
1576;M;41;20231208;65000;Americano;14-16;Caribe;3
1577;F;28;20240714;57000;Caramel Macchiato;20-22;Orinoquía;3
1578;;28;20240609;65400;Chocolate Helado;12-14;Caribe;3
1579;F;64;20240113;93000;Chocolate Caliente;12-14;Pacífica;2
1580;;28;20240628;65400;Chocolate Helado;12-14;Andina;5
1581;F;51;20230811;80000;Café del día;10-12;Pacífica;3
1582;M;82;20200108;60000;Café del día;14-16;Insular;5
1583;F;54;20231207;112000;Mocha Latte;12-14;Orinoquía;1
1584;;28;20210905;65400;Café del día;18-20;Andina;5
1585;M;28;20240220;59000;Chocolate Blanco Helado;10-12;Insular;3
1586;M;68;20210921;85000;Flat White;16-18;Orinoquía;4
1587;;28;20220816;65400;Mocha Latte;12-14;Orinoquía;5
1588;F;37;20220191;51000;Flat White;20-22;Pacífica;5
1589;F;55;20190914;95000;Espresso Sencillo;20-22;Andina;2
1590;;28;20210806;65400;Chocolate Blanco;20-22;Andina;2
1591;F;61;20220505;73000;Americano;12-14;Insular;5
1592;M;63;20230820;70000;Mocha Latte;20-22;Orinoquía;2
1593;F;69;20210425;85000;Café del día;18-20;Orinoquía;5
1594;M;80;20220121;50000;Arequipe Latte;20-22;Insular;3
1595;F;63;20230906;72000;Mocha Latte;18-20;Caribe;5
1596;F;63;20230625;99000;Chocolate Blanco;16-18;Orinoquía;4
1597;F;33;20230812;56000;Cappuccino;20-22;Orinoquía;2
1598;M;67;20231013;71000;Café del día;20-22;Pacífica;5
1599;F;78;20231028;72000;Chocolate Caliente;14-16;Insular;1
1600;M;20;20231106;33000;Flat White;20-22;Andina;2
1601;F;54;20211216;77000;Caramel Macchiato;10-12;Insular;3
1602;M;33;20220309;52000;Espresso Macchiato;18-20;Pacífica;1
1603;M;71;20240218;56000;Chocolate Caliente;16-18;Insular;3
1604;M;54;20230223;80000;Espresso Macchiato;10-12;Andina;2
1605;F;87;20221022;85000;Espresso Macchiato;16-18;Pacífica;2
1606;M;43;20240312;63000;Americano;20-22;Insular;4
1607;M;51;20200624;33000;Americano;20-22;Orinoquía;1
1608;F;46;20190927;42000;Chocolate Caliente;20-22;Pacífica;1
1609;F;52;20200828;58000;Caramel Macchiato;16-18;Insular;2
1610;M;55;20210907;61000;Flat White;10-12;Pacífica;5
1611;M;40;20230727;87000;Americano;16-18;Insular;3
1612;F;100;20240123;109000;Latte;12-14;Orinoquía;2
1613;F;24;20210409;52000;Arequipe Latte;18-20;Caribe;5
1614;F;64;20211218;79000;Espresso Doble;14-16;Pacífica;4
1615;;28;20230923;65400;Americano;18-20;Orinoquía;3
1616;F;49;20230627;67000;Chocolate Blanco;10-12;Caribe;2
1617;F;44;20230727;69000;Mocha Latte;12-14;Caribe;2
1618;F;49;20221011;65000;Espresso Macchiato;20-22;Insular;2
1619;M;33;20220109;53000;Americano;14-16;Orinoquía;2
1620;F;50;20211004;94000;Americano;20-22;Caribe;2
1621;M;39;20240513;32000;Chocolate Caliente;18-20;Andina;2
1622;F;52;20220929;66000;Latte;12-14;Andina;3
1623;F;74;20231203;42000;Flat White;10-12;Insular;2
1624;M;43;20200311;70000;Latte;12-14;Insular;4
1625;M;63;20230623;97000;Espresso Doble;12-14;Orinoquía;2
1626;M;53;20230804;92000;Flat White;14-16;Pacífica;4
1627;M;52;20240112;52000;Latte Macchiato;10-12;Pacífica;4
1628;M;82;20211108;97000;Chocolate Caliente;10-12;Orinoquía;5
1629;M;67;20201014;65000;Latte Macchiato;12-14;Insular;4
1630;M;66;20230915;65000;Cappuccino;12-14;Orinoquía;3
1631;F;57;20230624;73000;Latte Macchiato;14-16;Pacífica;3
1632;;28;20231119;65400;Mocha Blanco Latte;16-18;Pacífica;1
1633;M;32;20230904;55000;Chocolate Blanco Helado;10-12;Orinoquía;2
1634;M;68;20211031;57000;Mocha Latte;18-20;Caribe;5
1635;M;81;20221016;62000;Mocha Blanco Latte;10-12;Insular;4
1636;M;75;20220108;80000;Arequipe Latte;18-20;Pacífica;4
1637;M;88;20230804;67000;Chocolate Blanco;18-20;Insular;4
1638;F;94;20221010;88000;Espresso Macchiato;14-16;Orinoquía;1
1639;;28;20240213;65400;Americano;20-22;Andina;2
1640;M;24;20240425;72000;Latte;14-16;Orinoquía;3
1641;M;54;20230610;71000;Arequipe Latte;14-16;Andina;1
1642;F;75;20230429;80000;Chocolate Helado;18-20;Caribe;3
1643;F;77;20240131;111000;Espresso Sencillo;14-16;Orinoquía;4
1644;M;83;20230604;100000;Chocolate Blanco Helado;10-12;Orinoquía;5
1645;;28;20240522;65400;Chocolate Caliente;20-22;Orinoquía;1
1646;O;57;20240124;32000;Mocha Blanco Latte;20-22;Andina;2
1647;;28;20231217;65400;Chocolate Helado;12-14;Caribe;1
1648;M;59;20230911;30000;Chocolate Blanco;12-14;Pacífica;3
1649;O;35;20230815;31000;Latte Macchiato;20-22;Insular;4
1650;M;32;20210501;47000;Chocolate Blanco;18-20;Caribe;5
1651;M;76;20231105;51000;Caramel Macchiato;12-14;Caribe;2
1652;F;77;20240211;63000;Chocolate Blanco Helado;14-16;Caribe;4
1653;F;37;20240311;92000;Arequipe Latte;20-22;Andina;2
1654;M;43;20210607;39000;Chocolate Blanco Helado;20-22;Insular;3
1655;M;59;20210629;69000;Chocolate Helado;18-20;Orinoquía;5
1656;F;57;20230814;97000;Caramel Macchiato;16-18;Caribe;4
1657;M;71;20211116;96000;Flat White;12-14;Pacífica;3
1658;M;61;20220519;50000;Arequipe Latte;14-16;Pacífica;4
1659;;28;20220522;65400;Espresso Sencillo;12-14;Pacífica;5
1660;F;78;20211226;79000;Caramel Macchiato;16-18;Orinoquía;5
1661;F;29;20230816;37000;Latte;16-18;Orinoquía;4
1662;F;61;20211023;75000;Café del día;20-22;Insular;1
1663;F;69;20221105;72000;Americano;12-14;Andina;5
1664;M;76;20230703;76000;Chocolate Blanco;18-20;Andina;4
1665;;28;20220628;65400;Chocolate Blanco Helado;10-12;Orinoquía;3
1666;M;53;20190920;66000;Chocolate Helado;18-20;Insular;3
1667;M;51;20230217;81000;Espresso Macchiato;14-16;Caribe;4
1668;;28;20240527;65400;Chocolate Blanco;16-18;Insular;5
1669;M;48;20230801;62000;Caramel Macchiato;16-18;Orinoquía;2
1670;F;56;20211207;58000;Café del día;10-12;Pacífica;2
1671;M;78;20230526;77000;Espresso Doble;12-14;Caribe;4
1672;F;71;20220325;68000;Chocolate Caliente;14-16;Pacífica;5
1673;F;72;20230804;75000;Espresso Macchiato;18-20;Orinoquía;5
1674;M;56;20230422;54000;Mocha Latte;20-22;Caribe;2
1675;M;56;20220121;49000;Espresso Macchiato;14-16;Andina;2
1676;M;75;20230112;110000;Chocolate Blanco Helado;20-22;Orinoquía;1
1677;;28;20231107;65400;Mocha Latte;14-16;Pacífica;2
1678;F;86;20220715;40000;Mocha Blanco Latte;16-18;Andina;2
1679;M;35;20200612;33000;Arequipe Latte;12-14;Andina;3
1680;M;95;20220627;90000;Chocolate Blanco Helado;14-16;Orinoquía;3
1681;;28;20220815;65400;Latte;18-20;Insular;2
1682;M;90;20220504;38000;Espresso Doble;20-22;Caribe;1
1683;M;50;20240627;62000;Arequipe Latte;20-22;Orinoquía;4
1684;;28;20220225;65400;Mocha Blanco Latte;14-16;Andina;3
1685;F;38;20240109;75000;Espresso Sencillo;10-12;Pacífica;1
1686;F;47;20240116;61000;Latte Macchiato;14-16;Andina;5
1687;;28;20240623;65400;Café del día;20-22;Caribe;2
1688;M;63;20201124;97000;Espresso Sencillo;10-12;Andina;3
1689;M;67;20231031;97000;Espresso Doble;10-12;Andina;4
1690;F;73;20221218;85000;Chocolate Helado;14-16;Insular;1
1691;F;22;20220610;65000;Mocha Latte;20-22;Caribe;3
1692;M;78;20220602;64000;Espresso Doble;16-18;Andina;2
1693;F;40;20230328;78000;Latte;20-22;Insular;5
1694;M;69;20221121;52000;Latte;18-20;Insular;4
1695;M;65;20231222;116000;Espresso Doble;10-12;Andina;5
1696;M;48;20191201;39000;Espresso Macchiato;14-16;Pacífica;3
1697;F;30;20210329;40000;Chocolate Blanco Helado;18-20;Orinoquía;5
1698;M;54;20240529;58000;Espresso Doble;12-14;Pacífica;5
1699;F;46;20220519;94000;Espresso Sencillo;20-22;Orinoquía;2
1700;;28;20230914;65400;Espresso Doble;18-20;Andina;2
1701;M;39;20231221;37000;Cappuccino;14-16;Orinoquía;4
1702;M;54;20231029;39000;Chocolate Caliente;12-14;Insular;4
1703;M;57;20210613;61000;Caramel Macchiato;18-20;Pacífica;5
1704;F;48;20240518;46000;Chocolate Caliente;20-22;Orinoquía;1
1705;M;68;20240125;57000;Café del día;18-20;Andina;5
1706;F;33;20220324;71000;Latte Macchiato;16-18;Caribe;2
1707;M;25;20240223;70000;Arequipe Latte;20-22;Insular;1
1708;F;35;20210213;58000;Chocolate Blanco Helado;14-16;Orinoquía;2
1709;F;55;20211102;53000;Americano;16-18;Insular;4
1710;;28;20230127;65400;Caramel Macchiato;14-16;Caribe;2
1711;F;53;20230507;100000;Latte;20-22;Andina;5
1712;M;72;20231018;64000;Espresso Doble;18-20;Orinoquía;5
1713;M;37;20231113;56000;Mocha Latte;18-20;Pacífica;2
1714;M;53;20240616;75000;Americano;18-20;Pacífica;4
1715;F;40;20230819;69000;Chocolate Blanco Helado;14-16;Caribe;2
1716;M;68;20200104;39000;Chocolate Blanco Helado;18-20;Insular;5
1717;F;50;20231016;99000;Espresso Doble;16-18;Orinoquía;1
1718;M;52;20200105;93000;Mocha Blanco Latte;12-14;Andina;5
1719;M;48;20220808;58000;Chocolate Blanco Helado;20-22;Insular;1
1720;F;63;20221025;94000;Mocha Blanco Latte;18-20;Caribe;3
1721;M;51;20230317;97000;Chocolate Blanco;16-18;Pacífica;1
1722;F;64;20220913;72000;Flat White;20-22;Insular;3
1723;M;83;20221116;103000;Chocolate Blanco Helado;12-14;Andina;3
1724;M;40;20220318;71000;Mocha Blanco Latte;14-16;Orinoquía;5
1725;F;23;20231007;68000;Chocolate Blanco;12-14;Orinoquía;2
1726;F;63;20220124;36000;Mocha Latte;12-14;Andina;4
1727;M;58;20240305;50000;Chocolate Caliente;16-18;Orinoquía;4
1728;F;67;20230324;101000;Chocolate Blanco Helado;20-22;Orinoquía;5
1729;F;65;20230728;96000;Cappuccino;16-18;Pacífica;2
1730;F;56;20240222;80000;Chocolate Caliente;16-18;Orinoquía;2
1731;M;28;20230226;75000;Espresso Doble;20-22;Orinoquía;1
1732;F;64;20220206;79000;Espresso Doble;20-22;Caribe;4
1733;F;57;20230923;32000;Arequipe Latte;18-20;Andina;2
1734;M;34;20231127;43000;Flat White;18-20;Insular;3
1735;M;65;20240707;59000;Espresso Sencillo;12-14;Pacífica;4
1736;M;23;20230728;54000;Flat White;18-20;Pacífica;4
1737;M;58;20231126;95000;Latte;16-18;Andina;1
1738;;28;20240512;65400;Mocha Latte;14-16;Caribe;1
1739;F;57;20240707;32000;Americano;10-12;Insular;4
1740;F;65;20240317;72000;Mocha Blanco Latte;18-20;Pacífica;3
1741;M;70;20230701;76000;Chocolate Blanco;18-20;Insular;1
1742;F;67;20230228;96000;Latte Macchiato;12-14;Pacífica;1
1743;M;51;20220308;118000;Latte;12-14;Caribe;5
1744;M;31;20231103;33000;Chocolate Helado;12-14;Pacífica;4
1745;F;63;20220906;101000;Espresso Sencillo;20-22;Insular;5
1746;M;51;20201220;54000;Flat White;14-16;Caribe;5
1747;M;72;20231027;67000;Chocolate Blanco;14-16;Pacífica;4
1748;F;73;20230110;106000;Chocolate Caliente;14-16;Orinoquía;1
1749;M;70;20211228;99000;Latte Macchiato;18-20;Andina;3
1750;M;62;20240511;67000;Café del día;14-16;Andina;2
1751;;28;20240414;65400;Café del día;14-16;Orinoquía;1
1752;M;81;20191008;72000;Chocolate Caliente;16-18;Caribe;5
1753;F;75;20230809;51000;Latte Macchiato;10-12;Pacífica;1
1754;F;49;20220113;55000;Espresso Sencillo;16-18;Andina;1
1755;M;77;20240214;103000;Espresso Macchiato;10-12;Pacífica;1
1756;M;26;20190930;56000;Chocolate Caliente;12-14;Caribe;4
1757;M;31;20240323;73000;Cappuccino;20-22;Insular;1
1758;M;54;20220403;68000;Chocolate Blanco;16-18;Caribe;1
1759;;28;20220724;65400;Espresso Doble;20-22;Caribe;5
1760;M;37;20240313;46000;Mocha Blanco Latte;18-20;Caribe;3
1761;M;36;20221124;61000;Mocha Latte;18-20;Pacífica;2
1762;F;41;20240126;49000;Americano;16-18;Insular;1
1763;F;81;20210815;52000;Mocha Latte;18-20;Orinoquía;5
1764;M;62;20220306;71000;Cappuccino;20-22;Insular;2
1765;F;85;20211117;75000;Café del día;18-20;Orinoquía;4
1766;F;53;20210807;75000;Espresso Macchiato;10-12;Pacífica;4
1767;;28;20220101;65400;Latte;18-20;Andina;4
1768;M;71;20231208;55000;Arequipe Latte;12-14;Caribe;5
1769;F;71;20211013;73000;Americano;20-22;Orinoquía;4
1770;M;23;20231003;35000;Flat White;10-12;Orinoquía;1
1771;F;83;20190924;58000;Chocolate Blanco Helado;16-18;Caribe;1
1772;;28;20230305;65400;Espresso Doble;16-18;Insular;3
1773;M;65;20200816;90000;Café del día;18-20;Pacífica;3
1774;M;70;20231214;50000;Arequipe Latte;18-20;Andina;3
1775;;28;20230806;65400;Chocolate Blanco Helado;18-20;Andina;5
1776;F;67;20231217;98000;Café del día;14-16;Caribe;2
1777;M;72;20240309;33000;Mocha Blanco Latte;16-18;Orinoquía;1
1778;;28;20211207;65400;Caramel Macchiato;20-22;Caribe;4
1779;M;89;20210809;36000;Chocolate Blanco;14-16;Insular;4
1780;M;75;20230718;49000;Chocolate Blanco Helado;12-14;Pacífica;2
1781;F;49;20221028;95000;Chocolate Helado;16-18;Insular;3
1782;M;31;20240503;43000;Mocha Latte;12-14;Pacífica;3
1783;M;66;20231006;68000;Chocolate Blanco;18-20;Caribe;4
1784;M;47;20240115;44000;Espresso Doble;10-12;Caribe;1
1785;F;69;20220723;36000;Espresso Macchiato;10-12;Caribe;3
1786;M;44;20220730;36000;Americano;14-16;Insular;4
1787;M;65;20240306;55000;Espresso Sencillo;10-12;Andina;4
1788;F;58;20231026;62000;Arequipe Latte;20-22;Pacífica;2
1789;F;62;20220911;40000;Chocolate Blanco Helado;18-20;Orinoquía;5
1790;F;72;20191113;41000;Chocolate Helado;12-14;Andina;2
1791;M;51;20231028;87000;Espresso Sencillo;18-20;Pacífica;5
1792;M;22;20211118;68000;Café del día;10-12;Andina;1
1793;M;61;20220303;35000;Mocha Blanco Latte;12-14;Caribe;2
1794;M;50;20221219;57000;Chocolate Helado;12-14;Andina;4
1795;M;76;20220717;40000;Chocolate Helado;12-14;Pacífica;1
1796;;28;20240502;65400;Cappuccino;16-18;Pacífica;2
1797;M;40;20230804;52000;Arequipe Latte;18-20;Insular;1
1798;M;53;20240722;60000;Cappuccino;14-16;Insular;5
1799;F;68;20220529;86000;Chocolate Helado;18-20;Insular;5
1800;M;22;20210714;62000;Café del día;18-20;Andina;1
1801;F;48;20231002;72000;Cappuccino;16-18;Pacífica;5
1802;M;60;20230506;55000;Flat White;10-12;Andina;3
1803;M;53;20221204;95000;Mocha Blanco Latte;12-14;Orinoquía;5
1804;F;43;20231213;39000;Chocolate Blanco Helado;18-20;Andina;3
1805;M;61;20230221;109000;Mocha Latte;18-20;Pacífica;5
1806;F;65;20231209;105000;Café del día;16-18;Orinoquía;1
1807;;28;20230728;65400;Latte Macchiato;10-12;Pacífica;4
1808;M;71;20230226;90000;Arequipe Latte;16-18;Andina;3
1809;F;69;20221115;89000;Arequipe Latte;14-16;Caribe;5
1810;M;79;20220416;113000;Chocolate Caliente;18-20;Orinoquía;2
1811;F;69;20231027;109000;Chocolate Blanco;20-22;Andina;3
1812;M;21;20220527;31000;Cappuccino;16-18;Insular;5
1813;F;69;20221211;31000;Latte;12-14;Insular;4
1814;F;52;20200808;61000;Cappuccino;18-20;Insular;1
1815;M;46;20240413;36000;Latte;14-16;Pacífica;4
1816;F;53;20231025;88000;Cappuccino;10-12;Andina;5
1817;F;47;20220609;65000;Caramel Macchiato;18-20;Insular;5
1818;;28;20220722;65400;Chocolate Blanco;18-20;Insular;4
1819;F;84;20220701;108000;Americano;16-18;Pacífica;2
1820;F;36;20211204;80000;Chocolate Blanco;18-20;Insular;4
1821;M;77;20240116;53000;Chocolate Caliente;18-20;Pacífica;1
1822;M;37;20240124;67000;Americano;18-20;Insular;2
1823;F;52;20240411;97000;Chocolate Helado;16-18;Orinoquía;3
1824;M;65;20240128;57000;Espresso Sencillo;18-20;Andina;2
1825;M;59;20231009;65000;Cappuccino;16-18;Orinoquía;5
1826;M;27;20230730;37000;Espresso Macchiato;10-12;Pacífica;1
1827;F;59;20220501;71000;Cappuccino;10-12;Andina;4
1828;M;52;20210916;66000;Mocha Blanco Latte;10-12;Andina;4
1829;M;64;20220310;98000;Espresso Doble;20-22;Caribe;3
1830;M;39;20230126;57000;Mocha Blanco Latte;16-18;Caribe;3
1831;M;44;20221021;97000;Latte Macchiato;20-22;Andina;2
1832;F;54;20221208;74000;Café del día;14-16;Insular;2
1833;M;74;20230108;72000;Mocha Latte;16-18;Pacífica;4
1834;F;69;20210927;83000;Latte;20-22;Caribe;1
1835;M;48;20211205;62000;Caramel Macchiato;10-12;Insular;1
1836;M;57;20200511;34000;Mocha Blanco Latte;14-16;Andina;3
1837;M;60;20230324;62000;Caramel Macchiato;14-16;Caribe;1
1838;F;45;20200417;48000;Chocolate Helado;14-16;Insular;2
1839;F;57;20240226;73000;Flat White;14-16;Insular;3
1840;F;75;20240604;56000;Mocha Blanco Latte;10-12;Orinoquía;2
1841;M;68;20240414;61000;Café del día;12-14;Pacífica;1
1842;;28;20220321;65400;Arequipe Latte;18-20;Orinoquía;2
1843;M;29;20240616;38000;Chocolate Caliente;20-22;Orinoquía;5
1844;F;67;20231230;105000;Arequipe Latte;16-18;Orinoquía;5
1845;;28;20220513;65400;Caramel Macchiato;18-20;Caribe;4
1846;F;53;20221027;95000;Espresso Sencillo;10-12;Pacífica;1
1847;M;54;20240407;69000;Chocolate Blanco;10-12;Pacífica;4
1848;F;39;20230922;70000;Flat White;16-18;Caribe;4
1849;F;30;20230831;59000;Mocha Latte;14-16;Andina;1
1850;M;54;20210412;30000;Chocolate Helado;20-22;Caribe;1
1851;M;64;20240426;75000;Americano;12-14;Insular;5
1852;M;18;20210801;49000;Espresso Macchiato;12-14;Andina;5
1853;F;63;20210820;71000;Café del día;14-16;Caribe;2
1854;M;34;20200905;36000;Caramel Macchiato;14-16;Orinoquía;5
1855;M;80;20240411;45000;Caramel Macchiato;18-20;Insular;1
1856;F;48;20230301;33000;Cappuccino;10-12;Andina;3
1857;F;32;20211007;49000;Arequipe Latte;20-22;Pacífica;3
1858;M;33;20230824;34000;Caramel Macchiato;10-12;Insular;5
1859;M;81;20230125;60000;Mocha Blanco Latte;18-20;Pacífica;1
1860;F;61;20230727;52000;Chocolate Blanco;14-16;Pacífica;2
1861;M;36;20240308;68000;Espresso Doble;10-12;Andina;3
1862;M;57;20220423;61000;Caramel Macchiato;10-12;Caribe;2
1863;F;92;20230911;94000;Arequipe Latte;18-20;Orinoquía;4
1864;F;70;20230809;80000;Arequipe Latte;16-18;Orinoquía;4
1865;;28;20230722;65400;Café del día;12-14;Orinoquía;5
1866;M;30;20230907;46000;Cappuccino;12-14;Andina;5
1867;F;41;20211014;54000;Arequipe Latte;18-20;Andina;1
1868;F;66;20220123;115000;Espresso Macchiato;16-18;Pacífica;5
1869;F;72;20230818;65000;Caramel Macchiato;12-14;Insular;4
1870;M;84;20220326;62000;Cappuccino;10-12;Caribe;5
1871;M;47;20230806;53000;Chocolate Blanco Helado;18-20;Andina;5
1872;F;32;20240320;43000;Chocolate Blanco Helado;14-16;Pacífica;1
1873;F;52;20240329;73000;Latte;16-18;Pacífica;3
1874;;28;20231110;65400;Caramel Macchiato;18-20;Pacífica;2
1875;M;67;20230918;118000;Cappuccino;18-20;Insular;3
1876;M;23;20231215;34000;Mocha Blanco Latte;10-12;Pacífica;2
1877;M;68;20230820;61000;Americano;10-12;Orinoquía;2
1878;F;70;20220324;86000;Café del día;18-20;Pacífica;2
1879;;28;20220214;65400;Chocolate Helado;14-16;Orinoquía;4
1880;M;21;20210107;46000;Chocolate Blanco Helado;14-16;Orinoquía;2
1881;M;79;20240622;40000;Latte;12-14;Pacífica;1
1882;;28;20220217;65400;Chocolate Blanco Helado;10-12;Andina;2
1883;M;33;20230923;32000;Cappuccino;10-12;Orinoquía;1
1884;F;67;20231227;58000;Mocha Latte;10-12;Caribe;2
1885;F;23;20230618;48000;Mocha Blanco Latte;18-20;Andina;5
1886;F;45;20221125;62000;Chocolate Blanco Helado;20-22;Orinoquía;4
1887;M;26;20210607;72000;Latte;20-22;Orinoquía;1
1888;M;36;20231030;60000;Arequipe Latte;10-12;Orinoquía;4
1889;;28;20221030;65400;Flat White;14-16;Pacífica;4
1890;;28;20240501;65400;Arequipe Latte;14-16;Orinoquía;5
1891;M;36;20231212;73000;Chocolate Helado;16-18;Pacífica;1
1892;M;74;20240326;73000;Espresso Sencillo;14-16;Pacífica;2
1893;F;37;20221221;66000;Chocolate Blanco;14-16;Insular;3
1894;M;68;20240210;67000;Caramel Macchiato;14-16;Andina;4
1895;F;55;20231106;103000;Cappuccino;10-12;Pacífica;2
1896;M;40;20220621;59000;Café del día;10-12;Andina;4
1897;M;86;20220528;90000;Espresso Sencillo;20-22;Orinoquía;3
1898;M;46;20221205;46000;Chocolate Helado;16-18;Andina;2
1899;F;76;20240714;53000;Chocolate Caliente;10-12;Insular;3
1900;M;37;20200308;39000;Chocolate Blanco Helado;14-16;Pacífica;5
1901;M;23;20240510;35000;Mocha Latte;20-22;Orinoquía;5
1902;M;47;20230801;76000;Latte Macchiato;10-12;Andina;1
1903;M;50;20231010;73000;Café del día;16-18;Andina;2
1904;M;43;20210903;56000;Mocha Blanco Latte;14-16;Andina;2
1905;F;30;20240619;56000;Latte Macchiato;12-14;Pacífica;3
1906;M;69;20220915;53000;Latte;14-16;Andina;3
1907;F;42;20211130;75000;Americano;12-14;Pacífica;5
1908;M;62;20210206;56000;Chocolate Blanco Helado;12-14;Caribe;1
1909;;28;20240113;65400;Espresso Macchiato;20-22;Pacífica;2
1910;M;46;20240305;46000;Espresso Sencillo;16-18;Caribe;3
1911;M;85;20220714;85000;Latte Macchiato;10-12;Pacífica;2
1912;F;62;20231214;72000;Mocha Latte;10-12;Orinoquía;5
1913;M;67;20231014;60000;Chocolate Helado;14-16;Orinoquía;4
1914;F;61;20221025;77000;Espresso Doble;18-20;Caribe;4
1915;M;56;20230921;97000;Cappuccino;20-22;Andina;2
1916;F;58;20230307;77000;Espresso Macchiato;14-16;Andina;4
1917;F;59;20221214;49000;Café del día;14-16;Pacífica;1
1918;;28;20230608;65400;Latte Macchiato;14-16;Caribe;4
1919;M;69;20230730;60000;Chocolate Blanco;12-14;Andina;5
1920;F;37;20211230;80000;Chocolate Blanco;14-16;Orinoquía;2
1921;;28;20220520;65400;Chocolate Helado;16-18;Orinoquía;1
1922;F;42;20231231;98000;Café del día;16-18;Andina;5
1923;M;60;20240209;76000;Flat White;14-16;Andina;3
1924;F;68;20230127;75000;Cappuccino;14-16;Insular;1
1925;M;25;20230703;50000;Espresso Sencillo;12-14;Pacífica;2
1926;M;82;20231127;74000;Chocolate Blanco Helado;10-12;Insular;3
1927;M;20;20200822;59000;Chocolate Blanco;20-22;Orinoquía;3
1928;F;63;20210916;114000;Caramel Macchiato;12-14;Caribe;5
1929;M;49;20230917;72000;Americano;14-16;Insular;2
1930;F;90;20220620;100000;Chocolate Caliente;20-22;Andina;2
1931;M;71;20230820;43000;Latte;18-20;Andina;5
1932;M;24;20230104;32000;Mocha Blanco Latte;20-22;Caribe;4
1933;F;63;20240603;75000;Mocha Latte;10-12;Insular;4
1934;;28;20231204;65400;Espresso Sencillo;14-16;Andina;4
1935;F;58;20230715;86000;Chocolate Helado;12-14;Andina;5
1936;M;49;20230616;52000;Americano;14-16;Andina;3
1937;M;42;20221221;51000;Chocolate Caliente;14-16;Orinoquía;5
1938;M;51;20211228;67000;Chocolate Caliente;16-18;Orinoquía;5
1939;F;77;20231102;68000;Chocolate Blanco;10-12;Pacífica;2
1940;M;41;20240203;35000;Arequipe Latte;10-12;Caribe;3
1941;F;70;20240606;33000;Café del día;20-22;Orinoquía;1
1942;F;35;20230304;70000;Mocha Latte;20-22;Andina;3
1943;F;49;20230203;53000;Mocha Latte;10-12;Orinoquía;2
1944;M;36;20220413;75000;Chocolate Blanco Helado;20-22;Pacífica;5
1945;F;27;20200224;70000;Americano;14-16;Andina;4
1946;M;74;20211011;84000;Espresso Doble;16-18;Orinoquía;3
1947;F;74;20240627;92000;Chocolate Helado;18-20;Caribe;4
1948;M;64;20230803;37000;Espresso Macchiato;20-22;Insular;5
1949;F;32;20211217;61000;Mocha Latte;18-20;Insular;4
1950;;28;20231126;65400;Americano;20-22;Pacífica;1
1951;M;54;20240515;35000;Flat White;12-14;Insular;3
1952;M;50;20230922;42000;Caramel Macchiato;10-12;Insular;3
1953;M;69;20240429;51000;Espresso Sencillo;16-18;Insular;1
1954;M;58;20211230;81000;Chocolate Helado;16-18;Orinoquía;4
1955;F;58;20240615;55000;Chocolate Helado;14-16;Andina;2
1956;;28;20240101;65400;Caramel Macchiato;12-14;Andina;5
1957;M;58;20210827;43000;Americano;18-20;Caribe;5
1958;F;22;20240628;67000;Cappuccino;20-22;Caribe;2
1959;F;31;20230901;39000;Caramel Macchiato;14-16;Caribe;3
1960;F;44;20231128;61000;Chocolate Blanco Helado;10-12;Andina;1
1961;M;31;20230902;39000;Mocha Latte;14-16;Orinoquía;1
1962;F;74;20230815;55000;Espresso Macchiato;16-18;Caribe;2
1963;F;59;20220710;99000;Espresso Macchiato;18-20;Orinoquía;1
1964;F;50;20231113;60000;Espresso Macchiato;10-12;Caribe;5
1965;F;68;20220620;58000;Espresso Macchiato;14-16;Caribe;2
1966;M;51;20221130;73000;Arequipe Latte;18-20;Insular;2
1967;M;54;20240604;61000;Americano;12-14;Andina;3
1968;M;25;20240114;56000;Chocolate Helado;14-16;Caribe;3
1969;M;64;20230327;40000;Chocolate Blanco Helado;10-12;Orinoquía;5
1970;M;71;20210521;90000;Americano;20-22;Andina;2
1971;F;70;20230904;96000;Chocolate Helado;20-22;Insular;4
1972;M;52;20240714;40000;Cappuccino;14-16;Orinoquía;5
1973;F;67;20231226;96000;Americano;14-16;Caribe;2
1974;M;68;20230919;56000;Mocha Latte;18-20;Andina;4
1975;M;83;20221217;72000;Flat White;12-14;Insular;2
1976;;28;20210909;65400;Chocolate Blanco Helado;12-14;Andina;1
1977;M;64;20200404;86000;Chocolate Blanco Helado;16-18;Andina;4
1978;M;65;20240310;91000;Latte;14-16;Insular;4
1979;F;29;20230413;72000;Americano;14-16;Orinoquía;3
1980;F;80;20220223;87000;Arequipe Latte;10-12;Pacífica;3
1981;F;52;20230316;42000;Espresso Macchiato;14-16;Pacífica;5
1982;F;49;20231226;86000;Chocolate Blanco;16-18;Pacífica;5
1983;F;45;20231218;75000;Americano;12-14;Orinoquía;2
1984;M;41;20240626;40000;Chocolate Caliente;20-22;Pacífica;1
1985;;28;20240210;65400;Mocha Blanco Latte;18-20;Caribe;4
1986;F;50;20210910;48000;Chocolate Blanco Helado;14-16;Orinoquía;3
1987;M;57;20240121;35000;Espresso Macchiato;12-14;Pacífica;5
1988;;28;20201028;65400;Café del día;10-12;Caribe;3
1989;F;23;20220618;45000;Caramel Macchiato;14-16;Caribe;4
1990;;28;20211206;65400;Cappuccino;20-22;Andina;3
1991;O;26;20220725;53000;Mocha Blanco Latte;10-12;Pacífica;3
1992;;28;20240202;65400;Flat White;18-20;Insular;1
1993;F;66;20220707;53000;Chocolate Blanco;14-16;Caribe;4
1994;M;58;20220514;117000;Espresso Doble;12-14;Pacífica;3
1995;F;46;20240329;64000;Flat White;10-12;Andina;4
1996;M;29;20210302;53000;Chocolate Blanco;18-20;Caribe;4
1997;M;40;20221224;89000;Latte Macchiato;14-16;Insular;3
1998;M;57;20230929;84000;Arequipe Latte;10-12;Andina;1
1999;M;54;20231114;68000;Espresso Sencillo;18-20;Insular;4
2000;F;87;20220331;92000;Mocha Latte;20-22;Orinoquía;3
2001;F;64;20231020;41000;Cappuccino;14-16;Orinoquía;3
2002;F;61;20220518;83000;Espresso Doble;20-22;Insular;3
2003;F;68;20230905;76000;Espresso Macchiato;18-20;Pacífica;4
2004;F;52;20211021;116000;Mocha Blanco Latte;10-12;Orinoquía;2
2005;;28;20230701;65400;Chocolate Caliente;12-14;Andina;1
2006;M;48;20200801;94000;Mocha Latte;14-16;Caribe;4
2007;;28;20230627;65400;Americano;14-16;Andina;5
2008;M;74;20221019;78000;Chocolate Blanco Helado;14-16;Andina;3
2009;;28;20230628;65400;Espresso Macchiato;14-16;Orinoquía;5
2010;F;44;20231113;97000;Espresso Macchiato;10-12;Insular;1
2011;M;72;20200327;33000;Café del día;12-14;Orinoquía;2
2012;F;58;20231125;40000;Espresso Sencillo;14-16;Pacífica;4
2013;F;71;20231120;68000;Chocolate Blanco;16-18;Pacífica;3
2014;M;41;20230925;38000;Mocha Latte;12-14;Insular;2
2015;M;47;20230915;72000;Latte Macchiato;16-18;Caribe;1
2016;F;65;20230914;75000;Mocha Latte;20-22;Insular;3
2017;F;47;20240212;64000;Chocolate Caliente;12-14;Insular;1
2018;M;36;20230918;41000;Chocolate Blanco;10-12;Pacífica;2
2019;M;39;20230312;67000;Café del día;12-14;Pacífica;3
2020;M;59;20230216;36000;Mocha Blanco Latte;20-22;Orinoquía;3
2021;;28;20220330;65400;Latte;10-12;Orinoquía;1
2022;M;33;20231130;55000;Cappuccino;10-12;Caribe;3
2023;O;53;20230127;100000;Espresso Doble;16-18;Caribe;5
2024;M;26;20230816;46000;Cappuccino;16-18;Orinoquía;2
2025;F;47;20231230;70000;Americano;12-14;Andina;4
2026;F;57;20220612;30000;Chocolate Helado;14-16;Caribe;2
2027;M;74;20201111;35000;Chocolate Blanco;18-20;Caribe;2
2028;F;56;20220606;75000;Americano;20-22;Insular;3
2029;F;52;20221203;32000;Espresso Doble;10-12;Pacífica;1
2030;M;75;20210926;92000;Mocha Blanco Latte;20-22;Andina;4
2031;M;64;20231004;63000;Flat White;12-14;Orinoquía;3
2032;F;66;20240210;32000;Cappuccino;16-18;Pacífica;4
2033;F;55;20211022;115000;Latte;12-14;Andina;3
2034;M;47;20240217;47000;Caramel Macchiato;18-20;Insular;2
2035;F;65;20220712;73000;Cappuccino;20-22;Orinoquía;2
2036;M;82;20240411;65000;Chocolate Caliente;16-18;Orinoquía;3
2037;F;59;20240701;79000;Flat White;10-12;Pacífica;5
2038;;28;20191115;65400;Americano;12-14;Insular;5
2039;M;19;20240125;52000;Mocha Blanco Latte;18-20;Andina;3
2040;M;42;20220320;63000;Chocolate Blanco Helado;16-18;Orinoquía;4
2041;M;37;20230922;69000;Chocolate Caliente;16-18;Orinoquía;1
2042;F;64;20240130;45000;Mocha Latte;14-16;Orinoquía;5
2043;M;38;20211016;68000;Flat White;10-12;Insular;1
2044;;28;20231008;65400;Arequipe Latte;16-18;Pacífica;3
2045;F;75;20240309;76000;Americano;18-20;Caribe;3
2046;M;56;20240708;94000;Café del día;14-16;Orinoquía;1
2047;M;59;20230906;70000;Espresso Doble;14-16;Orinoquía;2
2048;M;56;20221013;89000;Mocha Latte;18-20;Insular;1
2049;M;40;20230919;67000;Cappuccino;12-14;Insular;4
2050;F;43;20240105;34000;Café del día;16-18;Orinoquía;5
2051;M;51;20240302;54000;Flat White;18-20;Caribe;1
2052;M;43;20240228;91000;Chocolate Blanco Helado;20-22;Andina;5
2053;F;84;20220907;66000;Mocha Blanco Latte;20-22;Caribe;3
2054;M;57;20220802;70000;Espresso Macchiato;14-16;Orinoquía;2
2055;F;92;20220229;39000;Cappuccino;12-14;Pacífica;1
2056;F;68;20231012;82000;Chocolate Blanco Helado;14-16;Caribe;3
2057;F;39;20221124;38000;Mocha Blanco Latte;10-12;Andina;1
2058;O;76;20240207;60000;Latte Macchiato;18-20;Insular;2
2059;M;51;20230714;81000;Americano;20-22;Insular;3
2060;M;26;20231206;39000;Arequipe Latte;16-18;Caribe;3
2061;M;90;20230723;36000;Cappuccino;16-18;Orinoquía;3
2062;M;42;20240227;41000;Latte Macchiato;14-16;Andina;1
2063;M;39;20230530;53000;Chocolate Blanco;10-12;Pacífica;2
2064;M;77;20220827;80000;Arequipe Latte;12-14;Andina;1
2065;M;67;20220226;65000;Americano;12-14;Orinoquía;1
2066;M;60;20230909;41000;Flat White;14-16;Orinoquía;4
2067;F;79;20211120;81000;Flat White;10-12;Insular;3
2068;F;68;20240701;41000;Flat White;18-20;Orinoquía;5
2069;M;59;20211203;93000;Café del día;20-22;Caribe;2
2070;M;65;20240309;94000;Latte;14-16;Caribe;5
2071;;28;20240605;65400;Chocolate Blanco Helado;20-22;Caribe;4
2072;;28;20220191;65400;Americano;20-22;Caribe;1
2073;M;74;20220310;106000;Mocha Latte;14-16;Pacífica;3
2074;F;20;20230903;43000;Flat White;18-20;Insular;2
2075;F;50;20211009;119000;Mocha Blanco Latte;10-12;Insular;5
2076;M;53;20231123;50000;Espresso Sencillo;10-12;Insular;4
2077;;28;20220402;65400;Americano;20-22;Caribe;4
2078;;28;20231127;65400;Chocolate Helado;12-14;Orinoquía;4
2079;F;22;20230812;70000;Cappuccino;10-12;Caribe;4
2080;M;68;20220901;30000;Espresso Sencillo;14-16;Insular;3
2081;M;81;20231224;55000;Café del día;16-18;Orinoquía;3
2082;M;27;20220414;47000;Latte Macchiato;20-22;Insular;3
2083;M;60;20240416;44000;Arequipe Latte;16-18;Pacífica;4
2084;F;63;20211207;119000;Espresso Macchiato;20-22;Pacífica;3
2085;M;26;20231219;59000;Latte;12-14;Insular;4
2086;M;25;20240317;55000;Flat White;20-22;Insular;3
2087;M;53;20240321;37000;Caramel Macchiato;14-16;Caribe;3
2088;F;71;20221202;41000;Cappuccino;12-14;Orinoquía;4
2089;F;91;20221213;102000;Latte Macchiato;12-14;Pacífica;1
2090;F;75;20230129;54000;Caramel Macchiato;12-14;Pacífica;1
2091;;28;20231113;65400;Cappuccino;16-18;Caribe;3
2092;M;32;20240305;54000;Flat White;12-14;Pacífica;2
2093;;28;20221128;65400;Espresso Macchiato;18-20;Caribe;4
2094;F;27;20201207;39000;Espresso Macchiato;14-16;Orinoquía;3
2095;M;55;20240102;57000;Latte;12-14;Insular;4
2096;M;45;20240517;56000;Cappuccino;18-20;Pacífica;2
2097;M;94;20220219;55000;Espresso Sencillo;18-20;Pacífica;2
2098;M;66;20220627;77000;Chocolate Blanco Helado;14-16;Andina;4
2099;M;67;20231027;42000;Café del día;10-12;Andina;2
2100;F;57;20231214;85000;Americano;18-20;Caribe;4
2101;M;57;20210904;61000;Chocolate Caliente;10-12;Insular;4
2102;M;18;20220422;40000;Café del día;20-22;Orinoquía;5
2103;;28;20221101;65400;Americano;10-12;Orinoquía;4
2104;M;51;20220201;104000;Cappuccino;12-14;Pacífica;1
2105;M;63;20231209;49000;Mocha Blanco Latte;16-18;Orinoquía;1
2106;F;73;20220925;65000;Mocha Blanco Latte;14-16;Pacífica;4
2107;M;61;20240118;52000;Cappuccino;20-22;Orinoquía;2
2108;F;75;20220312;112000;Flat White;18-20;Caribe;3
2109;;28;20240630;65400;Mocha Latte;18-20;Insular;2
2110;F;65;20231024;113000;Arequipe Latte;20-22;Caribe;1
2111;;28;20240502;65400;Chocolate Blanco Helado;12-14;Caribe;3
2112;M;36;20240424;31000;Espresso Doble;18-20;Caribe;5
2113;;28;20230930;65400;Caramel Macchiato;14-16;Orinoquía;5
2114;F;67;20210830;61000;Arequipe Latte;16-18;Orinoquía;2
2115;M;38;20231019;49000;Chocolate Blanco;10-12;Caribe;5
2116;F;45;20230309;72000;Flat White;20-22;Orinoquía;1
2117;M;62;20220807;51000;Espresso Sencillo;14-16;Caribe;2
2118;F;43;20221215;70000;Espresso Macchiato;14-16;Orinoquía;2
2119;M;43;20230918;31000;Chocolate Helado;10-12;Insular;2
2120;;28;20211221;65400;Arequipe Latte;20-22;Pacífica;1
2121;M;21;20240507;43000;Chocolate Helado;16-18;Orinoquía;1
2122;M;29;20220719;36000;Café del día;14-16;Andina;1
2123;F;74;20221004;95000;Espresso Macchiato;20-22;Insular;3
2124;F;52;20221020;73000;Latte Macchiato;16-18;Insular;1
2125;M;41;20231124;65000;Flat White;10-12;Orinoquía;4
2126;F;77;20211224;87000;Latte;12-14;Insular;2
2127;F;22;20230812;67000;Espresso Sencillo;18-20;Insular;2
2128;;28;20240411;65400;Americano;10-12;Andina;5
2129;F;61;20220828;50000;Espresso Doble;10-12;Insular;3
2130;F;48;20230813;54000;Café del día;12-14;Caribe;1
2131;M;55;20220104;53000;Espresso Macchiato;14-16;Pacífica;2
2132;M;50;20200107;65000;Chocolate Blanco Helado;14-16;Insular;2
2133;F;45;20230217;52000;Espresso Macchiato;12-14;Caribe;1
2134;;28;20221027;65400;Latte Macchiato;14-16;Pacífica;3
2135;M;62;20230730;79000;Chocolate Blanco;20-22;Orinoquía;2
2136;F;52;20230810;67000;Latte;14-16;Orinoquía;1
2137;F;87;20231111;73000;Chocolate Blanco Helado;10-12;Insular;1
2138;;28;20190924;65400;Espresso Macchiato;12-14;Andina;4
2139;F;51;20230911;75000;Latte;12-14;Pacífica;2
2140;M;65;20230306;74000;Mocha Latte;18-20;Caribe;2
2141;M;81;20240528;77000;Flat White;10-12;Pacífica;2
2142;F;74;20220819;89000;Americano;14-16;Pacífica;2
2143;M;71;20220824;107000;Chocolate Blanco Helado;18-20;Caribe;1
2144;M;28;20231024;72000;Chocolate Blanco;18-20;Andina;2
2145;;28;20230913;65400;Mocha Latte;20-22;Insular;5
2146;;28;20240411;65400;Americano;20-22;Andina;4
2147;M;46;20230918;44000;Caramel Macchiato;20-22;Andina;3
2148;F;42;20231101;75000;Cappuccino;10-12;Insular;2
2149;M;70;20240317;32000;Mocha Blanco Latte;18-20;Insular;4
2150;F;88;20220811;81000;Espresso Macchiato;20-22;Andina;1
2151;F;56;20240313;53000;Espresso Sencillo;10-12;Insular;1
2152;;28;20220703;65400;Espresso Sencillo;12-14;Insular;3
2153;F;89;20231010;55000;Chocolate Caliente;10-12;Insular;5
2154;M;59;20230807;73000;Latte Macchiato;12-14;Orinoquía;3
2155;;28;20230727;65400;Latte;18-20;Pacífica;5
2156;M;54;20230913;105000;Latte Macchiato;12-14;Orinoquía;1
2157;M;48;20231126;64000;Mocha Blanco Latte;10-12;Pacífica;4
2158;F;68;20230523;70000;Espresso Doble;10-12;Andina;1
2159;;28;20240707;65400;Arequipe Latte;10-12;Andina;1
2160;M;58;20200107;63000;Mocha Blanco Latte;10-12;Caribe;4
2161;M;75;20210920;41000;Espresso Macchiato;20-22;Orinoquía;2
2162;M;51;20230219;67000;Chocolate Blanco;10-12;Orinoquía;2
2163;M;70;20231023;36000;Espresso Macchiato;20-22;Orinoquía;5
2164;M;38;20230918;32000;Americano;20-22;Pacífica;2
2165;M;71;20230720;52000;Café del día;16-18;Caribe;3
2166;M;25;20210301;42000;Arequipe Latte;10-12;Caribe;3
2167;F;55;20230622;103000;Café del día;16-18;Andina;2
2168;M;76;20240309;33000;Caramel Macchiato;10-12;Caribe;1
2169;M;45;20240514;51000;Mocha Blanco Latte;14-16;Pacífica;5
2170;;28;20240318;65400;Arequipe Latte;12-14;Caribe;4
2171;;28;20231207;65400;Espresso Sencillo;16-18;Caribe;5
2172;M;37;20231213;92000;Espresso Doble;10-12;Caribe;3
2173;F;34;20200706;58000;Espresso Doble;14-16;Orinoquía;2
2174;;28;20231017;65400;Chocolate Caliente;12-14;Insular;3
2175;F;56;20231028;90000;Latte;16-18;Caribe;4
2176;M;42;20231224;35000;Chocolate Caliente;14-16;Caribe;1
2177;M;53;20220919;111000;Chocolate Blanco Helado;12-14;Pacífica;1
2178;M;59;20220402;73000;Mocha Blanco Latte;12-14;Insular;3
2179;M;23;20231028;32000;Latte;14-16;Pacífica;2
2180;F;68;20240409;30000;Latte Macchiato;16-18;Insular;1
2181;F;51;20220806;59000;Latte;16-18;Caribe;5
2182;M;25;20220528;50000;Chocolate Blanco;10-12;Orinoquía;1
2183;M;67;20220529;108000;Caramel Macchiato;18-20;Caribe;1
2184;M;64;20220422;55000;Mocha Blanco Latte;14-16;Insular;2
2185;;28;20230331;65400;Mocha Latte;20-22;Orinoquía;2
2186;F;58;20220529;94000;Flat White;14-16;Andina;1
2187;M;57;20191225;65000;Chocolate Caliente;16-18;Insular;5
2188;M;43;20231212;75000;Chocolate Caliente;20-22;Caribe;5
2189;F;53;20210804;82000;Chocolate Blanco;12-14;Orinoquía;5
2190;M;48;20210930;97000;Mocha Blanco Latte;20-22;Pacífica;4
2191;F;52;20220613;108000;Latte Macchiato;14-16;Orinoquía;4
2192;M;37;20240305;41000;Latte Macchiato;12-14;Andina;5
2193;F;69;20240501;74000;Chocolate Caliente;14-16;Caribe;2
2194;M;52;20230612;44000;Espresso Macchiato;14-16;Pacífica;1
2195;M;46;20230404;69000;Espresso Doble;12-14;Andina;3
2196;F;70;20240603;75000;Espresso Sencillo;18-20;Insular;5
2197;M;71;20231204;51000;Espresso Doble;16-18;Andina;3
2198;M;92;20240106;61000;Mocha Blanco Latte;12-14;Pacífica;1
2199;F;50;20220913;75000;Chocolate Blanco;14-16;Caribe;3
2200;M;63;20200322;52000;Latte Macchiato;10-12;Caribe;1
2201;M;50;20231007;111000;Chocolate Blanco Helado;10-12;Caribe;1
2202;M;55;20230615;71000;Mocha Latte;14-16;Pacífica;2
2203;;28;20240303;65400;Chocolate Caliente;14-16;Pacífica;2
2204;F;61;20220625;95000;Arequipe Latte;16-18;Pacífica;1
2205;M;70;20231231;58000;Chocolate Blanco Helado;14-16;Caribe;2
2206;;28;20221212;65400;Chocolate Blanco;20-22;Caribe;5
2207;M;63;20240403;95000;Cappuccino;20-22;Orinoquía;2
2208;M;70;20231230;87000;Arequipe Latte;12-14;Andina;4
2209;F;18;20211030;62000;Latte Macchiato;18-20;Caribe;5
2210;F;88;20240524;51000;Espresso Doble;18-20;Andina;2
2211;M;40;20240309;30000;Espresso Sencillo;14-16;Insular;1
2212;F;54;20221020;62000;Espresso Sencillo;16-18;Caribe;1
2213;F;60;20240410;52000;Americano;20-22;Caribe;4
2214;M;45;20231223;90000;Chocolate Blanco;20-22;Orinoquía;4
2215;M;24;20220408;59000;Chocolate Blanco;18-20;Andina;5
2216;F;68;20231104;54000;Flat White;12-14;Andina;3
2217;M;71;20221208;64000;Caramel Macchiato;16-18;Pacífica;1
2218;M;95;20231031;87000;Mocha Blanco Latte;10-12;Andina;3
2219;;28;20230721;65400;Americano;18-20;Insular;4
2220;F;70;20231203;62000;Chocolate Helado;20-22;Orinoquía;1
2221;;28;20230910;65400;Chocolate Caliente;10-12;Insular;1
2222;M;77;20231213;86000;Arequipe Latte;14-16;Caribe;2
2223;F;49;20211126;62000;Chocolate Blanco Helado;10-12;Pacífica;4
2224;F;43;20231111;57000;Chocolate Caliente;10-12;Caribe;1
2225;M;57;20230811;65000;Arequipe Latte;16-18;Pacífica;5
2226;M;22;20220531;41000;Espresso Macchiato;18-20;Insular;2
2227;M;76;20200814;56000;Espresso Doble;18-20;Caribe;1
2228;F;75;20220301;45000;Chocolate Helado;18-20;Orinoquía;3
2229;M;20;20231204;39000;Chocolate Blanco;20-22;Orinoquía;3
2230;M;60;20210924;54000;Mocha Blanco Latte;16-18;Caribe;1
2231;;28;20220302;65400;Cappuccino;14-16;Andina;2
2232;F;54;20240710;100000;Espresso Doble;14-16;Andina;1
2233;F;64;20240625;59000;Caramel Macchiato;10-12;Caribe;1
2234;F;41;20210921;87000;Mocha Blanco Latte;10-12;Pacífica;3
2235;F;55;20231017;75000;Café del día;18-20;Pacífica;4
2236;F;75;20230926;81000;Caramel Macchiato;18-20;Insular;3
2237;M;49;20240307;31000;Chocolate Helado;10-12;Insular;5
2238;M;56;20230909;86000;Espresso Doble;20-22;Orinoquía;3
2239;M;60;20240711;50000;Flat White;12-14;Andina;3
2240;F;48;20220909;38000;Cappuccino;20-22;Insular;4
2241;M;20;20240203;39000;Flat White;20-22;Insular;5
2242;;28;20230219;65400;Chocolate Caliente;20-22;Andina;3
2243;M;55;20191104;59000;Café del día;10-12;Insular;5
2244;F;58;20231214;39000;Latte;18-20;Pacífica;3
2245;M;36;20210404;31000;Café del día;18-20;Pacífica;3
2246;M;82;20240219;50000;Arequipe Latte;10-12;Insular;1
2247;F;33;20200824;67000;Chocolate Blanco Helado;20-22;Orinoquía;1
2248;M;43;20220925;40000;Espresso Macchiato;10-12;Orinoquía;2
2249;;28;20240602;65400;Espresso Doble;10-12;Orinoquía;2
2250;;28;20200608;65400;Café del día;10-12;Pacífica;4
2251;M;70;20220312;50000;Caramel Macchiato;20-22;Caribe;5
2252;F;19;20210607;61000;Espresso Sencillo;14-16;Insular;2
2253;F;56;20220206;66000;Americano;18-20;Orinoquía;3
2254;F;57;20220727;52000;Arequipe Latte;18-20;Pacífica;3
2255;F;67;20230109;86000;Espresso Doble;18-20;Orinoquía;2
2256;M;67;20240213;39000;Latte;14-16;Caribe;3
2257;M;53;20211121;34000;Chocolate Caliente;14-16;Insular;4
2258;F;68;20221231;114000;Chocolate Blanco;12-14;Insular;4
2259;M;32;20231004;56000;Espresso Macchiato;16-18;Pacífica;4
2260;M;50;20230927;71000;Caramel Macchiato;14-16;Insular;3
2261;M;61;20231014;45000;Chocolate Caliente;16-18;Insular;3
2262;;28;20231116;65400;Latte Macchiato;16-18;Andina;2
2263;M;76;20230821;55000;Chocolate Blanco;18-20;Pacífica;5
2264;M;20;20190804;39000;Espresso Sencillo;12-14;Andina;2
2265;M;62;20220918;37000;Mocha Blanco Latte;14-16;Pacífica;4
2266;M;51;20220524;74000;Espresso Macchiato;18-20;Insular;1
2267;F;52;20240413;104000;Latte Macchiato;10-12;Andina;3
2268;F;53;20220512;75000;Latte;10-12;Andina;2
2269;M;71;20220706;73000;Mocha Latte;18-20;Caribe;3
2270;M;18;20220914;53000;Chocolate Helado;16-18;Andina;5
2271;M;48;20240425;81000;Caramel Macchiato;20-22;Insular;2
2272;F;85;20201108;40000;Chocolate Caliente;20-22;Andina;4
2273;F;40;20211107;56000;Chocolate Caliente;20-22;Caribe;2
2274;M;68;20220903;39000;Americano;16-18;Pacífica;5
2275;M;46;20230902;59000;Mocha Blanco Latte;16-18;Andina;5
2276;M;62;20240110;104000;Latte Macchiato;20-22;Insular;3
2277;M;59;20231012;54000;Mocha Latte;16-18;Caribe;1
2278;M;23;20201122;42000;Mocha Latte;12-14;Orinoquía;2
2279;M;43;20231216;49000;Mocha Latte;18-20;Caribe;5
2280;;28;20240211;65400;Latte Macchiato;20-22;Pacífica;2
2281;M;33;20240605;61000;Cappuccino;12-14;Pacífica;4
2282;F;49;20230202;79000;Chocolate Blanco;12-14;Insular;2
2283;M;65;20231120;56000;Mocha Blanco Latte;14-16;Caribe;1
2284;M;54;20240402;35000;Americano;16-18;Pacífica;2
2285;F;62;20220317;54000;Chocolate Blanco Helado;18-20;Caribe;2
2286;M;24;20230926;38000;Latte Macchiato;12-14;Caribe;3
2287;F;76;20231101;87000;Chocolate Caliente;16-18;Insular;1
2288;M;33;20220219;53000;Caramel Macchiato;18-20;Andina;5
2289;M;87;20200420;96000;Café del día;10-12;Orinoquía;5
2290;O;67;20230214;57000;Americano;18-20;Orinoquía;5
2291;F;23;20231209;58000;Latte;12-14;Pacífica;2
2292;F;38;20240125;67000;Arequipe Latte;16-18;Pacífica;5
2293;M;21;20220626;69000;Cappuccino;18-20;Caribe;2
2294;M;43;20210201;44000;Latte;10-12;Andina;2
2295;M;87;20211123;48000;Chocolate Caliente;10-12;Caribe;4
2296;;28;20230820;65400;Espresso Macchiato;14-16;Insular;4
2297;M;41;20230806;81000;Espresso Macchiato;10-12;Pacífica;3
2298;M;38;20240310;69000;Chocolate Caliente;20-22;Caribe;5
2299;F;93;20221020;78000;Chocolate Blanco;12-14;Orinoquía;4
2300;F;38;20231013;58000;Chocolate Caliente;18-20;Pacífica;1
2301;M;69;20230915;73000;Chocolate Caliente;10-12;Pacífica;2
2302;M;52;20240203;68000;Chocolate Helado;12-14;Pacífica;1
2303;M;30;20240421;48000;Espresso Doble;12-14;Andina;1
2304;M;63;20200921;95000;Americano;14-16;Orinoquía;1
2305;M;47;20230617;84000;Flat White;10-12;Pacífica;4
2306;F;56;20230817;86000;Chocolate Blanco Helado;20-22;Insular;5
2307;F;55;20240125;71000;Americano;12-14;Andina;3
2308;;28;20231210;65400;Flat White;18-20;Insular;4
2309;F;61;20230510;87000;Cappuccino;12-14;Andina;4
2310;F;78;20231218;42000;Latte;12-14;Andina;2
2311;F;60;20240328;94000;Arequipe Latte;10-12;Orinoquía;1
2312;F;72;20230923;40000;Espresso Macchiato;10-12;Pacífica;3
2313;M;19;20231101;35000;Café del día;18-20;Orinoquía;5
2314;M;70;20240301;88000;Chocolate Helado;14-16;Andina;2
2315;F;60;20220903;59000;Latte;20-22;Caribe;2
2316;M;47;20240421;47000;Espresso Doble;20-22;Insular;4
2317;M;87;20220522;55000;Chocolate Blanco;12-14;Caribe;4
2318;;28;20220616;65400;Chocolate Caliente;16-18;Andina;4
2319;F;39;20230110;60000;Chocolate Blanco Helado;16-18;Caribe;3
2320;M;39;20221030;72000;Chocolate Blanco;16-18;Caribe;3
2321;F;52;20240423;65000;Caramel Macchiato;10-12;Andina;1
2322;O;58;20210831;73000;Chocolate Helado;14-16;Pacífica;4
2323;F;79;20230618;78000;Chocolate Caliente;10-12;Caribe;5
2324;M;26;20240119;44000;Café del día;10-12;Andina;3
2325;M;23;20240604;32000;Arequipe Latte;16-18;Pacífica;2
2326;F;73;20240115;89000;Caramel Macchiato;18-20;Orinoquía;1
2327;;28;20220311;65400;Espresso Macchiato;16-18;Andina;1
2328;M;72;20240328;89000;Arequipe Latte;12-14;Andina;4
2329;M;31;20230910;52000;Espresso Macchiato;18-20;Orinoquía;1
2330;M;38;20220224;67000;Mocha Blanco Latte;14-16;Orinoquía;5
2331;;28;20231104;65400;Mocha Latte;10-12;Pacífica;5
2332;M;32;20240217;41000;Latte Macchiato;16-18;Andina;4
2333;M;62;20200126;61000;Mocha Latte;16-18;Pacífica;3
2334;M;76;20210418;78000;Latte;14-16;Caribe;3
2335;F;44;20221221;74000;Chocolate Helado;12-14;Caribe;1
2336;F;45;20230807;78000;Espresso Sencillo;10-12;Caribe;2
2337;M;89;20240525;93000;Espresso Sencillo;20-22;Insular;5
2338;M;54;20220915;88000;Espresso Macchiato;18-20;Pacífica;3
2339;F;54;20221110;104000;Flat White;14-16;Orinoquía;4
2340;M;53;20240506;64000;Latte Macchiato;20-22;Orinoquía;4
2341;F;21;20211119;59000;Café del día;14-16;Andina;1
2342;M;59;20240128;89000;Espresso Doble;14-16;Andina;5
2343;F;46;20221023;74000;Mocha Blanco Latte;18-20;Orinoquía;1
2344;M;36;20230920;33000;Espresso Sencillo;18-20;Andina;2
2345;;28;20220222;65400;Mocha Blanco Latte;20-22;Andina;2
2346;F;59;20230413;95000;Mocha Blanco Latte;20-22;Andina;3
2347;F;51;20230913;91000;Latte Macchiato;12-14;Insular;3
2348;F;71;20211025;91000;Chocolate Helado;16-18;Caribe;2
2349;M;25;20240216;53000;Chocolate Blanco;20-22;Orinoquía;4
2350;O;42;20230926;63000;Mocha Blanco Latte;18-20;Andina;1
2351;M;42;20230821;58000;Café del día;12-14;Pacífica;3
2352;F;55;20210728;97000;Mocha Latte;10-12;Andina;5
2353;;28;20231123;65400;Chocolate Blanco;18-20;Andina;4
2354;M;53;20240708;113000;Mocha Latte;18-20;Andina;3
2355;M;54;20230929;33000;Espresso Macchiato;18-20;Caribe;3
2356;M;90;20240702;57000;Arequipe Latte;12-14;Andina;3
2357;F;51;20210823;81000;Latte;16-18;Andina;5
2358;F;76;20221026;90000;Chocolate Blanco Helado;20-22;Pacífica;5
2359;M;51;20230706;43000;Espresso Macchiato;12-14;Caribe;4
2360;M;77;20230808;77000;Latte;18-20;Pacífica;3
2361;M;49;20231015;47000;Chocolate Blanco Helado;16-18;Andina;3
2362;M;72;20221103;73000;Mocha Latte;10-12;Pacífica;1
2363;F;73;20231010;78000;Chocolate Blanco Helado;18-20;Orinoquía;2
2364;F;51;20240530;90000;Flat White;10-12;Insular;1
2365;M;23;20240712;48000;Espresso Macchiato;20-22;Insular;3
2366;F;62;20211107;64000;Mocha Blanco Latte;10-12;Caribe;3
2367;M;27;20240528;50000;Caramel Macchiato;20-22;Caribe;2
2368;M;48;20231111;45000;Café del día;18-20;Caribe;1
2369;F;37;20231120;60000;Chocolate Blanco Helado;18-20;Insular;2
2370;M;31;20240627;57000;Chocolate Blanco Helado;10-12;Andina;1
2371;F;61;20231021;110000;Arequipe Latte;10-12;Insular;3
2372;M;29;20231020;41000;Chocolate Blanco;20-22;Insular;4
2373;F;87;20230218;72000;Arequipe Latte;18-20;Andina;4
2374;O;49;20230919;68000;Espresso Doble;18-20;Caribe;5
2375;F;39;20211213;70000;Espresso Macchiato;16-18;Andina;1
2376;F;59;20230819;105000;Arequipe Latte;10-12;Insular;1
2377;M;42;20240618;67000;Flat White;14-16;Andina;3
2378;F;68;20230311;68000;Chocolate Helado;14-16;Pacífica;3
2379;M;29;20231006;54000;Flat White;18-20;Pacífica;1
2380;M;57;20240619;69000;Cappuccino;18-20;Orinoquía;2
2381;F;21;20231002;50000;Caramel Macchiato;10-12;Andina;3
2382;F;66;20240202;91000;Chocolate Blanco Helado;20-22;Orinoquía;1
2383;M;66;20231020;69000;Mocha Latte;20-22;Pacífica;2
2384;;28;20230606;65400;Mocha Latte;20-22;Insular;5
2385;F;18;20230822;40000;Mocha Latte;14-16;Caribe;1
2386;M;67;20240320;52000;Cappuccino;20-22;Insular;1
2387;F;62;20221120;84000;Chocolate Caliente;18-20;Pacífica;4
2388;F;35;20191113;57000;Latte;12-14;Caribe;1
2389;M;70;20231102;60000;Chocolate Caliente;18-20;Insular;2
2390;F;86;20231220;39000;Arequipe Latte;12-14;Pacífica;5
2391;F;56;20221225;75000;Latte;14-16;Insular;2
2392;M;49;20231224;58000;Latte Macchiato;12-14;Insular;5
2393;;28;20211002;65400;Flat White;20-22;Caribe;5
2394;F;53;20200714;95000;Espresso Doble;12-14;Orinoquía;2
2395;F;38;20240614;47000;Arequipe Latte;20-22;Orinoquía;4
2396;M;56;20211129;79000;Arequipe Latte;16-18;Pacífica;3
2397;;28;20230705;65400;Caramel Macchiato;16-18;Orinoquía;1
2398;F;45;20240214;61000;Café del día;20-22;Pacífica;1
2399;F;90;20230129;31000;Chocolate Caliente;20-22;Pacífica;4
2400;F;85;20220316;72000;Espresso Doble;20-22;Orinoquía;4
2401;M;83;20220525;90000;Caramel Macchiato;10-12;Caribe;2
2402;M;56;20240316;100000;Chocolate Helado;14-16;Insular;2
2403;M;77;20211017;54000;Latte Macchiato;10-12;Pacífica;1
2404;M;52;20211121;52000;Latte;18-20;Insular;2
2405;F;76;20230911;98000;Espresso Macchiato;18-20;Orinoquía;4
2406;F;86;20210123;59000;Espresso Doble;16-18;Insular;3
2407;F;70;20231109;76000;Mocha Blanco Latte;18-20;Andina;4
2408;F;48;20221216;65000;Espresso Doble;16-18;Orinoquía;2
2409;F;67;20231108;51000;Chocolate Helado;10-12;Orinoquía;4
2410;M;36;20240317;34000;Espresso Sencillo;18-20;Pacífica;3
2411;F;39;20231227;95000;Espresso Macchiato;18-20;Andina;2
2412;;28;20230702;65400;Espresso Macchiato;16-18;Andina;5
2413;F;81;20220928;33000;Chocolate Helado;10-12;Caribe;4
2414;M;49;20230619;68000;Mocha Latte;16-18;Caribe;4
2415;F;75;20210303;50000;Latte Macchiato;12-14;Orinoquía;3
2416;M;27;20220104;33000;Arequipe Latte;10-12;Andina;3
2417;;28;20240626;65400;Arequipe Latte;12-14;Pacífica;2
2418;F;67;20211013;38000;Espresso Doble;16-18;Caribe;1
2419;M;46;20230215;46000;Americano;10-12;Andina;2
2420;;28;20230130;65400;Espresso Doble;18-20;Andina;2
2421;;28;20230804;65400;Caramel Macchiato;20-22;Caribe;1
2422;M;34;20230505;65000;Cappuccino;20-22;Insular;3
2423;M;26;20210911;72000;Chocolate Caliente;18-20;Caribe;5
2424;F;57;20240518;95000;Americano;12-14;Caribe;2
2425;M;57;20220908;91000;Arequipe Latte;10-12;Insular;5
2426;M;23;20240425;41000;Latte Macchiato;20-22;Insular;5
2427;F;32;20240125;68000;Café del día;12-14;Pacífica;3
2428;F;56;20220207;79000;Espresso Macchiato;18-20;Insular;2
2429;;28;20221120;65400;Espresso Macchiato;20-22;Caribe;5
2430;M;73;20240528;52000;Chocolate Blanco Helado;12-14;Caribe;1
2431;;28;20231107;65400;Cappuccino;12-14;Caribe;1
2432;M;55;20231024;118000;Mocha Blanco Latte;10-12;Orinoquía;1
2433;F;50;20230121;56000;Chocolate Blanco;14-16;Insular;3
2434;F;34;20211110;50000;Chocolate Helado;10-12;Caribe;1
2435;M;78;20230919;51000;Cappuccino;16-18;Caribe;5
2436;F;59;20240323;80000;Latte Macchiato;18-20;Pacífica;4
2437;;28;20231110;65400;Latte Macchiato;12-14;Pacífica;4
2438;M;83;20230804;108000;Arequipe Latte;14-16;Pacífica;3
2439;;28;20230828;65400;Americano;12-14;Caribe;2
2440;M;27;20200609;47000;Chocolate Blanco;10-12;Pacífica;4
2441;;28;20230825;65400;Chocolate Blanco Helado;18-20;Pacífica;1
2442;F;53;20231220;86000;Flat White;16-18;Insular;4
2443;F;80;20231220;75000;Mocha Latte;12-14;Insular;5
2444;;28;20240606;65400;Espresso Doble;20-22;Andina;1
2445;F;54;20230807;98000;Latte;10-12;Insular;1
2446;F;71;20231008;107000;Espresso Doble;14-16;Pacífica;2
2447;F;62;20230710;79000;Americano;12-14;Andina;3
2448;F;74;20230924;43000;Chocolate Blanco Helado;12-14;Andina;1
2449;F;57;20240618;59000;Chocolate Blanco;20-22;Andina;2
2450;F;48;20240130;69000;Arequipe Latte;14-16;Orinoquía;1
2451;F;40;20221227;66000;Espresso Doble;14-16;Andina;4
2452;F;76;20231022;31000;Chocolate Blanco Helado;16-18;Caribe;4
2453;M;60;20230801;38000;Flat White;18-20;Pacífica;2
2454;;28;20220220;65400;Latte;12-14;Orinoquía;2
2455;;28;20220727;65400;Chocolate Blanco Helado;20-22;Andina;5
2456;M;53;20231023;84000;Caramel Macchiato;16-18;Orinoquía;1
2457;F;62;20240302;75000;Espresso Sencillo;10-12;Insular;2
2458;F;70;20220618;88000;Flat White;16-18;Insular;2
2459;M;39;20231102;52000;Caramel Macchiato;16-18;Caribe;4
2460;F;85;20220623;90000;Mocha Blanco Latte;16-18;Pacífica;1
2461;;28;20221014;65400;Espresso Sencillo;18-20;Insular;2
2462;F;59;20220507;68000;Espresso Macchiato;12-14;Caribe;1
2463;;28;20230731;65400;Chocolate Helado;18-20;Andina;4
2464;F;62;20240216;70000;Espresso Macchiato;18-20;Pacífica;1
2465;M;29;20231003;45000;Mocha Blanco Latte;14-16;Insular;1
2466;M;43;20240405;68000;Americano;16-18;Andina;3
2467;M;69;20230620;72000;Espresso Doble;18-20;Insular;4
2468;M;71;20230721;53000;Latte;14-16;Insular;3
2469;F;56;20231116;95000;Arequipe Latte;20-22;Pacífica;1
2470;;28;20231106;65400;Flat White;18-20;Caribe;5
2471;F;28;20230523;68000;Espresso Doble;12-14;Caribe;5
2472;M;27;20230807;44000;Caramel Macchiato;20-22;Pacífica;5
2473;M;94;20240102;54000;Chocolate Blanco Helado;12-14;Pacífica;2
2474;F;27;20230228;42000;Mocha Latte;18-20;Andina;1
2475;F;57;20230913;33000;Flat White;20-22;Caribe;2
2476;F;82;20221108;93000;Café del día;10-12;Pacífica;5
2477;M;60;20230601;42000;Mocha Latte;10-12;Andina;5
2478;F;43;20230821;49000;Chocolate Helado;16-18;Orinoquía;4
2479;M;52;20210903;94000;Cappuccino;14-16;Orinoquía;1
2480;M;63;20240625;101000;Chocolate Caliente;12-14;Caribe;2
2481;M;27;20230114;57000;Espresso Doble;10-12;Insular;3
2482;F;62;20200402;71000;Caramel Macchiato;18-20;Caribe;4
2483;M;47;20230809;96000;Latte Macchiato;20-22;Pacífica;5
2484;;28;20230422;65400;Mocha Blanco Latte;18-20;Pacífica;5
2485;F;84;20240516;57000;Espresso Sencillo;14-16;Insular;5
2486;;28;20220910;65400;Flat White;20-22;Orinoquía;1
2487;M;50;20230625;42000;Mocha Latte;18-20;Insular;5
2488;M;66;20231223;75000;Café del día;10-12;Andina;3
2489;F;24;20230802;44000;Chocolate Helado;10-12;Andina;4
2490;;28;20210809;65400;Latte Macchiato;18-20;Caribe;1
2491;F;63;20220506;92000;Espresso Sencillo;12-14;Insular;4
2492;F;57;20200429;76000;Latte;12-14;Insular;3
2493;M;34;20230826;38000;Chocolate Blanco Helado;10-12;Andina;1
2494;F;52;20221113;93000;Chocolate Blanco Helado;18-20;Pacífica;4
2495;M;66;20231010;54000;Arequipe Latte;12-14;Caribe;4
2496;F;73;20220501;71000;Chocolate Blanco Helado;16-18;Orinoquía;2
2497;F;60;20220406;62000;Espresso Macchiato;12-14;Andina;3
2498;M;39;20220219;33000;Chocolate Blanco;14-16;Insular;2
2499;M;40;20230216;82000;Mocha Blanco Latte;18-20;Caribe;4
2500;M;76;20231130;62000;Chocolate Blanco Helado;18-20;Andina;2
2501;M;83;20201215;70000;Mocha Blanco Latte;14-16;Insular;4
2502;;28;20221222;65400;Caramel Macchiato;20-22;Insular;1
2503;M;58;20200507;56000;Café del día;12-14;Orinoquía;1
2504;F;62;20240410;85000;Americano;18-20;Andina;2
2505;F;70;20240130;37000;Latte Macchiato;10-12;Andina;2
2506;F;58;20231125;54000;Americano;16-18;Caribe;1
2507;M;55;20231125;35000;Café del día;20-22;Orinoquía;5
2508;F;73;20230825;82000;Espresso Doble;12-14;Insular;3
2509;F;48;20230113;61000;Arequipe Latte;16-18;Caribe;4
2510;F;74;20220108;77000;Chocolate Blanco Helado;14-16;Insular;2
2511;M;32;20240420;52000;Americano;10-12;Pacífica;1
2512;F;70;20230315;58000;Chocolate Helado;16-18;Caribe;4
2513;M;49;20231210;30000;Chocolate Caliente;16-18;Andina;4
2514;;28;20240129;65400;Café del día;20-22;Andina;2
2515;M;78;20220710;51000;Cappuccino;16-18;Andina;5
2516;F;76;20231224;57000;Chocolate Blanco Helado;16-18;Insular;5
2517;;28;20231005;65400;Americano;14-16;Andina;3
2518;F;90;20210831;43000;Chocolate Caliente;10-12;Insular;3
2519;F;56;20230921;111000;Americano;18-20;Andina;3
2520;F;68;20240118;80000;Chocolate Helado;20-22;Pacífica;4
2521;M;68;20240114;100000;Mocha Blanco Latte;18-20;Pacífica;2
2522;M;47;20240110;57000;Espresso Doble;12-14;Orinoquía;4
2523;M;65;20211117;58000;Caramel Macchiato;16-18;Insular;5
2524;F;54;20220115;63000;Espresso Sencillo;14-16;Pacífica;5
2525;F;73;20231226;49000;Espresso Doble;20-22;Orinoquía;1
2526;;28;20240628;65400;Espresso Doble;16-18;Pacífica;5
2527;F;73;20230711;52000;Mocha Blanco Latte;14-16;Insular;4
2528;F;58;20230410;65000;Chocolate Blanco Helado;12-14;Insular;3
2529;F;42;20240130;90000;Espresso Sencillo;16-18;Caribe;1
2530;M;31;20231128;60000;Arequipe Latte;18-20;Pacífica;2
2531;M;78;20240121;50000;Espresso Doble;12-14;Caribe;4
2532;M;58;20220424;45000;Americano;14-16;Caribe;2
2533;M;48;20230606;119000;Americano;14-16;Orinoquía;1
2534;F;65;20231102;50000;Chocolate Blanco Helado;12-14;Caribe;3
2535;F;67;20200514;54000;Caramel Macchiato;10-12;Insular;3
2536;F;62;20240529;69000;Espresso Doble;14-16;Orinoquía;2
2537;M;28;20230904;54000;Latte Macchiato;14-16;Insular;5
2538;M;58;20220703;115000;Mocha Latte;14-16;Pacífica;1
2539;;28;20231108;65400;Cappuccino;14-16;Orinoquía;4
2540;M;47;20231017;52000;Cappuccino;10-12;Caribe;1
2541;F;61;20230512;62000;Chocolate Blanco Helado;16-18;Pacífica;1
2542;F;59;20220510;76000;Chocolate Blanco Helado;20-22;Orinoquía;1
2543;M;41;20231025;89000;Espresso Sencillo;18-20;Pacífica;5
2544;M;73;20240724;61000;Chocolate Blanco;12-14;Caribe;1
2545;;28;20230123;65400;Espresso Sencillo;16-18;Insular;3
2546;M;51;20240429;57000;Espresso Sencillo;18-20;Insular;3
2547;F;88;20240506;88000;Latte Macchiato;16-18;Insular;3
2548;;28;20220307;65400;Espresso Doble;16-18;Pacífica;2
2549;M;62;20211106;76000;Americano;10-12;Insular;3
2550;M;55;20210826;70000;Cappuccino;12-14;Pacífica;1
2551;F;54;20231225;75000;Espresso Doble;18-20;Insular;1
2552;M;41;20230910;42000;Café del día;18-20;Andina;5
2553;;28;20240222;65400;Chocolate Helado;20-22;Pacífica;1
2554;F;73;20220312;83000;Chocolate Caliente;14-16;Pacífica;3
2555;F;66;20211024;92000;Americano;14-16;Insular;1
2556;M;46;20220226;50000;Espresso Sencillo;10-12;Andina;5
2557;M;34;20221203;39000;Arequipe Latte;16-18;Pacífica;4
2558;M;74;20231019;49000;Mocha Blanco Latte;10-12;Orinoquía;4
2559;F;45;20200430;80000;Flat White;10-12;Caribe;2
2560;F;25;20231126;54000;Americano;12-14;Caribe;4
2561;M;90;20220905;51000;Café del día;20-22;Orinoquía;2
2562;F;23;20210522;31000;Chocolate Blanco;18-20;Andina;2
2563;F;59;20220304;90000;Caramel Macchiato;20-22;Caribe;5
2564;M;52;20240717;53000;Chocolate Blanco;18-20;Andina;2
2565;F;79;20220209;55000;Cappuccino;20-22;Caribe;4
2566;M;84;20220904;37000;Latte;16-18;Pacífica;4
2567;F;27;20240108;68000;Espresso Sencillo;14-16;Insular;2
2568;M;42;20240526;73000;Latte Macchiato;18-20;Insular;3
2569;F;64;20231113;93000;Arequipe Latte;10-12;Pacífica;4
2570;M;30;20201209;63000;Chocolate Blanco Helado;10-12;Orinoquía;1
2571;;28;20240204;65400;Espresso Sencillo;16-18;Insular;3
2572;F;57;20240506;46000;Café del día;16-18;Andina;2
2573;M;37;20200404;46000;Flat White;18-20;Andina;2
2574;M;64;20220423;110000;Espresso Doble;12-14;Insular;5
2575;F;51;20240517;78000;Cappuccino;10-12;Caribe;5
2576;M;53;20211030;74000;Café del día;20-22;Insular;2
2577;M;19;20240502;50000;Latte;16-18;Orinoquía;3
2578;M;43;20230517;71000;Espresso Sencillo;20-22;Pacífica;2
2579;M;28;20230215;60000;Flat White;12-14;Caribe;2
2580;M;35;20240513;48000;Latte Macchiato;16-18;Insular;5
2581;M;47;20230819;62000;Arequipe Latte;20-22;Andina;2
2582;M;39;20210804;51000;Latte Macchiato;20-22;Caribe;2
2583;M;44;20231008;90000;Mocha Blanco Latte;14-16;Andina;2
2584;M;45;20200823;87000;Espresso Sencillo;10-12;Caribe;4
2585;F;85;20231202;87000;Cappuccino;16-18;Pacífica;5
2586;M;52;20231001;57000;Flat White;14-16;Pacífica;5
2587;M;19;20231012;62000;Chocolate Blanco;12-14;Pacífica;2
2588;M;22;20230204;35000;Chocolate Helado;16-18;Pacífica;5
2589;M;20;20231112;32000;Latte;20-22;Andina;5
2590;F;63;20240128;75000;Chocolate Blanco Helado;12-14;Insular;5
2591;M;56;20240416;92000;Caramel Macchiato;16-18;Orinoquía;2
2592;M;62;20231003;47000;Cappuccino;18-20;Andina;3
2593;F;54;20211003;53000;Latte Macchiato;14-16;Andina;4
2594;M;58;20210927;66000;Espresso Doble;18-20;Andina;1
2595;M;45;20220106;90000;Latte Macchiato;12-14;Caribe;3
2596;F;77;20231103;64000;Flat White;16-18;Caribe;1
2597;F;59;20211207;35000;Espresso Macchiato;10-12;Pacífica;3
2598;M;51;20230805;65000;Espresso Doble;14-16;Orinoquía;2
2599;M;68;20240711;38000;Café del día;12-14;Caribe;4
2600;M;26;20220126;31000;Chocolate Helado;10-12;Andina;3
2601;;28;20230115;65400;Chocolate Caliente;10-12;Insular;4
2602;M;51;20210211;82000;Mocha Latte;20-22;Andina;3
2603;F;61;20220301;78000;Latte Macchiato;10-12;Andina;1
2604;F;61;20221125;97000;Latte Macchiato;12-14;Pacífica;5
2605;F;54;20240207;75000;Espresso Macchiato;20-22;Pacífica;3
2606;F;49;20191108;84000;Chocolate Blanco Helado;12-14;Pacífica;1
2607;;28;20240317;65400;Chocolate Blanco Helado;20-22;Pacífica;2
2608;;28;20240325;65400;Café del día;10-12;Caribe;1
2609;M;53;20240310;33000;Café del día;18-20;Caribe;3
2610;M;44;20210522;84000;Americano;20-22;Insular;1
2611;M;24;20231203;32000;Caramel Macchiato;12-14;Orinoquía;1
2612;F;56;20230708;52000;Chocolate Caliente;10-12;Orinoquía;4
2613;F;79;20230515;91000;Latte;20-22;Pacífica;5
2614;M;51;20220319;79000;Espresso Sencillo;18-20;Orinoquía;1
2615;F;37;20240617;61000;Latte;16-18;Andina;4
2616;M;39;20240202;69000;Latte Macchiato;12-14;Orinoquía;5
2617;F;56;20240424;73000;Chocolate Blanco Helado;20-22;Pacífica;3
2618;M;36;20230818;41000;Latte Macchiato;16-18;Pacífica;2
2619;M;70;20230517;113000;Americano;16-18;Insular;1
2620;M;58;20221018;32000;Café del día;10-12;Caribe;3
2621;M;33;20240303;35000;Americano;18-20;Pacífica;5
2622;M;73;20240325;70000;Chocolate Blanco;14-16;Pacífica;4
2623;O;57;20230720;65000;Espresso Macchiato;20-22;Andina;1
2624;M;31;20230724;47000;Latte;16-18;Andina;4
2625;M;62;20230329;33000;Caramel Macchiato;16-18;Caribe;2
2626;F;46;20240309;33000;Chocolate Helado;10-12;Caribe;1
2627;M;27;20230816;66000;Café del día;14-16;Insular;3
2628;M;62;20191008;35000;Latte;18-20;Pacífica;5
2629;M;26;20231204;63000;Mocha Blanco Latte;12-14;Andina;1
2630;M;68;20240418;39000;Latte;12-14;Orinoquía;2
2631;M;55;20230213;102000;Caramel Macchiato;18-20;Insular;3
2632;F;65;20230816;49000;Espresso Macchiato;14-16;Orinoquía;3
2633;M;48;20240113;60000;Arequipe Latte;18-20;Andina;2
2634;F;55;20230526;77000;Espresso Doble;12-14;Pacífica;5
2635;M;56;20231209;80000;Arequipe Latte;20-22;Insular;5
2636;M;20;20210916;59000;Latte Macchiato;20-22;Orinoquía;5
2637;F;59;20220522;81000;Café del día;16-18;Andina;5
2638;F;49;20221029;81000;Americano;10-12;Orinoquía;3
2639;F;70;20230522;37000;Espresso Doble;16-18;Insular;3
2640;M;52;20220825;95000;Arequipe Latte;12-14;Orinoquía;1
2641;;28;20230312;65400;Cappuccino;12-14;Pacífica;1
2642;;28;20230815;65400;Chocolate Blanco;14-16;Orinoquía;4
2643;;28;20230529;65400;Espresso Macchiato;14-16;Insular;2
2644;M;43;20211129;45000;Espresso Doble;18-20;Orinoquía;5
2645;M;24;20210819;53000;Chocolate Blanco;10-12;Pacífica;1
2646;F;62;20230809;88000;Americano;16-18;Caribe;2
2647;M;62;20210121;72000;Cappuccino;10-12;Caribe;4
2648;F;66;20240211;91000;Latte;18-20;Caribe;1
2649;M;29;20200322;62000;Mocha Latte;10-12;Orinoquía;1
2650;M;66;20230903;67000;Chocolate Blanco;12-14;Caribe;1
2651;M;91;20230914;43000;Latte Macchiato;14-16;Andina;3
2652;M;47;20230807;58000;Latte;10-12;Pacífica;3
2653;M;53;20240213;71000;Americano;18-20;Andina;2
2654;M;55;20220511;55000;Espresso Sencillo;12-14;Andina;1
2655;F;30;20220426;55000;Latte;10-12;Caribe;4
2656;M;59;20240717;73000;Espresso Sencillo;12-14;Insular;4
2657;F;54;20230720;102000;Latte Macchiato;14-16;Pacífica;5
2658;M;49;20240401;74000;Cappuccino;14-16;Insular;2
2659;M;68;20221214;90000;Chocolate Caliente;20-22;Orinoquía;3
2660;M;53;20200525;53000;Chocolate Blanco;14-16;Caribe;5
2661;M;51;20231011;57000;Latte;14-16;Insular;5
2662;M;58;20201020;70000;Latte;16-18;Pacífica;1
2663;;28;20231113;65400;Mocha Blanco Latte;14-16;Caribe;5
2664;M;60;20230929;117000;Café del día;20-22;Orinoquía;1
2665;M;70;20200123;81000;Chocolate Helado;10-12;Andina;1
2666;M;69;20231010;86000;Espresso Sencillo;16-18;Insular;3
2667;;28;20230220;65400;Caramel Macchiato;20-22;Insular;2
2668;M;22;20240602;33000;Café del día;10-12;Caribe;1
2669;F;36;20221105;76000;Espresso Doble;12-14;Insular;4
2670;;28;20231014;65400;Caramel Macchiato;10-12;Caribe;3
2671;F;27;20231013;58000;Chocolate Caliente;18-20;Pacífica;4
2672;M;39;20210304;32000;Espresso Sencillo;14-16;Caribe;5
2673;M;69;20230624;79000;Latte;18-20;Orinoquía;2
2674;;28;20230104;65400;Chocolate Blanco;18-20;Caribe;2
2675;;28;20240508;65400;Cappuccino;16-18;Pacífica;3
2676;M;49;20220909;55000;Chocolate Caliente;10-12;Caribe;4
2677;F;56;20240120;104000;Chocolate Helado;16-18;Caribe;5
2678;M;79;20190803;66000;Espresso Macchiato;16-18;Pacífica;4
2679;F;36;20220911;52000;Cappuccino;14-16;Andina;4
2680;F;48;20240201;70000;Chocolate Caliente;18-20;Insular;2
2681;F;58;20210806;110000;Espresso Macchiato;10-12;Insular;2
2682;F;65;20200219;60000;Latte;16-18;Caribe;2
2683;M;70;20231130;54000;Cappuccino;10-12;Insular;3
2684;M;60;20240524;66000;Espresso Sencillo;18-20;Insular;5
2685;F;50;20231109;41000;Chocolate Blanco;20-22;Caribe;2
2686;F;53;20231104;116000;Espresso Macchiato;16-18;Andina;5
2687;F;46;20211012;73000;Flat White;20-22;Orinoquía;3
2688;M;49;20240114;56000;Americano;14-16;Insular;5
2689;M;67;20200214;52000;Espresso Doble;16-18;Pacífica;2
2690;F;53;20221014;37000;Latte;14-16;Orinoquía;3
2691;M;32;20240117;53000;Flat White;10-12;Caribe;4
2692;M;41;20240330;48000;Mocha Latte;18-20;Orinoquía;5
2693;M;72;20240704;84000;Espresso Macchiato;16-18;Caribe;5
2694;F;73;20240519;77000;Cappuccino;20-22;Andina;2
2695;M;50;20220724;112000;Latte;20-22;Orinoquía;5
2696;M;25;20210325;30000;Americano;16-18;Insular;4
2697;F;62;20211103;111000;Espresso Doble;12-14;Caribe;4
2698;M;70;20230919;98000;Cappuccino;16-18;Orinoquía;3
2699;M;18;20231020;73000;Latte Macchiato;20-22;Andina;2
2700;M;54;20240110;44000;Americano;10-12;Orinoquía;4
2701;F;58;20220126;53000;Café del día;16-18;Pacífica;1
2702;F;78;20230909;63000;Latte Macchiato;10-12;Orinoquía;1
2703;M;48;20220519;63000;Arequipe Latte;10-12;Pacífica;5
2704;M;50;20230813;53000;Espresso Sencillo;18-20;Pacífica;3
2705;M;65;20220113;75000;Chocolate Caliente;18-20;Insular;1
2706;F;49;20221018;90000;Americano;20-22;Andina;2
2707;F;63;20231126;65000;Café del día;18-20;Caribe;5
2708;F;48;20230816;59000;Flat White;20-22;Caribe;5
2709;M;43;20240726;54000;Chocolate Blanco Helado;12-14;Pacífica;1
2710;M;26;20210508;39000;Flat White;14-16;Pacífica;1
2711;F;34;20231121;49000;Americano;10-12;Andina;2
2712;F;65;20220118;75000;Cappuccino;18-20;Caribe;4
2713;F;72;20220214;71000;Mocha Blanco Latte;16-18;Orinoquía;5
2714;F;58;20220331;64000;Latte Macchiato;16-18;Caribe;3
2715;F;70;20210913;80000;Chocolate Blanco Helado;12-14;Orinoquía;4
2716;;28;20240124;65400;Chocolate Caliente;20-22;Pacífica;4
2717;;28;20230926;65400;Espresso Macchiato;12-14;Caribe;4
2718;F;74;20240512;54000;Latte Macchiato;12-14;Pacífica;1
2719;F;31;20221108;59000;Americano;10-12;Orinoquía;5
2720;M;62;20231004;79000;Mocha Latte;10-12;Pacífica;2
2721;F;21;20231207;60000;Chocolate Helado;18-20;Insular;5
2722;M;50;20230215;64000;Chocolate Helado;18-20;Orinoquía;2
2723;F;63;20231016;62000;Caramel Macchiato;12-14;Pacífica;2
2724;;28;20240310;65400;Espresso Macchiato;20-22;Orinoquía;5
2725;F;43;20240311;57000;Latte Macchiato;12-14;Pacífica;1
2726;F;57;20230730;97000;Arequipe Latte;16-18;Insular;2
2727;;28;20230830;65400;Caramel Macchiato;20-22;Caribe;4
2728;M;69;20231016;45000;Espresso Doble;14-16;Insular;1
2729;F;51;20240522;54000;Espresso Doble;16-18;Pacífica;5
2730;M;53;20220210;89000;Latte;20-22;Orinoquía;2
2731;F;52;20230621;81000;Latte;16-18;Orinoquía;3
2732;F;57;20240627;61000;Espresso Macchiato;16-18;Orinoquía;4
2733;M;88;20230130;57000;Latte;16-18;Orinoquía;4
2734;M;79;20210831;114000;Espresso Doble;12-14;Caribe;4
2735;F;60;20220721;94000;Chocolate Helado;16-18;Pacífica;4
2736;;28;20220918;65400;Mocha Latte;14-16;Andina;1
2737;M;41;20230821;67000;Cappuccino;14-16;Insular;1
2738;F;22;20220928;43000;Café del día;16-18;Pacífica;2
2739;M;52;20240103;82000;Espresso Doble;12-14;Insular;1
2740;M;58;20191202;95000;Espresso Sencillo;10-12;Andina;4
2741;F;69;20220403;87000;Chocolate Blanco Helado;12-14;Orinoquía;2
2742;M;44;20220412;66000;Latte;16-18;Orinoquía;2
2743;F;52;20230925;113000;Espresso Doble;16-18;Caribe;3
2744;O;46;20231024;91000;Caramel Macchiato;20-22;Andina;1
2745;M;49;20240514;114000;Cappuccino;16-18;Insular;4
2746;F;47;20230821;62000;Chocolate Blanco;16-18;Caribe;5
2747;;28;20240407;65400;Latte;20-22;Caribe;2
2748;F;53;20210821;40000;Mocha Blanco Latte;16-18;Insular;5
2749;M;59;20230825;68000;Chocolate Caliente;16-18;Caribe;2
2750;M;34;20200418;67000;Espresso Doble;10-12;Orinoquía;2
2751;;28;20210823;65400;Espresso Doble;18-20;Insular;4
2752;M;67;20240703;57000;Flat White;16-18;Andina;1
2753;F;43;20230630;94000;Mocha Latte;10-12;Insular;3
2754;M;64;20230812;57000;Mocha Latte;16-18;Insular;3
2755;F;55;20240425;56000;Americano;12-14;Orinoquía;5
2756;F;67;20240704;113000;Caramel Macchiato;10-12;Caribe;4
2757;M;18;20221115;53000;Espresso Doble;16-18;Caribe;2
2758;M;51;20240629;35000;Chocolate Blanco Helado;18-20;Orinoquía;4
2759;M;38;20230809;38000;Espresso Macchiato;18-20;Caribe;2
2760;;28;20230924;65400;Caramel Macchiato;14-16;Pacífica;3
2761;M;27;20230603;74000;Chocolate Blanco;14-16;Pacífica;2
2762;;28;20240108;65400;Arequipe Latte;20-22;Orinoquía;1
2763;M;27;20191010;50000;Espresso Sencillo;16-18;Orinoquía;4
2764;;28;20230920;65400;Flat White;12-14;Orinoquía;5
2765;;28;20231203;65400;Latte Macchiato;12-14;Pacífica;1
2766;M;25;20191014;74000;Americano;20-22;Caribe;3
2767;F;56;20221123;84000;Espresso Sencillo;18-20;Insular;2
2768;F;61;20230916;96000;Flat White;20-22;Insular;1
2769;F;57;20211010;87000;Arequipe Latte;12-14;Andina;2
2770;F;66;20220906;108000;Flat White;10-12;Caribe;1
2771;;28;20240720;65400;Mocha Latte;10-12;Insular;2
2772;M;70;20220516;51000;Flat White;16-18;Orinoquía;2
2773;F;65;20240115;36000;Chocolate Blanco Helado;18-20;Orinoquía;5
2774;F;60;20220708;54000;Espresso Sencillo;18-20;Insular;1
2775;F;64;20220415;115000;Latte;18-20;Orinoquía;5
2776;M;53;20231025;55000;Caramel Macchiato;20-22;Insular;1
2777;M;27;20220905;34000;Mocha Latte;10-12;Insular;4
2778;F;62;20220618;77000;Mocha Blanco Latte;20-22;Caribe;5
2779;;28;20240715;65400;Mocha Blanco Latte;18-20;Pacífica;3
2780;M;20;20210122;33000;Flat White;16-18;Pacífica;3
2781;F;82;20240621;53000;Espresso Sencillo;10-12;Andina;4
2782;M;59;20230823;38000;Chocolate Blanco Helado;12-14;Insular;4
2783;;28;20220713;65400;Café del día;14-16;Caribe;1
2784;;28;20220627;65400;Flat White;20-22;Orinoquía;3
2785;F;32;20230312;68000;Chocolate Blanco;10-12;Insular;1
2786;M;86;20240214;55000;Espresso Macchiato;20-22;Orinoquía;5
2787;F;90;20231007;101000;Flat White;18-20;Caribe;1
2788;M;24;20240623;62000;Chocolate Blanco;14-16;Orinoquía;1
2789;;28;20200720;65400;Chocolate Caliente;18-20;Insular;3
2790;F;54;20220328;63000;Latte Macchiato;12-14;Orinoquía;5
2791;M;65;20230801;48000;Chocolate Blanco;14-16;Andina;3
2792;F;85;20220529;97000;Caramel Macchiato;14-16;Insular;4
2793;M;79;20221026;71000;Chocolate Caliente;10-12;Caribe;1
2794;F;55;20240103;83000;Caramel Macchiato;12-14;Caribe;4
2795;M;54;20231231;37000;Flat White;12-14;Caribe;5
2796;;28;20190824;65400;Americano;10-12;Insular;5
2797;M;56;20240509;54000;Cappuccino;12-14;Insular;5
2798;;28;20230523;65400;Cappuccino;14-16;Pacífica;4
2799;M;28;20231227;46000;Mocha Blanco Latte;20-22;Orinoquía;3
2800;F;60;20231211;88000;Chocolate Helado;20-22;Pacífica;3
2801;M;20;20240518;74000;Mocha Blanco Latte;16-18;Pacífica;5
2802;F;66;20230809;49000;Chocolate Helado;14-16;Andina;2
2803;F;65;20231120;63000;Mocha Blanco Latte;16-18;Pacífica;1
2804;F;48;20231220;71000;Mocha Blanco Latte;12-14;Orinoquía;1
2805;M;43;20231214;46000;Caramel Macchiato;10-12;Pacífica;2
2806;M;69;20240410;33000;Latte;10-12;Orinoquía;4
2807;M;75;20240513;60000;Mocha Latte;16-18;Orinoquía;3
2808;M;59;20230812;68000;Caramel Macchiato;20-22;Andina;5
2809;M;46;20240710;35000;Chocolate Blanco Helado;10-12;Andina;2
2810;;28;20221126;65400;Arequipe Latte;20-22;Insular;1
2811;M;33;20200716;49000;Espresso Doble;16-18;Pacífica;4
2812;F;59;20230309;77000;Chocolate Blanco;12-14;Caribe;2
2813;M;73;20240121;105000;Flat White;10-12;Andina;5
2814;M;26;20210921;37000;Cappuccino;20-22;Orinoquía;5
2815;;28;20210626;65400;Chocolate Blanco;10-12;Insular;4
2816;F;68;20230712;78000;Arequipe Latte;18-20;Caribe;2
2817;M;71;20230820;38000;Espresso Doble;20-22;Pacífica;1
2818;F;53;20220825;75000;Americano;18-20;Insular;1
2819;M;86;20230417;78000;Café del día;18-20;Pacífica;5
2820;M;39;20220103;74000;Latte;10-12;Caribe;4
2821;F;55;20240608;39000;Latte;10-12;Orinoquía;4
2822;F;54;20211202;79000;Latte;16-18;Insular;2
2823;F;34;20210423;52000;Arequipe Latte;18-20;Orinoquía;5
2824;M;54;20220331;99000;Chocolate Blanco Helado;18-20;Insular;4
2825;M;63;20231031;32000;Cappuccino;18-20;Pacífica;4
2826;F;74;20221209;67000;Latte Macchiato;10-12;Pacífica;4
2827;M;68;20211110;74000;Chocolate Blanco Helado;12-14;Andina;1
2828;M;69;20240124;30000;Caramel Macchiato;12-14;Orinoquía;5
2829;;28;20230925;65400;Chocolate Blanco;14-16;Orinoquía;2
2830;F;50;20230911;81000;Americano;16-18;Insular;3
2831;F;78;20231012;31000;Chocolate Caliente;14-16;Orinoquía;5
2832;M;40;20240203;74000;Espresso Macchiato;20-22;Andina;4
2833;M;24;20231213;48000;Espresso Doble;18-20;Caribe;3
2834;M;54;20230211;89000;Chocolate Blanco Helado;18-20;Insular;4
2835;F;46;20240109;65000;Espresso Sencillo;20-22;Insular;3
2836;F;71;20220508;108000;Latte;10-12;Orinoquía;1
2837;M;50;20231224;59000;Espresso Macchiato;20-22;Andina;1
2838;F;48;20231204;32000;Flat White;20-22;Orinoquía;4
2839;F;58;20220509;105000;Latte Macchiato;20-22;Orinoquía;5
2840;M;34;20200824;50000;Chocolate Helado;16-18;Caribe;3
2841;M;50;20210125;55000;Espresso Sencillo;18-20;Insular;3
2842;M;27;20240710;39000;Latte;12-14;Pacífica;1
2843;M;41;20230522;63000;Espresso Doble;10-12;Pacífica;1
2844;F;62;20231017;73000;Latte;16-18;Insular;4
2845;;28;20210926;65400;Caramel Macchiato;14-16;Andina;4
2846;F;65;20220522;50000;Americano;10-12;Pacífica;1
2847;F;89;20231002;104000;Espresso Sencillo;10-12;Andina;3
2848;F;78;20230810;110000;Espresso Macchiato;12-14;Orinoquía;5
2849;F;40;20240423;78000;Arequipe Latte;20-22;Insular;4
2850;M;66;20230929;33000;Chocolate Caliente;20-22;Caribe;3
2851;M;29;20240505;73000;Flat White;14-16;Caribe;5
2852;M;53;20230421;51000;Chocolate Helado;16-18;Caribe;5
2853;M;23;20231119;41000;Mocha Blanco Latte;14-16;Orinoquía;1
2854;M;71;20221128;38000;Arequipe Latte;14-16;Caribe;1
2855;F;81;20240315;89000;Chocolate Blanco Helado;12-14;Insular;5
2856;M;45;20240109;44000;Chocolate Blanco;14-16;Orinoquía;5
2857;;28;20221022;65400;Espresso Sencillo;20-22;Caribe;2
2858;F;52;20240704;78000;Mocha Latte;20-22;Insular;1
2859;M;70;20240604;64000;Espresso Sencillo;20-22;Insular;1
2860;M;32;20230925;39000;Latte;18-20;Pacífica;5
2861;M;66;20220118;40000;Americano;14-16;Andina;2
2862;M;76;20231118;75000;Espresso Macchiato;20-22;Orinoquía;5
2863;F;52;20231101;47000;Espresso Sencillo;14-16;Pacífica;2
2864;;28;20240701;65400;Latte;20-22;Andina;5
2865;M;53;20220303;90000;Chocolate Blanco;14-16;Insular;3
2866;M;78;20231205;70000;Flat White;10-12;Insular;4
2867;;28;20221208;65400;Espresso Doble;10-12;Orinoquía;5
2868;M;67;20220506;60000;Chocolate Caliente;14-16;Orinoquía;3
2869;F;70;20230621;87000;Caramel Macchiato;20-22;Caribe;4
2870;M;63;20221022;93000;Flat White;20-22;Andina;2
2871;M;69;20210801;55000;Chocolate Caliente;12-14;Orinoquía;4
2872;M;40;20231029;65000;Americano;10-12;Caribe;1
2873;F;19;20211231;39000;Café del día;18-20;Insular;4
2874;F;50;20230907;90000;Arequipe Latte;10-12;Pacífica;2
2875;F;54;20230330;105000;Latte;18-20;Pacífica;1
2876;M;90;20200325;55000;Caramel Macchiato;12-14;Insular;4
2877;;28;20240613;65400;Chocolate Helado;16-18;Andina;2
2878;F;79;20221120;42000;Flat White;14-16;Andina;3
2879;;28;20231218;65400;Espresso Macchiato;14-16;Insular;2
2880;M;54;20200626;37000;Arequipe Latte;20-22;Andina;5
2881;M;44;20220305;89000;Espresso Sencillo;14-16;Pacífica;5
2882;;28;20221118;65400;Flat White;12-14;Orinoquía;4
2883;M;62;20221025;86000;Espresso Macchiato;16-18;Caribe;5
2884;F;59;20220328;37000;Americano;12-14;Andina;1
2885;M;20;20210815;61000;Latte Macchiato;20-22;Caribe;1
2886;;28;20190810;65400;Caramel Macchiato;14-16;Andina;3
2887;M;63;20210925;96000;Chocolate Helado;14-16;Insular;2
2888;M;63;20230919;97000;Mocha Blanco Latte;16-18;Pacífica;3
2889;F;71;20240624;31000;Americano;10-12;Caribe;5
2890;M;41;20211125;56000;Americano;16-18;Andina;2
2891;;28;20210802;65400;Chocolate Helado;16-18;Orinoquía;2
2892;M;19;20231122;31000;Chocolate Caliente;18-20;Insular;3
2893;M;54;20230626;56000;Caramel Macchiato;18-20;Orinoquía;1
2894;F;51;20231120;51000;Mocha Blanco Latte;10-12;Pacífica;5
2895;F;26;20211023;49000;Americano;10-12;Andina;4
2896;M;57;20220609;73000;Latte Macchiato;20-22;Pacífica;4
2897;;28;20211204;65400;Chocolate Blanco;18-20;Orinoquía;5
2898;M;57;20211124;93000;Mocha Blanco Latte;16-18;Orinoquía;3
2899;F;82;20210811;41000;Latte;18-20;Insular;5
2900;F;42;20231011;71000;Mocha Blanco Latte;16-18;Orinoquía;3
2901;M;55;20240707;75000;Espresso Doble;18-20;Orinoquía;3
2902;F;78;20220608;58000;Chocolate Helado;16-18;Caribe;1
2903;M;74;20220412;69000;Mocha Latte;20-22;Insular;5
2904;F;54;20231026;48000;Chocolate Blanco Helado;18-20;Andina;1
2905;M;18;20230811;72000;Mocha Blanco Latte;16-18;Andina;1
2906;F;49;20230324;70000;Caramel Macchiato;12-14;Pacífica;1
2907;M;56;20220805;43000;Chocolate Caliente;10-12;Pacífica;4
2908;;28;20220309;65400;Flat White;20-22;Andina;5
2909;M;66;20201104;68000;Espresso Macchiato;18-20;Pacífica;3
2910;M;50;20240201;56000;Arequipe Latte;16-18;Pacífica;1
2911;M;48;20230421;68000;Mocha Blanco Latte;16-18;Insular;4
2912;F;82;20240325;75000;Americano;18-20;Andina;5
2913;M;62;20230915;85000;Cappuccino;14-16;Caribe;4
2914;M;37;20230831;70000;Café del día;18-20;Andina;1
2915;F;65;20220813;87000;Chocolate Caliente;20-22;Pacífica;2
2916;M;60;20240529;38000;Chocolate Blanco Helado;16-18;Insular;1
2917;F;68;20230926;50000;Americano;16-18;Insular;3
2918;M;30;20231231;54000;Chocolate Caliente;20-22;Caribe;3
2919;F;66;20231205;47000;Mocha Blanco Latte;18-20;Pacífica;4
2920;M;55;20221225;62000;Espresso Macchiato;20-22;Pacífica;5
2921;F;68;20211210;100000;Espresso Macchiato;10-12;Insular;3
2922;M;85;20230121;46000;Chocolate Blanco Helado;18-20;Insular;5
2923;F;68;20240606;111000;Flat White;18-20;Andina;2
2924;F;84;20220213;120000;Chocolate Blanco;18-20;Caribe;1
2925;F;64;20230929;95000;Mocha Latte;10-12;Insular;1
2926;;28;20210919;65400;Latte;14-16;Insular;5
2927;F;77;20220421;35000;Chocolate Blanco Helado;16-18;Andina;2
2928;;28;20230106;65400;Chocolate Blanco;12-14;Andina;2
2929;M;45;20210201;35000;Mocha Blanco Latte;16-18;Andina;1
2930;F;26;20231008;73000;Chocolate Caliente;20-22;Pacífica;5
2931;M;37;20211225;65000;Arequipe Latte;20-22;Pacífica;5
2932;M;65;20240223;94000;Chocolate Caliente;16-18;Insular;5
2933;F;52;20231203;75000;Chocolate Caliente;18-20;Orinoquía;4
2934;;28;20240618;65400;Latte;20-22;Orinoquía;2
2935;F;58;20231228;70000;Latte Macchiato;10-12;Caribe;5
2936;M;72;20211219;82000;Espresso Sencillo;20-22;Orinoquía;5
2937;F;51;20230224;74000;Café del día;20-22;Orinoquía;4
2938;M;26;20231104;53000;Café del día;18-20;Andina;5
2939;M;63;20231216;60000;Espresso Macchiato;12-14;Orinoquía;2
2940;M;19;20221129;52000;Espresso Sencillo;16-18;Orinoquía;5
2941;F;44;20240421;40000;Caramel Macchiato;12-14;Orinoquía;1
2942;M;50;20210803;45000;Espresso Macchiato;12-14;Orinoquía;3
2943;F;64;20230710;69000;Café del día;14-16;Andina;4
2944;M;45;20240517;57000;Cappuccino;12-14;Pacífica;2
2945;F;29;20221211;31000;Flat White;20-22;Pacífica;4
2946;M;59;20210723;73000;Flat White;12-14;Orinoquía;2
2947;F;79;20230706;83000;Chocolate Blanco;16-18;Orinoquía;1
2948;F;93;20230811;56000;Chocolate Blanco;14-16;Pacífica;4
2949;M;19;20191003;36000;Espresso Sencillo;10-12;Andina;5
2950;M;49;20221103;45000;Caramel Macchiato;12-14;Orinoquía;5
2951;;28;20231103;65400;Chocolate Blanco;10-12;Orinoquía;3
2952;M;32;20231017;70000;Latte;12-14;Andina;5
2953;M;30;20240325;66000;Americano;14-16;Pacífica;3
2954;M;63;20240218;59000;Caramel Macchiato;18-20;Insular;3
2955;M;40;20230827;57000;Chocolate Blanco Helado;18-20;Caribe;4
2956;M;51;20200203;55000;Cappuccino;10-12;Caribe;4
2957;M;55;20221130;41000;Espresso Macchiato;20-22;Orinoquía;5
2958;M;79;20221117;91000;Espresso Sencillo;14-16;Andina;2
2959;M;66;20240513;88000;Mocha Latte;12-14;Orinoquía;5
2960;M;23;20240213;43000;Chocolate Caliente;16-18;Andina;1
2961;F;38;20200324;51000;Chocolate Blanco;18-20;Caribe;5
2962;F;58;20220715;73000;Americano;12-14;Insular;2
2963;M;77;20230815;94000;Arequipe Latte;18-20;Insular;5
2964;F;59;20240420;114000;Americano;12-14;Pacífica;2
2965;F;44;20231210;72000;Caramel Macchiato;12-14;Insular;3
2966;F;48;20230806;71000;Latte;18-20;Insular;5
2967;F;40;20240204;51000;Espresso Sencillo;16-18;Caribe;5
2968;M;20;20231218;71000;Chocolate Blanco Helado;16-18;Caribe;2
2969;;28;20220323;65400;Espresso Macchiato;10-12;Orinoquía;1
2970;M;57;20240627;34000;Arequipe Latte;10-12;Caribe;1
2971;F;73;20230623;74000;Mocha Blanco Latte;10-12;Andina;5
2972;M;60;20231217;46000;Latte;16-18;Pacífica;3
2973;F;37;20230312;83000;Chocolate Caliente;18-20;Insular;5
2974;M;72;20201230;67000;Cappuccino;18-20;Pacífica;1
2975;F;71;20220707;35000;Latte Macchiato;18-20;Orinoquía;4
2976;M;36;20230204;44000;Mocha Latte;18-20;Insular;1
2977;F;48;20211012;87000;Chocolate Caliente;16-18;Andina;3
2978;F;27;20230811;71000;Americano;16-18;Caribe;1
2979;F;39;20230410;69000;Mocha Blanco Latte;14-16;Pacífica;2
2980;M;40;20231113;58000;Cappuccino;18-20;Orinoquía;2
2981;F;93;20231012;79000;Americano;18-20;Andina;4
2982;F;51;20231101;84000;Mocha Blanco Latte;14-16;Caribe;2
2983;;28;20240126;65400;Chocolate Caliente;14-16;Orinoquía;3
2984;F;88;20231119;120000;Flat White;12-14;Insular;4
2985;;28;20220211;65400;Mocha Latte;12-14;Orinoquía;2
2986;F;62;20240529;50000;Mocha Latte;18-20;Insular;4
2987;M;32;20230802;68000;Flat White;12-14;Caribe;5
2988;;28;20221011;65400;Espresso Sencillo;12-14;Caribe;2
2989;F;80;20210915;59000;Mocha Blanco Latte;20-22;Caribe;3
2990;M;36;20231031;62000;Chocolate Blanco;16-18;Caribe;2
2991;M;68;20240316;73000;Chocolate Blanco Helado;10-12;Pacífica;4
2992;F;54;20240721;76000;Café del día;12-14;Andina;2
2993;M;51;20230805;62000;Espresso Doble;20-22;Insular;1
2994;F;68;20231204;110000;Chocolate Caliente;20-22;Pacífica;5
2995;M;20;20231107;41000;Chocolate Blanco;10-12;Caribe;5
2996;M;74;20240213;38000;Espresso Doble;10-12;Caribe;2
2997;M;34;20231105;51000;Latte Macchiato;14-16;Caribe;5
2998;M;44;20230406;51000;Espresso Macchiato;10-12;Insular;4
2999;;28;20210919;65400;Latte Macchiato;18-20;Pacífica;1
3000;F;64;20240119;79000;Cappuccino;18-20;Insular;3
3001;M;51;20231219;62000;Caramel Macchiato;12-14;Insular;3
3002;F;29;20230918;61000;Café del día;14-16;Caribe;5
3003;M;58;20230801;63000;Chocolate Blanco;20-22;Andina;5
3004;F;80;20230820;75000;Espresso Sencillo;12-14;Caribe;1
3005;F;52;20220920;79000;Americano;16-18;Caribe;2
3006;M;44;20240115;67000;Chocolate Caliente;18-20;Pacífica;4
3007;F;71;20240711;56000;Mocha Blanco Latte;16-18;Andina;3
3008;O;49;20231122;80000;Caramel Macchiato;16-18;Insular;3
3009;M;58;20200326;53000;Chocolate Caliente;20-22;Insular;2
3010;;28;20240428;65400;Flat White;12-14;Caribe;2
3011;F;30;20220911;37000;Chocolate Helado;20-22;Caribe;1
3012;F;37;20231201;59000;Espresso Macchiato;16-18;Orinoquía;2
3013;F;32;20230730;47000;Chocolate Blanco Helado;14-16;Orinoquía;2
3014;M;42;20230727;59000;Espresso Doble;12-14;Caribe;4
3015;M;33;20231029;59000;Chocolate Helado;20-22;Orinoquía;3
3016;F;63;20231103;112000;Latte Macchiato;16-18;Andina;3
3017;F;42;20230213;64000;Flat White;20-22;Orinoquía;4
3018;F;44;20240609;87000;Chocolate Blanco Helado;12-14;Andina;2
3019;M;37;20220190;31000;Espresso Macchiato;12-14;Pacífica;4
3020;M;64;20220329;52000;Chocolate Blanco Helado;18-20;Insular;2
3021;M;37;20240407;42000;Chocolate Caliente;10-12;Insular;4
3022;;28;20240415;65400;Café del día;18-20;Caribe;3
3023;M;57;20230227;72000;Caramel Macchiato;16-18;Orinoquía;5
3024;M;67;20240123;34000;Café del día;12-14;Orinoquía;1
3025;M;67;20221011;98000;Espresso Macchiato;20-22;Andina;1
3026;M;28;20240714;52000;Chocolate Helado;10-12;Orinoquía;4
3027;;28;20230917;65400;Café del día;16-18;Pacífica;5
3028;M;42;20240705;56000;Espresso Macchiato;18-20;Orinoquía;1
3029;M;65;20230917;68000;Cappuccino;10-12;Orinoquía;5
3030;M;65;20220612;60000;Americano;16-18;Pacífica;4
3031;;28;20230714;65400;Chocolate Blanco;10-12;Andina;1
3032;M;24;20230113;38000;Caramel Macchiato;12-14;Andina;5
3033;F;58;20220217;95000;Mocha Blanco Latte;10-12;Caribe;4
3034;F;58;20220824;77000;Flat White;14-16;Insular;2
3035;;28;20230702;65400;Arequipe Latte;16-18;Insular;2
3036;F;53;20220707;74000;Chocolate Blanco Helado;14-16;Pacífica;3
3037;M;66;20220911;57000;Americano;12-14;Caribe;3
3038;F;48;20231016;31000;Espresso Doble;10-12;Orinoquía;2
3039;F;77;20240313;37000;Mocha Latte;18-20;Caribe;4
3040;F;73;20220416;88000;Cappuccino;14-16;Orinoquía;5
3041;M;31;20240407;58000;Latte Macchiato;18-20;Caribe;1
3042;M;52;20240210;86000;Latte;20-22;Orinoquía;4
3043;F;60;20240123;60000;Cappuccino;12-14;Andina;1
3044;F;76;20220191;90000;Chocolate Helado;14-16;Orinoquía;4
3045;M;40;20240103;65000;Espresso Macchiato;18-20;Orinoquía;5
3046;M;53;20230830;49000;Espresso Doble;18-20;Orinoquía;1
3047;;28;20211009;65400;Chocolate Helado;16-18;Pacífica;2
3048;M;61;20220520;62000;Latte;14-16;Caribe;1
3049;M;62;20220816;78000;Arequipe Latte;12-14;Caribe;3
3050;M;32;20221115;74000;Mocha Latte;10-12;Caribe;4
3051;;28;20220727;65400;Café del día;14-16;Andina;2
3052;M;91;20230516;73000;Caramel Macchiato;20-22;Orinoquía;2
3053;M;39;20211220;77000;Chocolate Blanco Helado;12-14;Andina;1
3054;F;63;20220627;88000;Chocolate Blanco;18-20;Andina;2
3055;F;29;20221204;38000;Café del día;14-16;Caribe;4
3056;F;77;20240329;39000;Chocolate Caliente;14-16;Orinoquía;2
3057;F;81;20221012;107000;Latte Macchiato;10-12;Pacífica;5
3058;F;33;20231121;53000;Espresso Doble;18-20;Insular;1
3059;F;46;20211028;100000;Mocha Blanco Latte;18-20;Caribe;5
3060;F;82;20220919;62000;Chocolate Blanco Helado;10-12;Pacífica;1
3061;F;21;20220709;40000;Chocolate Helado;20-22;Insular;4
3062;M;19;20231219;52000;Espresso Doble;20-22;Orinoquía;3
3063;;28;20211002;65400;Mocha Latte;18-20;Orinoquía;4
3064;;28;20220815;65400;Espresso Sencillo;14-16;Pacífica;1
3065;M;31;20231121;44000;Arequipe Latte;20-22;Orinoquía;2
3066;;28;20220811;65400;Arequipe Latte;12-14;Insular;1
3067;F;76;20240429;119000;Mocha Latte;14-16;Pacífica;2
3068;F;40;20240318;42000;Café del día;10-12;Andina;2
3069;F;57;20220924;113000;Café del día;10-12;Insular;3
3070;F;57;20210520;70000;Chocolate Blanco;18-20;Orinoquía;5
3071;F;44;20200715;55000;Espresso Sencillo;16-18;Orinoquía;5
3072;M;34;20221012;45000;Flat White;14-16;Insular;4
3073;M;62;20240615;106000;Chocolate Caliente;18-20;Insular;3
3074;;28;20220710;65400;Espresso Macchiato;14-16;Andina;2
3075;M;60;20220204;56000;Flat White;14-16;Caribe;4
3076;M;33;20240602;72000;Mocha Latte;14-16;Orinoquía;2
3077;M;33;20191123;45000;Latte;14-16;Andina;2
3078;F;85;20190908;60000;Espresso Sencillo;20-22;Andina;1
3079;F;58;20220608;105000;Espresso Sencillo;20-22;Andina;4
3080;M;48;20230417;74000;Latte;14-16;Orinoquía;4
3081;M;74;20210811;80000;Latte;16-18;Insular;1
3082;M;19;20221019;30000;Espresso Doble;12-14;Pacífica;1
3083;F;58;20230119;95000;Mocha Blanco Latte;20-22;Orinoquía;5
3084;M;63;20220407;64000;Flat White;20-22;Pacífica;1
3085;F;86;20231207;79000;Caramel Macchiato;18-20;Insular;1
3086;M;55;20230826;76000;Espresso Sencillo;14-16;Caribe;5
3087;M;47;20220831;98000;Mocha Latte;12-14;Caribe;2
3088;M;68;20231126;38000;Mocha Blanco Latte;20-22;Orinoquía;4
3089;F;72;20231020;83000;Americano;14-16;Insular;1
3090;M;69;20240106;77000;Espresso Sencillo;14-16;Pacífica;5
3091;;28;20211113;65400;Café del día;18-20;Orinoquía;4
3092;M;78;20240721;35000;Arequipe Latte;10-12;Caribe;5
3093;M;46;20221013;48000;Latte;10-12;Insular;1
3094;M;67;20240119;50000;Latte Macchiato;18-20;Insular;1
3095;M;93;20240129;41000;Latte;20-22;Insular;3
3096;M;58;20230113;96000;Cappuccino;16-18;Caribe;4
3097;F;42;20240121;90000;Espresso Doble;16-18;Insular;3
3098;;28;20220919;65400;Chocolate Blanco Helado;16-18;Pacífica;3
3099;F;46;20221222;69000;Espresso Doble;16-18;Insular;1
3100;M;48;20200524;78000;Chocolate Caliente;10-12;Pacífica;2
3101;F;64;20221112;109000;Chocolate Helado;14-16;Andina;4
3102;F;49;20211028;68000;Chocolate Helado;10-12;Pacífica;2
3103;M;64;20231210;57000;Chocolate Blanco Helado;10-12;Insular;4
3104;M;51;20240101;53000;Espresso Sencillo;12-14;Pacífica;2
3105;M;48;20230625;89000;Chocolate Blanco;20-22;Caribe;4
3106;M;55;20220201;66000;Americano;10-12;Andina;1
3107;M;21;20230501;31000;Espresso Sencillo;18-20;Caribe;4
3108;M;27;20200126;33000;Mocha Latte;10-12;Insular;1
3109;M;54;20211210;88000;Americano;10-12;Pacífica;4
3110;;28;20230511;65400;Flat White;12-14;Caribe;4
3111;O;74;20211010;56000;Espresso Macchiato;14-16;Pacífica;5
3112;F;73;20231110;48000;Latte Macchiato;12-14;Andina;2
3113;M;56;20221017;74000;Chocolate Helado;12-14;Caribe;1
3114;M;61;20230821;119000;Arequipe Latte;12-14;Pacífica;2
3115;M;65;20230824;82000;Espresso Sencillo;10-12;Caribe;1
3116;F;55;20240111;31000;Latte Macchiato;18-20;Andina;4
3117;F;42;20220719;74000;Latte Macchiato;14-16;Andina;2
3118;;28;20230126;65400;Latte Macchiato;14-16;Caribe;4
3119;;28;20240604;65400;Flat White;14-16;Orinoquía;4
3120;M;64;20240426;47000;Arequipe Latte;18-20;Insular;3
3121;F;47;20240717;88000;Mocha Latte;14-16;Insular;2
3122;;28;20230815;65400;Espresso Macchiato;20-22;Orinoquía;2
3123;;28;20220129;65400;Chocolate Blanco Helado;16-18;Insular;2
3124;F;41;20231205;37000;Espresso Sencillo;10-12;Pacífica;5
3125;F;70;20221003;97000;Americano;16-18;Orinoquía;3
3126;F;56;20240524;97000;Latte;10-12;Caribe;2
3127;M;72;20240207;47000;Espresso Macchiato;14-16;Orinoquía;3
3128;F;64;20231126;50000;Espresso Doble;10-12;Andina;2
3129;F;67;20240607;36000;Espresso Macchiato;18-20;Caribe;5
3130;M;54;20231218;78000;Espresso Macchiato;10-12;Insular;1
3131;F;88;20230910;59000;Chocolate Helado;18-20;Andina;5
3132;M;89;20220604;92000;Arequipe Latte;16-18;Pacífica;3
3133;M;60;20211127;114000;Espresso Sencillo;10-12;Caribe;5
3134;M;52;20231003;90000;Americano;12-14;Orinoquía;4
3135;F;55;20240303;97000;Chocolate Blanco;10-12;Insular;4
3136;M;19;20230911;37000;Mocha Latte;10-12;Pacífica;5
3137;F;58;20230914;116000;Chocolate Blanco Helado;20-22;Andina;1
3138;M;60;20220508;76000;Latte Macchiato;10-12;Orinoquía;5
3139;;28;20211122;65400;Cappuccino;18-20;Orinoquía;4
3140;M;21;20240516;42000;Espresso Doble;14-16;Caribe;4
3141;M;45;20240314;49000;Latte Macchiato;16-18;Andina;1
3142;;28;20230116;65400;Latte Macchiato;18-20;Orinoquía;1
3143;F;62;20220103;82000;Americano;16-18;Andina;3
3144;;28;20220327;65400;Café del día;10-12;Orinoquía;3
3145;M;73;20240615;61000;Chocolate Helado;20-22;Pacífica;4
3146;;28;20220226;65400;Mocha Latte;16-18;Insular;4
3147;M;50;20230211;73000;Latte Macchiato;10-12;Orinoquía;3
3148;M;39;20240516;48000;Chocolate Caliente;18-20;Pacífica;2
3149;M;49;20240601;59000;Americano;18-20;Andina;3
3150;;28;20231205;65400;Latte;12-14;Andina;4
3151;M;66;20230407;33000;Mocha Blanco Latte;20-22;Pacífica;3
3152;F;94;20210908;68000;Chocolate Caliente;18-20;Orinoquía;2
3153;M;59;20240427;113000;Americano;16-18;Andina;2
3154;;28;20230925;65400;Cappuccino;18-20;Pacífica;2
3155;F;58;20220209;91000;Chocolate Blanco;12-14;Andina;1
3156;M;36;20240528;47000;Cappuccino;20-22;Pacífica;4
3157;F;57;20240601;79000;Chocolate Caliente;12-14;Insular;1
3158;F;59;20240414;54000;Caramel Macchiato;10-12;Insular;2
3159;F;53;20230831;102000;Chocolate Helado;18-20;Pacífica;5
3160;;28;20220701;65400;Arequipe Latte;14-16;Insular;4
3161;F;57;20220316;43000;Latte Macchiato;20-22;Orinoquía;1
3162;F;23;20231018;61000;Latte;20-22;Insular;2
3163;F;54;20240417;81000;Latte;14-16;Andina;2
3164;F;49;20240313;73000;Latte Macchiato;20-22;Insular;4
3165;F;68;20220924;72000;Mocha Blanco Latte;12-14;Andina;5
3166;M;25;20231219;73000;Caramel Macchiato;20-22;Insular;1
3167;M;66;20230518;51000;Cappuccino;12-14;Caribe;5
3168;M;46;20190930;35000;Americano;14-16;Andina;5
3169;;28;20211112;65400;Mocha Latte;12-14;Orinoquía;2
3170;F;69;20230328;115000;Caramel Macchiato;14-16;Pacífica;1
3171;F;55;20240404;75000;Café del día;18-20;Andina;3
3172;F;39;20231105;42000;Flat White;18-20;Pacífica;2
3173;;28;20211018;65400;Cappuccino;16-18;Insular;5
3174;M;41;20240514;78000;Caramel Macchiato;12-14;Orinoquía;3
3175;F;82;20230106;87000;Cappuccino;16-18;Caribe;2
3176;M;52;20221010;55000;Espresso Sencillo;16-18;Andina;4
3177;F;69;20230225;87000;Mocha Latte;18-20;Insular;1
3178;M;73;20191005;46000;Americano;16-18;Pacífica;4
3179;M;51;20231116;34000;Chocolate Blanco;20-22;Caribe;1
3180;M;70;20220829;36000;Latte Macchiato;12-14;Caribe;2
3181;;28;20230921;65400;Cappuccino;16-18;Caribe;5
3182;M;49;20220106;47000;Mocha Blanco Latte;12-14;Andina;4
3183;M;53;20231015;32000;Caramel Macchiato;10-12;Caribe;5
3184;F;65;20231221;83000;Cappuccino;20-22;Pacífica;5
3185;F;51;20231019;81000;Chocolate Blanco;18-20;Pacífica;4
3186;M;66;20210204;72000;Americano;16-18;Caribe;1
3187;F;59;20230524;69000;Caramel Macchiato;20-22;Orinoquía;1
3188;F;54;20231101;63000;Espresso Doble;10-12;Caribe;5
3189;M;34;20240519;38000;Espresso Macchiato;20-22;Caribe;5
3190;M;71;20220426;60000;Cappuccino;12-14;Caribe;3
3191;O;75;20211014;60000;Café del día;16-18;Insular;4
3192;F;56;20230617;82000;Mocha Latte;10-12;Orinoquía;4
3193;M;72;20230817;65000;Americano;18-20;Andina;5
3194;M;46;20230923;42000;Espresso Macchiato;10-12;Insular;1
3195;M;76;20230324;80000;Cappuccino;18-20;Pacífica;4
3196;M;68;20231224;99000;Cappuccino;18-20;Orinoquía;3
3197;M;26;20240419;52000;Espresso Sencillo;18-20;Caribe;2
3198;M;56;20230425;57000;Latte Macchiato;20-22;Caribe;2
3199;F;61;20230218;73000;Chocolate Blanco Helado;18-20;Caribe;2
3200;F;91;20240110;53000;Mocha Latte;12-14;Insular;3
3201;F;68;20231101;71000;Flat White;16-18;Andina;2
3202;F;71;20220902;82000;Flat White;20-22;Andina;4
3203;F;58;20240629;32000;Mocha Latte;14-16;Andina;5
3204;;28;20240110;65400;Espresso Sencillo;20-22;Pacífica;1
3205;M;21;20211101;44000;Café del día;10-12;Andina;1
3206;M;26;20231118;64000;Chocolate Blanco;14-16;Caribe;5
3207;;28;20230322;65400;Espresso Doble;18-20;Pacífica;2
3208;M;60;20240621;71000;Espresso Doble;18-20;Orinoquía;2
3209;F;54;20231214;102000;Chocolate Caliente;16-18;Orinoquía;5
3210;F;48;20240314;72000;Café del día;12-14;Insular;3
3211;;28;20230907;65400;Latte Macchiato;10-12;Insular;1
3212;M;90;20231209;56000;Café del día;10-12;Insular;3
3213;;28;20220503;65400;Flat White;14-16;Orinoquía;5
3214;F;57;20211011;71000;Chocolate Caliente;10-12;Insular;4
3215;M;66;20231017;32000;Latte Macchiato;18-20;Pacífica;5
3216;F;55;20220825;93000;Espresso Macchiato;12-14;Orinoquía;1
3217;;28;20230623;65400;Mocha Latte;14-16;Caribe;1
3218;M;52;20230708;71000;Americano;10-12;Orinoquía;3
3219;M;61;20230411;63000;Flat White;12-14;Insular;3
3220;F;49;20231113;104000;Chocolate Blanco;18-20;Orinoquía;1
3221;M;76;20230926;46000;Americano;10-12;Andina;1
3222;F;60;20230807;87000;Mocha Latte;20-22;Orinoquía;2
3223;M;52;20240515;80000;Latte Macchiato;18-20;Caribe;4
3224;M;61;20231119;45000;Espresso Sencillo;10-12;Pacífica;1
3225;F;22;20231218;56000;Espresso Macchiato;14-16;Andina;3
3226;M;87;20230829;30000;Arequipe Latte;14-16;Caribe;3
3227;F;29;20230318;61000;Arequipe Latte;14-16;Pacífica;4
3228;M;58;20240324;81000;Mocha Latte;18-20;Insular;4
3229;M;72;20231028;75000;Flat White;14-16;Pacífica;4
3230;;28;20220313;65400;Flat White;16-18;Caribe;3
3231;;28;20230306;65400;Café del día;20-22;Andina;4
3232;M;52;20220207;82000;Chocolate Caliente;12-14;Andina;5
3233;M;66;20240319;69000;Latte;12-14;Pacífica;1
3234;F;37;20240702;47000;Espresso Doble;18-20;Pacífica;2
3235;F;44;20230624;87000;Espresso Sencillo;16-18;Insular;4
3236;M;65;20240605;68000;Flat White;14-16;Caribe;2
3237;F;63;20230912;96000;Flat White;12-14;Andina;1
3238;;28;20230803;65400;Café del día;14-16;Andina;5
3239;F;79;20201007;66000;Cappuccino;20-22;Caribe;2
3240;M;53;20240213;44000;Cappuccino;20-22;Pacífica;5
3241;M;52;20220201;38000;Mocha Blanco Latte;18-20;Insular;3
3242;;28;20210826;65400;Mocha Blanco Latte;10-12;Caribe;5
3243;F;64;20220507;118000;Mocha Latte;14-16;Pacífica;1
3244;;28;20231104;65400;Espresso Sencillo;20-22;Andina;3
3245;F;63;20230302;64000;Mocha Latte;14-16;Orinoquía;5
3246;M;18;20240313;51000;Café del día;14-16;Orinoquía;1
3247;F;66;20240305;83000;Flat White;16-18;Caribe;4
3248;M;70;20230622;82000;Espresso Sencillo;16-18;Pacífica;1
3249;F;66;20231001;59000;Caramel Macchiato;10-12;Pacífica;3
3250;F;42;20220614;98000;Chocolate Caliente;20-22;Pacífica;3
3251;F;75;20240706;68000;Arequipe Latte;14-16;Caribe;3
3252;M;20;20231208;47000;Chocolate Blanco;12-14;Insular;5
3253;F;19;20230608;55000;Arequipe Latte;14-16;Orinoquía;4
3254;F;21;20231120;40000;Espresso Macchiato;12-14;Insular;5
3255;;28;20230506;65400;Chocolate Helado;12-14;Insular;2
3256;F;59;20230505;87000;Chocolate Caliente;16-18;Caribe;3
3257;;28;20220420;65400;Cappuccino;10-12;Orinoquía;1
3258;F;70;20230625;77000;Flat White;20-22;Orinoquía;3
3259;F;23;20240105;62000;Espresso Doble;14-16;Insular;3
3260;F;84;20230822;96000;Chocolate Caliente;20-22;Caribe;5
3261;;28;20230901;65400;Arequipe Latte;16-18;Andina;3
3262;;28;20230330;65400;Chocolate Caliente;14-16;Andina;1
3263;F;62;20240723;85000;Latte;18-20;Pacífica;4
3264;F;43;20230526;88000;Americano;20-22;Insular;1
3265;F;56;20230126;119000;Americano;16-18;Pacífica;5
3266;;28;20220215;65400;Chocolate Caliente;14-16;Caribe;5
3267;M;51;20231116;79000;Chocolate Blanco Helado;10-12;Caribe;2
3268;M;59;20220808;60000;Espresso Macchiato;20-22;Orinoquía;3
3269;;28;20230802;65400;Flat White;16-18;Insular;4
3270;M;68;20201027;64000;Chocolate Blanco;12-14;Andina;2
3271;M;80;20231009;31000;Latte;10-12;Pacífica;3
3272;F;50;20230724;97000;Mocha Blanco Latte;10-12;Caribe;3
3273;M;68;20220317;77000;Latte;10-12;Caribe;3
3274;M;53;20240717;88000;Café del día;16-18;Andina;5
3275;F;19;20230125;54000;Cappuccino;20-22;Andina;4
3276;M;43;20200520;49000;Chocolate Caliente;18-20;Orinoquía;2
3277;F;53;20220905;83000;Chocolate Blanco;14-16;Pacífica;1
3278;;28;20230430;65400;Espresso Macchiato;18-20;Caribe;4
3279;;28;20210930;65400;Latte;20-22;Pacífica;3
3280;F;65;20210902;78000;Chocolate Blanco;10-12;Andina;4
3281;M;72;20240622;100000;Americano;10-12;Andina;4
3282;M;50;20240106;65000;Mocha Blanco Latte;14-16;Caribe;1
3283;M;50;20240213;94000;Latte Macchiato;20-22;Caribe;3
3284;F;63;20231110;94000;Mocha Blanco Latte;18-20;Insular;3
3285;M;40;20210226;68000;Mocha Blanco Latte;18-20;Orinoquía;4
3286;F;54;20240517;43000;Latte;18-20;Pacífica;2
3287;M;47;20230729;35000;Chocolate Helado;14-16;Pacífica;1
3288;M;40;20210221;38000;Espresso Sencillo;18-20;Pacífica;1
3289;;28;20210810;65400;Flat White;20-22;Pacífica;1
3290;M;59;20231030;45000;Café del día;10-12;Pacífica;4
3291;M;38;20240715;77000;Flat White;10-12;Andina;4
3292;F;52;20240714;63000;Chocolate Blanco;20-22;Caribe;5
3293;F;81;20230608;86000;Chocolate Helado;12-14;Insular;5
3294;F;79;20240131;53000;Cappuccino;16-18;Insular;2
3295;M;47;20240628;50000;Flat White;12-14;Andina;5
3296;F;84;20230128;96000;Espresso Macchiato;20-22;Insular;4
3297;F;73;20240628;65000;Latte;12-14;Caribe;1
3298;M;90;20230909;89000;Café del día;16-18;Pacífica;4
3299;M;54;20211026;66000;Arequipe Latte;20-22;Caribe;3
3300;F;80;20231124;109000;Caramel Macchiato;14-16;Insular;4
3301;M;58;20240116;71000;Americano;10-12;Insular;2
3302;M;60;20230302;52000;Espresso Macchiato;16-18;Insular;1
3303;M;82;20240215;96000;Espresso Doble;16-18;Caribe;2
3304;M;48;20240402;77000;Chocolate Blanco;20-22;Andina;1
3305;M;49;20240721;81000;Chocolate Caliente;12-14;Andina;2
3306;F;54;20230911;89000;Latte Macchiato;20-22;Pacífica;2
3307;;28;20210926;65400;Chocolate Caliente;20-22;Pacífica;1
3308;M;57;20240106;34000;Cappuccino;12-14;Andina;3
3309;O;39;20240607;42000;Latte;10-12;Orinoquía;5
3310;M;74;20220817;65000;Chocolate Helado;10-12;Insular;2
3311;F;42;20231129;51000;Chocolate Blanco;18-20;Caribe;5
3312;F;52;20240216;44000;Caramel Macchiato;14-16;Insular;1
3313;M;53;20220627;64000;Espresso Doble;12-14;Orinoquía;5
3314;;28;20221221;65400;Chocolate Blanco;10-12;Caribe;1
3315;F;57;20240718;51000;Americano;12-14;Pacífica;2
3316;M;60;20230815;82000;Espresso Sencillo;16-18;Orinoquía;4
3317;;28;20231211;65400;Chocolate Helado;10-12;Caribe;4
3318;M;52;20240417;64000;Flat White;18-20;Insular;3
3319;M;77;20231215;54000;Café del día;12-14;Orinoquía;1
3320;M;31;20230811;68000;Mocha Latte;12-14;Orinoquía;3
3321;M;45;20230924;55000;Chocolate Blanco;14-16;Insular;5
3322;F;36;20230908;52000;Latte;18-20;Insular;5
3323;M;86;20240117;73000;Latte Macchiato;16-18;Orinoquía;5
3324;F;62;20200224;44000;Espresso Macchiato;18-20;Caribe;2
3325;;28;20230407;65400;Chocolate Helado;20-22;Insular;2
3326;;28;20231225;65400;Cappuccino;16-18;Pacífica;5
3327;F;53;20210811;91000;Cappuccino;18-20;Caribe;4
3328;;28;20220602;65400;Chocolate Blanco;10-12;Caribe;1
3329;M;45;20231118;50000;Espresso Macchiato;16-18;Insular;3
3330;F;47;20221118;64000;Latte Macchiato;10-12;Orinoquía;5
3331;F;64;20230909;71000;Espresso Sencillo;20-22;Insular;1
3332;;28;20221211;65400;Espresso Sencillo;12-14;Pacífica;3
3333;F;50;20240119;33000;Americano;16-18;Pacífica;2
3334;F;72;20240318;74000;Chocolate Caliente;18-20;Insular;5
3335;F;22;20220926;36000;Cappuccino;18-20;Andina;4
3336;M;41;20211113;47000;Mocha Blanco Latte;18-20;Orinoquía;1
3337;M;48;20240411;51000;Espresso Doble;12-14;Orinoquía;2
3338;M;48;20240109;58000;Cappuccino;20-22;Caribe;5
3339;M;56;20230510;85000;Latte;10-12;Andina;4
3340;F;48;20221223;59000;Arequipe Latte;14-16;Andina;1
3341;M;55;20231227;42000;Americano;18-20;Orinoquía;1
3342;;28;20231014;65400;Espresso Doble;12-14;Pacífica;5
3343;M;69;20201230;41000;Espresso Doble;16-18;Orinoquía;2
3344;F;64;20220410;66000;Espresso Doble;16-18;Pacífica;3
3345;M;51;20231002;75000;Chocolate Blanco Helado;10-12;Pacífica;4
3346;M;26;20201221;61000;Latte;16-18;Andina;2
3347;M;40;20230809;59000;Arequipe Latte;14-16;Pacífica;4
3348;M;52;20230823;81000;Espresso Macchiato;18-20;Caribe;3
3349;M;87;20230731;45000;Latte;20-22;Caribe;1
3350;M;82;20240218;72000;Caramel Macchiato;20-22;Pacífica;1
3351;M;63;20230106;39000;Café del día;12-14;Andina;4
3352;M;53;20240714;82000;Latte Macchiato;14-16;Orinoquía;1
3353;F;80;20230116;116000;Caramel Macchiato;12-14;Insular;2
3354;M;45;20231029;35000;Latte Macchiato;12-14;Insular;4
3355;;28;20240116;65400;Chocolate Helado;16-18;Caribe;4
3356;;28;20220612;65400;Café del día;16-18;Pacífica;3
3357;;28;20230614;65400;Latte;12-14;Pacífica;3
3358;M;50;20221114;84000;Chocolate Helado;16-18;Orinoquía;4
3359;M;59;20240616;63000;Chocolate Blanco;18-20;Orinoquía;4
3360;F;55;20230406;107000;Café del día;18-20;Insular;5
3361;F;36;20230625;70000;Caramel Macchiato;12-14;Caribe;1
3362;M;62;20220525;73000;Latte Macchiato;10-12;Orinoquía;5
3363;M;92;20240208;38000;Espresso Sencillo;12-14;Insular;3
3364;F;28;20231111;58000;Espresso Doble;10-12;Insular;2
3365;F;59;20231106;78000;Arequipe Latte;18-20;Orinoquía;1
3366;F;69;20240416;52000;Café del día;14-16;Orinoquía;4
3367;F;40;20230823;57000;Mocha Blanco Latte;14-16;Pacífica;4
3368;M;63;20230925;105000;Flat White;10-12;Andina;5
3369;M;46;20210927;74000;Flat White;12-14;Insular;5
3370;F;77;20210819;83000;Latte Macchiato;12-14;Andina;2
3371;M;58;20220712;91000;Arequipe Latte;18-20;Pacífica;1
3372;;28;20240114;65400;Latte Macchiato;10-12;Caribe;5
3373;F;56;20230917;73000;Americano;10-12;Caribe;4
3374;M;67;20201102;62000;Latte;20-22;Caribe;5
3375;;28;20230606;65400;Mocha Latte;12-14;Orinoquía;3
3376;M;54;20231007;69000;Espresso Doble;14-16;Pacífica;3
3377;F;77;20240621;70000;Latte Macchiato;10-12;Caribe;4
3378;M;68;20240712;33000;Latte;14-16;Insular;3
3379;;28;20211007;65400;Flat White;20-22;Orinoquía;1
3380;O;28;20230124;30000;Caramel Macchiato;18-20;Orinoquía;1
3381;F;33;20240507;73000;Café del día;18-20;Insular;4
3382;F;41;20231023;60000;Chocolate Caliente;10-12;Caribe;5
3383;;28;20240419;65400;Flat White;16-18;Pacífica;5
3384;M;55;20221203;94000;Caramel Macchiato;10-12;Andina;4
3385;F;50;20230817;59000;Mocha Blanco Latte;10-12;Caribe;5
3386;F;73;20211224;84000;Chocolate Helado;10-12;Pacífica;3
3387;M;66;20220805;31000;Chocolate Caliente;12-14;Orinoquía;5
3388;M;77;20220816;57000;Café del día;10-12;Caribe;4
3389;F;57;20230303;55000;Espresso Macchiato;18-20;Andina;3
3390;;28;20240101;65400;Mocha Latte;16-18;Orinoquía;5
3391;M;54;20221114;41000;Chocolate Helado;18-20;Andina;2
3392;F;62;20230906;89000;Espresso Doble;18-20;Pacífica;3
3393;;28;20230802;65400;Chocolate Blanco Helado;18-20;Orinoquía;3
3394;F;58;20240222;116000;Chocolate Blanco Helado;18-20;Caribe;4
3395;M;34;20210814;72000;Latte Macchiato;20-22;Insular;1
3396;M;57;20220628;67000;Mocha Blanco Latte;12-14;Caribe;3
3397;F;36;20240120;58000;Chocolate Helado;14-16;Andina;1
3398;F;38;20230118;58000;Espresso Macchiato;12-14;Andina;5
3399;M;59;20200828;36000;Latte Macchiato;12-14;Insular;5
3400;F;48;20230222;118000;Espresso Macchiato;10-12;Pacífica;5
3401;M;56;20230124;72000;Espresso Macchiato;18-20;Caribe;3
3402;;28;20221123;65400;Flat White;12-14;Pacífica;2
3403;M;81;20240605;76000;Espresso Doble;16-18;Andina;1
3404;M;78;20200710;62000;Chocolate Caliente;14-16;Insular;4
3405;M;31;20240615;51000;Espresso Macchiato;20-22;Pacífica;2
3406;M;23;20240711;33000;Chocolate Blanco Helado;10-12;Orinoquía;2
3407;M;76;20240725;58000;Espresso Doble;20-22;Insular;3
3408;F;61;20240527;78000;Chocolate Blanco;16-18;Caribe;1
3409;F;38;20231204;72000;Americano;16-18;Caribe;3
3410;M;53;20230731;52000;Americano;16-18;Orinoquía;2
3411;M;53;20231203;84000;Chocolate Blanco Helado;14-16;Caribe;5
3412;M;67;20231219;87000;Latte;16-18;Caribe;5
3413;F;77;20220823;87000;Flat White;14-16;Insular;4
3414;M;73;20220224;80000;Chocolate Caliente;16-18;Andina;2
3415;F;64;20240120;58000;Chocolate Blanco Helado;20-22;Orinoquía;1
3416;M;67;20240619;89000;Espresso Macchiato;10-12;Andina;4
3417;M;54;20231118;31000;Arequipe Latte;18-20;Andina;4
3418;F;67;20231022;92000;Chocolate Blanco;18-20;Pacífica;4
3419;M;78;20220411;78000;Mocha Latte;14-16;Caribe;1
3420;M;66;20220209;70000;Flat White;20-22;Insular;3
3421;M;34;20200904;44000;Chocolate Blanco Helado;18-20;Caribe;5
3422;M;49;20230921;82000;Espresso Doble;14-16;Orinoquía;5
3423;M;24;20230826;57000;Arequipe Latte;12-14;Andina;3
3424;M;59;20231230;102000;Arequipe Latte;14-16;Orinoquía;5
3425;M;61;20220128;53000;Chocolate Blanco;14-16;Orinoquía;1
3426;M;33;20230923;64000;Americano;14-16;Pacífica;3
3427;M;66;20240416;35000;Cappuccino;18-20;Insular;2
3428;F;83;20240321;104000;Cappuccino;16-18;Andina;4
3429;M;54;20230201;109000;Mocha Blanco Latte;18-20;Caribe;1
3430;;28;20240117;65400;Espresso Macchiato;20-22;Caribe;4
3431;;28;20230804;65400;Americano;20-22;Andina;5
3432;F;62;20240704;96000;Chocolate Caliente;10-12;Pacífica;2
3433;;28;20231016;65400;Cappuccino;12-14;Insular;1
3434;F;65;20230810;112000;Mocha Latte;14-16;Andina;2
3435;M;75;20240119;79000;Mocha Latte;20-22;Pacífica;2
3436;F;44;20210729;84000;Chocolate Helado;14-16;Pacífica;3
3437;M;74;20231202;67000;Latte Macchiato;14-16;Insular;2
3438;F;60;20231203;86000;Flat White;16-18;Caribe;2
3439;M;26;20210519;73000;Espresso Sencillo;20-22;Pacífica;4
3440;F;57;20230826;66000;Mocha Latte;14-16;Insular;3
3441;F;91;20240206;89000;Chocolate Caliente;20-22;Andina;2
3442;;28;20231218;65400;Café del día;18-20;Insular;1
3443;F;62;20221007;46000;Mocha Latte;18-20;Pacífica;2
3444;M;79;20211031;47000;Chocolate Helado;12-14;Pacífica;3
3445;M;33;20231025;51000;Cappuccino;16-18;Pacífica;3
3446;;28;20240622;65400;Café del día;18-20;Andina;4
3447;F;23;20240324;65000;Cappuccino;20-22;Pacífica;3
3448;M;42;20240215;56000;Espresso Doble;18-20;Andina;2
3449;M;68;20230903;68000;Espresso Doble;10-12;Insular;4
3450;F;52;20220828;68000;Americano;16-18;Pacífica;1
3451;F;48;20230916;72000;Chocolate Blanco;10-12;Insular;5
3452;M;37;20230124;74000;Chocolate Blanco Helado;18-20;Pacífica;3
3453;F;73;20230910;39000;Latte;20-22;Orinoquía;2
3454;M;35;20230608;35000;Espresso Sencillo;16-18;Pacífica;3
3455;M;55;20210820;87000;Chocolate Caliente;20-22;Andina;3
3456;F;51;20240223;73000;Latte;10-12;Pacífica;3
3457;F;53;20240125;55000;Espresso Macchiato;14-16;Andina;5
3458;;28;20230408;65400;Cappuccino;20-22;Orinoquía;1
3459;M;59;20231007;48000;Espresso Doble;12-14;Caribe;5
3460;F;56;20230924;110000;Latte;18-20;Pacífica;5
3461;M;54;20240619;67000;Cappuccino;16-18;Insular;1
3462;M;47;20240213;54000;Mocha Blanco Latte;12-14;Insular;3
3463;;28;20220729;65400;Espresso Sencillo;14-16;Insular;2
3464;M;63;20240718;32000;Chocolate Helado;18-20;Andina;1
3465;F;64;20220905;73000;Arequipe Latte;10-12;Pacífica;3
3466;F;21;20210809;39000;Café del día;14-16;Caribe;5
3467;F;52;20221223;112000;Arequipe Latte;16-18;Orinoquía;3
3468;F;70;20211127;80000;Latte Macchiato;20-22;Insular;1
3469;M;24;20240720;50000;Chocolate Helado;16-18;Pacífica;1
3470;M;45;20220117;36000;Arequipe Latte;18-20;Andina;4
3471;M;18;20190920;60000;Chocolate Blanco Helado;12-14;Insular;2
3472;M;52;20231002;32000;Espresso Macchiato;12-14;Andina;2
3473;M;39;20231213;51000;Chocolate Caliente;18-20;Insular;1
3474;M;47;20231013;59000;Chocolate Blanco;14-16;Pacífica;1
3475;M;32;20220116;49000;Mocha Blanco Latte;16-18;Pacífica;2
3476;F;46;20231215;41000;Chocolate Caliente;16-18;Orinoquía;4
3477;F;64;20240228;30000;Caramel Macchiato;14-16;Pacífica;1
3478;M;38;20240717;43000;Chocolate Helado;18-20;Insular;1
3479;M;51;20230422;71000;Latte;18-20;Pacífica;2
3480;M;65;20211230;50000;Flat White;14-16;Orinoquía;4
3481;F;78;20220806;85000;Arequipe Latte;18-20;Andina;4
3482;F;40;20230818;56000;Flat White;14-16;Pacífica;5
3483;;28;20230917;65400;Chocolate Caliente;10-12;Orinoquía;5
3484;F;54;20240425;65000;Chocolate Blanco;12-14;Orinoquía;2
3485;M;60;20200508;31000;Latte Macchiato;14-16;Andina;3
3486;M;85;20230615;47000;Flat White;18-20;Caribe;3
3487;M;56;20240310;37000;Caramel Macchiato;12-14;Caribe;4
3488;M;47;20231014;58000;Caramel Macchiato;20-22;Pacífica;1
3489;M;42;20231207;70000;Chocolate Blanco Helado;16-18;Insular;4
3490;M;63;20240313;66000;Espresso Sencillo;10-12;Orinoquía;2
3491;;28;20220421;65400;Chocolate Caliente;16-18;Insular;2
3492;M;22;20211229;38000;Espresso Macchiato;18-20;Andina;4
3493;M;19;20231222;32000;Chocolate Helado;12-14;Pacífica;1
3494;;28;20240414;65400;Espresso Sencillo;18-20;Insular;2
3495;M;61;20231019;98000;Chocolate Blanco Helado;18-20;Orinoquía;2
3496;F;59;20230910;60000;Caramel Macchiato;20-22;Insular;2
3497;M;47;20240607;39000;Mocha Latte;18-20;Caribe;2
3498;;28;20200512;65400;Chocolate Caliente;10-12;Pacífica;3
3499;F;51;20240611;77000;Chocolate Helado;12-14;Andina;3
3500;F;69;20230722;33000;Cappuccino;16-18;Orinoquía;5
3501;M;26;20210925;47000;Cappuccino;16-18;Insular;5
3502;;28;20210524;65400;Americano;18-20;Orinoquía;4
3503;M;18;20240505;37000;Espresso Macchiato;10-12;Andina;5
3504;M;20;20231215;31000;Americano;10-12;Orinoquía;3
3505;M;43;20230305;59000;Latte;14-16;Orinoquía;1
3506;M;23;20240117;35000;Chocolate Caliente;12-14;Pacífica;2
3507;F;57;20220307;34000;Espresso Doble;12-14;Pacífica;3
3508;F;78;20240722;66000;Caramel Macchiato;16-18;Orinoquía;5
3509;M;97;20230821;31000;Mocha Blanco Latte;16-18;Pacífica;3
3510;;28;20240331;65400;Cappuccino;20-22;Caribe;1
3511;M;36;20240718;74000;Arequipe Latte;18-20;Orinoquía;5
3512;M;85;20211010;50000;Mocha Blanco Latte;12-14;Caribe;2
3513;F;69;20220726;55000;Chocolate Blanco Helado;20-22;Insular;2
3514;M;66;20231110;40000;Latte;16-18;Andina;1
3515;M;39;20220125;31000;Espresso Sencillo;12-14;Pacífica;1
3516;;28;20240101;65400;Chocolate Blanco;14-16;Pacífica;2
3517;F;58;20231206;75000;Café del día;18-20;Caribe;2
3518;M;45;20230211;67000;Cappuccino;10-12;Insular;1
3519;M;54;20231222;64000;Mocha Blanco Latte;14-16;Andina;5
3520;F;59;20240517;53000;Arequipe Latte;18-20;Pacífica;5
3521;;28;20240517;65400;Chocolate Helado;10-12;Pacífica;5
3522;M;24;20240121;55000;Arequipe Latte;14-16;Orinoquía;4
3523;M;61;20240215;62000;Café del día;16-18;Orinoquía;1
3524;M;74;20240130;54000;Americano;18-20;Caribe;1
3525;;28;20240624;65400;Café del día;12-14;Orinoquía;5
3526;M;29;20220508;71000;Caramel Macchiato;12-14;Andina;2
3527;F;61;20230415;97000;Mocha Blanco Latte;20-22;Orinoquía;1
3528;F;73;20240317;37000;Espresso Sencillo;14-16;Andina;1
3529;;28;20231230;65400;Mocha Latte;14-16;Insular;5
3530;F;52;20231224;51000;Mocha Latte;18-20;Insular;4
3531;F;73;20240626;84000;Cappuccino;14-16;Caribe;5
3532;F;54;20230607;75000;Arequipe Latte;18-20;Insular;2
3533;F;81;20230928;57000;Espresso Doble;14-16;Insular;3
3534;F;64;20240106;72000;Chocolate Helado;14-16;Pacífica;1
3535;M;65;20210921;78000;Chocolate Caliente;16-18;Orinoquía;1
3536;M;65;20240522;74000;Cappuccino;12-14;Caribe;2
3537;M;29;20200620;65000;Mocha Blanco Latte;10-12;Insular;5
3538;M;33;20230821;44000;Arequipe Latte;12-14;Orinoquía;4
3539;M;74;20240703;61000;Chocolate Blanco Helado;16-18;Insular;2
3540;M;64;20231028;44000;Chocolate Helado;18-20;Caribe;2
3541;M;50;20230831;89000;Chocolate Blanco;12-14;Caribe;1
3542;;28;20221204;65400;Arequipe Latte;20-22;Pacífica;4
3543;F;44;20220312;72000;Chocolate Blanco;16-18;Pacífica;1
3544;F;63;20201007;54000;Chocolate Helado;18-20;Andina;3
3545;F;77;20240110;46000;Caramel Macchiato;20-22;Caribe;3
3546;M;64;20240403;48000;Latte Macchiato;14-16;Insular;5
3547;F;72;20211212;85000;Chocolate Caliente;20-22;Caribe;2
3548;M;56;20230903;64000;Flat White;20-22;Pacífica;5
3549;M;73;20230609;67000;Latte Macchiato;18-20;Orinoquía;5
3550;M;52;20240623;47000;Mocha Blanco Latte;14-16;Andina;2
3551;M;43;20240513;45000;Mocha Latte;10-12;Andina;1
3552;M;49;20221106;66000;Mocha Latte;10-12;Insular;1
3553;M;87;20221130;65000;Latte Macchiato;20-22;Pacífica;5
3554;F;40;20240620;38000;Espresso Macchiato;20-22;Orinoquía;1
3555;F;63;20200701;55000;Mocha Latte;20-22;Andina;3
3556;F;86;20220325;75000;Mocha Blanco Latte;20-22;Insular;3
3557;M;51;20230313;104000;Chocolate Blanco Helado;16-18;Insular;4
3558;;28;20211021;65400;Espresso Sencillo;18-20;Pacífica;5
3559;F;53;20221116;106000;Espresso Sencillo;10-12;Pacífica;4
3560;M;62;20231110;68000;Mocha Latte;12-14;Insular;3
3561;M;56;20220109;72000;Chocolate Caliente;12-14;Insular;1
3562;;28;20231030;65400;Chocolate Blanco Helado;16-18;Insular;4
3563;F;53;20231211;48000;Café del día;20-22;Andina;5
3564;;28;20220712;65400;Mocha Latte;14-16;Andina;4
3565;F;61;20231109;65000;Chocolate Blanco;14-16;Pacífica;3
3566;F;59;20211024;77000;Latte;12-14;Insular;5
3567;;28;20220321;65400;Chocolate Blanco;12-14;Pacífica;3
3568;;28;20231013;65400;Chocolate Blanco;14-16;Pacífica;5
3569;M;58;20230815;119000;Caramel Macchiato;14-16;Caribe;2
3570;M;80;20211006;58000;Café del día;18-20;Caribe;2
3571;M;59;20240610;87000;Chocolate Blanco;20-22;Orinoquía;5
3572;M;24;20240311;42000;Espresso Doble;12-14;Insular;2
3573;M;88;20220415;62000;Espresso Macchiato;16-18;Pacífica;1
3574;M;73;20231129;54000;Mocha Latte;12-14;Caribe;5
3575;M;61;20240118;33000;Chocolate Blanco;14-16;Andina;4
3576;;28;20240304;65400;Americano;14-16;Insular;3
3577;M;56;20230727;50000;Chocolate Blanco Helado;12-14;Orinoquía;5
3578;F;71;20240109;87000;Americano;20-22;Caribe;3
3579;;28;20231108;65400;Americano;14-16;Insular;1
3580;F;48;20230817;71000;Cappuccino;20-22;Orinoquía;2
3581;;28;20220128;65400;Mocha Blanco Latte;14-16;Pacífica;4
3582;F;78;20190805;81000;Chocolate Caliente;10-12;Orinoquía;3
3583;F;53;20211030;88000;Latte Macchiato;12-14;Andina;1
3584;F;49;20230708;71000;Latte Macchiato;10-12;Andina;2
3585;M;72;20240508;92000;Chocolate Blanco Helado;12-14;Caribe;5
3586;F;75;20231206;115000;Cappuccino;16-18;Orinoquía;1
3587;M;25;20230121;61000;Latte Macchiato;10-12;Andina;3
3588;F;47;20240717;50000;Espresso Sencillo;16-18;Orinoquía;1
3589;F;45;20220301;74000;Chocolate Blanco Helado;10-12;Pacífica;2
3590;F;59;20240108;68000;Espresso Sencillo;20-22;Insular;5
3591;F;92;20231207;37000;Chocolate Blanco Helado;20-22;Andina;5
3592;M;50;20240118;38000;Chocolate Caliente;12-14;Andina;5
3593;F;73;20230819;53000;Cappuccino;16-18;Orinoquía;1
3594;;28;20230831;65400;Arequipe Latte;14-16;Caribe;1
3595;F;58;20210915;88000;Espresso Sencillo;18-20;Andina;2
3596;M;22;20231213;57000;Chocolate Blanco;20-22;Caribe;3
3597;M;67;20240130;45000;Espresso Doble;20-22;Orinoquía;1
3598;M;30;20220418;48000;Mocha Latte;20-22;Insular;4
3599;M;45;20220908;46000;Café del día;14-16;Orinoquía;5
3600;F;58;20230202;73000;Espresso Doble;16-18;Caribe;3
3601;F;62;20230930;52000;Arequipe Latte;18-20;Insular;1
3602;F;91;20211119;71000;Flat White;16-18;Pacífica;5
3603;M;70;20231225;68000;Espresso Sencillo;20-22;Caribe;4
3604;;28;20220331;65400;Chocolate Helado;10-12;Andina;4
3605;M;39;20190827;50000;Latte;10-12;Orinoquía;5
3606;M;58;20200418;39000;Mocha Latte;14-16;Caribe;3
3607;F;49;20230326;87000;Café del día;14-16;Andina;2
3608;F;89;20230922;81000;Espresso Macchiato;16-18;Caribe;5
3609;M;44;20210225;68000;Chocolate Caliente;18-20;Andina;3
3610;F;55;20230214;44000;Chocolate Caliente;16-18;Caribe;3
3611;M;56;20210920;38000;Chocolate Caliente;18-20;Caribe;1
3612;M;65;20231222;76000;Espresso Sencillo;18-20;Insular;4
3613;M;90;20240409;38000;Latte Macchiato;20-22;Caribe;4
3614;M;62;20210917;52000;Latte Macchiato;12-14;Caribe;5
3615;F;63;20230808;68000;Chocolate Blanco Helado;20-22;Andina;3
3616;F;36;20240103;40000;Mocha Latte;12-14;Orinoquía;5
3617;F;62;20231222;94000;Flat White;20-22;Pacífica;5
3618;M;19;20221204;43000;Mocha Latte;16-18;Andina;4
3619;;28;20220926;65400;Americano;20-22;Insular;3
3620;M;76;20240308;118000;Chocolate Caliente;20-22;Pacífica;5
3621;M;43;20230924;51000;Arequipe Latte;12-14;Pacífica;1
3622;M;24;20220325;50000;Americano;18-20;Orinoquía;5
3623;F;83;20230325;58000;Flat White;12-14;Andina;5
3624;M;67;20230812;34000;Flat White;20-22;Insular;2
3625;F;35;20211018;45000;Espresso Sencillo;16-18;Andina;2
3626;M;65;20200521;61000;Espresso Doble;18-20;Pacífica;2
3627;F;58;20230906;109000;Americano;12-14;Orinoquía;4
3628;M;43;20221225;72000;Caramel Macchiato;12-14;Caribe;1
3629;F;71;20220517;89000;Latte Macchiato;12-14;Andina;3
3630;F;69;20220522;85000;Chocolate Blanco;12-14;Pacífica;4
3631;M;67;20220720;38000;Chocolate Blanco;10-12;Caribe;2
3632;F;48;20230513;94000;Caramel Macchiato;14-16;Caribe;1
3633;M;43;20230830;34000;Chocolate Helado;14-16;Caribe;2
3634;M;23;20240428;42000;Latte;12-14;Orinoquía;4
3635;F;75;20230514;109000;Cappuccino;20-22;Andina;1
3636;F;32;20220110;64000;Chocolate Helado;16-18;Insular;4
3637;M;58;20230430;79000;Latte Macchiato;18-20;Pacífica;2
3638;F;62;20200114;40000;Chocolate Helado;16-18;Orinoquía;4
3639;M;41;20230731;42000;Espresso Sencillo;12-14;Andina;4
3640;M;42;20220905;68000;Chocolate Blanco;16-18;Andina;4
3641;M;27;20220531;32000;Latte;14-16;Pacífica;3
3642;M;63;20240630;84000;Chocolate Caliente;10-12;Caribe;3
3643;M;43;20231002;34000;Espresso Sencillo;14-16;Insular;4
3644;M;21;20191106;47000;Chocolate Helado;16-18;Caribe;1
3645;;28;20211220;65400;Flat White;12-14;Caribe;5
3646;;28;20230827;65400;Café del día;14-16;Caribe;2
3647;M;70;20231014;79000;Caramel Macchiato;12-14;Orinoquía;3
3648;F;67;20211127;65000;Flat White;16-18;Insular;4
3649;M;71;20240530;69000;Chocolate Blanco;14-16;Pacífica;1
3650;M;30;20240223;60000;Americano;12-14;Pacífica;1
3651;;28;20240404;65400;Café del día;10-12;Caribe;2
3652;;28;20240613;65400;Arequipe Latte;18-20;Andina;1
3653;M;36;20200115;64000;Latte Macchiato;18-20;Caribe;4
3654;M;72;20230827;48000;Café del día;12-14;Insular;3
3655;M;58;20190813;54000;Latte;20-22;Insular;5
3656;M;22;20240130;72000;Espresso Macchiato;10-12;Andina;3
3657;M;45;20200427;86000;Espresso Sencillo;20-22;Andina;2
3658;F;39;20230505;52000;Espresso Doble;16-18;Orinoquía;1
3659;M;66;20230806;88000;Chocolate Blanco Helado;14-16;Orinoquía;5
3660;M;45;20240716;62000;Mocha Blanco Latte;12-14;Pacífica;4
3661;F;41;20230822;56000;Latte Macchiato;14-16;Pacífica;3
3662;F;20;20220111;54000;Caramel Macchiato;18-20;Insular;2
3663;M;56;20220121;56000;Arequipe Latte;20-22;Pacífica;4
3664;F;73;20240724;113000;Chocolate Blanco Helado;18-20;Insular;5
3665;F;65;20231225;48000;Espresso Sencillo;20-22;Insular;1
3666;;28;20240215;65400;Chocolate Blanco;16-18;Andina;5
3667;F;88;20230913;69000;Chocolate Caliente;18-20;Caribe;4
3668;M;64;20210722;67000;Latte Macchiato;10-12;Orinoquía;2
3669;;28;20220314;65400;Chocolate Caliente;16-18;Caribe;2
3670;F;53;20230222;65000;Arequipe Latte;20-22;Andina;3
3671;M;82;20240525;44000;Espresso Macchiato;20-22;Pacífica;3
3672;F;34;20231103;33000;Americano;20-22;Caribe;4
3673;F;83;20220190;107000;Café del día;20-22;Insular;2
3674;F;43;20230705;66000;Caramel Macchiato;18-20;Insular;3
3675;M;82;20231023;63000;Chocolate Blanco Helado;14-16;Insular;2
3676;;28;20210928;65400;Mocha Latte;20-22;Insular;5
3677;M;56;20221124;55000;Chocolate Caliente;12-14;Pacífica;2
3678;F;59;20230821;95000;Chocolate Blanco Helado;10-12;Orinoquía;2
3679;M;55;20240329;62000;Mocha Latte;16-18;Insular;3
3680;F;65;20221216;97000;Chocolate Caliente;14-16;Insular;3
3681;F;68;20240308;68000;Chocolate Blanco;10-12;Andina;5
3682;M;47;20191109;40000;Flat White;10-12;Pacífica;5
3683;F;36;20231009;35000;Espresso Sencillo;16-18;Insular;4
3684;F;40;20230615;71000;Mocha Blanco Latte;16-18;Insular;4
3685;F;54;20230809;55000;Latte;16-18;Pacífica;3
3686;M;71;20240302;59000;Chocolate Caliente;16-18;Insular;2
3687;;28;20240407;65400;Arequipe Latte;18-20;Insular;4
3688;M;37;20210806;67000;Latte;14-16;Pacífica;1
3689;;28;20240704;65400;Chocolate Helado;10-12;Insular;4
3690;M;54;20221023;58000;Espresso Doble;14-16;Insular;5
3691;M;49;20240504;72000;Latte Macchiato;14-16;Andina;2
3692;M;72;20210622;62000;Latte Macchiato;10-12;Orinoquía;2
3693;M;35;20220316;35000;Mocha Blanco Latte;16-18;Andina;5
3694;M;58;20221010;61000;Mocha Blanco Latte;16-18;Caribe;2
3695;M;73;20230901;71000;Mocha Blanco Latte;20-22;Pacífica;5
3696;F;55;20220613;119000;Espresso Macchiato;18-20;Insular;5
3697;;28;20230912;65400;Arequipe Latte;14-16;Caribe;5
3698;M;42;20231012;86000;Espresso Macchiato;18-20;Orinoquía;2
3699;M;57;20240216;83000;Chocolate Helado;14-16;Caribe;5
3700;M;19;20231228;53000;Caramel Macchiato;16-18;Andina;2
3701;F;58;20221103;46000;Caramel Macchiato;20-22;Pacífica;2
3702;F;63;20240328;65000;Flat White;12-14;Caribe;5
3703;F;66;20220718;87000;Cappuccino;12-14;Insular;1
3704;F;60;20231010;65000;Café del día;12-14;Caribe;5
3705;M;51;20230131;75000;Café del día;16-18;Caribe;2
3706;M;46;20190918;46000;Latte Macchiato;18-20;Caribe;5
3707;M;81;20240311;76000;Arequipe Latte;12-14;Orinoquía;4
3708;F;37;20220403;58000;Arequipe Latte;16-18;Orinoquía;5
3709;;28;20210130;65400;Chocolate Blanco;16-18;Andina;1
3710;M;21;20240303;58000;Mocha Blanco Latte;10-12;Orinoquía;3
3711;F;77;20230524;62000;Arequipe Latte;12-14;Caribe;5
3712;F;18;20201127;40000;Chocolate Caliente;10-12;Andina;4
3713;F;70;20240505;71000;Chocolate Blanco;14-16;Pacífica;4
3714;;28;20230820;65400;Mocha Latte;10-12;Orinoquía;4
3715;M;57;20231017;95000;Chocolate Helado;10-12;Orinoquía;3
3716;F;62;20231109;58000;Latte;18-20;Andina;5
3717;M;21;20240104;71000;Chocolate Blanco;16-18;Orinoquía;1
3718;F;69;20220407;53000;Chocolate Caliente;10-12;Caribe;4
3719;;28;20230207;65400;Cappuccino;10-12;Orinoquía;5
3720;M;62;20220730;64000;Chocolate Helado;10-12;Insular;5
3721;M;48;20210517;71000;Latte;16-18;Pacífica;5
3722;M;21;20231207;60000;Cappuccino;12-14;Andina;2
3723;M;75;20230713;94000;Mocha Latte;14-16;Orinoquía;3
3724;F;82;20240228;73000;Espresso Doble;18-20;Orinoquía;3
3725;M;56;20231111;30000;Flat White;18-20;Andina;3
3726;M;45;20231124;60000;Espresso Macchiato;12-14;Insular;3
3727;;28;20231005;65400;Espresso Sencillo;18-20;Andina;3
3728;;28;20240105;65400;Latte Macchiato;16-18;Pacífica;1
3729;F;28;20231217;32000;Caramel Macchiato;14-16;Pacífica;2
3730;F;56;20231206;60000;Flat White;12-14;Orinoquía;5
3731;F;49;20240319;51000;Arequipe Latte;18-20;Pacífica;5
3732;;28;20231121;65400;Mocha Blanco Latte;18-20;Pacífica;3
3733;;28;20220913;65400;Café del día;18-20;Orinoquía;1
3734;M;61;20230822;99000;Latte;10-12;Pacífica;2
3735;F;35;20211029;33000;Chocolate Caliente;14-16;Caribe;5
3736;M;35;20240624;64000;Latte Macchiato;12-14;Pacífica;3
3737;M;44;20230711;49000;Espresso Macchiato;18-20;Caribe;5
3738;M;30;20240605;31000;Caramel Macchiato;12-14;Caribe;3
3739;M;58;20240309;33000;Café del día;12-14;Pacífica;2
3740;M;35;20200404;41000;Espresso Macchiato;20-22;Andina;3
3741;F;58;20230104;91000;Chocolate Blanco;18-20;Orinoquía;3
3742;F;45;20190909;82000;Americano;14-16;Andina;5
3743;O;62;20220821;65000;Americano;12-14;Caribe;5
3744;M;66;20220309;52000;Arequipe Latte;12-14;Orinoquía;3
3745;F;64;20220209;80000;Americano;18-20;Pacífica;3
3746;;28;20230127;65400;Chocolate Caliente;20-22;Insular;4
3747;M;27;20240211;32000;Latte Macchiato;12-14;Caribe;5
3748;M;24;20211021;51000;Cappuccino;16-18;Orinoquía;2
3749;M;25;20230912;44000;Latte;12-14;Orinoquía;1
3750;M;83;20240705;62000;Cappuccino;12-14;Pacífica;4
3751;M;49;20230914;67000;Latte Macchiato;16-18;Pacífica;1
3752;M;70;20200917;93000;Caramel Macchiato;10-12;Caribe;5
3753;F;71;20220417;97000;Espresso Sencillo;18-20;Orinoquía;1
3754;M;27;20231201;37000;Café del día;20-22;Pacífica;5
3755;M;52;20210228;37000;Chocolate Caliente;18-20;Andina;3
3756;F;22;20230122;49000;Arequipe Latte;16-18;Insular;1
3757;;28;20240301;65400;Americano;20-22;Andina;4
3758;M;48;20230820;32000;Chocolate Helado;20-22;Insular;4
3759;F;57;20211027;102000;Espresso Doble;20-22;Orinoquía;2
3760;M;63;20240315;51000;Chocolate Blanco;14-16;Insular;3
3761;M;58;20220418;79000;Mocha Blanco Latte;10-12;Orinoquía;5
3762;M;60;20230227;66000;Chocolate Helado;18-20;Caribe;3
3763;F;85;20240405;80000;Flat White;10-12;Caribe;4
3764;;38;20240106;65400;Espresso Sencillo;20-22;Caribe;3
3765;M;54;20231022;51000;Espresso Doble;16-18;Caribe;1
3766;F;92;20220816;108000;Café del día;10-12;Orinoquía;5
3767;M;19;20230922;54000;Chocolate Caliente;10-12;Andina;4
3768;F;73;20240226;36000;Espresso Doble;10-12;Caribe;2
3769;M;51;20240116;44000;Café del día;16-18;Caribe;3
3770;M;36;20231214;38000;Caramel Macchiato;12-14;Orinoquía;5
3771;F;92;20231019;87000;Chocolate Blanco Helado;20-22;Pacífica;4
3772;F;65;20240112;80000;Mocha Blanco Latte;18-20;Orinoquía;4
3773;M;62;20230805;40000;Café del día;12-14;Caribe;2
3774;F;81;20240401;79000;Arequipe Latte;14-16;Caribe;4
3775;M;53;20200316;70000;Espresso Macchiato;14-16;Pacífica;4
3776;F;55;20220202;75000;Chocolate Caliente;18-20;Pacífica;2
3777;M;61;20240226;35000;Latte Macchiato;16-18;Orinoquía;4
3778;;38;20230823;65400;Mocha Blanco Latte;20-22;Pacífica;5
3779;M;32;20231124;68000;Café del día;14-16;Orinoquía;5
3780;M;54;20230618;71000;Mocha Blanco Latte;14-16;Caribe;3
3781;;38;20240503;65400;Cappuccino;20-22;Insular;3
3782;M;65;20201230;50000;Latte Macchiato;10-12;Insular;3
3783;;38;20220107;65400;Chocolate Helado;12-14;Insular;4
3784;F;65;20230303;88000;Flat White;10-12;Insular;4
3785;F;72;20240616;93000;Cappuccino;16-18;Orinoquía;4
3786;;38;20231130;65400;Café del día;12-14;Andina;4
3787;M;48;20220909;78000;Café del día;18-20;Pacífica;4
3788;M;58;20231204;54000;Chocolate Caliente;20-22;Andina;4
3789;F;79;20220524;72000;Caramel Macchiato;12-14;Caribe;4
3790;F;56;20240102;90000;Caramel Macchiato;14-16;Andina;2
3791;F;44;20231027;53000;Latte Macchiato;12-14;Orinoquía;1
3792;M;55;20230814;57000;Espresso Macchiato;14-16;Pacífica;4
3793;M;33;20230421;72000;Espresso Sencillo;20-22;Caribe;1
3794;F;24;20220113;72000;Chocolate Blanco;18-20;Pacífica;3
3795;F;48;20230808;75000;Caramel Macchiato;18-20;Pacífica;4
3796;;38;20230625;65400;Caramel Macchiato;12-14;Andina;5
3797;F;56;20230606;118000;Chocolate Blanco;10-12;Orinoquía;5
3798;M;55;20230930;32000;Latte;10-12;Pacífica;5
3799;F;70;20240427;84000;Chocolate Blanco Helado;14-16;Orinoquía;1
3800;M;62;20230816;55000;Chocolate Blanco;10-12;Insular;1
3801;;38;20240323;65400;Café del día;10-12;Caribe;4
3802;F;58;20211102;39000;Café del día;12-14;Pacífica;1
3803;M;62;20230804;52000;Caramel Macchiato;14-16;Pacífica;5
3804;F;84;20230810;100000;Espresso Macchiato;20-22;Orinoquía;1
3805;F;38;20240411;44000;Espresso Macchiato;18-20;Pacífica;4
3806;M;60;20240615;85000;Mocha Blanco Latte;14-16;Andina;4
3807;M;54;20231020;60000;Flat White;14-16;Pacífica;5
3808;F;59;20220812;103000;Latte Macchiato;14-16;Andina;2
3809;M;83;20231123;103000;Chocolate Helado;14-16;Insular;1
3810;M;64;20230503;54000;Caramel Macchiato;20-22;Caribe;3
3811;;38;20240417;65400;Flat White;10-12;Caribe;2
3812;F;47;20211101;41000;Mocha Blanco Latte;20-22;Pacífica;4
3813;M;50;20240121;46000;Latte Macchiato;18-20;Insular;5
3814;M;48;20231117;64000;Chocolate Helado;18-20;Andina;2
3815;F;26;20230608;41000;Arequipe Latte;20-22;Orinoquía;5
3816;;38;20231006;65400;Chocolate Blanco;16-18;Caribe;2
3817;F;83;20231019;41000;Arequipe Latte;20-22;Orinoquía;5
3818;F;90;20231203;89000;Café del día;14-16;Caribe;3
3819;F;60;20230811;97000;Espresso Macchiato;14-16;Pacífica;4
3820;F;51;20230113;85000;Cappuccino;16-18;Insular;1
3821;M;40;20231021;50000;Flat White;16-18;Andina;3
3822;M;40;20231129;70000;Flat White;14-16;Pacífica;4
3823;F;62;20220406;101000;Espresso Sencillo;16-18;Caribe;5
3824;M;37;20231105;64000;Arequipe Latte;12-14;Insular;3
3825;F;53;20230129;91000;Chocolate Helado;16-18;Orinoquía;2
3826;F;50;20240313;55000;Mocha Latte;12-14;Andina;5
3827;F;39;20240519;74000;Chocolate Caliente;18-20;Andina;3
3828;;38;20240220;65400;Chocolate Helado;12-14;Orinoquía;1
3829;M;36;20230914;36000;Cappuccino;14-16;Caribe;3
3830;M;61;20231112;54000;Latte Macchiato;14-16;Andina;1
3831;F;56;20221016;72000;Espresso Sencillo;20-22;Pacífica;2
3832;F;61;20230828;115000;Café del día;16-18;Pacífica;2
3833;M;22;20220428;35000;Mocha Blanco Latte;18-20;Caribe;3
3834;M;62;20210524;74000;Chocolate Helado;18-20;Pacífica;3
3835;;38;20231205;65400;Café del día;14-16;Insular;4
3836;;38;20230207;65400;Espresso Macchiato;18-20;Pacífica;4
3837;M;70;20230430;84000;Espresso Doble;20-22;Pacífica;1
3838;M;83;20240725;96000;Caramel Macchiato;16-18;Insular;3
3839;F;94;20220929;31000;Mocha Blanco Latte;20-22;Caribe;3
3840;M;46;20230906;50000;Caramel Macchiato;20-22;Pacífica;2
3841;F;69;20220108;48000;Espresso Macchiato;16-18;Andina;5
3842;M;59;20230804;43000;Arequipe Latte;12-14;Caribe;1
3843;M;81;20220825;120000;Arequipe Latte;16-18;Caribe;1
3844;F;51;20240206;43000;Mocha Latte;10-12;Insular;2
3845;F;48;20231113;54000;Espresso Sencillo;10-12;Insular;5
3846;M;60;20230128;92000;Café del día;10-12;Orinoquía;4
3847;M;40;20220829;65000;Mocha Latte;16-18;Insular;5
3848;F;24;20230122;61000;Arequipe Latte;18-20;Andina;3
3849;M;43;20230603;87000;Chocolate Helado;16-18;Insular;5
3850;M;60;20231014;83000;Latte;18-20;Insular;4
3851;F;22;20221115;49000;Arequipe Latte;12-14;Insular;5
3852;M;24;20240212;53000;Latte Macchiato;20-22;Insular;1
3853;;38;20240721;65400;Chocolate Blanco;16-18;Orinoquía;2
3854;F;94;20200823;75000;Arequipe Latte;10-12;Pacífica;4
3855;F;26;20230430;57000;Latte;18-20;Orinoquía;4
3856;M;26;20240703;62000;Café del día;12-14;Andina;5
3857;M;52;20231121;56000;Espresso Macchiato;16-18;Andina;1
3858;M;73;20191112;41000;Espresso Macchiato;20-22;Andina;4
3859;M;48;20220104;72000;Chocolate Helado;12-14;Andina;2
3860;F;65;20200308;39000;Cappuccino;18-20;Orinoquía;5
3861;F;38;20220329;85000;Chocolate Blanco Helado;18-20;Insular;3
3862;;38;20230901;65400;Chocolate Caliente;16-18;Andina;2
3863;M;49;20220514;50000;Arequipe Latte;12-14;Insular;1
3864;M;54;20240429;35000;Latte Macchiato;14-16;Caribe;1
3865;M;54;20230408;57000;Mocha Blanco Latte;16-18;Pacífica;4
3866;M;58;20200716;40000;Chocolate Helado;10-12;Insular;4
3867;M;51;20240417;65000;Chocolate Blanco Helado;20-22;Orinoquía;5
3868;M;49;20230218;39000;Chocolate Helado;18-20;Andina;4
3869;F;55;20220728;86000;Chocolate Blanco Helado;10-12;Pacífica;3
3870;M;57;20230320;31000;Arequipe Latte;14-16;Andina;4
3871;M;61;20230331;52000;Flat White;16-18;Andina;3
3872;F;67;20230911;43000;Latte;14-16;Caribe;5
3873;F;35;20220430;34000;Mocha Blanco Latte;12-14;Andina;2
3874;;38;20201204;65400;Espresso Sencillo;10-12;Orinoquía;2
3875;M;33;20220709;32000;Mocha Blanco Latte;10-12;Caribe;4
3876;F;53;20240605;110000;Chocolate Blanco Helado;12-14;Insular;3
3877;F;61;20211128;87000;Chocolate Blanco Helado;14-16;Pacífica;1
3878;M;59;20210220;59000;Chocolate Helado;12-14;Orinoquía;2
3879;F;51;20220104;114000;Flat White;12-14;Andina;4
3880;;38;20231230;65400;Americano;12-14;Orinoquía;5
3881;M;63;20220408;38000;Chocolate Blanco Helado;18-20;Orinoquía;3
3882;M;86;20230921;80000;Americano;12-14;Orinoquía;1
3883;;38;20220818;65400;Latte Macchiato;10-12;Andina;2
3884;M;49;20230618;56000;Cappuccino;16-18;Orinoquía;4
3885;F;71;20240319;96000;Chocolate Blanco;12-14;Insular;1
3886;M;62;20240129;80000;Caramel Macchiato;18-20;Caribe;5
3887;M;78;20231209;33000;Chocolate Blanco Helado;18-20;Insular;5
3888;;38;20231001;65400;Espresso Macchiato;14-16;Orinoquía;3
3889;F;54;20230226;108000;Americano;20-22;Andina;3
3890;M;68;20230826;37000;Chocolate Helado;14-16;Insular;4
3891;F;88;20230712;89000;Chocolate Blanco;12-14;Caribe;5
3892;;38;20230101;65400;Espresso Macchiato;18-20;Insular;5
3893;;38;20240407;65400;Mocha Latte;20-22;Insular;1
3894;M;33;20240722;72000;Arequipe Latte;16-18;Andina;4
3895;M;42;20211224;36000;Americano;16-18;Andina;2
3896;M;28;20231123;70000;Mocha Blanco Latte;18-20;Orinoquía;1
3897;F;51;20221030;50000;Chocolate Blanco;20-22;Caribe;2
3898;M;41;20231129;97000;Chocolate Blanco Helado;16-18;Caribe;2
3899;F;37;20231013;58000;Mocha Blanco Latte;12-14;Andina;1
3900;M;61;20201104;55000;Chocolate Blanco Helado;14-16;Caribe;3
3901;M;46;20220522;53000;Arequipe Latte;18-20;Andina;1
3902;M;18;20220603;36000;Flat White;14-16;Orinoquía;4
3903;M;20;20231216;43000;Espresso Sencillo;18-20;Insular;5
3904;;38;20220225;65400;Arequipe Latte;18-20;Pacífica;4
3905;F;86;20240109;100000;Café del día;10-12;Insular;5
3906;F;53;20220321;83000;Espresso Sencillo;20-22;Andina;5
3907;F;69;20230530;75000;Café del día;20-22;Andina;3
3908;M;28;20210218;50000;Caramel Macchiato;18-20;Andina;3
3909;M;67;20220228;79000;Latte Macchiato;12-14;Andina;4
3910;F;41;20230825;50000;Mocha Latte;20-22;Andina;5
3911;F;78;20230421;99000;Flat White;14-16;Orinoquía;2
3912;M;47;20240206;39000;Espresso Sencillo;10-12;Pacífica;5
3913;M;32;20230920;73000;Mocha Blanco Latte;18-20;Orinoquía;5
3914;M;68;20230620;33000;Espresso Sencillo;10-12;Pacífica;3
3915;O;52;20230307;60000;Chocolate Caliente;20-22;Caribe;5
3916;F;62;20221203;57000;Mocha Latte;16-18;Orinoquía;5
3917;M;38;20211019;38000;Café del día;10-12;Pacífica;2
3918;F;74;20220627;86000;Café del día;16-18;Orinoquía;1
3919;M;25;20211205;60000;Café del día;18-20;Andina;3
3920;M;22;20231030;49000;Cappuccino;18-20;Andina;5
3921;M;24;20240608;35000;Espresso Macchiato;16-18;Pacífica;4
3922;M;52;20230408;97000;Espresso Macchiato;10-12;Andina;4
3923;;38;20231213;65400;Chocolate Blanco;10-12;Insular;1
3924;F;54;20240527;36000;Arequipe Latte;16-18;Andina;3
3925;M;62;20210814;54000;Chocolate Blanco;18-20;Pacífica;5
3926;M;65;20240330;55000;Espresso Macchiato;18-20;Andina;5
3927;M;48;20231025;37000;Arequipe Latte;14-16;Orinoquía;5
3928;F;64;20231228;93000;Chocolate Blanco;20-22;Orinoquía;1
3929;M;33;20240128;73000;Espresso Sencillo;20-22;Insular;5
3930;M;25;20220220;48000;Chocolate Helado;10-12;Pacífica;1
3931;F;56;20221226;118000;Latte Macchiato;12-14;Orinoquía;1
3932;;38;20230917;65400;Chocolate Helado;18-20;Insular;5
3933;M;66;20240208;65000;Mocha Latte;16-18;Insular;4
3934;M;31;20211218;44000;Flat White;20-22;Andina;3
3935;F;53;20240608;108000;Espresso Doble;18-20;Orinoquía;5
3936;M;47;20211120;85000;Flat White;10-12;Caribe;3
3937;M;67;20190924;74000;Mocha Blanco Latte;20-22;Orinoquía;2
3938;M;75;20230531;112000;Latte;12-14;Orinoquía;5
3939;F;50;20240107;91000;Caramel Macchiato;14-16;Orinoquía;2
3940;;38;20240311;65400;Chocolate Blanco;12-14;Orinoquía;3
3941;;38;20230912;65400;Espresso Sencillo;12-14;Andina;4
3942;M;89;20211005;84000;Chocolate Blanco Helado;16-18;Andina;4
3943;M;57;20220103;104000;Americano;10-12;Caribe;2
3944;M;44;20221021;96000;Cappuccino;14-16;Insular;5
3945;M;38;20220407;51000;Arequipe Latte;16-18;Orinoquía;3
3946;F;85;20230929;74000;Espresso Sencillo;20-22;Insular;5
3947;;38;20240109;65400;Espresso Macchiato;12-14;Pacífica;2
3948;M;66;20221120;103000;Café del día;20-22;Pacífica;5
3949;M;34;20221024;64000;Mocha Latte;18-20;Pacífica;3
3950;M;64;20220410;55000;Espresso Macchiato;10-12;Orinoquía;5
3951;M;43;20240723;99000;Caramel Macchiato;16-18;Caribe;2
3952;M;59;20221118;54000;Americano;16-18;Andina;2
3953;F;62;20221017;33000;Mocha Latte;18-20;Insular;3
3954;F;58;20220307;64000;Chocolate Blanco Helado;12-14;Pacífica;2
3955;M;22;20220211;33000;Chocolate Helado;12-14;Andina;1
3956;F;63;20230808;34000;Arequipe Latte;16-18;Caribe;3
3957;M;48;20240112;37000;Arequipe Latte;16-18;Insular;4
3958;M;61;20240523;59000;Latte;12-14;Pacífica;1
3959;M;75;20230828;36000;Flat White;16-18;Caribe;3
3960;M;47;20230601;43000;Americano;20-22;Caribe;4
3961;M;41;20230216;88000;Chocolate Helado;18-20;Insular;5
3962;F;62;20221125;95000;Chocolate Helado;16-18;Pacífica;4
3963;M;42;20240202;61000;Mocha Blanco Latte;12-14;Orinoquía;1
3964;F;72;20230201;91000;Mocha Blanco Latte;20-22;Insular;1
3965;M;52;20230506;68000;Arequipe Latte;16-18;Pacífica;5
3966;M;69;20230516;54000;Chocolate Blanco;12-14;Orinoquía;1
3967;;38;20210801;65400;Chocolate Helado;16-18;Pacífica;4
3968;M;48;20210601;87000;Mocha Latte;12-14;Insular;3
3969;M;66;20230920;72000;Caramel Macchiato;14-16;Caribe;3
3970;M;62;20211211;54000;Café del día;14-16;Andina;1
3971;M;30;20240130;55000;Chocolate Helado;20-22;Andina;4
3972;F;47;20240401;93000;Cappuccino;14-16;Andina;1
3973;M;64;20240203;88000;Chocolate Caliente;14-16;Orinoquía;2
3974;M;84;20200504;98000;Chocolate Caliente;18-20;Caribe;1
3975;M;39;20230427;71000;Espresso Sencillo;16-18;Insular;3
3976;M;58;20240507;36000;Espresso Sencillo;16-18;Pacífica;5
3977;;38;20230908;65400;Cappuccino;18-20;Insular;1
3978;;38;20220420;65400;Chocolate Helado;14-16;Caribe;3
3979;F;38;20231121;38000;Espresso Macchiato;14-16;Andina;4
3980;M;23;20231106;74000;Chocolate Caliente;10-12;Caribe;1
3981;F;41;20230928;64000;Chocolate Blanco Helado;10-12;Pacífica;4
3982;M;65;20200406;53000;Chocolate Caliente;12-14;Insular;3
3983;F;74;20221231;45000;Flat White;18-20;Andina;5
3984;M;69;20230513;72000;Latte;12-14;Caribe;5
3985;;38;20220114;65400;Caramel Macchiato;20-22;Insular;1
3986;F;56;20230520;54000;Mocha Latte;10-12;Pacífica;5
3987;;38;20220719;65400;Espresso Macchiato;10-12;Andina;4
3988;F;42;20231129;60000;Arequipe Latte;12-14;Caribe;2
3989;;38;20240124;65400;Caramel Macchiato;14-16;Andina;2
3990;F;52;20230512;79000;Latte Macchiato;14-16;Andina;3
3991;F;67;20220320;63000;Cappuccino;20-22;Andina;3
3992;F;64;20210903;84000;Espresso Sencillo;20-22;Orinoquía;3
3993;F;67;20231028;102000;Americano;10-12;Andina;5
3994;M;55;20231014;52000;Latte Macchiato;18-20;Orinoquía;2
3995;M;54;20240420;59000;Latte;14-16;Pacífica;3
3996;M;46;20210224;39000;Flat White;10-12;Insular;4
3997;F;83;20230904;43000;Espresso Sencillo;12-14;Caribe;1
3998;F;28;20230413;59000;Latte;20-22;Orinoquía;3
3999;M;51;20230807;81000;Café del día;14-16;Insular;5
4000;F;43;20230414;87000;Mocha Latte;14-16;Pacífica;4
4001;;38;20240113;65400;Cappuccino;10-12;Orinoquía;5
4002;M;32;20230819;71000;Chocolate Blanco Helado;18-20;Pacífica;5
4003;;38;20220826;65400;Flat White;16-18;Andina;2
4004;F;59;20231108;70000;Espresso Macchiato;12-14;Caribe;5
4005;;38;20230901;65400;Chocolate Blanco Helado;20-22;Insular;1
4006;;38;20230928;65400;Flat White;20-22;Orinoquía;1
4007;;38;20211017;65400;Latte Macchiato;20-22;Pacífica;4
4008;M;46;20240121;63000;Chocolate Helado;18-20;Andina;1
4009;;38;20220330;65400;Arequipe Latte;10-12;Pacífica;4
4010;M;40;20240110;59000;Mocha Blanco Latte;18-20;Orinoquía;2
4011;M;63;20240321;54000;Americano;16-18;Caribe;5
4012;M;59;20220124;38000;Chocolate Caliente;18-20;Andina;4
4013;F;39;20221116;32000;Americano;16-18;Pacífica;4
4014;M;57;20220404;76000;Chocolate Blanco Helado;20-22;Insular;3
4015;M;48;20230803;59000;Espresso Macchiato;14-16;Orinoquía;3
4016;M;18;20231010;67000;Café del día;16-18;Insular;3
4017;F;58;20200914;93000;Arequipe Latte;20-22;Andina;4
4018;M;47;20231027;51000;Espresso Doble;18-20;Insular;1
4019;F;59;20240601;101000;Chocolate Blanco;12-14;Andina;1
4020;M;67;20220331;77000;Cappuccino;20-22;Pacífica;4
4021;F;28;20230107;62000;Espresso Sencillo;18-20;Pacífica;1
4022;M;52;20200415;92000;Americano;12-14;Pacífica;1
4023;M;43;20230727;57000;Arequipe Latte;20-22;Andina;3
4024;O;53;20220123;97000;Flat White;16-18;Insular;4
4025;M;73;20230823;52000;Mocha Blanco Latte;12-14;Andina;2
4026;F;37;20220216;57000;Mocha Blanco Latte;18-20;Pacífica;5
4027;M;37;20240405;47000;Cappuccino;10-12;Caribe;3
4028;M;50;20230819;55000;Latte Macchiato;12-14;Pacífica;2
4029;M;48;20230827;71000;Chocolate Helado;10-12;Insular;2
4030;M;33;20240501;44000;Americano;20-22;Insular;4
4031;;38;20230128;65400;Espresso Sencillo;16-18;Caribe;5
4032;M;81;20210728;73000;Espresso Sencillo;16-18;Andina;1
4033;F;53;20231023;114000;Chocolate Caliente;10-12;Caribe;4
4034;M;52;20191223;35000;Cappuccino;10-12;Caribe;1
4035;F;36;20220127;58000;Caramel Macchiato;16-18;Pacífica;5
4036;F;59;20220222;75000;Mocha Latte;16-18;Caribe;2
4037;M;62;20230520;72000;Chocolate Helado;12-14;Insular;3
4038;;38;20231002;65400;Mocha Blanco Latte;12-14;Caribe;1
4039;M;71;20210602;69000;Espresso Macchiato;14-16;Pacífica;4
4040;;38;20231104;65400;Mocha Latte;14-16;Andina;5
4041;M;51;20231116;106000;Espresso Macchiato;20-22;Pacífica;5
4042;F;73;20230303;80000;Flat White;14-16;Pacífica;1
4043;F;65;20240112;80000;Latte;14-16;Caribe;5
4044;F;63;20231127;108000;Chocolate Blanco;20-22;Pacífica;2
4045;M;42;20200102;57000;Chocolate Blanco;12-14;Orinoquía;3
4046;F;81;20220701;77000;Caramel Macchiato;12-14;Andina;5
4047;F;73;20231221;100000;Mocha Latte;14-16;Insular;1
4048;M;53;20231126;81000;Espresso Macchiato;18-20;Orinoquía;2
4049;M;31;20220514;35000;Americano;18-20;Caribe;2
4050;M;35;20240226;70000;Caramel Macchiato;12-14;Caribe;5
4051;M;84;20200215;63000;Flat White;20-22;Andina;1
4052;M;40;20231210;56000;Café del día;12-14;Orinoquía;3
4053;F;62;20230924;72000;Latte;14-16;Andina;1
4054;M;21;20240223;70000;Espresso Sencillo;14-16;Caribe;2
4055;F;74;20240120;104000;Americano;20-22;Orinoquía;3
4056;F;64;20210822;102000;Latte;10-12;Andina;5
4057;M;56;20240122;47000;Mocha Blanco Latte;12-14;Caribe;3
4058;F;67;20231230;86000;Cappuccino;20-22;Andina;1
4059;M;50;20211124;37000;Americano;20-22;Orinoquía;5
4060;F;85;20230226;96000;Latte;20-22;Orinoquía;3
4061;M;68;20231203;52000;Chocolate Helado;10-12;Orinoquía;1
4062;F;24;20240112;56000;Arequipe Latte;18-20;Orinoquía;5
4063;F;40;20220904;61000;Espresso Macchiato;16-18;Insular;5
4064;F;26;20221207;72000;Americano;16-18;Insular;5
4065;F;45;20240317;61000;Americano;12-14;Pacífica;5
4066;M;59;20230606;105000;Cappuccino;14-16;Insular;4
4067;F;74;20220114;91000;Flat White;18-20;Orinoquía;4
4068;M;51;20210624;61000;Arequipe Latte;12-14;Insular;4
4069;M;39;20240714;45000;Flat White;14-16;Orinoquía;2
4070;;38;20240604;65400;Café del día;20-22;Caribe;5
4071;F;65;20210915;87000;Cappuccino;14-16;Orinoquía;4
4072;M;76;20231019;109000;Chocolate Helado;16-18;Andina;1
4073;F;42;20240223;39000;Mocha Blanco Latte;18-20;Andina;3
4074;F;60;20240213;92000;Café del día;18-20;Orinoquía;5
4075;M;71;20240417;64000;Espresso Doble;16-18;Insular;3
4076;F;83;20231207;94000;Espresso Doble;12-14;Pacífica;2
4077;M;57;20190818;65000;Mocha Latte;14-16;Pacífica;1
4078;F;47;20231221;33000;Mocha Latte;10-12;Caribe;2
4079;F;55;20231014;103000;Latte Macchiato;10-12;Pacífica;4
4080;M;20;20240315;44000;Chocolate Blanco;10-12;Andina;3
4081;F;23;20221202;61000;Mocha Blanco Latte;20-22;Caribe;1
4082;M;78;20240725;103000;Chocolate Caliente;10-12;Insular;2
4083;M;24;20240706;54000;Cappuccino;20-22;Insular;2
4084;F;71;20240221;52000;Latte Macchiato;18-20;Insular;1
4085;M;80;20230801;71000;Espresso Macchiato;16-18;Orinoquía;1
4086;M;49;20221009;89000;Americano;10-12;Insular;1
4087;M;48;20240611;37000;Espresso Doble;10-12;Insular;2
4088;;38;20240702;65400;Cappuccino;10-12;Pacífica;5
4089;F;88;20211025;71000;Mocha Latte;12-14;Insular;1
4090;M;54;20230327;61000;Cappuccino;12-14;Insular;2
4091;M;46;20231123;67000;Mocha Blanco Latte;10-12;Andina;4
4092;F;53;20240717;98000;Chocolate Helado;16-18;Caribe;1
4093;M;61;20240525;35000;Caramel Macchiato;20-22;Pacífica;1
4094;M;50;20190815;66000;Caramel Macchiato;18-20;Insular;4
4095;F;26;20240305;54000;Chocolate Caliente;18-20;Orinoquía;2
4096;F;61;20230818;84000;Americano;20-22;Insular;1
4097;M;80;20230716;50000;Chocolate Blanco;16-18;Orinoquía;5
4098;F;22;20220119;52000;Mocha Latte;20-22;Orinoquía;3
4099;F;62;20220925;107000;Chocolate Helado;18-20;Pacífica;3
4100;F;101;20210526;99000;Chocolate Blanco;12-14;Orinoquía;5
4101;M;83;20240509;40000;Chocolate Blanco;10-12;Orinoquía;2
4102;M;37;20220410;52000;Arequipe Latte;16-18;Caribe;1
4103;;38;20240319;65400;Espresso Doble;16-18;Andina;5
4104;O;20;20210702;61000;Chocolate Helado;12-14;Pacífica;4
4105;M;37;20240220;54000;Cappuccino;16-18;Caribe;3
4106;F;60;20231115;58000;Americano;10-12;Pacífica;1
4107;M;20;20240521;49000;Chocolate Blanco;14-16;Insular;3
4108;M;85;20231128;70000;Americano;18-20;Pacífica;4
4109;M;44;20231010;77000;Espresso Sencillo;10-12;Orinoquía;3
4110;M;81;20240302;60000;Cappuccino;16-18;Pacífica;5
4111;;38;20240206;65400;Chocolate Helado;12-14;Caribe;5
4112;M;55;20231010;108000;Caramel Macchiato;14-16;Insular;1
4113;M;73;20220301;63000;Espresso Macchiato;20-22;Caribe;2
4114;;38;20240523;65400;Latte Macchiato;12-14;Caribe;1
4115;M;64;20231027;41000;Arequipe Latte;10-12;Orinoquía;1
4116;M;74;20210916;45000;Mocha Blanco Latte;20-22;Andina;3
4117;F;58;20230426;41000;Chocolate Blanco;12-14;Pacífica;3
4118;M;64;20240212;74000;Mocha Latte;14-16;Andina;3
4119;F;44;20231101;72000;Chocolate Blanco Helado;12-14;Andina;2
4120;M;64;20240510;42000;Latte;12-14;Caribe;4
4121;;38;20221008;65400;Latte Macchiato;16-18;Orinoquía;5
4122;M;68;20240215;57000;Caramel Macchiato;18-20;Insular;1
4123;F;90;20240427;57000;Caramel Macchiato;18-20;Caribe;2
4124;M;38;20230819;86000;Chocolate Blanco;16-18;Insular;2
4125;M;82;20211110;76000;Mocha Latte;12-14;Caribe;2
4126;F;91;20240517;74000;Mocha Blanco Latte;16-18;Caribe;2
4127;F;78;20190824;36000;Arequipe Latte;14-16;Caribe;4
4128;M;46;20230921;47000;Chocolate Blanco;14-16;Caribe;4
4129;M;88;20220730;111000;Espresso Macchiato;12-14;Insular;2
4130;M;72;20231115;74000;Cappuccino;14-16;Andina;2
4131;F;39;20201114;55000;Espresso Doble;18-20;Pacífica;4
4132;M;60;20211229;73000;Caramel Macchiato;18-20;Caribe;5
4133;;38;20210803;65400;Chocolate Caliente;14-16;Insular;1
4134;M;64;20230805;117000;Caramel Macchiato;16-18;Andina;1
4135;M;48;20240610;40000;Mocha Latte;10-12;Orinoquía;3
4136;F;49;20240122;45000;Espresso Sencillo;16-18;Caribe;1
4137;F;43;20231026;33000;Flat White;20-22;Insular;1
4138;M;30;20230721;65000;Espresso Macchiato;18-20;Insular;2
4139;M;40;20220916;70000;Latte;14-16;Caribe;4
4140;M;18;20200820;40000;Mocha Blanco Latte;14-16;Pacífica;5
4141;F;61;20240328;40000;Mocha Blanco Latte;14-16;Caribe;3
4142;M;49;20240619;72000;Espresso Doble;16-18;Insular;3
4143;M;69;20240130;110000;Caramel Macchiato;20-22;Orinoquía;3
4144;;38;20240411;65400;Latte Macchiato;18-20;Pacífica;5
4145;M;68;20221028;77000;Espresso Doble;18-20;Caribe;5
4146;;38;20240720;65400;Espresso Doble;12-14;Orinoquía;5
4147;M;77;20230925;44000;Café del día;18-20;Orinoquía;5
4148;M;63;20211205;92000;Chocolate Blanco Helado;12-14;Andina;2
4149;M;61;20231208;56000;Mocha Latte;10-12;Orinoquía;4
4150;M;55;20240319;56000;Arequipe Latte;18-20;Orinoquía;4
4151;F;74;20230908;64000;Café del día;16-18;Insular;2
4152;M;66;20201031;52000;Chocolate Caliente;16-18;Insular;4
4153;F;58;20240322;76000;Arequipe Latte;14-16;Pacífica;5
4154;F;49;20230623;66000;Espresso Doble;20-22;Orinoquía;2
4155;M;37;20220803;60000;Chocolate Blanco Helado;12-14;Insular;1
4156;F;72;20190902;57000;Espresso Doble;18-20;Pacífica;3
4157;;38;20211209;65400;Cappuccino;14-16;Caribe;4
4158;F;56;20231209;88000;Flat White;10-12;Orinoquía;1
4159;M;22;20240210;64000;Flat White;12-14;Caribe;5
4160;M;59;20240507;51000;Espresso Doble;10-12;Pacífica;4
4161;M;42;20221227;97000;Mocha Latte;10-12;Insular;4
4162;F;38;20211029;43000;Espresso Sencillo;20-22;Pacífica;4
4163;M;52;20211224;61000;Arequipe Latte;16-18;Pacífica;2
4164;;38;20211002;65400;Arequipe Latte;12-14;Insular;1
4165;M;37;20240308;64000;Cappuccino;10-12;Orinoquía;5
4166;M;44;20221115;83000;Americano;18-20;Orinoquía;4
4167;F;59;20230810;60000;Chocolate Helado;18-20;Insular;2
4168;O;55;20230815;90000;Cappuccino;18-20;Orinoquía;3
4169;M;57;20230922;118000;Chocolate Helado;16-18;Orinoquía;4
4170;M;54;20230607;71000;Chocolate Blanco;16-18;Orinoquía;2
4171;F;51;20240304;48000;Cappuccino;12-14;Insular;1
4172;F;58;20211117;42000;Espresso Doble;18-20;Insular;1
4173;M;63;20240615;68000;Chocolate Blanco Helado;16-18;Andina;4
4174;M;34;20231129;66000;Americano;18-20;Orinoquía;3
4175;F;63;20200222;65000;Chocolate Blanco Helado;12-14;Orinoquía;3
4176;F;51;20220619;74000;Cappuccino;14-16;Andina;1
4177;M;33;20230821;31000;Chocolate Caliente;14-16;Andina;2
4178;M;37;20200522;38000;Espresso Sencillo;14-16;Pacífica;4
4179;F;54;20220624;41000;Latte;12-14;Orinoquía;1
4180;F;90;20221011;33000;Chocolate Caliente;20-22;Caribe;2
4181;M;58;20240130;61000;Caramel Macchiato;20-22;Andina;1
4182;F;89;20231213;67000;Espresso Sencillo;14-16;Orinoquía;4
4183;F;51;20220205;72000;Flat White;12-14;Caribe;5
4184;O;53;20240104;97000;Chocolate Helado;16-18;Caribe;5
4185;M;48;20230228;57000;Café del día;18-20;Andina;1
4186;;38;20230922;65400;Caramel Macchiato;16-18;Caribe;2
4187;M;27;20230520;73000;Mocha Latte;12-14;Andina;3
4188;F;38;20240513;54000;Latte;18-20;Orinoquía;4
4189;F;64;20240329;98000;Flat White;14-16;Orinoquía;3
4190;F;60;20210919;113000;Chocolate Blanco;10-12;Andina;5
4191;F;51;20190913;54000;Flat White;20-22;Orinoquía;5
4192;F;74;20240224;58000;Café del día;10-12;Andina;4
4193;M;62;20240318;57000;Latte;20-22;Pacífica;3
4194;F;46;20220617;63000;Chocolate Blanco Helado;18-20;Orinoquía;3
4195;F;32;20220530;53000;Cappuccino;12-14;Insular;5
4196;O;77;20230810;51000;Flat White;12-14;Insular;3
4197;M;62;20230715;69000;Caramel Macchiato;16-18;Caribe;4
4198;M;30;20220919;39000;Mocha Latte;16-18;Andina;4
4199;M;73;20240422;58000;Cappuccino;18-20;Caribe;2
4200;M;61;20240425;53000;Americano;12-14;Orinoquía;4
4201;O;40;20240109;57000;Café del día;18-20;Andina;2
4202;M;55;20200712;39000;Latte;20-22;Orinoquía;4
4203;F;52;20220518;113000;Chocolate Caliente;14-16;Orinoquía;4
4204;M;53;20220920;45000;Cappuccino;20-22;Andina;3
4205;F;57;20231103;102000;Cappuccino;10-12;Pacífica;2
4206;F;69;20240226;115000;Chocolate Blanco Helado;20-22;Pacífica;3
4207;F;18;20230223;73000;Latte;20-22;Caribe;3
4208;M;24;20240109;71000;Café del día;20-22;Andina;2
4209;M;19;20231126;59000;Chocolate Caliente;10-12;Insular;5
4210;F;66;20220724;113000;Americano;10-12;Insular;1
4211;;38;20220705;65400;Café del día;20-22;Pacífica;2
4212;F;43;20230125;69000;Latte;12-14;Insular;5
4213;F;60;20230602;116000;Chocolate Caliente;10-12;Caribe;2
4214;F;50;20240109;78000;Americano;14-16;Caribe;5
4215;M;18;20230920;61000;Chocolate Helado;12-14;Pacífica;4
4216;M;89;20220429;84000;Latte;12-14;Orinoquía;3
4217;F;47;20210810;30000;Cappuccino;14-16;Caribe;1
4218;F;21;20230920;49000;Flat White;12-14;Caribe;4
4219;F;56;20240331;98000;Americano;14-16;Insular;1
4220;M;53;20240123;56000;Espresso Sencillo;12-14;Andina;4
4221;F;86;20230323;95000;Espresso Sencillo;20-22;Orinoquía;2
4222;M;62;20220328;52000;Latte;14-16;Orinoquía;4
4223;F;56;20240405;55000;Latte;20-22;Orinoquía;5
4224;F;60;20221120;82000;Chocolate Helado;18-20;Caribe;1
4225;M;18;20190808;56000;Latte;10-12;Andina;2
4226;M;59;20240419;87000;Flat White;16-18;Orinoquía;2
4227;M;56;20230722;61000;Latte Macchiato;12-14;Insular;1
4228;;38;20240103;65400;Latte Macchiato;12-14;Insular;4
4229;F;41;20220205;64000;Latte Macchiato;12-14;Insular;1
4230;;38;20210930;65400;Espresso Macchiato;10-12;Andina;1
4231;F;41;20210315;55000;Arequipe Latte;16-18;Caribe;1
4232;F;51;20240515;30000;Latte;14-16;Pacífica;1
4233;F;25;20230606;45000;Espresso Doble;16-18;Insular;1
4234;M;51;20230102;62000;Latte Macchiato;14-16;Orinoquía;5
4235;;38;20230814;65400;Mocha Blanco Latte;14-16;Pacífica;3
4236;M;45;20230813;99000;Chocolate Blanco Helado;16-18;Andina;4
4237;M;73;20240718;52000;Flat White;18-20;Caribe;1
4238;M;65;20240519;58000;Arequipe Latte;14-16;Caribe;1
4239;M;63;20211229;89000;Latte Macchiato;16-18;Pacífica;1
4240;M;93;20230904;35000;Chocolate Blanco;10-12;Andina;5
4241;M;55;20240219;30000;Latte;18-20;Andina;5
4242;M;91;20231109;51000;Arequipe Latte;20-22;Orinoquía;1
4243;M;47;20230326;71000;Arequipe Latte;20-22;Insular;2
4244;M;26;20240521;67000;Latte;18-20;Andina;1
4245;M;71;20240121;51000;Flat White;18-20;Pacífica;5
4246;F;38;20220325;64000;Mocha Latte;10-12;Caribe;1
4247;M;22;20240115;43000;Flat White;14-16;Insular;4
4248;F;70;20230414;118000;Espresso Sencillo;20-22;Caribe;4
4249;F;68;20230819;106000;Caramel Macchiato;16-18;Andina;4
4250;M;31;20221113;65000;Mocha Latte;12-14;Orinoquía;4
4251;F;54;20220322;116000;Mocha Blanco Latte;16-18;Orinoquía;2
4252;F;41;20211213;33000;Chocolate Helado;20-22;Andina;4
4253;M;24;20220129;40000;Americano;10-12;Pacífica;1
4254;F;71;20220810;82000;Arequipe Latte;10-12;Caribe;3
4255;M;48;20231205;70000;Chocolate Blanco Helado;14-16;Insular;2
4256;F;83;20221216;97000;Mocha Latte;12-14;Caribe;4
4257;M;73;20201108;59000;Mocha Blanco Latte;20-22;Pacífica;5
4258;F;29;20230428;68000;Café del día;14-16;Andina;1
4259;F;88;20230911;92000;Mocha Latte;10-12;Caribe;2
4260;F;27;20240225;58000;Latte;14-16;Insular;5
4261;M;40;20230805;89000;Chocolate Caliente;10-12;Orinoquía;4
4262;F;46;20240114;51000;Mocha Blanco Latte;20-22;Pacífica;3
4263;M;64;20230918;68000;Americano;10-12;Insular;5
4264;M;34;20230930;37000;Latte;18-20;Pacífica;1
4265;M;49;20230727;73000;Latte;14-16;Pacífica;2
4266;M;69;20231107;106000;Arequipe Latte;12-14;Orinoquía;1
4267;M;85;20231230;33000;Americano;18-20;Pacífica;3
4268;M;57;20230520;98000;Mocha Blanco Latte;14-16;Caribe;5
4269;M;34;20201115;31000;Flat White;12-14;Andina;2
4270;;38;20230425;65400;Chocolate Helado;18-20;Caribe;3
4271;F;52;20240323;34000;Café del día;18-20;Caribe;4
4272;F;64;20210506;86000;Mocha Latte;12-14;Andina;1
4273;M;43;20220910;41000;Arequipe Latte;14-16;Insular;2
4274;M;68;20240127;59000;Latte Macchiato;10-12;Insular;1
4275;F;64;20230220;94000;Latte Macchiato;20-22;Caribe;5
4276;;38;20231024;65400;Chocolate Helado;14-16;Andina;3
4277;M;100;20210911;98000;Espresso Doble;10-12;Orinoquía;5
4278;F;42;20240119;65000;Mocha Blanco Latte;18-20;Pacífica;5
4279;M;51;20210520;66000;Cappuccino;16-18;Pacífica;4
4280;F;19;20231205;61000;Chocolate Helado;14-16;Pacífica;1
4281;M;34;20240517;31000;Mocha Latte;16-18;Caribe;4
4282;O;30;20230401;31000;Mocha Blanco Latte;16-18;Andina;1
4283;;38;20231101;65400;Latte Macchiato;10-12;Orinoquía;1
4284;M;62;20230621;72000;Caramel Macchiato;16-18;Orinoquía;2
4285;F;58;20240625;100000;Chocolate Blanco;20-22;Caribe;2
4286;M;24;20231213;35000;Café del día;12-14;Insular;5
4287;F;70;20220620;89000;Chocolate Caliente;20-22;Pacífica;1
4288;M;55;20220190;72000;Café del día;12-14;Pacífica;3
4289;M;71;20210623;44000;Flat White;18-20;Insular;4
4290;F;65;20220802;84000;Espresso Doble;20-22;Caribe;2
4291;M;26;20200316;33000;Mocha Blanco Latte;18-20;Caribe;2
4292;M;72;20211017;34000;Caramel Macchiato;18-20;Caribe;5
4293;F;82;20220401;90000;Espresso Doble;20-22;Orinoquía;5
4294;M;58;20240104;80000;Caramel Macchiato;12-14;Orinoquía;4
4295;M;21;20230101;41000;Americano;16-18;Andina;4
4296;M;65;20220914;117000;Flat White;18-20;Insular;3
4297;;38;20200409;65400;Chocolate Helado;16-18;Andina;4
4298;M;25;20240602;39000;Espresso Doble;12-14;Pacífica;4
4299;M;26;20230526;60000;Espresso Doble;16-18;Insular;3
4300;F;58;20220831;94000;Chocolate Helado;10-12;Insular;2
4301;F;51;20221222;75000;Mocha Blanco Latte;14-16;Caribe;1
4302;F;69;20220806;71000;Caramel Macchiato;20-22;Andina;5
4303;F;54;20231107;103000;Mocha Blanco Latte;18-20;Andina;3
4304;;38;20240116;65400;Cappuccino;16-18;Andina;2
4305;M;42;20230916;78000;Arequipe Latte;20-22;Caribe;3
4306;F;62;20240308;41000;Chocolate Caliente;12-14;Insular;5
4307;F;80;20240624;64000;Americano;16-18;Orinoquía;3
4308;F;75;20231209;67000;Arequipe Latte;10-12;Andina;4
4309;M;26;20240213;49000;Arequipe Latte;14-16;Caribe;5
4310;M;73;20231119;72000;Latte;10-12;Caribe;3
4311;M;33;20210902;72000;Mocha Latte;18-20;Andina;5
4312;M;28;20240511;37000;Chocolate Caliente;20-22;Andina;1
4313;;38;20211205;65400;Espresso Doble;18-20;Orinoquía;2
4314;M;57;20211221;46000;Americano;10-12;Insular;4
4315;M;54;20210929;65000;Espresso Doble;16-18;Caribe;1
4316;F;50;20230902;102000;Espresso Doble;18-20;Pacífica;3
4317;M;67;20230802;99000;Mocha Latte;10-12;Orinoquía;2
4318;F;60;20240425;83000;Espresso Doble;12-14;Andina;5
4319;M;66;20220806;42000;Arequipe Latte;16-18;Orinoquía;5
4320;;38;20210731;65400;Espresso Macchiato;12-14;Pacífica;1
4321;M;70;20211124;74000;Latte;10-12;Pacífica;3
4322;;38;20240210;65400;Mocha Latte;10-12;Caribe;2
4323;F;24;20231220;68000;Flat White;14-16;Orinoquía;2
4324;;38;20230121;65400;Espresso Sencillo;12-14;Pacífica;1
4325;;38;20230907;65400;Americano;14-16;Caribe;1
4326;M;60;20221025;79000;Chocolate Helado;12-14;Andina;2
4327;M;46;20240530;79000;Café del día;20-22;Andina;2
4328;F;25;20240422;67000;Americano;18-20;Pacífica;1
4329;F;59;20221213;76000;Flat White;10-12;Pacífica;1
4330;F;56;20230920;38000;Mocha Latte;16-18;Andina;3
4331;M;25;20240512;60000;Chocolate Blanco Helado;16-18;Pacífica;1
4332;;38;20240704;65400;Chocolate Blanco Helado;10-12;Pacífica;1
4333;F;53;20230531;65000;Mocha Latte;12-14;Caribe;5
4334;F;39;20220702;96000;Espresso Macchiato;20-22;Pacífica;2
4335;M;64;20210413;70000;Latte;12-14;Andina;3
4336;M;47;20200901;45000;Mocha Latte;18-20;Pacífica;2
4337;M;35;20220915;61000;Chocolate Helado;18-20;Insular;5
4338;M;40;20231118;51000;Latte;10-12;Pacífica;1
4339;M;82;20230706;73000;Chocolate Helado;14-16;Andina;1
4340;M;18;20230907;56000;Espresso Macchiato;14-16;Caribe;3
4341;F;66;20231121;73000;Chocolate Blanco;12-14;Pacífica;3
4342;F;68;20240508;82000;Café del día;12-14;Andina;5
4343;M;50;20211017;56000;Latte Macchiato;18-20;Caribe;3
4344;F;84;20230816;45000;Café del día;14-16;Caribe;4
4345;M;66;20240219;70000;Latte;20-22;Caribe;3
4346;M;55;20220410;56000;Espresso Sencillo;20-22;Pacífica;3
4347;M;64;20240102;43000;Arequipe Latte;18-20;Insular;3
4348;M;83;20230827;97000;Flat White;12-14;Caribe;3
4349;F;87;20240408;48000;Mocha Latte;18-20;Orinoquía;5
4350;M;64;20231221;36000;Mocha Blanco Latte;10-12;Pacífica;1
4351;;38;20240217;65400;Mocha Latte;10-12;Orinoquía;4
4352;F;23;20221130;70000;Caramel Macchiato;20-22;Caribe;1
4353;M;24;20210921;39000;Cappuccino;16-18;Pacífica;1
4354;M;58;20230606;109000;Café del día;12-14;Andina;5
4355;;38;20230403;65400;Espresso Doble;12-14;Orinoquía;1
4356;F;27;20221231;66000;Caramel Macchiato;14-16;Caribe;3
4357;M;76;20240726;92000;Caramel Macchiato;10-12;Caribe;4
4358;F;60;20220215;100000;Latte;20-22;Pacífica;2
4359;M;64;20211008;68000;Caramel Macchiato;20-22;Andina;1
4360;M;40;20240224;51000;Chocolate Caliente;16-18;Caribe;4
4361;;38;20230108;65400;Espresso Sencillo;12-14;Pacífica;2
4362;M;25;20231008;34000;Flat White;10-12;Pacífica;2
4363;M;74;20231004;57000;Cappuccino;12-14;Insular;5
4364;F;56;20230220;59000;Chocolate Blanco Helado;18-20;Pacífica;1
4365;M;58;20240620;39000;Flat White;16-18;Caribe;4
4366;M;76;20240101;52000;Chocolate Caliente;10-12;Caribe;3
4367;M;46;20220115;68000;Mocha Latte;14-16;Andina;2
4368;F;25;20231230;36000;Cappuccino;20-22;Pacífica;2
4369;M;64;20240710;62000;Café del día;18-20;Caribe;2
4370;M;20;20200729;37000;Café del día;10-12;Pacífica;2
4371;M;58;20240410;57000;Chocolate Helado;14-16;Insular;1
4372;M;60;20231024;40000;Latte;20-22;Andina;3
4373;F;49;20221113;77000;Espresso Doble;12-14;Caribe;5
4374;M;62;20231119;42000;Latte Macchiato;12-14;Orinoquía;5
4375;F;39;20231229;31000;Arequipe Latte;20-22;Andina;1
4376;M;51;20230728;54000;Latte Macchiato;20-22;Andina;2
4377;F;75;20231111;34000;Flat White;20-22;Andina;2
4378;;38;20220114;65400;Espresso Sencillo;18-20;Caribe;4
4379;M;69;20211113;57000;Chocolate Helado;10-12;Pacífica;1
4380;M;41;20240331;53000;Chocolate Helado;20-22;Caribe;5
4381;F;52;20240417;67000;Latte;10-12;Insular;5
4382;F;53;20240125;105000;Chocolate Helado;14-16;Pacífica;5
4383;M;31;20231227;45000;Espresso Doble;20-22;Caribe;5
4384;F;58;20231211;115000;Latte Macchiato;18-20;Orinoquía;3
4385;M;24;20210220;32000;Arequipe Latte;16-18;Insular;3
4386;F;48;20220121;85000;Café del día;10-12;Caribe;1
4387;;38;20210816;65400;Espresso Sencillo;14-16;Andina;3
4388;M;52;20231004;37000;Chocolate Blanco;18-20;Caribe;4
4389;M;37;20231016;48000;Chocolate Caliente;18-20;Orinoquía;2
4390;F;36;20231115;31000;Espresso Macchiato;14-16;Pacífica;3
4391;M;67;20230515;106000;Chocolate Helado;16-18;Orinoquía;1
4392;F;53;20221118;67000;Cappuccino;12-14;Andina;5
4393;F;99;20211113;85000;Mocha Latte;12-14;Andina;3
4394;F;50;20240108;115000;Chocolate Blanco;20-22;Pacífica;5
4395;F;58;20230517;100000;Chocolate Blanco;20-22;Pacífica;1
4396;M;66;20240715;53000;Chocolate Helado;12-14;Caribe;1
4397;;38;20231205;65400;Cappuccino;16-18;Andina;3
4398;F;32;20231124;51000;Arequipe Latte;16-18;Caribe;3
4399;F;24;20230128;45000;Chocolate Blanco Helado;10-12;Pacífica;3
4400;F;68;20191231;71000;Espresso Macchiato;10-12;Pacífica;3
4401;M;65;20231003;74000;Espresso Macchiato;12-14;Pacífica;4
4402;M;56;20220228;106000;Chocolate Helado;20-22;Insular;3
4403;M;76;20240426;49000;Latte Macchiato;20-22;Pacífica;2
4404;M;68;20211211;52000;Chocolate Blanco Helado;14-16;Orinoquía;1
4405;M;93;20231218;52000;Espresso Macchiato;14-16;Pacífica;4
4406;M;47;20230109;57000;Espresso Sencillo;18-20;Pacífica;2
4407;M;53;20230802;53000;Café del día;20-22;Caribe;2
4408;M;29;20240525;45000;Espresso Sencillo;12-14;Pacífica;2
4409;F;66;20240109;72000;Chocolate Caliente;10-12;Andina;5
4410;F;78;20220801;115000;Caramel Macchiato;10-12;Caribe;3
4411;F;38;20231113;61000;Flat White;16-18;Caribe;5
4412;M;76;20230730;36000;Americano;16-18;Andina;1
4413;O;61;20231207;53000;Espresso Macchiato;14-16;Pacífica;3
4414;M;78;20231119;64000;Americano;20-22;Andina;4
4415;M;49;20220731;107000;Chocolate Helado;16-18;Insular;2
4416;M;51;20211128;60000;Espresso Macchiato;10-12;Orinoquía;1
4417;M;32;20210908;50000;Café del día;14-16;Pacífica;4
4418;M;61;20240202;106000;Espresso Macchiato;16-18;Orinoquía;4
4419;;38;20211122;65400;Chocolate Caliente;10-12;Insular;5
4420;;38;20231125;65400;Espresso Doble;18-20;Insular;1
4421;M;49;20231001;44000;Mocha Latte;20-22;Orinoquía;2
4422;F;84;20230918;38000;Espresso Doble;10-12;Caribe;4
4423;M;58;20240322;87000;Chocolate Blanco Helado;16-18;Pacífica;5
4424;F;56;20220602;104000;Chocolate Caliente;16-18;Andina;4
4425;M;51;20240417;55000;Mocha Latte;12-14;Orinoquía;5
4426;F;67;20240517;95000;Chocolate Blanco;18-20;Pacífica;4
4427;F;52;20191021;97000;Americano;18-20;Pacífica;5
4428;F;86;20230202;92000;Chocolate Blanco Helado;12-14;Andina;1
4429;F;30;20220903;34000;Espresso Macchiato;14-16;Insular;1
4430;M;46;20240715;79000;Chocolate Caliente;12-14;Caribe;5
4431;F;51;20220708;77000;Chocolate Blanco Helado;16-18;Pacífica;1
4432;;38;20220325;65400;Cappuccino;10-12;Caribe;4
4433;M;57;20231220;42000;Chocolate Blanco;14-16;Insular;1
4434;;38;20240425;65400;Flat White;20-22;Insular;2
4435;F;52;20230523;40000;Mocha Latte;16-18;Andina;3
4436;F;72;20221006;92000;Chocolate Blanco Helado;16-18;Orinoquía;5
4437;M;62;20231021;46000;Cappuccino;14-16;Insular;4
4438;M;62;20230428;89000;Cappuccino;10-12;Orinoquía;4
4439;;38;20240221;65400;Arequipe Latte;14-16;Caribe;2
4440;F;91;20200407;71000;Americano;10-12;Caribe;4
4441;F;51;20230728;57000;Chocolate Helado;20-22;Pacífica;2
4442;O;55;20230926;69000;Café del día;12-14;Caribe;1
4443;F;54;20240515;99000;Cappuccino;10-12;Andina;2
4444;F;64;20240701;99000;Mocha Blanco Latte;20-22;Andina;4
4445;F;65;20221216;43000;Chocolate Helado;20-22;Insular;1
4446;F;38;20230618;38000;Americano;20-22;Pacífica;5
4447;M;73;20230130;52000;Espresso Macchiato;12-14;Pacífica;5
4448;F;91;20220904;31000;Caramel Macchiato;20-22;Pacífica;1
4449;M;69;20240525;53000;Caramel Macchiato;16-18;Pacífica;1
4450;F;67;20220420;68000;Chocolate Helado;18-20;Caribe;5
4451;M;58;20230813;110000;Arequipe Latte;18-20;Caribe;1
4452;M;47;20231228;53000;Mocha Latte;20-22;Pacífica;2
4453;F;67;20231017;80000;Caramel Macchiato;18-20;Orinoquía;3
4454;M;64;20210925;56000;Mocha Latte;12-14;Andina;3
4455;M;50;20231016;83000;Espresso Sencillo;10-12;Orinoquía;4
4456;F;41;20220104;72000;Espresso Doble;14-16;Insular;3
4457;M;43;20211102;72000;Chocolate Blanco Helado;14-16;Orinoquía;3
4458;;38;20220414;65400;Espresso Macchiato;10-12;Orinoquía;2
4459;M;48;20220801;32000;Espresso Macchiato;20-22;Orinoquía;2
4460;M;78;20210421;55000;Cappuccino;14-16;Insular;5
4461;;38;20220309;65400;Cappuccino;12-14;Caribe;3
4462;M;74;20240501;69000;Mocha Blanco Latte;18-20;Andina;3
4463;M;49;20230403;70000;Cappuccino;16-18;Pacífica;2
4464;F;21;20240115;42000;Café del día;18-20;Pacífica;1
4465;M;52;20230815;31000;Mocha Latte;20-22;Andina;1
4466;M;37;20240522;74000;Chocolate Caliente;12-14;Pacífica;2
4467;F;55;20230807;83000;Mocha Blanco Latte;20-22;Caribe;1
4468;M;43;20240711;93000;Chocolate Helado;20-22;Insular;3
4469;;38;20201014;65400;Chocolate Blanco Helado;10-12;Orinoquía;3
4470;;38;20230630;65400;Americano;16-18;Pacífica;4
4471;M;63;20221006;49000;Mocha Latte;18-20;Andina;3
4472;F;30;20230305;75000;Mocha Latte;10-12;Andina;3
4473;M;19;20231026;71000;Caramel Macchiato;16-18;Orinoquía;1
4474;M;50;20200125;88000;Arequipe Latte;20-22;Andina;5
4475;F;58;20220424;109000;Arequipe Latte;14-16;Andina;4
4476;M;59;20190925;68000;Flat White;10-12;Andina;4
4477;F;28;20230331;55000;Chocolate Helado;10-12;Orinoquía;2
4478;M;36;20240203;67000;Flat White;18-20;Orinoquía;2
4479;M;78;20240324;44000;Espresso Macchiato;10-12;Caribe;2
4480;;38;20221111;65400;Espresso Doble;16-18;Pacífica;2
4481;F;52;20240625;65000;Americano;16-18;Orinoquía;5
4482;M;92;20231128;48000;Espresso Sencillo;10-12;Insular;1
4483;;38;20240621;65400;Mocha Blanco Latte;12-14;Orinoquía;3
4484;;38;20201208;65400;Latte Macchiato;12-14;Pacífica;1
4485;M;42;20240413;38000;Cappuccino;18-20;Andina;4
4486;F;93;20230610;70000;Chocolate Blanco Helado;18-20;Insular;5
4487;M;45;20240104;85000;Latte;16-18;Orinoquía;3
4488;M;60;20220210;34000;Espresso Macchiato;18-20;Insular;2
4489;M;58;20200304;40000;Mocha Latte;10-12;Orinoquía;3
4490;F;69;20231109;48000;Mocha Blanco Latte;12-14;Pacífica;2
4491;F;59;20220404;97000;Espresso Macchiato;18-20;Orinoquía;4
4492;F;49;20240111;89000;Caramel Macchiato;10-12;Orinoquía;5
4493;;38;20240715;65400;Chocolate Helado;16-18;Pacífica;3
4494;F;67;20231108;77000;Chocolate Helado;14-16;Insular;2
4495;M;84;20210301;66000;Mocha Blanco Latte;18-20;Andina;2
4496;;38;20231107;65400;Flat White;18-20;Pacífica;3
4497;F;39;20230924;50000;Espresso Macchiato;10-12;Andina;3
4498;F;56;20220621;52000;Caramel Macchiato;10-12;Orinoquía;2
4499;F;87;20210928;62000;Latte;14-16;Orinoquía;2
4500;O;57;20231107;98000;Café del día;14-16;Caribe;4
4501;F;52;20230115;46000;Latte;12-14;Andina;4
4502;M;50;20231126;56000;Espresso Macchiato;20-22;Insular;5
4503;F;68;20220918;61000;Latte;14-16;Pacífica;3
4504;M;94;20210809;50000;Espresso Macchiato;14-16;Orinoquía;4
4505;F;81;20230301;101000;Latte Macchiato;12-14;Caribe;5
4506;F;37;20211226;93000;Mocha Blanco Latte;12-14;Pacífica;5
4507;;38;20220726;65400;Latte Macchiato;14-16;Orinoquía;3
4508;M;65;20231102;99000;Flat White;18-20;Orinoquía;4
4509;F;26;20240428;41000;Mocha Blanco Latte;18-20;Orinoquía;2
4510;M;42;20210805;44000;Cappuccino;12-14;Caribe;5
4511;M;71;20240109;65000;Americano;10-12;Insular;1
4512;M;57;20240419;70000;Americano;10-12;Caribe;3
4513;;38;20240131;65400;Mocha Latte;12-14;Pacífica;2
4514;F;73;20231114;71000;Chocolate Caliente;14-16;Orinoquía;3
4515;M;70;20210104;65000;Chocolate Helado;14-16;Insular;3
4516;M;65;20220513;86000;Espresso Macchiato;20-22;Pacífica;4
4517;F;57;20230316;74000;Arequipe Latte;16-18;Pacífica;5
4518;M;77;20210827;94000;Latte;20-22;Caribe;1
4519;M;48;20230822;42000;Cappuccino;10-12;Insular;4
4520;M;61;20200111;65000;Americano;18-20;Caribe;2
4521;F;60;20211225;59000;Mocha Latte;20-22;Orinoquía;2
4522;M;57;20231013;88000;Arequipe Latte;12-14;Insular;5
4523;;38;20230808;65400;Mocha Latte;16-18;Insular;1
4524;F;66;20240530;70000;Chocolate Blanco Helado;10-12;Pacífica;2
4525;F;66;20221126;74000;Café del día;14-16;Caribe;5
4526;F;56;20230407;82000;Latte Macchiato;14-16;Andina;2
4527;M;78;20200114;64000;Latte Macchiato;18-20;Orinoquía;4
4528;;38;20230127;65400;Espresso Doble;16-18;Orinoquía;1
4529;F;52;20230419;84000;Café del día;14-16;Andina;2
4530;;38;20230815;65400;Caramel Macchiato;18-20;Insular;1
4531;M;19;20220214;46000;Arequipe Latte;20-22;Orinoquía;1
4532;M;58;20210907;115000;Chocolate Blanco;10-12;Pacífica;5
4533;M;41;20220418;68000;Mocha Latte;18-20;Andina;5
4534;F;64;20211117;76000;Café del día;10-12;Insular;1
4535;M;51;20220702;65000;Espresso Sencillo;12-14;Andina;1
4536;F;81;20220720;82000;Café del día;18-20;Caribe;5
4537;F;88;20231204;56000;Espresso Doble;10-12;Insular;2
4538;F;67;20220730;99000;Latte;12-14;Caribe;4
4539;F;74;20220226;102000;Cappuccino;10-12;Insular;4
4540;M;74;20240114;80000;Arequipe Latte;16-18;Insular;5
4541;F;66;20240105;78000;Espresso Macchiato;16-18;Pacífica;1
4542;F;76;20221113;82000;Café del día;18-20;Pacífica;4
4543;M;43;20240412;37000;Espresso Doble;18-20;Andina;1
4544;M;70;20240613;83000;Latte;14-16;Andina;3
4545;F;73;20230525;99000;Mocha Blanco Latte;18-20;Caribe;3
4546;F;30;20220715;31000;Flat White;10-12;Caribe;2
4547;F;83;20200601;60000;Latte Macchiato;16-18;Pacífica;5
4548;M;49;20230926;73000;Mocha Latte;16-18;Andina;5
4549;M;68;20191215;38000;Latte;20-22;Andina;1
4550;F;28;20210501;66000;Latte Macchiato;10-12;Pacífica;1
4551;M;59;20220723;33000;Espresso Doble;14-16;Insular;2
4552;F;58;20230818;117000;Espresso Macchiato;14-16;Andina;4
4553;M;38;20230803;39000;Espresso Doble;16-18;Pacífica;3
4554;M;52;20230130;72000;Arequipe Latte;20-22;Pacífica;3
4555;M;60;20240625;81000;Mocha Blanco Latte;12-14;Caribe;4
4556;F;75;20211110;31000;Mocha Blanco Latte;18-20;Caribe;3
4557;M;39;20240707;98000;Chocolate Helado;16-18;Pacífica;4
4558;F;97;20221030;41000;Latte;12-14;Caribe;3
4559;M;70;20230928;32000;Caramel Macchiato;10-12;Caribe;4
4560;F;43;20211212;55000;Chocolate Caliente;16-18;Orinoquía;3
4561;M;65;20240127;88000;Mocha Blanco Latte;18-20;Orinoquía;2
4562;F;25;20221117;64000;Chocolate Blanco;10-12;Pacífica;4
4563;F;91;20231127;71000;Chocolate Helado;18-20;Orinoquía;4
4564;F;20;20230206;35000;Mocha Latte;16-18;Pacífica;4
4565;F;56;20220416;42000;Cappuccino;10-12;Caribe;3
4566;M;68;20210505;79000;Mocha Latte;10-12;Caribe;2
4567;M;58;20220707;102000;Chocolate Blanco Helado;20-22;Andina;4
4568;F;70;20220630;99000;Café del día;16-18;Pacífica;3
4569;M;84;20240626;69000;Latte;16-18;Andina;5
4570;F;63;20230117;95000;Arequipe Latte;20-22;Insular;5
4571;M;23;20230916;50000;Mocha Latte;18-20;Caribe;1
4572;M;47;20210425;53000;Espresso Doble;16-18;Orinoquía;1
4573;M;78;20240516;53000;Mocha Blanco Latte;10-12;Orinoquía;4
4574;M;85;20240503;85000;Mocha Latte;18-20;Caribe;4
4575;;38;20220523;65400;Flat White;16-18;Caribe;2
4576;O;54;20230514;87000;Chocolate Helado;16-18;Caribe;1
4577;M;32;20210731;59000;Espresso Doble;18-20;Caribe;2
4578;M;82;20220731;92000;Flat White;10-12;Orinoquía;5
4579;M;74;20231214;100000;Espresso Sencillo;14-16;Pacífica;4
4580;M;48;20210619;68000;Latte Macchiato;18-20;Pacífica;4
4581;M;55;20220704;64000;Mocha Latte;18-20;Insular;1
4582;M;41;20210226;30000;Espresso Sencillo;12-14;Andina;3
4583;M;62;20220113;57000;Flat White;16-18;Pacífica;3
4584;;38;20240701;65400;Caramel Macchiato;14-16;Pacífica;4
4585;M;70;20190811;31000;Chocolate Blanco;12-14;Andina;3
4586;M;26;20230809;68000;Cappuccino;14-16;Insular;2
4587;;38;20211021;65400;Espresso Doble;10-12;Pacífica;5
4588;F;52;20230625;73000;Caramel Macchiato;16-18;Andina;2
4589;F;42;20230927;61000;Café del día;18-20;Pacífica;4
4590;;38;20221124;65400;Mocha Latte;12-14;Pacífica;1
4591;F;44;20240405;74000;Chocolate Blanco Helado;12-14;Andina;4
4592;F;80;20230702;35000;Chocolate Blanco Helado;10-12;Andina;1
4593;;38;20240219;65400;Mocha Latte;18-20;Andina;1
4594;M;78;20231120;50000;Chocolate Caliente;12-14;Pacífica;2
4595;M;78;20211231;93000;Chocolate Helado;14-16;Andina;5
4596;F;62;20221224;83000;Latte Macchiato;20-22;Insular;1
4597;F;44;20240520;41000;Chocolate Blanco Helado;10-12;Pacífica;1
4598;M;42;20221225;58000;Latte;14-16;Orinoquía;4
4599;M;59;20220414;78000;Latte;12-14;Andina;4
4600;M;27;20210802;40000;Cappuccino;10-12;Orinoquía;1
4601;F;73;20230920;65000;Espresso Doble;16-18;Orinoquía;1
4602;M;82;20211120;78000;Espresso Doble;18-20;Caribe;1
4603;F;55;20240508;74000;Mocha Latte;20-22;Andina;1
4604;M;73;20240530;61000;Cappuccino;16-18;Insular;4
4605;M;72;20230407;102000;Latte;18-20;Orinoquía;5
4606;F;36;20240421;54000;Chocolate Blanco;20-22;Orinoquía;4
4607;F;62;20231229;47000;Arequipe Latte;20-22;Andina;2
4608;M;43;20230801;44000;Chocolate Caliente;12-14;Insular;3
4609;M;37;20220525;69000;Cappuccino;12-14;Insular;4
4610;M;58;20220428;31000;Espresso Sencillo;12-14;Insular;4
4611;M;38;20230913;32000;Chocolate Helado;10-12;Orinoquía;2
4612;F;75;20220711;52000;Flat White;20-22;Pacífica;5
4613;M;63;20231231;119000;Latte Macchiato;12-14;Orinoquía;2
4614;F;49;20230605;108000;Chocolate Blanco;20-22;Orinoquía;3
4615;;38;20221013;65400;Latte;16-18;Andina;4
4616;M;62;20240531;51000;Chocolate Blanco Helado;20-22;Insular;3
4617;M;50;20231119;74000;Caramel Macchiato;10-12;Andina;4
4618;M;73;20220926;78000;Caramel Macchiato;14-16;Insular;1
4619;M;54;20230905;96000;Latte;12-14;Pacífica;1
4620;F;26;20231111;74000;Espresso Macchiato;16-18;Pacífica;5
4621;M;53;20201003;39000;Chocolate Helado;18-20;Caribe;1
4622;F;41;20211119;90000;Chocolate Helado;16-18;Orinoquía;5
4623;;38;20220313;65400;Espresso Sencillo;10-12;Andina;2
4624;M;69;20230511;103000;Chocolate Helado;18-20;Caribe;5
4625;M;60;20200419;72000;Café del día;12-14;Pacífica;4
4626;M;25;20230408;49000;Mocha Latte;14-16;Caribe;3
4627;M;66;20220817;80000;Espresso Doble;18-20;Caribe;2
4628;M;49;20240711;31000;Latte;16-18;Orinoquía;2
4629;M;19;20230730;55000;Flat White;10-12;Insular;2
4630;;38;20240317;65400;Espresso Macchiato;12-14;Insular;5
4631;F;76;20200922;53000;Flat White;20-22;Andina;1
4632;M;40;20210902;54000;Flat White;20-22;Orinoquía;3
4633;F;65;20240325;83000;Chocolate Blanco Helado;16-18;Insular;2
4634;F;45;20240722;61000;Chocolate Helado;12-14;Andina;2
4635;F;69;20220909;114000;Latte;12-14;Andina;1
4636;M;54;20231004;83000;Mocha Blanco Latte;18-20;Andina;5
4637;M;65;20231106;67000;Arequipe Latte;16-18;Andina;1
4638;M;39;20240714;66000;Americano;18-20;Orinoquía;3
4639;M;29;20230601;55000;Caramel Macchiato;10-12;Insular;1
4640;;38;20231112;65400;Latte;10-12;Insular;4
4641;;38;20240122;65400;Latte Macchiato;16-18;Andina;1
4642;M;61;20191015;34000;Chocolate Helado;20-22;Andina;4
4643;F;54;20210507;48000;Espresso Macchiato;20-22;Pacífica;1
4644;F;72;20210903;45000;Cappuccino;12-14;Andina;3
4645;F;33;20220114;44000;Espresso Doble;16-18;Pacífica;2
4646;F;42;20191017;48000;Espresso Doble;16-18;Caribe;5
4647;F;70;20230613;103000;Chocolate Blanco Helado;16-18;Orinoquía;4
4648;M;38;20230806;51000;Flat White;12-14;Andina;2
4649;M;81;20230411;69000;Mocha Blanco Latte;10-12;Caribe;1
4650;M;36;20230923;43000;Flat White;14-16;Caribe;5
4651;M;36;20240311;53000;Flat White;16-18;Caribe;5
4652;F;51;20210701;81000;Chocolate Caliente;10-12;Orinoquía;3
4653;F;69;20220803;110000;Latte Macchiato;14-16;Orinoquía;4
4654;F;63;20240530;85000;Espresso Doble;10-12;Insular;1
4655;;38;20220122;65400;Chocolate Caliente;10-12;Andina;3
4656;O;59;20230809;86000;Espresso Macchiato;12-14;Orinoquía;5
4657;M;50;20230619;63000;Chocolate Helado;18-20;Orinoquía;3
4658;M;64;20230913;59000;Espresso Doble;10-12;Andina;4
4659;M;40;20240417;41000;Americano;12-14;Insular;5
4660;M;30;20230601;65000;Cappuccino;10-12;Caribe;3
4661;M;61;20191217;59000;Flat White;16-18;Caribe;2
4662;M;25;20220801;66000;Café del día;14-16;Caribe;1
4663;F;78;20221202;74000;Caramel Macchiato;12-14;Orinoquía;5
4664;M;27;20240712;74000;Mocha Latte;10-12;Insular;2
4665;M;55;20240112;50000;Cappuccino;18-20;Insular;2
4666;M;28;20240313;31000;Caramel Macchiato;14-16;Insular;5
4667;M;77;20231229;32000;Chocolate Blanco;20-22;Pacífica;5
4668;M;24;20240612;38000;Americano;14-16;Andina;4
4669;M;52;20230117;43000;Chocolate Blanco Helado;18-20;Insular;3
4670;M;56;20230422;80000;Chocolate Helado;18-20;Andina;1
4671;F;43;20210731;67000;Caramel Macchiato;18-20;Orinoquía;4
4672;F;48;20240506;72000;Espresso Doble;14-16;Orinoquía;2
4673;M;59;20230717;105000;Chocolate Blanco Helado;12-14;Insular;5
4674;M;59;20240706;57000;Espresso Macchiato;12-14;Orinoquía;5
4675;M;64;20200816;75000;Chocolate Blanco Helado;20-22;Caribe;4
4676;M;65;20231015;50000;Espresso Doble;14-16;Orinoquía;3
4677;F;36;20220609;92000;Arequipe Latte;14-16;Andina;2
4678;M;54;20240606;70000;Espresso Macchiato;14-16;Andina;2
4679;F;72;20240713;49000;Latte;18-20;Orinoquía;3
4680;M;73;20230920;85000;Americano;12-14;Andina;3
4681;M;43;20220819;100000;Chocolate Caliente;20-22;Andina;1
4682;M;39;20231114;96000;Cappuccino;16-18;Orinoquía;2
4683;M;33;20240127;44000;Espresso Macchiato;12-14;Insular;2
4684;M;51;20220825;75000;Chocolate Blanco Helado;18-20;Orinoquía;5
4685;F;80;20200920;77000;Espresso Sencillo;12-14;Orinoquía;1
4686;;38;20220125;65400;Arequipe Latte;12-14;Insular;2
4687;F;25;20231201;67000;Caramel Macchiato;20-22;Pacífica;1
4688;F;48;20211017;64000;Americano;10-12;Andina;4
4689;;38;20231030;65400;Latte;16-18;Andina;3
4690;F;45;20231001;49000;Espresso Sencillo;16-18;Orinoquía;4
4691;M;51;20231214;77000;Chocolate Blanco;16-18;Andina;5
4692;M;56;20240402;60000;Chocolate Blanco Helado;18-20;Caribe;1
4693;F;35;20210716;40000;Espresso Doble;16-18;Insular;5
4694;F;83;20240120;73000;Chocolate Blanco Helado;10-12;Andina;4
4695;M;70;20211013;114000;Mocha Blanco Latte;16-18;Pacífica;1
4696;M;71;20231125;93000;Espresso Sencillo;14-16;Orinoquía;1
4697;M;35;20230929;40000;Americano;12-14;Pacífica;2
4698;M;30;20240113;56000;Caramel Macchiato;14-16;Caribe;4
4699;M;29;20240116;51000;Mocha Latte;18-20;Andina;1
4700;M;63;20230809;60000;Chocolate Blanco;10-12;Orinoquía;5
4701;M;43;20191112;79000;Mocha Blanco Latte;18-20;Pacífica;4
4702;;38;20230926;65400;Chocolate Caliente;20-22;Caribe;5
4703;F;43;20211007;58000;Mocha Blanco Latte;14-16;Andina;2
4704;F;53;20230311;34000;Mocha Blanco Latte;16-18;Orinoquía;3
4705;F;57;20221220;54000;Chocolate Blanco;18-20;Pacífica;1
4706;M;71;20230323;94000;Latte Macchiato;12-14;Orinoquía;1
4707;F;59;20200214;58000;Arequipe Latte;18-20;Pacífica;3
4708;M;62;20231227;60000;Cappuccino;12-14;Pacífica;5
4709;F;36;20220217;57000;Chocolate Blanco Helado;18-20;Andina;3
4710;M;67;20230821;79000;Espresso Doble;14-16;Andina;5
4711;M;54;20240629;70000;Espresso Sencillo;18-20;Pacífica;3
4712;;38;20221117;65400;Café del día;16-18;Andina;5
4713;F;46;20240111;73000;Arequipe Latte;18-20;Andina;4
4714;M;91;20221120;89000;Flat White;18-20;Pacífica;3
4715;F;78;20231006;67000;Espresso Macchiato;12-14;Orinoquía;3
4716;;38;20240206;65400;Cappuccino;16-18;Caribe;4
4717;F;59;20220305;44000;Arequipe Latte;14-16;Orinoquía;3
4718;M;46;20230827;58000;Espresso Doble;18-20;Orinoquía;4
4719;;38;20231229;65400;Cappuccino;16-18;Andina;3
4720;M;42;20240311;64000;Mocha Blanco Latte;12-14;Caribe;2
4721;F;72;20231229;81000;Chocolate Blanco Helado;18-20;Pacífica;4
4722;F;40;20220322;96000;Flat White;20-22;Caribe;5
4723;M;51;20240312;49000;Chocolate Helado;14-16;Orinoquía;5
4724;F;76;20191225;64000;Cappuccino;12-14;Orinoquía;4
4725;M;69;20221011;105000;Chocolate Caliente;16-18;Pacífica;3
4726;F;34;20221012;33000;Americano;12-14;Insular;5
4727;M;25;20230202;54000;Mocha Blanco Latte;18-20;Orinoquía;1
4728;M;83;20211106;63000;Espresso Macchiato;12-14;Andina;3
4729;M;41;20221118;58000;Flat White;20-22;Insular;3
4730;M;50;20200114;58000;Chocolate Helado;12-14;Pacífica;4
4731;M;51;20231220;36000;Americano;18-20;Andina;5
4732;;38;20230914;65400;Espresso Sencillo;18-20;Caribe;4
4733;M;30;20240627;45000;Arequipe Latte;20-22;Caribe;5
4734;M;53;20231012;64000;Chocolate Caliente;20-22;Andina;4
4735;M;67;20220203;74000;Chocolate Blanco;12-14;Andina;3
4736;M;60;20240718;64000;Chocolate Helado;18-20;Insular;4
4737;F;70;20191121;82000;Espresso Doble;18-20;Pacífica;1
4738;F;51;20231105;101000;Chocolate Helado;18-20;Orinoquía;1
4739;M;40;20240703;59000;Espresso Doble;16-18;Andina;2
4740;M;51;20211017;66000;Arequipe Latte;12-14;Andina;4
4741;F;95;20230611;81000;Espresso Doble;14-16;Caribe;4
4742;M;52;20230728;31000;Espresso Doble;20-22;Andina;3
4743;F;74;20230609;71000;Chocolate Blanco;20-22;Insular;4
4744;F;60;20240410;71000;Latte;10-12;Insular;1
4745;F;89;20230816;47000;Chocolate Caliente;12-14;Andina;3
4746;;38;20230828;65400;Chocolate Helado;10-12;Orinoquía;3
4747;M;18;20231027;41000;Latte Macchiato;16-18;Orinoquía;4
4748;M;59;20231202;67000;Espresso Doble;16-18;Pacífica;5
4749;M;66;20240625;45000;Chocolate Helado;10-12;Pacífica;2
4750;F;50;20221022;82000;Latte Macchiato;18-20;Insular;2
4751;F;56;20240421;72000;Latte;18-20;Caribe;1
4752;M;67;20220525;35000;Espresso Sencillo;10-12;Orinoquía;3
4753;M;55;20211208;85000;Chocolate Blanco Helado;14-16;Pacífica;1
4754;M;31;20200213;44000;Chocolate Blanco Helado;10-12;Caribe;1
4755;F;80;20221217;83000;Latte;16-18;Pacífica;4
4756;F;56;20221027;62000;Americano;10-12;Caribe;1
4757;M;43;20210315;52000;Espresso Doble;14-16;Caribe;3
4758;M;61;20230111;59000;Chocolate Blanco;16-18;Orinoquía;2
4759;F;76;20220718;33000;Arequipe Latte;16-18;Orinoquía;5
4760;F;53;20240715;98000;Chocolate Caliente;10-12;Caribe;5
4761;M;44;20240124;35000;Mocha Latte;12-14;Orinoquía;4
4762;M;61;20240620;33000;Cappuccino;12-14;Andina;2
4763;;38;20220322;65400;Mocha Latte;14-16;Insular;2
4764;M;61;20220728;53000;Cappuccino;16-18;Pacífica;5
4765;M;36;20240507;66000;Latte;10-12;Andina;3
4766;F;84;20230702;88000;Chocolate Caliente;20-22;Andina;5
4767;;38;20240619;65400;Americano;12-14;Andina;4
4768;M;50;20231006;113000;Chocolate Blanco;14-16;Andina;1
4769;F;25;20240113;34000;Mocha Blanco Latte;10-12;Andina;3
4770;F;77;20230829;71000;Mocha Latte;18-20;Insular;1
4771;M;67;20240411;41000;Mocha Blanco Latte;14-16;Pacífica;5
4772;;38;20240117;65400;Mocha Blanco Latte;20-22;Pacífica;4
4773;M;44;20230803;31000;Espresso Sencillo;14-16;Orinoquía;1
4774;F;60;20230926;69000;Café del día;18-20;Orinoquía;5
4775;;38;20240513;65400;Cappuccino;10-12;Pacífica;5
4776;M;81;20240715;62000;Flat White;18-20;Caribe;2
4777;M;76;20230921;40000;Chocolate Blanco Helado;14-16;Andina;3
4778;M;87;20190830;38000;Mocha Blanco Latte;20-22;Andina;4
4779;;38;20220601;65400;Chocolate Blanco;18-20;Caribe;5
4780;M;80;20190815;55000;Cappuccino;18-20;Pacífica;5
4781;;38;20210922;65400;Cappuccino;10-12;Pacífica;3
4782;F;28;20220605;34000;Cappuccino;16-18;Andina;1
4783;F;65;20220615;75000;Mocha Blanco Latte;20-22;Pacífica;5
4784;M;33;20231201;50000;Espresso Sencillo;18-20;Andina;5
4785;M;44;20210614;55000;Flat White;16-18;Orinoquía;5
4786;F;67;20211201;94000;Espresso Sencillo;10-12;Pacífica;1
4787;F;53;20230423;84000;Chocolate Blanco;12-14;Pacífica;4
4788;;38;20230819;65400;Chocolate Blanco Helado;20-22;Pacífica;5
4789;F;83;20240104;61000;Latte;12-14;Caribe;1
4790;F;57;20240531;61000;Chocolate Blanco Helado;18-20;Pacífica;3
4791;M;87;20240121;42000;Americano;18-20;Caribe;2
4792;F;63;20230609;76000;Espresso Macchiato;10-12;Andina;3
4793;M;57;20240130;52000;Latte Macchiato;20-22;Pacífica;2
4794;M;64;20210829;95000;Chocolate Caliente;10-12;Insular;2
4795;M;53;20240517;62000;Latte;14-16;Caribe;4
4796;M;45;20220625;58000;Cappuccino;16-18;Orinoquía;4
4797;;38;20220830;65400;Chocolate Helado;12-14;Insular;3
4798;;38;20231221;65400;Latte;10-12;Insular;2
4799;M;41;20211015;87000;Latte;12-14;Orinoquía;2
4800;F;60;20230218;118000;Chocolate Helado;16-18;Pacífica;2
4801;O;56;20230403;60000;Espresso Macchiato;14-16;Caribe;3
4802;M;66;20240128;79000;Flat White;18-20;Orinoquía;2
4803;F;42;20240516;61000;Latte;12-14;Insular;5
4804;;38;20230901;65400;Americano;10-12;Andina;1
4805;M;57;20240404;65000;Mocha Latte;16-18;Pacífica;5
4806;M;50;20230811;111000;Café del día;20-22;Caribe;4
4807;;38;20220704;65400;Chocolate Blanco;10-12;Caribe;1
4808;;38;20220419;65400;Caramel Macchiato;18-20;Pacífica;2
4809;F;83;20230115;64000;Café del día;10-12;Andina;1
4810;F;64;20240702;70000;Flat White;20-22;Orinoquía;1
4811;M;86;20230822;62000;Chocolate Caliente;10-12;Orinoquía;1
4812;F;43;20240126;39000;Chocolate Blanco Helado;14-16;Caribe;2
4813;M;81;20221223;85000;Caramel Macchiato;10-12;Andina;5
4814;M;52;20240312;99000;Caramel Macchiato;20-22;Caribe;1
4815;F;44;20240312;76000;Latte;18-20;Pacífica;3
4816;F;30;20240326;69000;Arequipe Latte;18-20;Caribe;3
4817;M;50;20240626;56000;Chocolate Blanco Helado;10-12;Insular;4
4818;F;55;20220919;91000;Espresso Macchiato;18-20;Andina;4
4819;M;41;20201116;55000;Chocolate Blanco;20-22;Andina;1
4820;F;34;20231016;63000;Latte Macchiato;18-20;Insular;5
4821;F;53;20210417;90000;Mocha Blanco Latte;10-12;Andina;2
4822;;38;20240405;65400;Espresso Doble;10-12;Andina;5
4823;F;65;20240720;93000;Espresso Doble;20-22;Orinoquía;4
4824;;38;20230214;65400;Cappuccino;18-20;Orinoquía;1
4825;F;74;20221111;91000;Flat White;14-16;Pacífica;3
4826;M;66;20230218;72000;Latte Macchiato;14-16;Caribe;1
4827;F;42;20210730;71000;Espresso Sencillo;16-18;Orinoquía;2
4828;F;88;20230724;89000;Chocolate Caliente;14-16;Insular;2
4829;F;22;20230830;57000;Chocolate Blanco Helado;20-22;Caribe;1
4830;M;63;20230912;71000;Americano;12-14;Orinoquía;3
4831;F;67;20220529;82000;Chocolate Caliente;20-22;Pacífica;2
4832;F;56;20231208;60000;Latte Macchiato;12-14;Andina;4
4833;M;71;20231010;62000;Chocolate Blanco Helado;10-12;Pacífica;2
4834;M;76;20200910;54000;Latte Macchiato;14-16;Pacífica;1
4835;F;60;20240511;91000;Flat White;18-20;Pacífica;4
4836;F;52;20211107;92000;Mocha Latte;16-18;Caribe;5
4837;O;58;20210311;78000;Espresso Sencillo;18-20;Pacífica;1
4838;F;43;20230704;60000;Espresso Macchiato;12-14;Andina;1
4839;M;77;20240302;79000;Chocolate Helado;16-18;Pacífica;1
4840;M;65;20240719;68000;Flat White;12-14;Pacífica;2
4841;M;56;20231211;68000;Mocha Blanco Latte;10-12;Caribe;2
4842;M;69;20210907;75000;Espresso Macchiato;18-20;Pacífica;4
4843;F;34;20231205;62000;Flat White;14-16;Insular;5
4844;M;27;20240702;70000;Latte;14-16;Insular;2
4845;;38;20240506;65400;Arequipe Latte;14-16;Andina;4
4846;F;34;20230309;52000;Latte;20-22;Insular;4
4847;F;80;20230409;100000;Arequipe Latte;10-12;Pacífica;5
4848;M;63;20240521;74000;Chocolate Blanco;16-18;Insular;5
4849;F;42;20230108;33000;Flat White;16-18;Pacífica;3
4850;;38;20230623;65400;Chocolate Blanco;12-14;Caribe;3
4851;M;56;20240512;54000;Mocha Blanco Latte;12-14;Insular;3
4852;M;62;20240305;31000;Espresso Sencillo;10-12;Caribe;1
4853;M;70;20240505;36000;Caramel Macchiato;18-20;Orinoquía;3
4854;M;58;20211104;100000;Café del día;14-16;Caribe;1
4855;;38;20240120;65400;Espresso Doble;14-16;Andina;4
4856;M;29;20221014;53000;Caramel Macchiato;10-12;Insular;1
4857;F;88;20220319;51000;Caramel Macchiato;10-12;Insular;3
4858;F;72;20210830;104000;Americano;10-12;Insular;1
4859;M;54;20230829;74000;Mocha Latte;18-20;Pacífica;5
4860;M;64;20230105;74000;Americano;16-18;Orinoquía;1
4861;M;84;20211022;64000;Latte Macchiato;10-12;Andina;3
4862;M;23;20200226;71000;Chocolate Blanco;10-12;Insular;4
4863;M;63;20231127;62000;Arequipe Latte;14-16;Orinoquía;3
4864;F;65;20230816;52000;Arequipe Latte;20-22;Andina;4
4865;M;37;20231021;44000;Mocha Blanco Latte;20-22;Caribe;3
4866;;38;20230813;65400;Mocha Latte;14-16;Insular;2
4867;M;29;20231105;40000;Flat White;18-20;Orinoquía;3
4868;M;77;20190813;77000;Mocha Blanco Latte;14-16;Caribe;3
4869;M;52;20230311;81000;Chocolate Blanco Helado;12-14;Insular;2
4870;M;65;20231118;71000;Flat White;10-12;Andina;3
4871;;38;20230730;65400;Espresso Macchiato;12-14;Insular;2
4872;M;36;20240204;38000;Chocolate Helado;20-22;Orinoquía;2
4873;M;44;20230709;64000;Cappuccino;16-18;Orinoquía;2
4874;F;61;20240315;113000;Espresso Sencillo;12-14;Caribe;2
4875;O;70;20230919;34000;Espresso Sencillo;14-16;Orinoquía;5
4876;F;53;20211121;41000;Mocha Blanco Latte;18-20;Orinoquía;2
4877;M;49;20230807;65000;Espresso Sencillo;14-16;Insular;1
4878;F;21;20240506;36000;Chocolate Caliente;10-12;Insular;3
4879;F;63;20220701;76000;Espresso Sencillo;10-12;Orinoquía;2
4880;M;52;20220607;100000;Flat White;18-20;Pacífica;5
4881;F;51;20230412;88000;Café del día;18-20;Orinoquía;3
4882;M;53;20191212;53000;Americano;18-20;Andina;3
4883;M;40;20230812;49000;Mocha Blanco Latte;20-22;Andina;1
4884;;38;20240318;65400;Espresso Doble;12-14;Andina;3
4885;M;26;20240218;65000;Flat White;20-22;Caribe;2
4886;M;67;20221106;88000;Flat White;18-20;Andina;3
4887;F;53;20221122;53000;Café del día;10-12;Andina;3
4888;M;30;20230307;42000;Latte Macchiato;12-14;Caribe;3
4889;M;79;20230730;78000;Cappuccino;16-18;Caribe;1
4890;M;44;20240202;55000;Latte Macchiato;20-22;Caribe;5
4891;M;67;20230914;72000;Chocolate Caliente;18-20;Caribe;3
4892;M;42;20231106;32000;Arequipe Latte;20-22;Caribe;2
4893;M;27;20220322;40000;Caramel Macchiato;12-14;Andina;4
4894;M;83;20240430;54000;Americano;12-14;Insular;5
4895;M;48;20210905;98000;Chocolate Caliente;20-22;Pacífica;3
4896;F;52;20231129;81000;Cappuccino;12-14;Andina;2
4897;M;48;20230531;69000;Chocolate Blanco;10-12;Caribe;4
4898;M;37;20230114;59000;Mocha Blanco Latte;14-16;Orinoquía;1
4899;M;41;20220124;50000;Chocolate Helado;18-20;Andina;1
4900;M;36;20231216;54000;Americano;14-16;Andina;1
4901;M;72;20240227;65000;Chocolate Helado;18-20;Pacífica;2
4902;F;66;20220316;79000;Chocolate Caliente;16-18;Andina;4
4903;M;59;20231128;74000;Chocolate Caliente;20-22;Orinoquía;4
4904;M;54;20220316;70000;Espresso Doble;16-18;Caribe;5
4905;M;41;20210903;34000;Caramel Macchiato;12-14;Andina;5
4906;F;83;20211129;73000;Espresso Macchiato;20-22;Andina;5
4907;F;80;20231123;58000;Chocolate Caliente;12-14;Caribe;2
4908;M;72;20220303;64000;Latte;16-18;Caribe;1
4909;M;21;20240502;35000;Chocolate Blanco Helado;20-22;Caribe;3
4910;F;52;20230606;85000;Mocha Latte;18-20;Orinoquía;2
4911;M;65;20210107;87000;Chocolate Blanco Helado;18-20;Caribe;1
4912;M;60;20221030;33000;Espresso Macchiato;14-16;Andina;4
4913;;38;20230930;65400;Café del día;12-14;Caribe;5
4914;M;49;20221109;53000;Cappuccino;14-16;Orinoquía;3
4915;F;51;20220312;56000;Flat White;16-18;Caribe;1
4916;F;57;20220924;110000;Chocolate Blanco;20-22;Insular;2
4917;F;65;20220214;75000;Espresso Sencillo;20-22;Orinoquía;1
4918;F;65;20221126;65000;Mocha Latte;14-16;Orinoquía;4
4919;F;49;20240527;73000;Mocha Latte;14-16;Caribe;2
4920;M;61;20230927;41000;Caramel Macchiato;12-14;Orinoquía;1
4921;M;51;20191007;54000;Caramel Macchiato;18-20;Orinoquía;3
4922;;38;20220503;65400;Mocha Latte;18-20;Orinoquía;2
4923;F;38;20240319;48000;Espresso Macchiato;14-16;Orinoquía;3
4924;M;75;20240421;61000;Arequipe Latte;12-14;Caribe;2
4925;M;73;20191114;45000;Espresso Sencillo;18-20;Caribe;3
4926;M;55;20240616;69000;Flat White;10-12;Insular;5
4927;M;67;20231226;91000;Chocolate Blanco Helado;18-20;Pacífica;3
4928;F;57;20231111;84000;Latte;16-18;Insular;2
4929;M;26;20240510;69000;Latte;14-16;Caribe;5
4930;M;61;20220206;65000;Chocolate Helado;18-20;Andina;5
4931;M;28;20240116;48000;Espresso Sencillo;14-16;Insular;4
4932;F;50;20230926;65000;Espresso Sencillo;12-14;Andina;2
4933;F;38;20211021;38000;Chocolate Blanco;12-14;Insular;2
4934;M;24;20230930;39000;Cappuccino;16-18;Insular;3
4935;F;29;20220619;33000;Latte Macchiato;10-12;Orinoquía;5
4936;F;90;20211002;78000;Latte;16-18;Caribe;3
4937;F;85;20221207;88000;Chocolate Blanco Helado;18-20;Orinoquía;4
4938;F;43;20231204;79000;Espresso Sencillo;14-16;Orinoquía;1
4939;M;64;20230110;88000;Caramel Macchiato;12-14;Pacífica;3
4940;;38;20231225;65400;Mocha Latte;16-18;Pacífica;5
4941;M;38;20230909;96000;Flat White;16-18;Pacífica;4
4942;F;48;20230618;45000;Caramel Macchiato;20-22;Andina;3
4943;O;57;20230823;91000;Chocolate Blanco;12-14;Andina;3
4944;M;63;20240517;60000;Espresso Doble;14-16;Andina;3
4945;F;63;20210803;92000;Chocolate Caliente;20-22;Andina;3
4946;M;56;20220810;63000;Flat White;20-22;Orinoquía;5
4947;M;70;20230819;51000;Espresso Doble;20-22;Insular;1
4948;M;32;20231023;40000;Espresso Sencillo;10-12;Caribe;1
4949;M;80;20240602;112000;Chocolate Blanco Helado;16-18;Caribe;1
4950;F;87;20231106;83000;Chocolate Caliente;20-22;Pacífica;3
4951;M;55;20210623;58000;Chocolate Helado;14-16;Andina;1
4952;M;25;20240529;73000;Chocolate Blanco;10-12;Orinoquía;2
4953;;38;20220219;65400;Chocolate Caliente;20-22;Insular;5
4954;M;62;20240519;64000;Caramel Macchiato;18-20;Caribe;3
4955;F;53;20230801;46000;Café del día;10-12;Andina;4
4956;;38;20240306;65400;Mocha Blanco Latte;20-22;Pacífica;3
4957;M;19;20230427;44000;Mocha Latte;10-12;Andina;1
4958;F;47;20230519;42000;Chocolate Helado;18-20;Caribe;2
4959;M;58;20240321;78000;Flat White;10-12;Orinoquía;5
4960;M;54;20230827;45000;Espresso Macchiato;14-16;Andina;5
4961;M;60;20220625;52000;Cappuccino;10-12;Insular;2
4962;M;83;20230312;60000;Chocolate Caliente;18-20;Orinoquía;4
4963;F;82;20230822;65000;Café del día;12-14;Caribe;4
4964;M;49;20240125;41000;Arequipe Latte;18-20;Orinoquía;2
4965;M;49;20240612;68000;Cappuccino;14-16;Pacífica;5
4966;M;73;20220807;57000;Chocolate Helado;10-12;Insular;1
4967;;38;20230424;65400;Espresso Sencillo;16-18;Andina;1
4968;F;50;20240707;87000;Café del día;16-18;Insular;2
4969;F;32;20211208;48000;Mocha Blanco Latte;20-22;Orinoquía;2
4970;F;52;20220614;64000;Chocolate Caliente;18-20;Caribe;5
4971;;38;20210903;65400;Chocolate Blanco;16-18;Caribe;4
4972;F;45;20240222;42000;Caramel Macchiato;10-12;Pacífica;3
4973;F;85;20231031;90000;Café del día;10-12;Caribe;1
4974;M;73;20240515;38000;Café del día;18-20;Pacífica;5
4975;F;20;20220522;64000;Espresso Sencillo;18-20;Orinoquía;1
4976;M;22;20231017;53000;Americano;18-20;Pacífica;2
4977;F;43;20220119;68000;Arequipe Latte;20-22;Orinoquía;1
4978;F;67;20231019;56000;Mocha Latte;16-18;Insular;4
4979;F;70;20220712;81000;Espresso Macchiato;10-12;Andina;2
4980;F;72;20230606;74000;Latte Macchiato;10-12;Andina;5
4981;F;44;20220111;42000;Chocolate Helado;20-22;Orinoquía;4
4982;;38;20220914;65400;Cappuccino;14-16;Andina;5
4983;;38;20220528;65400;Chocolate Helado;18-20;Andina;1
4984;M;47;20210223;70000;Mocha Latte;12-14;Orinoquía;5
4985;F;75;20231103;99000;Mocha Latte;12-14;Caribe;2
4986;M;27;20230825;55000;Chocolate Blanco Helado;20-22;Insular;3
4987;F;66;20220529;99000;Latte;10-12;Orinoquía;4
4988;M;38;20240312;35000;Chocolate Blanco;14-16;Orinoquía;3
4989;M;89;20220191;119000;Latte Macchiato;12-14;Pacífica;3
4990;F;73;20200922;56000;Latte;16-18;Andina;4
4991;F;22;20240426;32000;Chocolate Blanco Helado;14-16;Orinoquía;5
4992;F;90;20231029;66000;Mocha Latte;20-22;Andina;4
4993;M;29;20211130;44000;Espresso Sencillo;20-22;Pacífica;1
4994;F;51;20210829;92000;Espresso Macchiato;20-22;Insular;4
4995;;38;20231130;65400;Café del día;16-18;Caribe;2
4996;;38;20221028;65400;Mocha Latte;16-18;Caribe;3
4997;M;76;20231118;34000;Mocha Blanco Latte;18-20;Orinoquía;3
4998;F;46;20220713;70000;Arequipe Latte;20-22;Orinoquía;1
4999;F;53;20240412;91000;Chocolate Helado;12-14;Caribe;2
5000;F;67;20231224;85000;Caramel Macchiato;12-14;Caribe;2
5001;F;53;20231123;74000;Chocolate Helado;16-18;Orinoquía;2
5002;M;71;20230824;73000;Café del día;12-14;Caribe;1
5003;M;35;20240621;53000;Café del día;14-16;Pacífica;1
5004;M;64;20231017;63000;Chocolate Blanco;12-14;Caribe;3
5005;F;95;20240725;41000;Cappuccino;12-14;Andina;1
5006;M;65;20230914;57000;Americano;18-20;Orinoquía;1
5007;M;78;20200909;64000;Americano;16-18;Insular;5
5008;M;49;20200919;33000;Café del día;16-18;Orinoquía;2
5009;M;54;20230425;75000;Chocolate Helado;14-16;Pacífica;2
5010;M;67;20190805;97000;Cappuccino;20-22;Pacífica;5
5011;F;62;20230131;43000;Mocha Blanco Latte;10-12;Orinoquía;1
5012;M;35;20231026;61000;Cappuccino;20-22;Andina;4
5013;F;73;20211009;55000;Chocolate Helado;12-14;Pacífica;2
5014;F;23;20211122;31000;Americano;16-18;Orinoquía;2
5015;M;88;20230927;52000;Americano;18-20;Insular;3
5016;F;74;20220327;92000;Espresso Sencillo;14-16;Orinoquía;1
5017;M;57;20200603;55000;Caramel Macchiato;18-20;Pacífica;2
5018;M;53;20231006;80000;Mocha Latte;10-12;Orinoquía;4
5019;M;50;20240606;37000;Chocolate Caliente;16-18;Pacífica;1
5020;M;25;20240721;45000;Americano;12-14;Insular;3
5021;F;60;20231214;69000;Latte;16-18;Andina;2
5022;F;40;20200524;33000;Cappuccino;16-18;Insular;1
5023;M;63;20200120;79000;Espresso Doble;20-22;Caribe;3
5024;F;80;20230622;79000;Espresso Doble;18-20;Andina;3
5025;O;69;20240225;46000;Mocha Blanco Latte;20-22;Pacífica;2
5026;M;29;20230817;50000;Latte Macchiato;20-22;Orinoquía;5
5027;F;51;20231108;70000;Caramel Macchiato;10-12;Orinoquía;2
5028;F;57;20220326;74000;Chocolate Blanco;12-14;Insular;3
5029;F;50;20220822;106000;Café del día;18-20;Orinoquía;3
5030;;38;20230521;65400;Latte;14-16;Caribe;2
5031;M;62;20240625;46000;Chocolate Caliente;18-20;Pacífica;3
5032;M;20;20230802;58000;Mocha Blanco Latte;14-16;Andina;2
5033;F;63;20220213;34000;Espresso Doble;18-20;Pacífica;5
5034;M;30;20220607;49000;Chocolate Caliente;16-18;Orinoquía;4
5035;F;26;20231023;48000;Flat White;12-14;Andina;1
5036;F;62;20230503;64000;Chocolate Blanco;12-14;Andina;5
5037;M;25;20230423;32000;Mocha Latte;16-18;Andina;5
5038;;38;20240607;65400;Espresso Sencillo;20-22;Orinoquía;4
5039;F;28;20231105;43000;Americano;18-20;Caribe;4
5040;F;68;20220316;89000;Arequipe Latte;12-14;Pacífica;4
5041;;38;20221030;65400;Espresso Sencillo;20-22;Insular;5
5042;M;75;20200203;92000;Chocolate Blanco Helado;16-18;Insular;2
5043;M;26;20240707;70000;Mocha Blanco Latte;20-22;Andina;5
5044;F;52;20211207;54000;Arequipe Latte;20-22;Pacífica;5
5045;M;54;20221020;113000;Flat White;18-20;Pacífica;5
5046;M;79;20221125;101000;Chocolate Caliente;18-20;Caribe;4
5047;M;28;20240702;47000;Chocolate Caliente;16-18;Caribe;3
5048;M;55;20211009;62000;Espresso Macchiato;20-22;Insular;3
5049;M;27;20240112;59000;Chocolate Helado;16-18;Caribe;5
5050;F;21;20210123;36000;Espresso Sencillo;14-16;Insular;4
5051;F;61;20240318;64000;Café del día;16-18;Andina;3
5052;M;40;20220721;59000;Chocolate Blanco Helado;10-12;Caribe;2
5053;M;67;20240119;36000;Chocolate Helado;20-22;Andina;2
5054;F;66;20231214;88000;Mocha Blanco Latte;12-14;Andina;5
5055;M;55;20231116;31000;Espresso Sencillo;18-20;Caribe;3
5056;M;70;20211025;46000;Chocolate Helado;10-12;Caribe;1
5057;F;19;20220730;62000;Espresso Doble;20-22;Andina;2
5058;F;55;20220618;78000;Arequipe Latte;14-16;Pacífica;4
5059;M;54;20240112;63000;Chocolate Blanco Helado;10-12;Orinoquía;3
5060;M;67;20230324;66000;Mocha Blanco Latte;10-12;Orinoquía;3
5061;;38;20231209;65400;Flat White;20-22;Andina;5
5062;F;35;20230208;41000;Cappuccino;14-16;Pacífica;2
5063;O;57;20231021;87000;Caramel Macchiato;16-18;Andina;4
5064;F;62;20220205;99000;Espresso Doble;20-22;Pacífica;2
5065;M;32;20230906;35000;Chocolate Blanco Helado;14-16;Insular;5
5066;M;43;20230812;68000;Caramel Macchiato;16-18;Caribe;3
5067;M;19;20240209;49000;Chocolate Blanco;18-20;Insular;4
5068;M;46;20231119;51000;Café del día;12-14;Orinoquía;4
5069;M;70;20240617;43000;Chocolate Blanco;16-18;Caribe;1
5070;O;82;20231211;46000;Mocha Latte;20-22;Pacífica;2
5071;M;67;20230915;65000;Latte;20-22;Caribe;4
5072;M;61;20231018;37000;Caramel Macchiato;10-12;Insular;2
5073;M;52;20210831;85000;Americano;10-12;Caribe;2
5074;F;63;20231029;79000;Chocolate Blanco Helado;20-22;Pacífica;2
5075;F;90;20220722;119000;Arequipe Latte;14-16;Caribe;1
5076;F;54;20210829;75000;Cappuccino;10-12;Andina;2
5077;M;71;20230728;53000;Café del día;20-22;Insular;2
5078;M;22;20231220;53000;Café del día;16-18;Orinoquía;4
5079;M;24;20240605;46000;Caramel Macchiato;14-16;Orinoquía;3
5080;F;25;20200316;68000;Mocha Blanco Latte;16-18;Pacífica;2
5081;F;43;20230829;63000;Americano;16-18;Caribe;4
5082;F;74;20240108;53000;Chocolate Blanco Helado;12-14;Andina;3
5083;F;53;20220825;100000;Arequipe Latte;18-20;Insular;5
5084;F;66;20220710;51000;Americano;16-18;Orinoquía;4
5085;F;74;20220909;82000;Espresso Sencillo;10-12;Caribe;2
5086;F;43;20240722;60000;Chocolate Blanco;16-18;Pacífica;4
5087;;38;20240623;65400;Cappuccino;20-22;Andina;1
5088;;38;20231021;65400;Mocha Latte;10-12;Caribe;1
5089;M;55;20231006;41000;Latte Macchiato;16-18;Caribe;4
5090;M;40;20220630;69000;Mocha Blanco Latte;20-22;Pacífica;5
5091;F;64;20240517;66000;Mocha Latte;10-12;Insular;2
5092;M;42;20200902;32000;Arequipe Latte;12-14;Insular;1
5093;F;65;20231202;60000;Chocolate Blanco Helado;16-18;Insular;3
5094;M;34;20240415;41000;Café del día;10-12;Orinoquía;5
5095;M;27;20230415;67000;Mocha Blanco Latte;10-12;Pacífica;4
5096;F;64;20240613;51000;Latte Macchiato;10-12;Pacífica;1
5097;F;33;20221019;36000;Flat White;14-16;Orinoquía;2
5098;M;60;20230912;68000;Café del día;14-16;Pacífica;4
5099;M;64;20240531;72000;Flat White;14-16;Caribe;4
5100;F;63;20230810;77000;Chocolate Blanco;14-16;Pacífica;5
5101;F;53;20220414;44000;Chocolate Blanco;18-20;Andina;4
5102;F;88;20220102;116000;Latte Macchiato;16-18;Orinoquía;2
5103;F;89;20220129;71000;Mocha Latte;20-22;Orinoquía;3
5104;;38;20230926;65400;Cappuccino;10-12;Andina;5
5105;M;27;20210830;73000;Flat White;12-14;Andina;3
5106;F;59;20231009;71000;Espresso Macchiato;12-14;Andina;2
5107;;38;20231207;65400;Cappuccino;14-16;Orinoquía;3
5108;M;44;20240101;46000;Chocolate Caliente;16-18;Pacífica;3
5109;M;36;20221123;56000;Arequipe Latte;20-22;Andina;2
5110;M;49;20231229;55000;Espresso Sencillo;10-12;Caribe;2
5111;F;35;20220601;41000;Mocha Latte;18-20;Orinoquía;3
5112;M;64;20240127;57000;Latte;10-12;Orinoquía;2
5113;M;50;20200917;35000;Chocolate Helado;14-16;Pacífica;1
5114;M;64;20240310;65000;Arequipe Latte;14-16;Pacífica;4
5115;F;47;20220828;66000;Latte;18-20;Pacífica;5
5116;M;27;20231215;69000;Cappuccino;10-12;Andina;2
5117;F;43;20230114;84000;Mocha Latte;10-12;Insular;5
5118;M;89;20240308;88000;Espresso Sencillo;18-20;Insular;3
5119;F;48;20190906;35000;Cappuccino;10-12;Caribe;4
5120;O;42;20221027;58000;Espresso Macchiato;14-16;Caribe;2
5121;F;65;20231004;102000;Mocha Latte;16-18;Andina;2
5122;F;43;20221113;67000;Flat White;18-20;Insular;5
5123;F;51;20221028;112000;Chocolate Blanco Helado;12-14;Orinoquía;3
5124;;38;20230521;65400;Arequipe Latte;12-14;Caribe;2
5125;M;39;20230605;42000;Espresso Sencillo;18-20;Andina;3
5126;M;48;20240719;70000;Cappuccino;20-22;Orinoquía;3
5127;M;68;20200330;69000;Chocolate Helado;20-22;Pacífica;2
5128;M;59;20230204;34000;Chocolate Blanco Helado;18-20;Pacífica;4
5129;;38;20231218;65400;Flat White;16-18;Andina;4
5130;F;33;20240628;35000;Espresso Doble;16-18;Pacífica;1
5131;M;25;20220112;59000;Cappuccino;18-20;Orinoquía;3
5132;M;66;20210508;55000;Flat White;20-22;Caribe;1
5133;;38;20240104;65400;Espresso Doble;16-18;Andina;4
5134;F;80;20201229;64000;Latte;18-20;Caribe;3
5135;F;58;20231125;73000;Arequipe Latte;12-14;Orinoquía;4
5136;F;52;20230112;97000;Mocha Latte;14-16;Orinoquía;4
5137;F;38;20231219;84000;Espresso Sencillo;18-20;Pacífica;3
5138;M;22;20231111;61000;Café del día;18-20;Caribe;4
5139;F;50;20230311;82000;Chocolate Blanco;18-20;Caribe;4
5140;M;59;20240318;57000;Espresso Sencillo;18-20;Orinoquía;5
5141;M;27;20231201;55000;Espresso Doble;14-16;Caribe;3
5142;F;58;20221010;88000;Latte Macchiato;18-20;Orinoquía;1
5143;F;36;20231009;39000;Caramel Macchiato;10-12;Pacífica;4
5144;F;61;20220727;106000;Mocha Blanco Latte;16-18;Insular;3
5145;M;52;20240423;64000;Americano;10-12;Pacífica;4
5146;M;46;20220404;32000;Mocha Blanco Latte;20-22;Andina;3
5147;F;61;20240412;111000;Chocolate Helado;16-18;Caribe;2
5148;F;36;20240624;64000;Latte Macchiato;12-14;Caribe;4
5149;M;38;20220223;64000;Espresso Doble;12-14;Andina;3
5150;M;27;20240313;31000;Espresso Doble;12-14;Andina;3
5151;M;55;20240425;85000;Caramel Macchiato;18-20;Insular;5
5152;;38;20240501;65400;Americano;10-12;Pacífica;4
5153;M;70;20230505;52000;Americano;14-16;Pacífica;1
5154;M;89;20240719;74000;Espresso Sencillo;20-22;Pacífica;3
5155;M;55;20240509;57000;Café del día;14-16;Orinoquía;1
5156;M;60;20240616;63000;Latte Macchiato;18-20;Andina;4
5157;M;76;20220115;60000;Mocha Blanco Latte;20-22;Caribe;2
5158;F;50;20230124;82000;Mocha Blanco Latte;14-16;Andina;3
5159;F;77;20230813;51000;Arequipe Latte;12-14;Orinoquía;2
5160;;38;20220228;65400;Latte;20-22;Pacífica;2
5161;M;54;20240129;55000;Latte;10-12;Caribe;3
5162;F;49;20221120;88000;Arequipe Latte;18-20;Andina;5
5163;O;68;20231018;57000;Espresso Doble;14-16;Andina;2
5164;F;25;20220412;69000;Latte Macchiato;18-20;Andina;3
5165;F;88;20220729;80000;Chocolate Caliente;18-20;Andina;3
5166;M;26;20240112;40000;Caramel Macchiato;16-18;Andina;1
5167;M;68;20200630;38000;Mocha Latte;14-16;Andina;4
5168;M;40;20221014;85000;Café del día;16-18;Insular;4
5169;F;50;20230806;65000;Americano;10-12;Orinoquía;5
5170;;38;20221103;65400;Chocolate Blanco;20-22;Pacífica;3
5171;M;56;20230512;61000;Flat White;20-22;Caribe;1
5172;M;58;20240224;62000;Espresso Doble;18-20;Andina;2
5173;F;79;20240307;41000;Chocolate Helado;10-12;Insular;5
5174;M;27;20220222;69000;Chocolate Caliente;20-22;Pacífica;4
5175;F;48;20231119;72000;Mocha Blanco Latte;18-20;Caribe;2
5176;M;29;20230502;38000;Latte Macchiato;16-18;Insular;3
5177;F;84;20230311;118000;Arequipe Latte;16-18;Caribe;3
5178;F;86;20240605;68000;Arequipe Latte;20-22;Insular;1
5179;F;37;20240426;45000;Espresso Sencillo;18-20;Pacífica;3
5180;F;58;20221225;70000;Latte Macchiato;12-14;Insular;4
5181;;38;20240416;65400;Café del día;20-22;Caribe;3
5182;F;53;20240123;113000;Caramel Macchiato;18-20;Caribe;3
5183;M;65;20200111;48000;Flat White;18-20;Insular;5
5184;F;55;20240102;33000;Espresso Macchiato;20-22;Caribe;1
5185;M;79;20211115;102000;Espresso Macchiato;20-22;Orinoquía;2
5186;M;76;20230228;72000;Mocha Blanco Latte;16-18;Insular;2
5187;M;77;20231016;50000;Chocolate Blanco Helado;16-18;Orinoquía;3
5188;M;52;20211023;82000;Chocolate Helado;16-18;Insular;2
5189;F;58;20220724;82000;Chocolate Caliente;12-14;Caribe;5
5190;M;70;20240208;90000;Chocolate Helado;14-16;Caribe;4
5191;M;42;20210530;73000;Americano;12-14;Caribe;5
5192;M;50;20230209;43000;Espresso Doble;10-12;Pacífica;3
5193;F;57;20240605;90000;Espresso Macchiato;10-12;Pacífica;5
5194;F;42;20230903;45000;Americano;10-12;Orinoquía;5
5195;M;47;20231024;31000;Latte;14-16;Insular;1
5196;;38;20240309;65400;Caramel Macchiato;10-12;Caribe;2
5197;F;68;20220331;66000;Flat White;12-14;Pacífica;2
5198;M;47;20231104;68000;Chocolate Blanco;14-16;Insular;3
5199;M;63;20220702;55000;Chocolate Blanco;20-22;Orinoquía;5
5200;F;55;20231202;39000;Latte;12-14;Andina;1
5201;F;23;20220221;35000;Espresso Macchiato;14-16;Pacífica;2
5202;M;35;20240106;55000;Flat White;14-16;Insular;2
5203;F;45;20231211;70000;Café del día;20-22;Andina;3
5204;F;59;20240402;55000;Espresso Macchiato;14-16;Caribe;4
5205;M;80;20240714;89000;Arequipe Latte;20-22;Pacífica;2
5206;M;19;20230831;49000;Arequipe Latte;16-18;Insular;3
5207;F;74;20211231;84000;Arequipe Latte;14-16;Caribe;1
5208;;38;20231120;65400;Latte;12-14;Orinoquía;3
5209;F;29;20240218;38000;Caramel Macchiato;10-12;Andina;4
5210;M;20;20240210;31000;Arequipe Latte;18-20;Orinoquía;4
5211;M;45;20220821;63000;Espresso Macchiato;10-12;Pacífica;1
5212;F;92;20230913;86000;Mocha Blanco Latte;14-16;Caribe;4
5213;M;21;20230921;46000;Latte Macchiato;10-12;Andina;5
5214;M;53;20231012;60000;Chocolate Blanco Helado;16-18;Insular;5
5215;M;84;20221208;95000;Chocolate Blanco Helado;14-16;Orinoquía;3
5216;M;21;20240106;59000;Chocolate Helado;14-16;Andina;1
5217;M;64;20231020;51000;Cappuccino;14-16;Pacífica;4
5218;M;76;20210921;44000;Arequipe Latte;20-22;Andina;1
5219;M;64;20230129;75000;Mocha Blanco Latte;16-18;Caribe;3
5220;F;59;20231130;90000;Americano;16-18;Andina;5
5221;M;42;20230914;61000;Americano;10-12;Caribe;2
5222;M;57;20210913;76000;Espresso Sencillo;16-18;Orinoquía;3
5223;F;70;20230119;36000;Mocha Latte;16-18;Orinoquía;5
5224;;38;20200205;65400;Espresso Sencillo;14-16;Pacífica;3
5225;M;49;20200224;77000;Latte;10-12;Orinoquía;4
5226;F;68;20240621;73000;Espresso Sencillo;16-18;Orinoquía;1
5227;F;47;20221210;59000;Chocolate Blanco Helado;12-14;Andina;4
5228;;38;20240427;65400;Chocolate Caliente;10-12;Andina;5
5229;F;56;20210223;54000;Chocolate Blanco Helado;16-18;Pacífica;5
5230;M;20;20191116;40000;Espresso Macchiato;12-14;Andina;5
5231;M;60;20210916;71000;Café del día;18-20;Pacífica;1
5232;F;64;20230822;67000;Mocha Blanco Latte;10-12;Andina;1
5233;F;85;20240507;89000;Chocolate Helado;18-20;Andina;5
5234;M;67;20220705;92000;Flat White;18-20;Orinoquía;3
5235;F;31;20240519;46000;Chocolate Blanco Helado;12-14;Pacífica;2
5236;F;47;20231209;72000;Chocolate Helado;20-22;Orinoquía;3
5237;F;60;20230803;58000;Arequipe Latte;16-18;Insular;3
5238;M;26;20240404;70000;Chocolate Blanco;18-20;Caribe;1
5239;F;32;20231030;34000;Mocha Latte;14-16;Pacífica;4
5240;M;35;20240401;69000;Caramel Macchiato;20-22;Andina;4
5241;M;55;20210323;34000;Espresso Macchiato;18-20;Insular;5
5242;M;41;20230327;64000;Espresso Doble;16-18;Pacífica;4
5243;F;69;20210920;83000;Latte;18-20;Caribe;2
5244;M;56;20230628;79000;Espresso Macchiato;16-18;Caribe;4
5245;M;23;20200221;32000;Cappuccino;12-14;Pacífica;3
5246;F;45;20240518;36000;Chocolate Helado;12-14;Andina;5
5247;F;65;20220318;83000;Chocolate Blanco;10-12;Andina;4
5248;M;59;20230913;73000;Café del día;12-14;Pacífica;5
5249;F;65;20220705;72000;Café del día;16-18;Insular;5
5250;M;34;20201009;61000;Mocha Blanco Latte;14-16;Andina;4
5251;F;52;20220429;68000;Chocolate Caliente;20-22;Orinoquía;2
5252;M;53;20240608;81000;Espresso Macchiato;20-22;Andina;5
5253;M;58;20210915;75000;Latte;12-14;Caribe;2
5254;F;58;20220808;85000;Mocha Blanco Latte;20-22;Andina;5
5255;M;66;20240722;60000;Chocolate Blanco;20-22;Caribe;3
5256;M;51;20220808;63000;Cappuccino;14-16;Andina;2
5257;M;56;20240711;66000;Flat White;18-20;Orinoquía;1
5258;F;58;20220617;109000;Latte;20-22;Caribe;2
5259;;38;20231027;65400;Espresso Sencillo;20-22;Orinoquía;2
5260;M;21;20231210;72000;Café del día;18-20;Pacífica;5
5261;M;48;20221220;83000;Cappuccino;10-12;Orinoquía;3
5262;M;73;20221027;97000;Espresso Doble;18-20;Caribe;5
5263;F;61;20230817;33000;Cappuccino;20-22;Insular;4
5264;F;24;20231028;73000;Café del día;20-22;Insular;2
5265;F;53;20230922;43000;Mocha Blanco Latte;10-12;Caribe;1
5266;M;68;20191210;87000;Espresso Doble;18-20;Andina;3
5267;M;76;20230911;39000;Americano;10-12;Andina;5
5268;M;58;20221114;86000;Espresso Macchiato;20-22;Andina;2
5269;F;51;20240212;116000;Caramel Macchiato;16-18;Insular;4
5270;M;60;20221218;45000;Cappuccino;14-16;Orinoquía;4
5271;M;80;20200330;51000;Latte;14-16;Andina;4
5272;M;54;20230602;57000;Arequipe Latte;20-22;Andina;1
5273;;38;20220804;65400;Chocolate Helado;12-14;Caribe;2
5274;F;70;20231017;57000;Cappuccino;20-22;Andina;4
5275;F;65;20231205;87000;Mocha Blanco Latte;18-20;Orinoquía;2
5276;M;56;20240507;88000;Cappuccino;16-18;Pacífica;2
5277;;38;20240520;65400;Mocha Latte;10-12;Pacífica;1
5278;M;47;20240507;90000;Espresso Macchiato;12-14;Pacífica;1
5279;;38;20220330;65400;Chocolate Helado;18-20;Insular;3
5280;F;60;20240504;78000;Chocolate Helado;12-14;Caribe;4
5281;M;57;20230626;61000;Chocolate Caliente;10-12;Insular;3
5282;F;30;20230728;65000;Chocolate Caliente;14-16;Orinoquía;1
5283;M;69;20240122;80000;Cappuccino;12-14;Andina;2
5284;F;50;20230912;107000;Caramel Macchiato;18-20;Insular;5
5285;F;59;20230916;96000;Flat White;10-12;Orinoquía;2
5286;M;37;20231125;49000;Mocha Latte;20-22;Insular;1
5287;;38;20240427;65400;Cappuccino;14-16;Pacífica;1
5288;F;67;20240429;62000;Chocolate Helado;12-14;Andina;2
5289;F;54;20240501;81000;Espresso Macchiato;20-22;Insular;2
5290;M;26;20231111;74000;Arequipe Latte;20-22;Caribe;5
5291;M;29;20240510;67000;Cappuccino;18-20;Pacífica;2
5292;O;79;20211021;57000;Espresso Macchiato;14-16;Pacífica;1
5293;F;55;20220419;78000;Espresso Doble;10-12;Caribe;2
5294;M;67;20231002;44000;Arequipe Latte;16-18;Caribe;2
5295;M;44;20240504;38000;Chocolate Caliente;12-14;Pacífica;3
5296;M;37;20240501;39000;Espresso Doble;10-12;Andina;4
5297;;38;20240113;65400;Chocolate Helado;18-20;Insular;5
5298;F;69;20220101;73000;Mocha Blanco Latte;20-22;Caribe;2
5299;F;40;20220501;61000;Latte Macchiato;12-14;Pacífica;5
5300;F;41;20220211;54000;Latte;14-16;Caribe;5
5301;M;37;20240529;71000;Mocha Blanco Latte;20-22;Orinoquía;1
5302;;38;20230807;65400;Flat White;18-20;Orinoquía;3
5303;;38;20220511;65400;Latte;10-12;Caribe;4
5304;M;19;20240107;65000;Flat White;20-22;Andina;2
5305;F;33;20230325;51000;Chocolate Blanco;10-12;Insular;4
5306;;38;20240118;65400;Espresso Macchiato;10-12;Pacífica;2
5307;M;56;20220123;49000;Chocolate Caliente;14-16;Pacífica;5
5308;;38;20230822;65400;Chocolate Blanco Helado;18-20;Insular;4
5309;M;82;20231116;40000;Caramel Macchiato;12-14;Orinoquía;4
5310;;38;20231122;65400;Espresso Macchiato;12-14;Pacífica;3
5311;F;69;20240614;80000;Café del día;10-12;Andina;4
5312;;38;20230613;65400;Espresso Doble;12-14;Orinoquía;3
5313;M;53;20240220;57000;Latte Macchiato;12-14;Andina;2
5314;F;29;20240127;43000;Cappuccino;10-12;Andina;4
5315;M;63;20240110;31000;Flat White;16-18;Caribe;4
5316;F;48;20231008;56000;Flat White;10-12;Orinoquía;1
5317;F;48;20240605;58000;Mocha Latte;18-20;Caribe;2
5318;M;58;20220110;71000;Latte;20-22;Caribe;5
5319;F;72;20230920;87000;Flat White;16-18;Insular;4
5320;M;60;20240708;60000;Espresso Sencillo;12-14;Pacífica;4
5321;M;28;20191008;40000;Cappuccino;14-16;Caribe;2
5322;;38;20240215;65400;Espresso Macchiato;16-18;Andina;4
5323;M;53;20240301;32000;Espresso Sencillo;16-18;Andina;3
5324;F;68;20210906;105000;Espresso Macchiato;16-18;Pacífica;4
5325;F;69;20221003;73000;Espresso Sencillo;16-18;Caribe;2
5326;;38;20240511;65400;Mocha Latte;12-14;Orinoquía;2
5327;;38;20231021;65400;Caramel Macchiato;10-12;Orinoquía;3
5328;M;77;20200720;44000;Arequipe Latte;18-20;Caribe;3
5329;M;27;20231129;45000;Espresso Doble;20-22;Caribe;2
5330;M;57;20230923;104000;Chocolate Caliente;14-16;Pacífica;2
5331;F;76;20231210;65000;Mocha Latte;12-14;Pacífica;1
5332;F;29;20220226;56000;Latte Macchiato;20-22;Pacífica;2
5333;F;54;20230829;87000;Americano;16-18;Orinoquía;2
5334;F;58;20230204;86000;Chocolate Blanco;20-22;Insular;5
5335;F;89;20240507;100000;Chocolate Helado;18-20;Orinoquía;2
5336;M;65;20240422;52000;Americano;10-12;Andina;1
5337;M;45;20200630;54000;Chocolate Blanco Helado;12-14;Caribe;1
5338;O;55;20211013;63000;Espresso Macchiato;14-16;Insular;5
5339;M;20;20240526;41000;Mocha Blanco Latte;18-20;Insular;1
5340;M;52;20231118;56000;Espresso Doble;12-14;Orinoquía;1
5341;F;62;20230130;120000;Espresso Macchiato;14-16;Pacífica;2
5342;F;77;20220525;109000;Flat White;12-14;Pacífica;2
5343;F;60;20230614;85000;Flat White;20-22;Pacífica;3
5344;M;48;20230428;53000;Chocolate Helado;20-22;Caribe;4
5345;M;61;20220923;55000;Arequipe Latte;12-14;Pacífica;4
5346;M;29;20240510;53000;Flat White;16-18;Pacífica;1
5347;M;71;20210520;38000;Latte Macchiato;14-16;Caribe;4
5348;M;53;20240506;49000;Chocolate Helado;20-22;Orinoquía;3
5349;M;83;20220804;90000;Chocolate Caliente;12-14;Insular;3
5350;F;53;20230726;87000;Americano;12-14;Orinoquía;2
5351;F;67;20211028;109000;Caramel Macchiato;18-20;Andina;3
5352;M;53;20210725;86000;Mocha Blanco Latte;12-14;Andina;5
5353;M;39;20231019;58000;Latte;12-14;Insular;5
5354;M;66;20220810;90000;Chocolate Caliente;16-18;Orinoquía;1
5355;M;72;20231005;36000;Chocolate Helado;12-14;Caribe;3
5356;F;59;20221230;89000;Flat White;12-14;Caribe;2
5357;;38;20230718;65400;Flat White;12-14;Pacífica;2
5358;F;75;20230403;71000;Americano;18-20;Caribe;3
5359;M;77;20240608;87000;Latte;16-18;Orinoquía;4
5360;;38;20240212;65400;Americano;14-16;Pacífica;1
5361;;38;20240412;65400;Espresso Macchiato;14-16;Insular;2
5362;F;74;20230830;31000;Café del día;10-12;Caribe;5
5363;F;68;20231015;84000;Mocha Latte;16-18;Pacífica;2
5364;M;70;20240614;48000;Cappuccino;18-20;Orinoquía;1
5365;M;34;20231214;68000;Latte Macchiato;20-22;Caribe;3
5366;M;59;20220510;64000;Flat White;14-16;Insular;2
5367;M;58;20211217;57000;Caramel Macchiato;16-18;Insular;1
5368;;38;20220110;65400;Latte Macchiato;16-18;Insular;5
5369;F;53;20240308;73000;Caramel Macchiato;12-14;Andina;1
5370;F;36;20200404;31000;Café del día;16-18;Andina;3
5371;M;48;20220208;60000;Cappuccino;14-16;Andina;2
5372;M;71;20240530;119000;Espresso Macchiato;14-16;Caribe;5
5373;;38;20200919;65400;Latte;12-14;Caribe;3
5374;M;73;20200218;93000;Chocolate Helado;16-18;Insular;5
5375;M;45;20230917;35000;Chocolate Caliente;10-12;Insular;4
5376;F;61;20220718;58000;Flat White;18-20;Andina;2
5377;F;84;20221017;64000;Espresso Sencillo;20-22;Orinoquía;5
5378;;38;20220410;65400;Flat White;20-22;Pacífica;5
5379;;38;20221116;65400;Latte;16-18;Caribe;1
5380;M;48;20231226;40000;Flat White;14-16;Andina;1
5381;M;62;20210930;65000;Espresso Sencillo;10-12;Orinoquía;4
5382;F;54;20240118;85000;Latte Macchiato;10-12;Caribe;2
5383;M;34;20220807;55000;Mocha Blanco Latte;10-12;Caribe;3
5384;M;41;20230914;36000;Chocolate Caliente;20-22;Caribe;2
5385;F;64;20240320;108000;Cappuccino;16-18;Insular;1
5386;F;62;20231009;59000;Caramel Macchiato;18-20;Insular;4
5387;M;87;20240128;33000;Caramel Macchiato;20-22;Insular;1
5388;F;35;20230720;33000;Chocolate Blanco Helado;10-12;Insular;1
5389;F;66;20240423;59000;Chocolate Helado;16-18;Orinoquía;2
5390;F;34;20220712;54000;Latte Macchiato;18-20;Andina;1
5391;F;32;20240422;70000;Caramel Macchiato;10-12;Orinoquía;3
5392;M;55;20211022;70000;Café del día;12-14;Caribe;1
5393;F;70;20200130;31000;Mocha Latte;12-14;Pacífica;2
5394;M;58;20220316;60000;Arequipe Latte;16-18;Caribe;1
5395;F;43;20231113;70000;Americano;12-14;Insular;4
5396;M;41;20230906;35000;Espresso Macchiato;20-22;Insular;1
5397;M;73;20231228;71000;Arequipe Latte;16-18;Orinoquía;4
5398;O;61;20221102;98000;Chocolate Blanco;12-14;Pacífica;1
5399;F;74;20220103;39000;Flat White;10-12;Insular;4
5400;F;58;20230413;68000;Mocha Blanco Latte;14-16;Caribe;1
5401;F;80;20210823;38000;Espresso Sencillo;20-22;Caribe;2
5402;M;47;20240222;74000;Flat White;12-14;Pacífica;1
5403;F;60;20231220;92000;Caramel Macchiato;14-16;Pacífica;1
5404;F;33;20230421;51000;Latte Macchiato;18-20;Insular;5
5405;F;52;20240630;41000;Mocha Latte;10-12;Caribe;1
5406;;38;20211101;65400;Chocolate Blanco Helado;10-12;Insular;5
5407;M;54;20230808;119000;Chocolate Blanco Helado;14-16;Andina;3
5408;M;44;20231121;73000;Chocolate Caliente;20-22;Pacífica;3
5409;M;39;20231018;39000;Espresso Sencillo;14-16;Andina;5
5410;F;27;20231205;33000;Café del día;20-22;Insular;1
5411;F;75;20210807;86000;Café del día;20-22;Caribe;2
5412;F;77;20230819;105000;Café del día;18-20;Insular;5
5413;F;33;20240613;46000;Arequipe Latte;12-14;Orinoquía;3
5414;F;69;20211225;112000;Espresso Sencillo;12-14;Orinoquía;2
5415;F;34;20231102;58000;Cappuccino;14-16;Orinoquía;2
5416;F;51;20220413;72000;Café del día;10-12;Andina;4
5417;;38;20231014;65400;Chocolate Blanco;14-16;Orinoquía;3
5418;M;63;20200812;46000;Mocha Latte;20-22;Andina;3
5419;M;47;20231029;50000;Latte;20-22;Pacífica;1
5420;M;34;20231106;44000;Latte Macchiato;20-22;Andina;4
5421;M;33;20231027;46000;Chocolate Blanco Helado;16-18;Andina;1
5422;M;47;20230921;54000;Cappuccino;16-18;Orinoquía;4
5423;;38;20220905;65400;Espresso Doble;14-16;Caribe;4
5424;F;77;20240718;74000;Mocha Latte;16-18;Andina;3
5425;;38;20230801;65400;Americano;16-18;Andina;3
5426;;38;20220716;65400;Mocha Blanco Latte;16-18;Pacífica;5
5427;M;62;20240710;41000;Café del día;14-16;Insular;1
5428;M;51;20211218;114000;Arequipe Latte;12-14;Andina;5
5429;;38;20231112;65400;Americano;14-16;Orinoquía;2
5430;F;25;20211121;48000;Mocha Blanco Latte;12-14;Insular;5
5431;M;65;20231021;36000;Chocolate Helado;18-20;Orinoquía;3
5432;M;49;20200312;68000;Flat White;10-12;Caribe;2
5433;F;80;20231204;52000;Espresso Macchiato;18-20;Insular;4
5434;M;76;20220501;111000;Cappuccino;14-16;Orinoquía;3
5435;M;56;20240318;58000;Caramel Macchiato;16-18;Caribe;3
5436;M;36;20220424;30000;Arequipe Latte;16-18;Insular;2
5437;O;26;20240117;36000;Americano;18-20;Insular;2
5438;F;56;20230614;69000;Americano;18-20;Andina;4
5439;M;66;20230903;48000;Espresso Doble;10-12;Pacífica;3
5440;;38;20230915;65400;Latte;20-22;Insular;1
5441;F;82;20231212;101000;Latte;20-22;Insular;2
5442;F;57;20240325;98000;Chocolate Blanco;14-16;Andina;2
5443;M;69;20240402;48000;Mocha Latte;16-18;Andina;3
5444;M;20;20240311;33000;Flat White;10-12;Orinoquía;3
5445;F;48;20240123;90000;Americano;18-20;Caribe;2
5446;M;60;20221118;85000;Caramel Macchiato;20-22;Caribe;3
5447;M;39;20211113;60000;Mocha Latte;10-12;Caribe;1
5448;M;31;20240511;70000;Chocolate Blanco Helado;10-12;Orinoquía;1
5449;M;46;20220409;31000;Chocolate Blanco;12-14;Insular;3
5450;F;76;20220106;82000;Mocha Blanco Latte;20-22;Pacífica;5
5451;F;62;20231025;88000;Café del día;10-12;Caribe;5
5452;F;55;20230625;71000;Espresso Sencillo;20-22;Pacífica;1
5453;F;39;20220115;50000;Mocha Latte;14-16;Andina;1
5454;F;49;20240327;43000;Latte Macchiato;18-20;Insular;2
5455;M;57;20231003;60000;Espresso Sencillo;18-20;Andina;4
5456;M;18;20221229;47000;Chocolate Helado;12-14;Andina;5
5457;F;21;20220325;70000;Arequipe Latte;16-18;Insular;2
5458;M;37;20240113;42000;Chocolate Blanco;12-14;Pacífica;4
5459;F;64;20220328;87000;Flat White;12-14;Insular;2
5460;F;60;20230906;93000;Café del día;20-22;Insular;2
5461;F;83;20240420;89000;Americano;20-22;Andina;1
5462;;38;20220821;65400;Caramel Macchiato;16-18;Insular;1
5463;F;62;20231010;104000;Americano;10-12;Insular;4
5464;M;22;20231017;43000;Espresso Doble;12-14;Caribe;3
5465;M;46;20220426;56000;Chocolate Blanco;14-16;Orinoquía;3
5466;M;58;20230528;38000;Mocha Latte;10-12;Caribe;2
5467;M;40;20231005;70000;Espresso Doble;18-20;Pacífica;1
5468;M;49;20220818;54000;Chocolate Caliente;14-16;Insular;5
5469;M;78;20231008;74000;Espresso Doble;18-20;Orinoquía;4
5470;;38;20240705;65400;Arequipe Latte;12-14;Caribe;1
5471;M;35;20231217;48000;Chocolate Blanco;14-16;Andina;2
5472;M;69;20201126;92000;Espresso Sencillo;14-16;Orinoquía;3
5473;M;23;20231124;74000;Chocolate Blanco Helado;18-20;Insular;1
5474;;38;20230120;65400;Cappuccino;12-14;Caribe;1
5475;F;18;20191007;53000;Espresso Sencillo;16-18;Andina;1
5476;M;44;20230624;47000;Mocha Latte;16-18;Caribe;3
5477;M;54;20200204;57000;Latte;16-18;Pacífica;3
5478;M;62;20210108;55000;Chocolate Blanco;16-18;Insular;4
5479;F;42;20210916;53000;Americano;16-18;Andina;1
5480;F;97;20230929;52000;Café del día;10-12;Andina;1
5481;M;63;20240120;33000;Chocolate Caliente;10-12;Pacífica;4
5482;M;32;20220604;53000;Caramel Macchiato;12-14;Pacífica;2
5483;M;71;20200724;47000;Espresso Macchiato;20-22;Pacífica;1
5484;F;30;20240108;66000;Americano;20-22;Orinoquía;1
5485;M;39;20230604;71000;Arequipe Latte;16-18;Caribe;2
5486;F;65;20220517;66000;Chocolate Helado;16-18;Orinoquía;4
5487;M;75;20200624;86000;Americano;20-22;Insular;1
5488;F;44;20220310;100000;Chocolate Blanco;10-12;Caribe;4
5489;M;50;20240707;51000;Mocha Latte;18-20;Andina;1
5490;M;21;20240703;43000;Flat White;10-12;Caribe;3
5491;M;72;20220609;56000;Caramel Macchiato;18-20;Caribe;1
5492;F;64;20230126;36000;Café del día;16-18;Orinoquía;4
5493;F;47;20221218;55000;Espresso Sencillo;10-12;Insular;1
5494;F;71;20240114;85000;Café del día;12-14;Pacífica;4
5495;F;26;20220517;41000;Latte;10-12;Andina;1
5496;F;36;20240424;35000;Chocolate Helado;16-18;Andina;5
5497;F;60;20220913;118000;Latte;18-20;Orinoquía;4
5498;F;49;20220804;53000;Mocha Latte;20-22;Insular;3
5499;M;38;20240722;50000;Espresso Sencillo;14-16;Caribe;3
5500;M;45;20240422;43000;Chocolate Caliente;18-20;Caribe;1
5501;M;47;20230329;70000;Latte Macchiato;14-16;Caribe;4
5502;M;45;20220422;68000;Espresso Sencillo;12-14;Insular;1
5503;M;55;20201111;91000;Americano;20-22;Insular;4
5504;F;50;20230515;66000;Chocolate Blanco Helado;12-14;Caribe;4
5505;;38;20220314;65400;Caramel Macchiato;12-14;Pacífica;2
5506;M;24;20240509;70000;Mocha Blanco Latte;14-16;Andina;2
5507;;38;20210805;65400;Americano;12-14;Orinoquía;2
5508;;38;20221024;65400;Mocha Blanco Latte;16-18;Pacífica;2
5509;;38;20240217;65400;Americano;16-18;Pacífica;5
5510;F;51;20210802;119000;Espresso Doble;10-12;Andina;1
5511;F;49;20240126;58000;Arequipe Latte;20-22;Andina;2
5512;F;60;20240105;78000;Cappuccino;10-12;Pacífica;4
5513;F;53;20220521;87000;Espresso Sencillo;18-20;Pacífica;3
5514;F;81;20200604;94000;Mocha Latte;14-16;Insular;4
5515;M;57;20240701;98000;Caramel Macchiato;14-16;Caribe;5
5516;M;46;20200717;58000;Latte Macchiato;12-14;Orinoquía;3
5517;M;32;20240301;61000;Flat White;18-20;Caribe;3
5518;M;37;20220127;99000;Espresso Macchiato;10-12;Andina;5
5519;F;51;20230830;86000;Chocolate Helado;18-20;Caribe;4
5520;M;58;20200305;67000;Chocolate Caliente;12-14;Caribe;4
5521;M;51;20240630;65000;Mocha Latte;10-12;Andina;3
5522;M;34;20240520;32000;Espresso Macchiato;20-22;Caribe;5
5523;M;67;20230330;84000;Espresso Macchiato;16-18;Pacífica;3
5524;M;83;20220729;71000;Latte Macchiato;12-14;Orinoquía;4
5525;F;22;20230817;64000;Americano;10-12;Pacífica;5
5526;M;55;20240519;57000;Latte;16-18;Orinoquía;5
5527;M;44;20240217;43000;Café del día;18-20;Andina;4
5528;M;23;20240628;38000;Americano;10-12;Caribe;4
5529;M;57;20220930;69000;Arequipe Latte;20-22;Andina;2
5530;M;45;20240416;43000;Americano;10-12;Andina;3
5531;;38;20240706;65400;Caramel Macchiato;18-20;Andina;3
5532;M;76;20221123;85000;Mocha Blanco Latte;10-12;Caribe;4
5533;F;61;20240203;105000;Americano;18-20;Orinoquía;5
5534;F;54;20240602;77000;Espresso Doble;18-20;Insular;3
5535;M;47;20220229;62000;Flat White;12-14;Caribe;4
5536;F;25;20231227;72000;Chocolate Caliente;18-20;Insular;5
5537;M;58;20230304;54000;Espresso Doble;12-14;Pacífica;3
5538;F;50;20220708;63000;Latte;10-12;Pacífica;2
5539;F;36;20221025;46000;Espresso Doble;14-16;Andina;1
5540;F;55;20221224;71000;Caramel Macchiato;10-12;Caribe;1
5541;M;37;20240420;56000;Flat White;12-14;Caribe;4
5542;M;53;20211221;87000;Flat White;14-16;Andina;3
5543;M;68;20230401;33000;Espresso Macchiato;18-20;Andina;1
5544;M;34;20210429;52000;Flat White;16-18;Pacífica;4
5545;;38;20220423;65400;Latte Macchiato;12-14;Insular;4
5546;F;71;20211229;98000;Cappuccino;12-14;Pacífica;1
5547;M;68;20210311;44000;Latte Macchiato;20-22;Pacífica;2
5548;M;20;20210917;66000;Latte;14-16;Pacífica;5
5549;O;43;20210825;78000;Latte Macchiato;12-14;Pacífica;5
5550;M;61;20190926;81000;Latte;16-18;Orinoquía;5
5551;F;36;20211022;64000;Espresso Doble;14-16;Orinoquía;3
5552;F;72;20231011;118000;Caramel Macchiato;12-14;Orinoquía;5
5553;F;22;20211007;37000;Caramel Macchiato;16-18;Caribe;5
5554;F;59;20240311;93000;Americano;14-16;Pacífica;2
5555;M;66;20191219;45000;Mocha Blanco Latte;20-22;Insular;4
5556;M;49;20220711;68000;Chocolate Blanco Helado;16-18;Insular;2
5557;M;24;20200518;56000;Cappuccino;14-16;Insular;3
5558;M;59;20220208;57000;Chocolate Caliente;20-22;Andina;2
5559;M;81;20240423;79000;Americano;18-20;Orinoquía;2
5560;M;19;20230801;56000;Mocha Blanco Latte;12-14;Insular;1
5561;F;46;20230728;81000;Cappuccino;20-22;Andina;5
5562;M;30;20210110;40000;Caramel Macchiato;10-12;Andina;2
5563;F;62;20230323;78000;Arequipe Latte;18-20;Insular;4
5564;M;71;20210804;86000;Chocolate Caliente;20-22;Insular;5
5565;F;37;20240720;56000;Latte Macchiato;16-18;Orinoquía;1
5566;F;33;20210911;47000;Mocha Blanco Latte;20-22;Insular;3
5567;M;37;20231123;49000;Chocolate Blanco Helado;10-12;Orinoquía;5
5568;F;60;20230829;82000;Mocha Blanco Latte;10-12;Caribe;4
5569;M;52;20210905;92000;Latte Macchiato;16-18;Pacífica;1
5570;;38;20231105;65400;Caramel Macchiato;14-16;Caribe;4
5571;O;32;20231019;37000;Chocolate Blanco;18-20;Andina;3
5572;M;92;20211019;60000;Caramel Macchiato;14-16;Andina;4
5573;M;56;20240219;58000;Chocolate Blanco;10-12;Andina;1
5574;F;57;20230920;74000;Espresso Sencillo;12-14;Andina;5
5575;M;43;20220903;38000;Espresso Macchiato;12-14;Insular;1
5576;M;58;20230825;96000;Mocha Latte;20-22;Insular;2
5577;;38;20220419;65400;Caramel Macchiato;18-20;Pacífica;4
5578;;38;20220924;65400;Chocolate Blanco;18-20;Orinoquía;2
5579;;38;20240512;65400;Chocolate Caliente;16-18;Insular;2
5580;M;53;20210531;65000;Mocha Blanco Latte;12-14;Andina;1
5581;;38;20230525;65400;Espresso Doble;18-20;Orinoquía;2
5582;M;38;20231230;58000;Chocolate Blanco;10-12;Orinoquía;5
5583;;38;20220204;65400;Chocolate Helado;10-12;Pacífica;5
5584;M;22;20211208;46000;Espresso Sencillo;18-20;Orinoquía;3
5585;F;20;20230804;35000;Espresso Macchiato;14-16;Caribe;3
5586;M;72;20210919;117000;Espresso Macchiato;20-22;Orinoquía;3
5587;M;80;20230203;75000;Espresso Doble;12-14;Pacífica;4
5588;M;33;20201012;32000;Flat White;14-16;Caribe;4
5589;F;30;20231002;47000;Espresso Macchiato;10-12;Andina;5
5590;M;42;20240310;95000;Latte Macchiato;10-12;Caribe;1
5591;F;53;20231123;71000;Espresso Macchiato;14-16;Orinoquía;5
5592;;38;20230405;65400;Flat White;14-16;Caribe;4
5593;M;63;20230312;86000;Latte;12-14;Orinoquía;2
5594;M;68;20230322;87000;Espresso Macchiato;20-22;Insular;2
5595;M;30;20231009;62000;Mocha Latte;12-14;Pacífica;1
5596;F;62;20230504;86000;Chocolate Caliente;20-22;Caribe;2
5597;F;29;20220212;33000;Espresso Doble;12-14;Caribe;5
5598;F;49;20240524;111000;Mocha Blanco Latte;16-18;Caribe;3
5599;M;55;20240329;76000;Americano;16-18;Caribe;2
5600;F;76;20230706;103000;Chocolate Blanco Helado;10-12;Orinoquía;2
5601;M;22;20220114;42000;Espresso Doble;12-14;Pacífica;5
5602;O;90;20230827;63000;Caramel Macchiato;12-14;Insular;2
5603;F;39;20240216;80000;Chocolate Helado;16-18;Caribe;4
5604;M;34;20230904;53000;Mocha Blanco Latte;14-16;Pacífica;3
5605;M;50;20240722;41000;Chocolate Helado;14-16;Insular;2
5606;F;60;20201221;44000;Americano;18-20;Caribe;1
5607;M;63;20240315;54000;Americano;20-22;Andina;2
5608;;38;20220301;65400;Espresso Macchiato;20-22;Andina;3
5609;M;32;20221116;57000;Latte Macchiato;20-22;Insular;1
5610;M;42;20240612;59000;Arequipe Latte;18-20;Insular;2
5611;F;25;20220906;54000;Espresso Macchiato;12-14;Pacífica;4
5612;M;20;20220303;31000;Arequipe Latte;20-22;Orinoquía;2
5613;F;70;20240215;92000;Latte;10-12;Orinoquía;1
5614;F;59;20220731;67000;Latte;20-22;Andina;4
5615;M;58;20191110;61000;Latte;12-14;Orinoquía;1
5616;M;38;20210113;54000;Chocolate Caliente;20-22;Insular;2
5617;F;56;20240525;96000;Americano;14-16;Pacífica;3
5618;F;32;20240306;37000;Arequipe Latte;14-16;Pacífica;1
5619;F;58;20231225;30000;Mocha Blanco Latte;18-20;Andina;3
5620;M;22;20200821;60000;Chocolate Caliente;14-16;Insular;4
5621;M;66;20231217;70000;Flat White;18-20;Pacífica;5
5622;M;62;20240220;56000;Espresso Doble;12-14;Insular;1
5623;M;64;20190918;71000;Espresso Sencillo;12-14;Orinoquía;5
5624;F;63;20220723;95000;Espresso Macchiato;12-14;Insular;1
5625;F;71;20230822;80000;Americano;10-12;Orinoquía;1
5626;M;66;20200828;82000;Chocolate Caliente;16-18;Andina;4
5627;F;51;20230723;87000;Chocolate Blanco Helado;18-20;Orinoquía;1
5628;;38;20240527;65400;Chocolate Blanco Helado;14-16;Insular;2
5629;M;65;20240213;90000;Espresso Doble;10-12;Andina;1
5630;M;54;20240123;42000;Chocolate Blanco;16-18;Andina;4
5631;F;35;20210920;54000;Chocolate Helado;10-12;Caribe;1
5632;M;42;20220729;51000;Flat White;20-22;Pacífica;2
5633;M;21;20240225;34000;Espresso Doble;10-12;Andina;4
5634;F;65;20230120;70000;Chocolate Helado;18-20;Insular;3
5635;F;65;20220213;60000;Chocolate Blanco Helado;20-22;Insular;4
5636;M;50;20231109;53000;Chocolate Blanco Helado;18-20;Andina;2
5637;M;55;20220108;59000;Chocolate Blanco Helado;20-22;Andina;1
5638;M;57;20210923;58000;Arequipe Latte;10-12;Insular;3
5639;F;66;20230929;34000;Café del día;10-12;Orinoquía;2
5640;;38;20240719;65400;Mocha Latte;10-12;Andina;2
5641;F;68;20240724;76000;Chocolate Caliente;16-18;Insular;1
5642;M;65;20231004;91000;Espresso Doble;10-12;Insular;2
5643;;38;20231207;65400;Chocolate Caliente;14-16;Insular;4
5644;F;44;20230310;34000;Chocolate Blanco Helado;18-20;Andina;2
5645;M;69;20231030;72000;Chocolate Blanco;16-18;Caribe;2
5646;F;54;20240123;70000;Chocolate Blanco Helado;18-20;Caribe;2
5647;M;39;20231211;40000;Flat White;14-16;Andina;1
5648;F;22;20230203;54000;Chocolate Helado;14-16;Insular;3
5649;F;82;20221002;59000;Flat White;16-18;Andina;2
5650;M;76;20231020;59000;Chocolate Blanco;20-22;Caribe;3
5651;;38;20240625;65400;Latte Macchiato;16-18;Andina;5
5652;M;20;20231224;45000;Latte;20-22;Caribe;2
5653;M;58;20210527;90000;Flat White;12-14;Orinoquía;1
5654;F;48;20240119;70000;Espresso Sencillo;14-16;Orinoquía;1
5655;M;37;20240516;32000;Latte Macchiato;18-20;Insular;5
5656;F;60;20230830;37000;Latte Macchiato;16-18;Insular;4
5657;M;32;20230529;50000;Caramel Macchiato;16-18;Pacífica;5
5658;M;65;20240528;43000;Chocolate Helado;20-22;Insular;2
5659;F;58;20221016;92000;Flat White;10-12;Caribe;4
5660;F;36;20220207;70000;Latte;18-20;Pacífica;1
5661;M;65;20240120;73000;Mocha Blanco Latte;18-20;Pacífica;5
5662;M;37;20231019;34000;Espresso Sencillo;14-16;Caribe;1
5663;F;49;20220823;100000;Chocolate Blanco Helado;12-14;Pacífica;3
5664;M;54;20230820;73000;Mocha Blanco Latte;18-20;Andina;2
5665;M;56;20240423;52000;Flat White;12-14;Orinoquía;4
5666;;38;20240627;65400;Espresso Sencillo;20-22;Orinoquía;1
5667;;38;20240326;65400;Cappuccino;16-18;Pacífica;2
5668;M;78;20210102;52000;Chocolate Helado;20-22;Orinoquía;5
5669;M;51;20240406;68000;Chocolate Caliente;10-12;Insular;2
5670;;38;20230728;65400;Chocolate Blanco;16-18;Andina;5
5671;M;54;20230727;48000;Chocolate Blanco Helado;18-20;Orinoquía;3
5672;M;48;20230824;60000;Espresso Macchiato;14-16;Caribe;1
5673;F;53;20230823;102000;Mocha Latte;16-18;Orinoquía;1
5674;M;67;20240228;59000;Latte Macchiato;14-16;Orinoquía;5
5675;M;50;20240301;37000;Café del día;18-20;Pacífica;4
5676;F;59;20210910;35000;Café del día;16-18;Caribe;3
5677;F;66;20240423;52000;Americano;14-16;Insular;3
5678;M;62;20220409;48000;Cappuccino;16-18;Caribe;1
5679;M;50;20220921;31000;Café del día;10-12;Andina;3
5680;F;56;20231104;51000;Flat White;16-18;Andina;1
5681;M;76;20211218;77000;Arequipe Latte;12-14;Caribe;3
5682;F;37;20231027;40000;Espresso Doble;12-14;Andina;4
5683;F;69;20230407;64000;Espresso Macchiato;20-22;Pacífica;1
5684;M;41;20191124;98000;Chocolate Blanco Helado;10-12;Insular;5
5685;;38;20220617;65400;Cappuccino;12-14;Orinoquía;2
5686;M;64;20220916;34000;Latte;12-14;Andina;1
5687;M;66;20211022;77000;Chocolate Caliente;18-20;Caribe;3
5688;M;65;20221028;46000;Chocolate Blanco Helado;16-18;Pacífica;5
5689;M;72;20240617;74000;Espresso Macchiato;18-20;Caribe;3
5690;F;58;20231211;77000;Espresso Doble;18-20;Orinoquía;5
5691;F;59;20221205;98000;Espresso Macchiato;12-14;Andina;2
5692;M;64;20230309;84000;Chocolate Helado;18-20;Pacífica;4
5693;M;51;20240314;42000;Espresso Doble;10-12;Andina;2
5694;M;25;20240220;30000;Espresso Doble;10-12;Insular;3
5695;F;75;20231227;89000;Latte;10-12;Orinoquía;5
5696;F;78;20211122;80000;Flat White;14-16;Caribe;5
5697;M;89;20210922;57000;Chocolate Blanco Helado;20-22;Andina;5
5698;;38;20221012;65400;Chocolate Helado;20-22;Pacífica;2
5699;F;80;20231010;74000;Arequipe Latte;10-12;Andina;2
5700;M;63;20220302;78000;Caramel Macchiato;10-12;Andina;2
5701;M;43;20220630;39000;Mocha Blanco Latte;14-16;Insular;4
5702;F;49;20240118;54000;Mocha Latte;18-20;Andina;4
5703;F;60;20240722;92000;Mocha Latte;10-12;Orinoquía;5
5704;O;74;20240126;65000;Arequipe Latte;16-18;Caribe;1
5705;F;54;20210831;99000;Espresso Doble;10-12;Andina;5
5706;F;46;20230923;33000;Chocolate Caliente;10-12;Caribe;5
5707;F;74;20240523;35000;Caramel Macchiato;14-16;Pacífica;4
5708;M;37;20231030;45000;Chocolate Caliente;16-18;Caribe;2
5709;M;80;20240714;48000;Americano;16-18;Insular;2
5710;F;69;20220103;62000;Mocha Blanco Latte;12-14;Orinoquía;5
5711;M;19;20240101;37000;Mocha Blanco Latte;18-20;Insular;1
5712;M;39;20210902;91000;Cappuccino;18-20;Caribe;2
5713;M;53;20210919;55000;Caramel Macchiato;12-14;Pacífica;5
5714;F;45;20240523;75000;Espresso Doble;16-18;Insular;3
5715;M;40;20240104;35000;Caramel Macchiato;12-14;Andina;2
5716;M;45;20240114;52000;Mocha Blanco Latte;20-22;Orinoquía;1
5717;F;58;20210906;85000;Caramel Macchiato;18-20;Andina;3
5718;F;50;20211007;95000;Flat White;12-14;Andina;2
5719;F;79;20240310;76000;Espresso Doble;20-22;Pacífica;3
5720;F;64;20221207;106000;Mocha Blanco Latte;20-22;Pacífica;4
5721;M;42;20240423;54000;Chocolate Blanco;12-14;Pacífica;2
5722;F;46;20220619;58000;Espresso Sencillo;18-20;Andina;5
5723;M;76;20231220;64000;Espresso Sencillo;16-18;Insular;2
5724;;38;20220728;65400;Chocolate Blanco Helado;20-22;Caribe;3
5725;F;83;20210922;115000;Chocolate Blanco;14-16;Caribe;4
5726;M;67;20210919;88000;Espresso Sencillo;16-18;Insular;2
5727;F;47;20240321;34000;Chocolate Helado;10-12;Orinoquía;4
5728;F;64;20230209;72000;Espresso Sencillo;10-12;Insular;5
5729;;38;20231217;65400;Mocha Blanco Latte;14-16;Insular;1
5730;M;64;20240613;76000;Chocolate Caliente;10-12;Insular;3
5731;M;51;20231227;104000;Chocolate Blanco;10-12;Pacífica;2
5732;F;20;20231113;49000;Espresso Doble;20-22;Orinoquía;4
5733;F;21;20240224;50000;Espresso Sencillo;14-16;Andina;1
5734;M;47;20230928;46000;Chocolate Helado;16-18;Insular;3
5735;M;53;20240313;98000;Espresso Sencillo;18-20;Orinoquía;2
5736;F;19;20240525;65000;Café del día;12-14;Andina;5
5737;F;58;20240604;58000;Chocolate Caliente;10-12;Orinoquía;5
5738;F;51;20220913;82000;Latte;18-20;Andina;1
5739;M;79;20220827;105000;Chocolate Caliente;10-12;Pacífica;1
5740;;38;20230823;65400;Chocolate Blanco;20-22;Insular;3
5741;F;57;20220826;73000;Chocolate Blanco;10-12;Caribe;3
5742;M;39;20240518;59000;Espresso Sencillo;16-18;Orinoquía;4
5743;M;20;20231020;72000;Arequipe Latte;16-18;Pacífica;4
5744;M;29;20230920;38000;Chocolate Helado;20-22;Pacífica;1
5745;M;42;20231214;36000;Mocha Latte;16-18;Caribe;2
5746;M;77;20230324;92000;Mocha Latte;14-16;Orinoquía;1
5747;M;51;20240606;38000;Chocolate Blanco Helado;16-18;Caribe;4
5748;M;32;20240520;34000;Espresso Macchiato;12-14;Caribe;4
5749;F;43;20210803;57000;Espresso Macchiato;10-12;Orinoquía;1
5750;;38;20230829;65400;Caramel Macchiato;18-20;Caribe;4
5751;F;46;20230621;43000;Mocha Blanco Latte;18-20;Andina;5
5752;;38;20240530;65400;Espresso Macchiato;12-14;Orinoquía;3
5753;M;49;20211021;74000;Arequipe Latte;14-16;Caribe;5
5754;M;72;20231114;52000;Chocolate Caliente;16-18;Insular;5
5755;M;60;20230912;77000;Espresso Macchiato;14-16;Caribe;2
5756;M;74;20220510;101000;Chocolate Blanco Helado;16-18;Orinoquía;3
5757;;38;20240315;65400;Latte;20-22;Andina;2
5758;;38;20220410;65400;Chocolate Blanco;10-12;Insular;1
5759;M;37;20210809;53000;Chocolate Caliente;12-14;Andina;5
5760;M;36;20210424;46000;Latte;12-14;Andina;5
5761;M;32;20240518;61000;Flat White;16-18;Orinoquía;1
5762;;38;20221022;65400;Mocha Blanco Latte;16-18;Caribe;2
5763;O;59;20231207;84000;Caramel Macchiato;14-16;Orinoquía;4
5764;M;41;20221111;75000;Café del día;18-20;Pacífica;1
5765;;38;20230728;65400;Chocolate Helado;10-12;Orinoquía;4
5766;;38;20230107;65400;Espresso Macchiato;10-12;Pacífica;2
5767;M;66;20231003;38000;Café del día;14-16;Caribe;2
5768;F;50;20230728;69000;Chocolate Blanco Helado;16-18;Orinoquía;1
5769;;38;20231101;65400;Latte;16-18;Insular;5
5770;;38;20240108;65400;Café del día;18-20;Caribe;4
5771;F;51;20220402;73000;Caramel Macchiato;18-20;Pacífica;2
5772;F;70;20220624;108000;Chocolate Helado;16-18;Caribe;1
5773;M;32;20211026;69000;Chocolate Caliente;16-18;Pacífica;4
5774;M;55;20230630;39000;Latte;12-14;Orinoquía;4
5775;;38;20220813;65400;Café del día;10-12;Caribe;5
5776;M;76;20220405;76000;Arequipe Latte;10-12;Pacífica;1
5777;M;23;20211004;32000;Espresso Sencillo;20-22;Orinoquía;2
5778;F;71;20230810;96000;Flat White;12-14;Caribe;5
5779;F;63;20230303;80000;Mocha Blanco Latte;18-20;Orinoquía;4
5780;M;44;20240423;47000;Latte;18-20;Insular;4
5781;F;24;20231217;60000;Espresso Sencillo;12-14;Caribe;1
5782;M;72;20220913;52000;Caramel Macchiato;10-12;Insular;4
5783;F;59;20240401;97000;Espresso Macchiato;16-18;Caribe;2
5784;;38;20230916;65400;Latte;12-14;Andina;3
5785;M;58;20240324;54000;Cappuccino;20-22;Insular;5
5786;M;34;20220929;57000;Arequipe Latte;16-18;Insular;2
5787;M;57;20240428;49000;Café del día;16-18;Insular;1
5788;F;61;20240526;77000;Espresso Macchiato;20-22;Andina;1
5789;M;44;20220802;71000;Cappuccino;18-20;Pacífica;1
5790;F;61;20221126;78000;Mocha Blanco Latte;12-14;Insular;3
5791;M;67;20240113;39000;Chocolate Caliente;16-18;Caribe;2
5792;;38;20220106;65400;Espresso Macchiato;16-18;Orinoquía;1
5793;M;22;20240421;33000;Latte;16-18;Insular;5
5794;F;45;20210421;61000;Espresso Sencillo;18-20;Pacífica;1
5795;M;50;20230928;52000;Flat White;16-18;Pacífica;4
5796;F;94;20221229;86000;Arequipe Latte;16-18;Pacífica;4
5797;;38;20210228;65400;Caramel Macchiato;10-12;Orinoquía;3
5798;O;31;20240410;37000;Flat White;16-18;Andina;3
5799;M;40;20210106;44000;Espresso Macchiato;20-22;Caribe;5
5800;M;64;20231027;90000;Mocha Latte;12-14;Caribe;3
5801;M;55;20200923;36000;Espresso Sencillo;18-20;Pacífica;1
5802;M;37;20220531;75000;Café del día;16-18;Insular;3
5803;M;30;20240301;65000;Flat White;16-18;Orinoquía;2
5804;F;50;20240308;114000;Mocha Latte;10-12;Pacífica;4
5805;M;50;20231011;51000;Flat White;18-20;Insular;5
5806;;38;20240409;65400;Latte;12-14;Pacífica;4
5807;;38;20211201;65400;Mocha Latte;10-12;Pacífica;5
5808;F;61;20220191;91000;Flat White;12-14;Andina;2
5809;F;40;20220920;75000;Flat White;20-22;Orinoquía;1
5810;F;52;20231003;46000;Mocha Latte;10-12;Insular;5
5811;M;73;20230120;60000;Espresso Doble;10-12;Caribe;2
5812;M;54;20240420;52000;Americano;12-14;Andina;4
5813;M;61;20220810;71000;Latte Macchiato;20-22;Insular;1
5814;M;90;20230727;72000;Chocolate Helado;18-20;Caribe;4
5815;F;66;20230405;105000;Cappuccino;12-14;Orinoquía;2
5816;F;66;20231002;55000;Caramel Macchiato;12-14;Pacífica;1
5817;;38;20230830;65400;Café del día;20-22;Insular;5
5818;M;77;20221220;72000;Café del día;16-18;Caribe;3
5819;;38;20231230;65400;Cappuccino;16-18;Pacífica;1
5820;M;34;20230205;48000;Flat White;12-14;Andina;2
5821;M;52;20240225;80000;Latte;16-18;Pacífica;2
5822;M;36;20230730;46000;Chocolate Blanco;10-12;Caribe;4
5823;M;52;20230513;72000;Caramel Macchiato;20-22;Insular;2
5824;M;56;20230904;38000;Flat White;18-20;Orinoquía;1
5825;;38;20220618;65400;Flat White;14-16;Caribe;5
5826;M;22;20240205;30000;Espresso Doble;20-22;Orinoquía;3
5827;M;61;20221019;114000;Mocha Latte;14-16;Insular;4
5828;F;74;20231121;85000;Mocha Blanco Latte;16-18;Insular;2
5829;F;59;20240716;87000;Flat White;18-20;Pacífica;2
5830;M;80;20201114;76000;Latte;20-22;Orinoquía;3
5831;M;47;20200121;51000;Espresso Macchiato;12-14;Andina;5
5832;M;43;20220420;80000;Americano;18-20;Insular;5
5833;M;51;20220430;73000;Espresso Sencillo;12-14;Pacífica;2
5834;;38;20220407;65400;Latte Macchiato;12-14;Caribe;3
5835;;38;20220913;65400;Chocolate Blanco;10-12;Andina;1
5836;F;67;20220424;60000;Caramel Macchiato;14-16;Orinoquía;2
5837;M;66;20230607;71000;Chocolate Blanco Helado;20-22;Orinoquía;2
5838;M;69;20190815;66000;Chocolate Blanco Helado;10-12;Orinoquía;4
5839;F;46;20230924;66000;Café del día;12-14;Orinoquía;1
5840;M;28;20240301;44000;Chocolate Caliente;12-14;Andina;2
5841;F;80;20220403;85000;Cappuccino;12-14;Caribe;4
5842;F;62;20240309;41000;Espresso Sencillo;18-20;Pacífica;2
5843;M;69;20240217;75000;Arequipe Latte;18-20;Andina;5
5844;F;49;20230326;36000;Café del día;20-22;Andina;5
5845;M;48;20240102;64000;Cappuccino;10-12;Caribe;5
5846;O;60;20240518;57000;Chocolate Caliente;18-20;Andina;4
5847;;38;20231023;65400;Arequipe Latte;12-14;Insular;4
5848;F;24;20200426;43000;Caramel Macchiato;14-16;Insular;3
5849;M;48;20240625;45000;Chocolate Helado;12-14;Orinoquía;3
5850;M;56;20220709;107000;Café del día;14-16;Orinoquía;3
5851;F;58;20200428;73000;Chocolate Helado;14-16;Andina;3
5852;M;74;20220102;78000;Flat White;16-18;Caribe;4
5853;F;60;20240423;81000;Latte;20-22;Orinoquía;1
5854;M;60;20231031;75000;Americano;18-20;Orinoquía;5
5855;M;43;20190807;86000;Espresso Doble;16-18;Orinoquía;5
5856;M;48;20231110;71000;Chocolate Helado;12-14;Orinoquía;1
5857;F;53;20220828;92000;Mocha Latte;10-12;Andina;3
5858;F;77;20230804;75000;Mocha Latte;10-12;Andina;5
5859;M;30;20231015;31000;Latte Macchiato;16-18;Caribe;5
5860;M;83;20240222;49000;Mocha Blanco Latte;18-20;Orinoquía;3
5861;F;56;20231202;49000;Espresso Doble;20-22;Pacífica;2
5862;M;83;20220503;112000;Cappuccino;16-18;Andina;1
5863;M;52;20231026;41000;Mocha Blanco Latte;12-14;Andina;3
5864;M;23;20230529;37000;Mocha Latte;20-22;Orinoquía;4
5865;F;70;20230928;73000;Espresso Doble;10-12;Caribe;1
5866;F;33;20240617;59000;Chocolate Helado;10-12;Insular;5
5867;M;23;20240722;32000;Café del día;20-22;Pacífica;5
5868;M;26;20240422;55000;Chocolate Helado;18-20;Caribe;1
5869;M;46;20240709;33000;Mocha Latte;20-22;Pacífica;3
5870;;38;20210928;65400;Latte Macchiato;10-12;Caribe;1
5871;M;61;20230905;97000;Chocolate Caliente;16-18;Andina;1
5872;F;52;20221227;65000;Chocolate Blanco Helado;12-14;Insular;4
5873;M;68;20220129;80000;Flat White;12-14;Insular;2
5874;M;56;20230610;73000;Espresso Sencillo;12-14;Pacífica;1
5875;;38;20231210;65400;Chocolate Blanco;10-12;Orinoquía;1
5876;M;73;20231003;55000;Mocha Blanco Latte;16-18;Andina;3
5877;M;91;20240212;64000;Latte Macchiato;20-22;Caribe;1
5878;M;40;20240702;71000;Espresso Doble;12-14;Insular;4
5879;M;61;20221202;34000;Mocha Latte;12-14;Andina;5
5880;M;36;20240605;53000;Flat White;18-20;Orinoquía;5
5881;M;56;20211108;97000;Latte Macchiato;10-12;Orinoquía;4
5882;F;58;20211031;81000;Chocolate Blanco;16-18;Orinoquía;4
5883;M;23;20240611;35000;Latte;10-12;Andina;4
5884;F;66;20230215;94000;Espresso Macchiato;12-14;Insular;3
5885;;38;20220712;65400;Chocolate Blanco;18-20;Andina;5
5886;M;44;20230417;67000;Caramel Macchiato;16-18;Insular;4
5887;F;74;20210917;91000;Caramel Macchiato;20-22;Pacífica;2
5888;;38;20220514;65400;Caramel Macchiato;10-12;Andina;5
5889;M;43;20200323;94000;Espresso Macchiato;12-14;Insular;4
5890;F;82;20230909;65000;Cappuccino;10-12;Orinoquía;4
5891;M;50;20230830;86000;Mocha Latte;20-22;Andina;4
5892;M;57;20230526;57000;Latte;18-20;Andina;5
5893;F;70;20210413;46000;Flat White;10-12;Orinoquía;4
5894;F;76;20240403;71000;Chocolate Caliente;20-22;Andina;3
5895;F;69;20240514;70000;Americano;18-20;Caribe;1
5896;M;50;20240221;71000;Chocolate Blanco Helado;14-16;Caribe;1
5897;M;55;20240120;84000;Latte;16-18;Pacífica;1
5898;M;60;20210801;92000;Espresso Sencillo;18-20;Andina;5
5899;F;38;20231205;57000;Flat White;14-16;Orinoquía;3
5900;M;56;20200704;37000;Arequipe Latte;18-20;Pacífica;4
5901;;38;20231129;65400;Latte Macchiato;16-18;Andina;4
5902;F;68;20240118;81000;Chocolate Caliente;12-14;Pacífica;1
5903;F;58;20230822;59000;Latte Macchiato;10-12;Andina;1
5904;M;94;20230316;84000;Arequipe Latte;14-16;Pacífica;4
5905;M;40;20221013;51000;Espresso Doble;16-18;Insular;2
5906;M;18;20210930;38000;Caramel Macchiato;16-18;Orinoquía;1
5907;M;87;20210402;58000;Mocha Blanco Latte;10-12;Andina;3
5908;;38;20221105;65400;Latte;18-20;Orinoquía;3
5909;M;50;20240713;51000;Espresso Doble;12-14;Insular;5
5910;F;57;20220817;53000;Café del día;10-12;Orinoquía;4
5911;M;69;20230818;63000;Espresso Sencillo;14-16;Caribe;3
5912;F;49;20221120;93000;Caramel Macchiato;20-22;Orinoquía;5
5913;F;20;20220228;66000;Arequipe Latte;10-12;Insular;4
5914;M;84;20240107;48000;Flat White;14-16;Orinoquía;2
5915;F;34;20200317;73000;Caramel Macchiato;10-12;Orinoquía;5
5916;F;67;20231031;102000;Chocolate Helado;12-14;Orinoquía;4
5917;;38;20230214;65400;Espresso Doble;14-16;Pacífica;2
5918;F;62;20231031;104000;Caramel Macchiato;14-16;Andina;5
5919;M;41;20240411;74000;Chocolate Caliente;20-22;Orinoquía;5
5920;;38;20230225;65400;Americano;16-18;Orinoquía;3
5921;F;70;20231231;78000;Chocolate Blanco Helado;14-16;Caribe;5
5922;M;73;20200426;51000;Café del día;16-18;Orinoquía;4
5923;F;36;20230731;36000;Espresso Sencillo;10-12;Andina;4
5924;M;52;20240327;68000;Chocolate Helado;14-16;Andina;5
5925;F;60;20230211;52000;Espresso Sencillo;14-16;Orinoquía;1
5926;M;46;20200523;82000;Chocolate Helado;14-16;Caribe;3
5927;M;45;20220606;51000;Café del día;16-18;Insular;5
5928;M;44;20200716;51000;Arequipe Latte;14-16;Andina;5
5929;F;54;20220706;61000;Flat White;20-22;Pacífica;3
5930;;38;20240422;65400;Espresso Doble;18-20;Orinoquía;4
5931;;38;20240112;65400;Arequipe Latte;12-14;Andina;1
5932;M;51;20210923;76000;Café del día;12-14;Pacífica;3
5933;M;80;20231213;73000;Chocolate Blanco;16-18;Caribe;3
5934;F;86;20230805;68000;Mocha Latte;18-20;Andina;5
5935;;38;20210929;65400;Chocolate Blanco Helado;18-20;Insular;1
5936;M;26;20231001;73000;Chocolate Blanco;10-12;Pacífica;4
5937;M;61;20240708;65000;Chocolate Helado;16-18;Andina;5
5938;;38;20220905;65400;Chocolate Blanco;18-20;Insular;5
5939;M;45;20240506;72000;Caramel Macchiato;16-18;Andina;5
5940;M;23;20200910;41000;Chocolate Helado;12-14;Andina;1
5941;M;63;20211030;70000;Arequipe Latte;16-18;Pacífica;3
5942;M;21;20230812;34000;Cappuccino;18-20;Orinoquía;5
5943;M;26;20230205;50000;Arequipe Latte;12-14;Andina;5
5944;F;57;20211229;78000;Caramel Macchiato;16-18;Caribe;1
5945;M;28;20230827;45000;Chocolate Blanco;14-16;Insular;5
5946;M;62;20231008;94000;Chocolate Blanco Helado;18-20;Caribe;3
5947;;38;20220801;65400;Chocolate Blanco;18-20;Orinoquía;1
5948;M;64;20220916;53000;Espresso Doble;16-18;Pacífica;5
5949;F;51;20240326;110000;Mocha Latte;16-18;Andina;5
5950;M;49;20200516;92000;Espresso Sencillo;14-16;Orinoquía;3
5951;M;69;20240214;48000;Americano;20-22;Caribe;2
5952;F;19;20230117;60000;Caramel Macchiato;18-20;Caribe;4
5953;O;38;20240318;37000;Chocolate Caliente;18-20;Caribe;1
5954;M;53;20230204;83000;Arequipe Latte;14-16;Pacífica;4
5955;M;42;20230806;43000;Arequipe Latte;18-20;Andina;5
5956;M;71;20240524;56000;Mocha Blanco Latte;14-16;Insular;2
5957;F;53;20231105;61000;Chocolate Blanco;20-22;Insular;2
5958;;38;20231229;65400;Caramel Macchiato;10-12;Insular;5
5959;M;21;20200525;46000;Mocha Latte;20-22;Andina;3
5960;F;28;20230107;65000;Cappuccino;16-18;Orinoquía;5
5961;F;27;20220224;53000;Mocha Latte;14-16;Caribe;2
5962;F;42;20231202;74000;Americano;16-18;Orinoquía;1
5963;M;51;20231112;67000;Chocolate Blanco Helado;20-22;Caribe;4
5964;M;63;20240519;72000;Chocolate Helado;12-14;Andina;2
5965;F;82;20210828;82000;Americano;18-20;Andina;4
5966;F;21;20230601;54000;Chocolate Helado;18-20;Insular;5
5967;M;44;20231117;45000;Flat White;20-22;Andina;1
5968;M;61;20230812;62000;Latte;16-18;Andina;4
5969;M;39;20240323;31000;Café del día;18-20;Pacífica;3
5970;F;50;20230821;34000;Cappuccino;16-18;Pacífica;1
5971;F;22;20231121;47000;Latte Macchiato;12-14;Pacífica;3
5972;O;84;20220109;51000;Latte Macchiato;18-20;Orinoquía;3
5973;M;34;20210301;74000;Caramel Macchiato;18-20;Insular;1
5974;F;74;20230701;84000;Espresso Sencillo;18-20;Andina;3
5975;M;25;20240509;31000;Espresso Doble;20-22;Pacífica;2
5976;M;70;20240402;82000;Arequipe Latte;12-14;Andina;5
5977;M;73;20240702;47000;Cappuccino;16-18;Orinoquía;5
5978;M;53;20220218;37000;Espresso Doble;18-20;Pacífica;3
5979;M;56;20240120;73000;Espresso Doble;14-16;Caribe;3
5980;F;56;20230222;89000;Arequipe Latte;20-22;Insular;3
5981;F;34;20220727;44000;Caramel Macchiato;10-12;Insular;1
5982;F;85;20211203;56000;Latte Macchiato;12-14;Pacífica;2
5983;M;29;20240323;31000;Espresso Macchiato;10-12;Andina;3
5984;M;49;20220517;56000;Cappuccino;14-16;Caribe;4
5985;M;29;20220117;31000;Americano;14-16;Pacífica;1
5986;F;58;20240514;95000;Arequipe Latte;12-14;Orinoquía;1
5987;F;48;20231105;91000;Espresso Sencillo;20-22;Caribe;4
5988;M;72;20231108;83000;Latte;12-14;Pacífica;3
5989;F;63;20231113;58000;Mocha Blanco Latte;14-16;Pacífica;3
5990;;38;20230730;65400;Espresso Doble;10-12;Pacífica;5
5991;M;72;20240216;66000;Chocolate Blanco Helado;16-18;Andina;5
5992;;38;20240605;65400;Mocha Latte;18-20;Pacífica;3
5993;M;74;20220617;98000;Flat White;18-20;Orinoquía;1
5994;M;27;20231119;34000;Espresso Macchiato;12-14;Andina;2
5995;F;60;20231208;102000;Chocolate Caliente;12-14;Pacífica;3
5996;M;67;20211229;68000;Mocha Latte;10-12;Insular;1
5997;M;50;20240705;89000;Café del día;16-18;Andina;1
5998;F;58;20231114;59000;Espresso Sencillo;14-16;Andina;2
5999;M;71;20221122;47000;Americano;12-14;Pacífica;5
6000;F;58;20220921;75000;Latte Macchiato;20-22;Orinoquía;1
6001;M;47;20231025;45000;Mocha Latte;20-22;Insular;5
6002;F;50;20220715;53000;Cappuccino;16-18;Orinoquía;2
6003;;38;20230409;65400;Mocha Blanco Latte;20-22;Orinoquía;3
6004;M;22;20191001;46000;Café del día;12-14;Insular;2
6005;M;64;20240502;61000;Chocolate Blanco;10-12;Insular;3
6006;M;55;20230728;93000;Chocolate Blanco;16-18;Andina;3
6007;F;29;20211029;37000;Mocha Blanco Latte;12-14;Caribe;5
6008;M;52;20231206;106000;Caramel Macchiato;20-22;Caribe;3
6009;;38;20230723;65400;Espresso Macchiato;18-20;Insular;2
6010;F;43;20240416;97000;Arequipe Latte;16-18;Andina;2
6011;M;67;20240419;75000;Chocolate Blanco;14-16;Insular;3
6012;M;79;20240316;32000;Latte;10-12;Pacífica;2
6013;M;23;20230512;64000;Chocolate Helado;18-20;Caribe;2
6014;F;57;20221014;76000;Chocolate Blanco;20-22;Andina;5
6015;M;79;20240219;99000;Mocha Blanco Latte;18-20;Caribe;3
6016;F;57;20240107;70000;Caramel Macchiato;10-12;Orinoquía;2
6017;;38;20210506;65400;Cappuccino;16-18;Orinoquía;2
6018;M;24;20231111;45000;Caramel Macchiato;18-20;Caribe;4
6019;M;60;20211203;105000;Chocolate Blanco Helado;20-22;Andina;1
6020;M;47;20200124;44000;Latte Macchiato;14-16;Caribe;1
6021;M;34;20210522;48000;Mocha Latte;16-18;Insular;3
6022;F;71;20230328;61000;Espresso Doble;14-16;Insular;2
6023;M;61;20240430;32000;Chocolate Helado;14-16;Insular;2
6024;F;76;20220229;118000;Mocha Blanco Latte;18-20;Andina;4
6025;;38;20240427;65400;Latte;12-14;Caribe;2
6026;F;56;20221221;73000;Americano;14-16;Pacífica;4
6027;F;53;20211230;100000;Espresso Sencillo;10-12;Andina;1
6028;F;37;20220323;74000;Caramel Macchiato;14-16;Andina;3
6029;M;40;20240410;66000;Café del día;16-18;Pacífica;4
6030;M;61;20240617;92000;Mocha Blanco Latte;12-14;Andina;1
6031;F;69;20230813;64000;Latte;18-20;Orinoquía;4
6032;M;39;20220928;73000;Americano;14-16;Pacífica;5
6033;F;62;20240109;106000;Arequipe Latte;20-22;Caribe;4
6034;F;61;20231230;36000;Chocolate Caliente;10-12;Pacífica;4
6035;F;71;20230716;50000;Chocolate Caliente;14-16;Orinoquía;1
6036;;38;20231119;65400;Flat White;18-20;Andina;5
6037;;38;20231021;65400;Café del día;14-16;Insular;5
6038;;38;20231014;65400;Americano;20-22;Caribe;5
6039;M;74;20240515;84000;Espresso Macchiato;10-12;Pacífica;5
6040;F;80;20230713;70000;Chocolate Blanco;14-16;Orinoquía;1
6041;M;42;20240423;34000;Flat White;18-20;Pacífica;1
6042;M;25;20220802;66000;Caramel Macchiato;18-20;Andina;3
6043;M;72;20231217;50000;Latte Macchiato;18-20;Orinoquía;1
6044;M;60;20240302;47000;Americano;14-16;Orinoquía;3
6045;M;65;20230112;76000;Mocha Blanco Latte;10-12;Orinoquía;2
6046;F;70;20240615;74000;Latte;18-20;Insular;1
6047;M;32;20221015;46000;Americano;14-16;Andina;1
6048;F;67;20240103;80000;Espresso Sencillo;10-12;Pacífica;5
6049;M;50;20230813;110000;Mocha Blanco Latte;20-22;Insular;2
6050;F;51;20240517;119000;Latte Macchiato;10-12;Caribe;1
6051;F;52;20220731;32000;Espresso Sencillo;14-16;Andina;5
6052;F;81;20211018;53000;Chocolate Blanco Helado;12-14;Andina;2
6053;M;56;20230905;100000;Mocha Latte;18-20;Pacífica;2
6054;F;68;20220515;93000;Café del día;12-14;Orinoquía;3
6055;M;97;20231029;73000;Cappuccino;18-20;Andina;4
6056;F;65;20240408;39000;Caramel Macchiato;20-22;Andina;1
6057;F;56;20240113;59000;Americano;10-12;Pacífica;2
6058;M;71;20240707;52000;Caramel Macchiato;14-16;Pacífica;3
6059;F;48;20240312;33000;Espresso Macchiato;20-22;Insular;4
6060;;38;20240305;65400;Chocolate Caliente;18-20;Pacífica;2
6061;F;100;20240410;70000;Chocolate Blanco;20-22;Pacífica;1
6062;M;25;20231119;31000;Latte Macchiato;14-16;Insular;1
6063;M;73;20230202;53000;Latte Macchiato;14-16;Orinoquía;5
6064;M;41;20230903;31000;Cappuccino;18-20;Pacífica;5
6065;F;47;20220604;69000;Flat White;20-22;Pacífica;4
6066;;38;20220724;65400;Flat White;18-20;Andina;3
6067;F;73;20231101;110000;Mocha Latte;18-20;Caribe;3
6068;F;65;20240510;76000;Chocolate Blanco Helado;20-22;Pacífica;4
6069;M;48;20230911;53000;Mocha Latte;18-20;Pacífica;3
6070;F;76;20220720;75000;Cappuccino;10-12;Caribe;2
6071;F;40;20240124;31000;Latte Macchiato;12-14;Caribe;1
6072;M;29;20221130;44000;Latte Macchiato;12-14;Andina;1
6073;M;51;20210615;49000;Chocolate Blanco Helado;10-12;Andina;3
6074;M;76;20230404;45000;Caramel Macchiato;18-20;Pacífica;3
6075;M;49;20210605;60000;Chocolate Caliente;18-20;Insular;3
6076;F;67;20230613;88000;Latte;10-12;Andina;5
6077;F;64;20220315;103000;Chocolate Blanco;16-18;Insular;5
6078;F;46;20230421;52000;Caramel Macchiato;12-14;Andina;3
6079;M;60;20230922;84000;Espresso Macchiato;14-16;Pacífica;4
6080;M;54;20240220;94000;Café del día;20-22;Pacífica;4
6081;M;54;20200107;45000;Espresso Macchiato;14-16;Orinoquía;4
6082;M;42;20210926;72000;Chocolate Blanco Helado;10-12;Caribe;5
6083;F;43;20220829;60000;Arequipe Latte;10-12;Caribe;5
6084;M;50;20231016;71000;Chocolate Caliente;14-16;Andina;1
6085;F;59;20230809;96000;Cappuccino;10-12;Orinoquía;2
6086;F;62;20230720;79000;Chocolate Helado;10-12;Orinoquía;3
6087;M;30;20231101;42000;Americano;12-14;Andina;4
6088;F;61;20240112;74000;Arequipe Latte;18-20;Caribe;5
6089;M;52;20220910;55000;Latte;10-12;Pacífica;1
6090;M;19;20230905;34000;Chocolate Helado;16-18;Caribe;4
6091;F;71;20230620;88000;Mocha Blanco Latte;12-14;Pacífica;4
6092;M;47;20200814;53000;Chocolate Helado;18-20;Pacífica;2
6093;F;71;20220108;40000;Espresso Macchiato;20-22;Andina;2
6094;M;57;20211016;106000;Espresso Sencillo;16-18;Andina;4
6095;;38;20230627;65400;Chocolate Helado;18-20;Andina;4
6096;F;49;20240522;60000;Americano;14-16;Caribe;1
6097;M;72;20230929;61000;Café del día;14-16;Pacífica;4
6098;M;43;20210603;86000;Espresso Doble;12-14;Orinoquía;1
6099;M;50;20230707;97000;Mocha Blanco Latte;10-12;Insular;4
6100;F;37;20230816;53000;Espresso Macchiato;14-16;Andina;1
6101;F;67;20230813;67000;Chocolate Helado;12-14;Orinoquía;5
6102;;38;20220226;65400;Latte Macchiato;14-16;Insular;2
6103;;38;20240311;65400;Mocha Latte;20-22;Orinoquía;4
6104;M;20;20240313;44000;Espresso Doble;10-12;Caribe;4
6105;;38;20230121;65400;Mocha Latte;16-18;Orinoquía;5
6106;M;46;20230625;72000;Caramel Macchiato;18-20;Andina;1
6107;M;44;20230301;64000;Chocolate Blanco;10-12;Insular;1
6108;M;63;20200308;58000;Espresso Macchiato;12-14;Caribe;1
6109;M;55;20240322;71000;Mocha Blanco Latte;18-20;Pacífica;2
6110;F;41;20230925;73000;Chocolate Blanco Helado;10-12;Insular;4
6111;M;61;20240123;97000;Cappuccino;16-18;Andina;2
6112;M;60;20220319;91000;Mocha Latte;14-16;Andina;3
6113;;38;20240503;65400;Latte;20-22;Caribe;1
6114;F;70;20230601;78000;Mocha Latte;12-14;Caribe;2
6115;M;64;20191215;96000;Cappuccino;18-20;Andina;1
6116;M;65;20220122;48000;Caramel Macchiato;18-20;Caribe;1
6117;F;54;20240104;71000;Cappuccino;12-14;Andina;4
6118;M;63;20240718;51000;Americano;16-18;Insular;5
6119;M;59;20231107;38000;Mocha Blanco Latte;20-22;Andina;2
6120;M;45;20240420;48000;Arequipe Latte;14-16;Orinoquía;1
6121;F;50;20191221;59000;Mocha Blanco Latte;12-14;Pacífica;5
6122;F;43;20220729;44000;Chocolate Helado;14-16;Insular;1
6123;;38;20240716;65400;Espresso Sencillo;18-20;Orinoquía;5
6124;O;52;20240414;92000;Caramel Macchiato;18-20;Orinoquía;3
6125;F;65;20220421;35000;Espresso Macchiato;18-20;Orinoquía;5
6126;F;23;20231029;35000;Café del día;12-14;Orinoquía;3
6127;;38;20240516;65400;Caramel Macchiato;12-14;Andina;4
6128;M;68;20221217;71000;Espresso Sencillo;12-14;Pacífica;5
6129;M;52;20240716;96000;Chocolate Blanco;14-16;Orinoquía;3
6130;M;49;20210326;58000;Espresso Sencillo;16-18;Caribe;2
6131;;38;20220509;65400;Espresso Doble;16-18;Caribe;3
6132;F;37;20240518;72000;Mocha Latte;20-22;Caribe;3
6133;F;72;20231218;57000;Espresso Sencillo;12-14;Caribe;1
6134;F;94;20230806;39000;Café del día;10-12;Pacífica;3
6135;;38;20240125;65400;Espresso Doble;16-18;Caribe;2
6136;F;56;20210813;119000;Café del día;10-12;Insular;1
6137;M;48;20200616;83000;Mocha Blanco Latte;12-14;Insular;1
6138;M;43;20240517;75000;Espresso Macchiato;12-14;Insular;1
6139;M;36;20230828;59000;Latte;18-20;Pacífica;5
6140;F;82;20221108;70000;Caramel Macchiato;16-18;Insular;5
6141;M;39;20231108;69000;Latte Macchiato;14-16;Insular;5
6142;M;44;20240306;95000;Arequipe Latte;12-14;Andina;3
6143;;38;20211123;65400;Mocha Latte;20-22;Caribe;1
6144;F;68;20231018;118000;Espresso Doble;16-18;Pacífica;4
6145;M;44;20230808;50000;Arequipe Latte;10-12;Andina;1
6146;F;36;20230519;65000;Chocolate Caliente;20-22;Andina;4
6147;F;47;20240521;58000;Mocha Blanco Latte;18-20;Pacífica;1
6148;M;21;20231230;44000;Espresso Macchiato;20-22;Pacífica;3
6149;M;50;20231015;51000;Café del día;14-16;Pacífica;3
6150;M;42;20231120;54000;Espresso Macchiato;16-18;Andina;4
6151;F;40;20220620;75000;Latte;18-20;Insular;4
6152;F;82;20220412;49000;Chocolate Helado;20-22;Orinoquía;5
6153;M;47;20231028;41000;Latte Macchiato;14-16;Pacífica;3
6154;M;71;20220627;30000;Chocolate Blanco Helado;20-22;Caribe;3
6155;M;48;20210316;46000;Latte;20-22;Pacífica;3
6156;F;87;20231025;40000;Chocolate Caliente;20-22;Andina;1
6157;F;63;20230320;79000;Chocolate Helado;10-12;Andina;1
6158;M;67;20211218;85000;Café del día;20-22;Insular;1
6159;;38;20230209;65400;Espresso Doble;12-14;Caribe;4
6160;F;53;20240417;66000;Chocolate Helado;16-18;Insular;2
6161;M;32;20200904;43000;Chocolate Blanco Helado;10-12;Orinoquía;4
6162;M;58;20240604;62000;Chocolate Helado;10-12;Insular;3
6163;F;76;20240309;47000;Espresso Macchiato;20-22;Caribe;4
6164;M;52;20231005;69000;Mocha Latte;10-12;Pacífica;5
6165;F;56;20230805;77000;Caramel Macchiato;12-14;Pacífica;3
6166;M;32;20240127;37000;Chocolate Blanco Helado;10-12;Caribe;2
6167;F;73;20210911;101000;Flat White;16-18;Orinoquía;1
6168;F;58;20231028;37000;Mocha Latte;14-16;Andina;1
6169;F;21;20240125;60000;Arequipe Latte;12-14;Andina;4
6170;F;51;20220722;119000;Chocolate Helado;14-16;Orinoquía;4
6171;F;53;20240105;82000;Mocha Latte;14-16;Pacífica;2
6172;M;36;20220313;52000;Latte Macchiato;18-20;Andina;2
6173;F;59;20220803;78000;Flat White;18-20;Insular;4
6174;F;66;20240322;53000;Caramel Macchiato;20-22;Orinoquía;1
6175;F;46;20211221;60000;Chocolate Blanco;20-22;Pacífica;4
6176;M;63;20201223;54000;Mocha Blanco Latte;10-12;Orinoquía;5
6177;F;43;20231201;53000;Café del día;20-22;Insular;2
6178;M;50;20200513;41000;Chocolate Blanco Helado;10-12;Orinoquía;1
6179;F;45;20240201;91000;Flat White;20-22;Orinoquía;3
6180;F;47;20210804;68000;Chocolate Caliente;18-20;Caribe;3
6181;M;21;20230303;32000;Arequipe Latte;18-20;Caribe;3
6182;;38;20230430;65400;Caramel Macchiato;20-22;Caribe;2
6183;M;50;20220327;37000;Cappuccino;14-16;Pacífica;2
6184;M;67;20221228;78000;Caramel Macchiato;10-12;Pacífica;4
6185;;38;20240628;65400;Mocha Latte;10-12;Pacífica;2
6186;F;50;20231028;56000;Espresso Doble;10-12;Pacífica;4
6187;F;66;20230811;61000;Chocolate Caliente;12-14;Caribe;2
6188;M;70;20231208;57000;Espresso Sencillo;20-22;Andina;2
6189;M;47;20220127;55000;Americano;16-18;Orinoquía;4
6190;;38;20240324;65400;Espresso Macchiato;10-12;Insular;3
6191;F;68;20211214;76000;Chocolate Blanco;18-20;Andina;1
6192;M;81;20210622;37000;Café del día;18-20;Orinoquía;3
6193;M;42;20240324;54000;Espresso Macchiato;12-14;Orinoquía;1
6194;M;35;20221117;37000;Cappuccino;10-12;Andina;3
6195;M;63;20231016;65000;Caramel Macchiato;20-22;Caribe;5
6196;M;18;20200401;42000;Caramel Macchiato;20-22;Orinoquía;4
6197;M;49;20220416;102000;Chocolate Blanco;10-12;Insular;4
6198;F;27;20220215;35000;Espresso Sencillo;20-22;Insular;5
6199;M;40;20201201;31000;Latte;16-18;Caribe;4
6200;M;91;20240716;102000;Espresso Doble;18-20;Andina;3
6201;M;35;20230908;39000;Espresso Macchiato;14-16;Caribe;4
6202;F;64;20240504;81000;Flat White;20-22;Orinoquía;2
6203;M;51;20210127;50000;Cappuccino;18-20;Caribe;5
6204;F;31;20230901;47000;Chocolate Helado;16-18;Caribe;3
6205;M;42;20231126;44000;Latte Macchiato;20-22;Insular;3
6206;M;34;20230611;38000;Americano;18-20;Pacífica;1
6207;F;31;20230802;54000;Latte Macchiato;12-14;Caribe;3
6208;M;55;20240506;89000;Espresso Sencillo;10-12;Pacífica;3
6209;M;70;20231209;30000;Latte;10-12;Orinoquía;2
6210;F;41;20210907;94000;Mocha Latte;14-16;Andina;2
6211;;38;20220623;65400;Mocha Latte;20-22;Orinoquía;3
6212;;38;20211222;65400;Mocha Latte;16-18;Pacífica;1
6213;M;82;20240516;34000;Chocolate Blanco Helado;20-22;Caribe;4
6214;F;67;20240701;87000;Americano;10-12;Caribe;3
6215;M;66;20231019;45000;Arequipe Latte;14-16;Pacífica;3
6216;M;57;20240321;76000;Espresso Sencillo;16-18;Insular;5
6217;M;53;20220123;98000;Americano;18-20;Orinoquía;5
6218;;38;20231103;65400;Chocolate Caliente;16-18;Caribe;3
6219;M;56;20220609;64000;Espresso Doble;18-20;Orinoquía;4
6220;M;64;20240117;51000;Chocolate Caliente;14-16;Caribe;2
6221;F;47;20190929;99000;Espresso Macchiato;18-20;Insular;5
6222;M;24;20230102;37000;Flat White;12-14;Insular;5
6223;F;36;20231113;85000;Café del día;12-14;Pacífica;2
6224;M;19;20240416;50000;Espresso Macchiato;12-14;Insular;3
6225;M;52;20240224;58000;Chocolate Blanco;10-12;Pacífica;5
6226;M;75;20240315;47000;Espresso Sencillo;18-20;Insular;1
6227;M;60;20220718;56000;Espresso Macchiato;12-14;Pacífica;2
6228;M;71;20220410;58000;Espresso Doble;20-22;Andina;3
6229;M;40;20230902;81000;Espresso Sencillo;16-18;Insular;3
6230;M;44;20240111;77000;Americano;14-16;Caribe;1
6231;M;58;20231124;64000;Mocha Latte;20-22;Pacífica;1
6232;;38;20231130;65400;Espresso Macchiato;10-12;Insular;4
6233;;38;20230606;65400;Espresso Macchiato;18-20;Insular;5
6234;M;74;20210922;53000;Latte Macchiato;16-18;Pacífica;3
6235;;38;20221126;65400;Caramel Macchiato;10-12;Orinoquía;3
6236;F;58;20221224;67000;Espresso Sencillo;10-12;Caribe;3
6237;F;58;20240122;89000;Café del día;20-22;Orinoquía;2
6238;F;80;20230223;37000;Espresso Sencillo;16-18;Andina;3
6239;F;55;20240611;79000;Cappuccino;18-20;Andina;5
6240;M;54;20231220;49000;Caramel Macchiato;12-14;Orinoquía;1
6241;M;52;20231007;37000;Arequipe Latte;10-12;Pacífica;1
6242;M;46;20230813;53000;Café del día;14-16;Caribe;2
6243;M;46;20230323;51000;Latte Macchiato;18-20;Andina;2
6244;F;26;20231001;45000;Chocolate Blanco Helado;12-14;Orinoquía;1
6245;M;52;20231201;74000;Latte;16-18;Orinoquía;4
6246;M;54;20230922;71000;Espresso Sencillo;12-14;Orinoquía;5
6247;M;82;20210306;63000;Americano;20-22;Caribe;3
6248;F;54;20220810;50000;Arequipe Latte;10-12;Caribe;4
6249;M;38;20210917;44000;Cappuccino;16-18;Andina;1
6250;;38;20231226;65400;Chocolate Caliente;14-16;Andina;3
6251;F;68;20230626;57000;Flat White;12-14;Insular;4
6252;M;65;20240425;105000;Cappuccino;12-14;Andina;1
6253;;38;20240326;65400;Latte;16-18;Orinoquía;1
6254;F;30;20221027;42000;Latte Macchiato;20-22;Caribe;5
6255;F;55;20220409;84000;Chocolate Blanco;14-16;Orinoquía;3
6256;F;51;20240328;93000;Café del día;20-22;Andina;2
6257;M;23;20230907;30000;Americano;14-16;Caribe;4
6258;M;60;20230930;56000;Espresso Doble;10-12;Caribe;4
6259;M;62;20231111;91000;Mocha Latte;20-22;Insular;5
6260;M;72;20221211;32000;Espresso Macchiato;16-18;Andina;2
6261;F;58;20240707;44000;Caramel Macchiato;12-14;Insular;3
6262;M;54;20190810;67000;Espresso Macchiato;20-22;Andina;1
6263;M;25;20230915;53000;Café del día;18-20;Pacífica;4
6264;M;58;20231216;60000;Mocha Blanco Latte;18-20;Caribe;1
6265;M;37;20200531;66000;Caramel Macchiato;18-20;Caribe;5
6266;F;56;20240108;86000;Chocolate Blanco Helado;18-20;Orinoquía;5
6267;M;87;20240714;34000;Americano;14-16;Pacífica;5
6268;M;49;20230824;36000;Mocha Latte;16-18;Insular;1
6269;F;33;20231125;65000;Mocha Latte;20-22;Caribe;5
6270;F;49;20220519;59000;Chocolate Blanco;16-18;Caribe;3
6271;M;69;20231102;48000;Cappuccino;12-14;Orinoquía;5
6272;M;52;20240123;74000;Mocha Latte;14-16;Insular;4
6273;M;99;20240115;108000;Cappuccino;16-18;Orinoquía;3
6274;;38;20231217;65400;Chocolate Helado;12-14;Caribe;3
6275;F;62;20230628;62000;Espresso Sencillo;16-18;Andina;1
6276;F;82;20230818;73000;Latte Macchiato;18-20;Andina;5
6277;F;68;20240314;71000;Latte Macchiato;14-16;Orinoquía;4
6278;M;54;20221017;62000;Latte;14-16;Caribe;2
6279;F;45;20240521;48000;Flat White;20-22;Caribe;1
6280;M;63;20231114;39000;Café del día;18-20;Caribe;1
6281;F;57;20240323;81000;Espresso Macchiato;18-20;Andina;4
6282;M;68;20210831;84000;Espresso Macchiato;18-20;Insular;3
6283;F;47;20230928;39000;Cappuccino;12-14;Andina;5
6284;M;74;20230817;33000;Caramel Macchiato;20-22;Andina;4
6285;F;55;20221230;41000;Arequipe Latte;10-12;Orinoquía;5
6286;M;19;20211129;33000;Caramel Macchiato;10-12;Pacífica;1
6287;;38;20210809;65400;Cappuccino;20-22;Andina;5
6288;M;22;20240317;57000;Chocolate Blanco Helado;12-14;Caribe;3
6289;F;71;20221111;37000;Chocolate Blanco Helado;16-18;Andina;5
6290;F;67;20240118;78000;Arequipe Latte;14-16;Caribe;5
6291;M;45;20210129;57000;Chocolate Blanco Helado;20-22;Orinoquía;1
6292;M;59;20210618;42000;Latte;20-22;Orinoquía;4
6293;F;67;20231130;100000;Mocha Latte;20-22;Pacífica;4
6294;;38;20220318;65400;Latte;14-16;Andina;3
6295;F;65;20220815;88000;Chocolate Caliente;10-12;Insular;5
6296;F;58;20211116;64000;Espresso Doble;10-12;Caribe;3
6297;M;71;20240513;69000;Arequipe Latte;14-16;Insular;2
6298;F;63;20240607;55000;Americano;10-12;Caribe;3
6299;F;48;20230512;63000;Chocolate Blanco Helado;10-12;Orinoquía;1
6300;F;71;20240330;70000;Chocolate Caliente;10-12;Insular;4
6301;M;66;20230901;108000;Americano;10-12;Andina;3
6302;F;67;20240717;86000;Espresso Doble;14-16;Andina;5
6303;M;37;20211031;57000;Mocha Latte;12-14;Andina;2
6304;M;52;20221222;72000;Caramel Macchiato;14-16;Caribe;1
6305;;38;20230611;65400;Café del día;16-18;Caribe;3
6306;F;63;20230321;36000;Caramel Macchiato;20-22;Insular;2
6307;;38;20231004;65400;Espresso Macchiato;16-18;Caribe;5
6308;M;47;20240310;59000;Chocolate Caliente;16-18;Caribe;3
6309;M;67;20220714;90000;Americano;12-14;Andina;5
6310;M;53;20220912;69000;Café del día;18-20;Insular;5
6311;F;53;20230814;53000;Latte Macchiato;14-16;Andina;1
6312;F;48;20220725;54000;Chocolate Blanco;14-16;Andina;4
6313;M;19;20231007;32000;Chocolate Blanco;16-18;Orinoquía;1
6314;;38;20211221;65400;Café del día;20-22;Pacífica;4
6315;F;70;20230805;42000;Chocolate Caliente;14-16;Orinoquía;3
6316;;38;20230912;65400;Cappuccino;14-16;Pacífica;4
6317;F;65;20230806;83000;Mocha Latte;10-12;Pacífica;5
6318;;38;20231101;65400;Mocha Latte;18-20;Andina;1
6319;M;33;20240113;39000;Flat White;10-12;Insular;2
6320;F;45;20231208;54000;Flat White;12-14;Andina;3
6321;M;75;20240225;92000;Latte;14-16;Andina;5
6322;F;56;20230919;99000;Arequipe Latte;12-14;Pacífica;4
6323;F;77;20210903;59000;Caramel Macchiato;20-22;Orinoquía;4
6324;M;91;20240720;69000;Chocolate Blanco;18-20;Orinoquía;4
6325;F;42;20240312;69000;Caramel Macchiato;18-20;Insular;3
6326;M;22;20200805;55000;Flat White;18-20;Insular;2
6327;M;20;20230428;63000;Caramel Macchiato;18-20;Insular;3
6328;F;31;20230917;34000;Espresso Doble;14-16;Insular;1
6329;;38;20231031;65400;Latte Macchiato;14-16;Pacífica;4
6330;M;48;20240207;47000;Mocha Latte;20-22;Caribe;5
6331;M;61;20230807;72000;Flat White;10-12;Caribe;1
6332;F;57;20230215;78000;Café del día;14-16;Pacífica;2
6333;F;79;20230310;107000;Arequipe Latte;16-18;Caribe;5
6334;;38;20221022;65400;Latte Macchiato;16-18;Pacífica;5
6335;M;66;20191102;51000;Flat White;18-20;Pacífica;2
6336;F;90;20210816;53000;Chocolate Helado;10-12;Insular;4
6337;F;60;20220924;77000;Chocolate Blanco Helado;18-20;Orinoquía;1
6338;M;32;20230905;69000;Latte;14-16;Insular;4
6339;M;56;20240228;79000;Arequipe Latte;16-18;Andina;5
6340;;38;20230730;65400;Café del día;20-22;Insular;1
6341;M;51;20230824;96000;Espresso Doble;14-16;Pacífica;1
6342;M;71;20231031;73000;Espresso Doble;20-22;Pacífica;1
6343;;38;20231006;65400;Caramel Macchiato;14-16;Pacífica;2
6344;F;52;20231223;89000;Caramel Macchiato;12-14;Orinoquía;1
6345;F;51;20230416;42000;Espresso Macchiato;18-20;Caribe;4
6346;F;68;20231119;80000;Caramel Macchiato;20-22;Orinoquía;2
6347;M;72;20240323;73000;Espresso Doble;10-12;Insular;4
6348;M;47;20221103;66000;Mocha Latte;18-20;Insular;1
6349;M;83;20230819;110000;Chocolate Blanco;10-12;Caribe;5
6350;M;52;20230517;41000;Latte;10-12;Pacífica;1
6351;M;32;20220310;45000;Chocolate Blanco Helado;10-12;Andina;1
6352;M;49;20220901;78000;Flat White;14-16;Andina;2
6353;M;76;20240619;69000;Chocolate Caliente;12-14;Insular;1
6354;F;84;20230816;106000;Latte Macchiato;12-14;Orinoquía;5
6355;O;45;20230101;37000;Cappuccino;20-22;Insular;3
6356;M;49;20220226;64000;Espresso Sencillo;16-18;Pacífica;2
6357;M;68;20220324;50000;Espresso Macchiato;10-12;Andina;2
6358;M;23;20240117;31000;Chocolate Caliente;10-12;Caribe;5
6359;F;60;20191027;87000;Cappuccino;14-16;Caribe;4
6360;F;66;20190919;42000;Latte;16-18;Andina;4
6361;M;49;20230417;109000;Chocolate Helado;10-12;Orinoquía;4
6362;F;41;20220723;51000;Mocha Latte;12-14;Insular;1
6363;M;63;20211118;48000;Latte Macchiato;18-20;Orinoquía;2
6364;M;20;20220709;40000;Flat White;16-18;Caribe;4
6365;F;61;20240320;37000;Caramel Macchiato;16-18;Caribe;2
6366;M;19;20220824;45000;Chocolate Helado;10-12;Pacífica;1
6367;F;48;20231230;63000;Chocolate Blanco;20-22;Orinoquía;2
6368;M;33;20240531;70000;Espresso Macchiato;10-12;Insular;5
6369;F;43;20240626;37000;Mocha Latte;14-16;Andina;1
6370;M;61;20240109;63000;Americano;16-18;Caribe;3
6371;F;32;20240109;68000;Espresso Doble;20-22;Insular;3
6372;F;70;20220910;51000;Espresso Macchiato;14-16;Andina;1
6373;M;34;20201219;59000;Espresso Doble;18-20;Pacífica;2
6374;M;44;20230929;37000;Mocha Latte;10-12;Orinoquía;2
6375;M;64;20240622;49000;Arequipe Latte;10-12;Orinoquía;5
6376;F;55;20210820;103000;Espresso Doble;18-20;Caribe;3
6377;;38;20240402;65400;Chocolate Helado;18-20;Caribe;5
6378;M;57;20221031;72000;Espresso Macchiato;16-18;Pacífica;1
6379;F;38;20221207;66000;Latte;12-14;Orinoquía;5
6380;M;24;20240512;52000;Arequipe Latte;12-14;Orinoquía;1
6381;M;55;20220818;56000;Flat White;10-12;Pacífica;3
6382;M;92;20221226;30000;Café del día;10-12;Andina;1
6383;M;64;20230814;39000;Espresso Macchiato;10-12;Insular;1
6384;F;52;20220515;83000;Latte;12-14;Caribe;4
6385;F;75;20211225;36000;Latte Macchiato;10-12;Orinoquía;5
6386;;38;20230531;65400;Mocha Blanco Latte;18-20;Pacífica;3
6387;F;79;20230713;55000;Caramel Macchiato;16-18;Orinoquía;4
6388;F;65;20240117;72000;Espresso Sencillo;20-22;Orinoquía;4
6389;M;20;20240719;39000;Espresso Sencillo;10-12;Caribe;3
6390;M;31;20201129;60000;Espresso Doble;12-14;Pacífica;2
6391;F;36;20240417;62000;Arequipe Latte;18-20;Pacífica;5
6392;M;66;20220326;75000;Americano;18-20;Andina;3
6393;M;72;20230921;104000;Espresso Macchiato;18-20;Orinoquía;2
6394;F;57;20230616;88000;Caramel Macchiato;20-22;Caribe;1
6395;M;38;20240403;89000;Flat White;14-16;Andina;2
6396;M;42;20230904;69000;Americano;10-12;Pacífica;2
6397;F;73;20240107;70000;Flat White;12-14;Pacífica;2
6398;;38;20231119;65400;Chocolate Caliente;14-16;Caribe;4
6399;F;71;20220210;79000;Caramel Macchiato;14-16;Insular;5
6400;M;30;20211105;47000;Latte Macchiato;12-14;Caribe;4
6401;M;49;20200506;70000;Cappuccino;18-20;Orinoquía;2
6402;M;55;20230728;69000;Espresso Macchiato;12-14;Orinoquía;4
6403;M;66;20210513;47000;Espresso Sencillo;20-22;Orinoquía;1
6404;;38;20220719;65400;Café del día;20-22;Orinoquía;2
6405;F;74;20230601;83000;Chocolate Caliente;18-20;Orinoquía;1
6406;M;69;20220322;32000;Espresso Doble;16-18;Caribe;2
6407;M;30;20221119;31000;Café del día;18-20;Andina;2
6408;M;60;20220825;85000;Cappuccino;20-22;Andina;2
6409;F;61;20230907;67000;Latte Macchiato;10-12;Andina;4
6410;M;79;20240507;72000;Cappuccino;18-20;Andina;3
6411;F;65;20220305;113000;Americano;18-20;Pacífica;1
6412;F;49;20220115;106000;Espresso Macchiato;20-22;Andina;2
6413;;38;20220521;65400;Arequipe Latte;14-16;Caribe;5
6414;F;54;20210815;49000;Flat White;18-20;Pacífica;3
6415;M;74;20210306;68000;Chocolate Blanco Helado;14-16;Pacífica;2
6416;F;46;20220503;50000;Mocha Latte;20-22;Insular;5
6417;;38;20221231;65400;Chocolate Caliente;18-20;Andina;4
6418;M;55;20220403;81000;Mocha Blanco Latte;20-22;Insular;3
6419;F;61;20211220;93000;Chocolate Blanco Helado;14-16;Insular;3
6420;F;53;20220512;98000;Café del día;18-20;Insular;1
6421;M;64;20240426;77000;Café del día;18-20;Caribe;1
6422;F;80;20240104;60000;Americano;14-16;Caribe;3
6423;M;57;20240106;48000;Latte Macchiato;14-16;Orinoquía;2
6424;;38;20230306;65400;Caramel Macchiato;12-14;Caribe;5
6425;M;76;20231007;74000;Cappuccino;18-20;Caribe;5
6426;F;62;20240102;76000;Espresso Doble;20-22;Insular;4
6427;F;51;20220127;105000;Latte;16-18;Orinoquía;3
6428;;38;20240618;65400;Latte Macchiato;16-18;Andina;4
6429;M;64;20230603;111000;Latte;20-22;Orinoquía;1
6430;F;90;20230711;99000;Café del día;16-18;Caribe;1
6431;M;62;20240506;43000;Arequipe Latte;14-16;Pacífica;5
6432;M;48;20240329;79000;Mocha Latte;20-22;Insular;3
6433;M;61;20211109;63000;Latte Macchiato;18-20;Orinoquía;5
6434;F;65;20220423;100000;Espresso Macchiato;14-16;Orinoquía;5
6435;M;59;20230102;48000;Americano;12-14;Insular;1
6436;M;83;20210728;75000;Caramel Macchiato;10-12;Andina;4
6437;;38;20230612;65400;Chocolate Blanco Helado;14-16;Caribe;3
6438;F;58;20200829;97000;Espresso Macchiato;12-14;Orinoquía;5
6439;M;78;20230117;74000;Mocha Latte;20-22;Insular;5
6440;M;74;20200212;71000;Café del día;14-16;Andina;1
6441;M;58;20210513;52000;Flat White;12-14;Andina;4
6442;F;73;20220190;83000;Caramel Macchiato;12-14;Insular;1
6443;M;42;20231014;57000;Café del día;10-12;Pacífica;2
6444;M;61;20240521;49000;Caramel Macchiato;16-18;Caribe;5
6445;M;86;20240406;111000;Latte;14-16;Andina;4
6446;;38;20240614;65400;Espresso Sencillo;18-20;Pacífica;3
6447;M;45;20190921;66000;Latte;10-12;Andina;2
6448;F;27;20240705;38000;Latte Macchiato;18-20;Orinoquía;5
6449;M;70;20240415;49000;Americano;12-14;Insular;3
6450;F;62;20230803;70000;Arequipe Latte;14-16;Pacífica;5
6451;F;81;20220824;37000;Café del día;18-20;Orinoquía;4
6452;F;66;20210729;75000;Mocha Latte;18-20;Caribe;1
6453;M;58;20231113;76000;Cappuccino;18-20;Caribe;1
6454;F;63;20230216;67000;Latte Macchiato;20-22;Orinoquía;3
6455;F;72;20240709;101000;Chocolate Blanco;12-14;Pacífica;2
6456;F;50;20240616;63000;Latte Macchiato;12-14;Pacífica;4
6457;M;68;20220829;107000;Café del día;16-18;Orinoquía;1
6458;M;85;20240702;47000;Americano;10-12;Insular;2
6459;;38;20240715;65400;Cappuccino;20-22;Insular;4
6460;M;45;20210414;57000;Chocolate Caliente;14-16;Caribe;2
6461;F;49;20240104;50000;Chocolate Blanco;16-18;Andina;5
6462;F;74;20211011;65000;Americano;10-12;Insular;4
6463;;38;20240702;65400;Chocolate Blanco Helado;10-12;Andina;5
6464;M;29;20191226;66000;Chocolate Blanco Helado;18-20;Pacífica;3
6465;M;19;20230731;65000;Latte;20-22;Caribe;5
6466;M;18;20231002;51000;Chocolate Helado;20-22;Andina;4
6467;;38;20220831;65400;Caramel Macchiato;18-20;Orinoquía;1
6468;;38;20240503;65400;Mocha Blanco Latte;20-22;Insular;1
6469;M;83;20211230;70000;Arequipe Latte;16-18;Andina;3
6470;F;34;20230317;47000;Café del día;18-20;Orinoquía;4
6471;F;62;20240411;65000;Mocha Latte;10-12;Orinoquía;3
6472;M;35;20210901;49000;Chocolate Caliente;18-20;Pacífica;2
6473;M;84;20220404;69000;Chocolate Helado;10-12;Andina;5
6474;M;56;20220217;104000;Caramel Macchiato;20-22;Caribe;2
6475;F;30;20210911;37000;Latte Macchiato;14-16;Insular;2
6476;M;70;20230605;116000;Chocolate Caliente;14-16;Orinoquía;4
6477;M;31;20240716;54000;Café del día;20-22;Orinoquía;5
6478;F;58;20220211;99000;Latte Macchiato;18-20;Insular;3
6479;F;75;20220605;66000;Espresso Sencillo;14-16;Pacífica;2
6480;M;74;20240507;50000;Café del día;10-12;Andina;5
6481;M;61;20240125;39000;Latte;18-20;Orinoquía;1
6482;M;61;20201203;69000;Chocolate Caliente;16-18;Andina;2
6483;M;34;20240521;41000;Americano;16-18;Pacífica;2
6484;F;32;20240710;72000;Latte;18-20;Insular;4
6485;;38;20220221;65400;Chocolate Caliente;14-16;Andina;4
6486;F;48;20220903;85000;Espresso Macchiato;16-18;Caribe;5
6487;F;79;20220210;77000;Americano;20-22;Pacífica;5
6488;F;19;20230831;50000;Mocha Latte;18-20;Insular;2
6489;M;59;20211129;85000;Cappuccino;20-22;Insular;2
6490;F;39;20231019;72000;Arequipe Latte;18-20;Andina;5
6491;F;26;20231228;32000;Mocha Blanco Latte;12-14;Insular;2
6492;F;51;20221027;75000;Latte Macchiato;14-16;Orinoquía;1
6493;M;59;20190813;52000;Espresso Sencillo;10-12;Orinoquía;1
6494;M;61;20211201;68000;Espresso Doble;20-22;Andina;3
6495;M;48;20230409;79000;Arequipe Latte;10-12;Insular;1
6496;M;53;20231211;69000;Americano;20-22;Pacífica;4
6497;F;74;20231206;100000;Café del día;20-22;Andina;3
6498;;38;20231004;65400;Espresso Macchiato;18-20;Insular;3
6499;M;40;20230228;64000;Caramel Macchiato;18-20;Pacífica;4
6500;F;61;20220904;96000;Mocha Blanco Latte;20-22;Insular;3
6501;M;58;20240206;87000;Latte Macchiato;18-20;Andina;2
6502;;38;20230912;65400;Chocolate Caliente;10-12;Caribe;3
6503;F;70;20210830;108000;Espresso Sencillo;16-18;Andina;4
6504;M;53;20191026;52000;Americano;18-20;Insular;2
6505;F;59;20240207;79000;Chocolate Helado;20-22;Andina;1
6506;F;67;20230126;82000;Chocolate Blanco;10-12;Caribe;2
6507;F;54;20220413;83000;Chocolate Blanco Helado;18-20;Andina;2
6508;F;51;20230929;50000;Café del día;16-18;Caribe;3
6509;M;45;20240425;30000;Chocolate Caliente;10-12;Pacífica;3
6510;F;49;20211114;99000;Espresso Sencillo;18-20;Andina;5
6511;M;25;20240216;39000;Espresso Doble;18-20;Caribe;4
6512;;38;20211216;65400;Chocolate Caliente;16-18;Orinoquía;5
6513;M;58;20231020;81000;Mocha Blanco Latte;10-12;Pacífica;5
6514;F;22;20211119;51000;Chocolate Blanco Helado;12-14;Pacífica;3
6515;M;62;20240717;50000;Chocolate Caliente;10-12;Caribe;3
6516;F;75;20230815;86000;Espresso Sencillo;14-16;Pacífica;3
6517;F;51;20211014;84000;Chocolate Blanco;10-12;Insular;4
6518;M;66;20221108;95000;Arequipe Latte;16-18;Orinoquía;5
6519;F;58;20240124;97000;Espresso Sencillo;20-22;Pacífica;1
6520;M;55;20210408;63000;Chocolate Caliente;16-18;Orinoquía;2
6521;M;72;20220109;55000;Mocha Blanco Latte;18-20;Insular;2
6522;M;54;20220112;32000;Cappuccino;16-18;Insular;2
6523;F;68;20230708;61000;Espresso Macchiato;12-14;Andina;3
6524;M;36;20240726;33000;Mocha Latte;20-22;Insular;2
6525;F;27;20230228;34000;Latte;20-22;Caribe;5
6526;M;58;20230810;63000;Latte;12-14;Pacífica;1
6527;F;53;20230910;82000;Americano;10-12;Insular;4
6528;;38;20231121;65400;Chocolate Blanco Helado;18-20;Andina;4
6529;M;36;20221119;38000;Cappuccino;20-22;Pacífica;2
6530;M;57;20231107;34000;Chocolate Blanco Helado;14-16;Pacífica;2
6531;M;23;20230314;54000;Caramel Macchiato;18-20;Pacífica;3
6532;F;67;20230827;51000;Caramel Macchiato;10-12;Insular;2
6533;M;42;20240515;64000;Espresso Sencillo;10-12;Caribe;4
6534;F;70;20231023;89000;Espresso Sencillo;10-12;Pacífica;1
6535;F;56;20221230;79000;Chocolate Blanco;18-20;Pacífica;3
6536;M;26;20190913;75000;Chocolate Helado;12-14;Pacífica;5
6537;M;50;20230505;90000;Latte;20-22;Orinoquía;1
6538;F;50;20230727;97000;Chocolate Blanco Helado;12-14;Caribe;3
6539;M;36;20230624;74000;Mocha Blanco Latte;18-20;Caribe;5
6540;;38;20220805;65400;Espresso Doble;16-18;Caribe;2
6541;;38;20221024;65400;Caramel Macchiato;14-16;Caribe;3
6542;M;75;20220628;85000;Mocha Blanco Latte;14-16;Caribe;1
6543;F;53;20220806;72000;Mocha Blanco Latte;12-14;Insular;1
6544;F;51;20240303;90000;Mocha Blanco Latte;10-12;Caribe;1
6545;M;64;20240701;73000;Espresso Sencillo;16-18;Insular;5
6546;F;52;20220928;96000;Caramel Macchiato;18-20;Pacífica;3
6547;F;45;20210826;50000;Flat White;14-16;Insular;3
6548;M;67;20240412;41000;Mocha Blanco Latte;20-22;Insular;5
6549;M;68;20240120;40000;Café del día;14-16;Andina;3
6550;F;62;20230929;99000;Café del día;18-20;Insular;2
6551;F;39;20230706;48000;Espresso Macchiato;18-20;Orinoquía;5
6552;M;67;20220407;59000;Chocolate Blanco Helado;16-18;Insular;3
6553;M;73;20230814;43000;Mocha Latte;16-18;Caribe;5
6554;M;84;20230602;82000;Chocolate Caliente;20-22;Caribe;1
6555;;38;20230606;65400;Espresso Macchiato;14-16;Andina;5
6556;M;54;20230824;66000;Flat White;20-22;Orinoquía;1
6557;F;99;20220702;75000;Arequipe Latte;14-16;Insular;5
6558;F;32;20191230;41000;Mocha Blanco Latte;14-16;Insular;1
6559;F;55;20220419;52000;Espresso Doble;18-20;Pacífica;3
6560;M;64;20211107;42000;Caramel Macchiato;18-20;Orinoquía;5
6561;M;59;20200725;61000;Cappuccino;14-16;Caribe;1
6562;M;59;20230302;71000;Mocha Latte;20-22;Pacífica;4
6563;M;56;20231119;57000;Espresso Macchiato;20-22;Caribe;2
6564;M;34;20240412;37000;Mocha Blanco Latte;20-22;Insular;2
6565;F;75;20240207;77000;Arequipe Latte;10-12;Orinoquía;2
6566;M;67;20230102;72000;Chocolate Caliente;10-12;Caribe;2
6567;M;64;20231118;42000;Mocha Blanco Latte;10-12;Caribe;1
6568;M;77;20200623;63000;Chocolate Blanco;14-16;Orinoquía;4
6569;M;29;20240610;71000;Chocolate Blanco;14-16;Orinoquía;4
6570;M;53;20240101;91000;Mocha Latte;16-18;Andina;2
6571;M;58;20240225;34000;Espresso Doble;18-20;Pacífica;5
6572;M;30;20220710;54000;Arequipe Latte;18-20;Pacífica;5
6573;M;66;20240421;46000;Caramel Macchiato;16-18;Orinoquía;3
6574;F;74;20221127;95000;Espresso Doble;12-14;Caribe;4
6575;F;44;20240501;56000;Mocha Latte;12-14;Andina;1
6576;F;89;20211119;76000;Cappuccino;16-18;Pacífica;2
6577;F;48;20230924;57000;Espresso Macchiato;12-14;Orinoquía;5
6578;M;60;20220611;30000;Americano;14-16;Andina;4
6579;F;67;20220306;103000;Chocolate Caliente;16-18;Andina;3
6580;F;66;20240723;71000;Americano;12-14;Orinoquía;3
6581;O;51;20230925;80000;Espresso Sencillo;20-22;Andina;2
6582;M;25;20240421;34000;Chocolate Helado;20-22;Caribe;5
6583;M;31;20240618;35000;Chocolate Caliente;14-16;Pacífica;3
6584;M;82;20211202;73000;Espresso Macchiato;20-22;Pacífica;1
6585;F;56;20230621;88000;Espresso Doble;14-16;Pacífica;3
6586;;38;20231104;65400;Mocha Latte;20-22;Insular;5
6587;M;45;20230412;96000;Cappuccino;20-22;Insular;4
6588;M;48;20231204;67000;Chocolate Caliente;12-14;Caribe;4
6589;F;50;20220705;93000;Espresso Sencillo;20-22;Orinoquía;5
6590;;38;20240501;65400;Mocha Blanco Latte;16-18;Caribe;2
6591;F;42;20240102;71000;Chocolate Helado;20-22;Insular;1
6592;F;59;20240724;85000;Mocha Blanco Latte;16-18;Andina;5
6593;;38;20230310;65400;Chocolate Blanco Helado;14-16;Andina;4
6594;M;64;20191211;49000;Chocolate Helado;20-22;Andina;4
6595;M;62;20230701;76000;Mocha Blanco Latte;18-20;Pacífica;5
6596;M;65;20211029;38000;Chocolate Helado;16-18;Pacífica;1
6597;F;58;20231014;73000;Chocolate Caliente;20-22;Orinoquía;2
6598;M;82;20231022;76000;Flat White;16-18;Andina;2
6599;M;57;20191009;86000;Chocolate Helado;12-14;Orinoquía;3
6600;M;26;20231009;56000;Espresso Macchiato;16-18;Andina;1
6601;M;41;20210528;65000;Chocolate Blanco Helado;14-16;Orinoquía;2
6602;F;38;20210810;50000;Chocolate Blanco Helado;14-16;Insular;5
6603;F;75;20211225;47000;Arequipe Latte;20-22;Pacífica;1
6604;F;68;20240712;57000;Espresso Sencillo;10-12;Insular;1
6605;F;19;20230603;73000;Espresso Doble;16-18;Orinoquía;4
6606;;38;20230808;65400;Espresso Doble;16-18;Andina;4
6607;M;66;20221130;44000;Chocolate Blanco Helado;12-14;Orinoquía;1
6608;F;46;20240322;93000;Café del día;18-20;Caribe;4
6609;M;40;20230511;50000;Caramel Macchiato;16-18;Orinoquía;1
6610;M;69;20230101;71000;Chocolate Blanco Helado;12-14;Caribe;3
6611;;38;20230529;65400;Flat White;10-12;Pacífica;3
6612;M;58;20220215;53000;Chocolate Helado;18-20;Insular;5
6613;M;59;20231026;35000;Mocha Blanco Latte;14-16;Orinoquía;4
6614;M;64;20231015;47000;Mocha Blanco Latte;16-18;Andina;2
6615;M;48;20240614;36000;Arequipe Latte;18-20;Orinoquía;3
6616;M;54;20230706;45000;Latte Macchiato;20-22;Pacífica;2
6617;M;74;20230113;96000;Café del día;14-16;Pacífica;2
6618;M;40;20230216;32000;Mocha Latte;16-18;Andina;4
6619;M;50;20240102;88000;Americano;12-14;Pacífica;4
6620;O;63;20240110;32000;Café del día;16-18;Orinoquía;4
6621;;38;20231008;65400;Flat White;10-12;Insular;4
6622;M;27;20230720;36000;Chocolate Blanco Helado;20-22;Andina;5
6623;;38;20240521;65400;Chocolate Caliente;18-20;Andina;5
6624;F;67;20240607;116000;Flat White;18-20;Andina;2
6625;M;29;20240612;50000;Latte;18-20;Insular;4
6626;F;63;20211015;57000;Espresso Doble;16-18;Pacífica;5
6627;M;52;20220906;97000;Caramel Macchiato;16-18;Caribe;4
6628;F;68;20231103;48000;Arequipe Latte;16-18;Insular;2
6629;F;52;20220120;80000;Chocolate Caliente;20-22;Orinoquía;2
6630;M;37;20221028;44000;Espresso Macchiato;10-12;Andina;1
6631;;38;20240508;65400;Chocolate Blanco;20-22;Pacífica;1
6632;F;49;20240618;43000;Café del día;14-16;Orinoquía;5
6633;F;36;20220191;61000;Cappuccino;14-16;Andina;2
6634;M;26;20231121;53000;Chocolate Blanco Helado;12-14;Insular;5
6635;M;61;20191001;57000;Latte;18-20;Andina;3
6636;;38;20211021;65400;Café del día;12-14;Orinoquía;1
6637;M;69;20220807;55000;Arequipe Latte;14-16;Andina;1
6638;F;74;20191129;85000;Cappuccino;18-20;Orinoquía;4
6639;F;79;20211002;61000;Mocha Blanco Latte;10-12;Pacífica;1
6640;F;42;20230823;59000;Chocolate Blanco;20-22;Orinoquía;3
6641;F;49;20240109;73000;Cappuccino;18-20;Pacífica;5
6642;M;37;20230319;70000;Chocolate Helado;20-22;Insular;5
6643;M;48;20240224;66000;Flat White;20-22;Pacífica;3
6644;F;51;20230530;108000;Espresso Doble;12-14;Pacífica;1
6645;;38;20230406;65400;Café del día;18-20;Andina;1
6646;;38;20230616;65400;Mocha Blanco Latte;16-18;Orinoquía;4
6647;M;43;20210417;41000;Cappuccino;14-16;Pacífica;5
6648;F;57;20220601;59000;Café del día;14-16;Insular;4
6649;M;59;20231104;36000;Chocolate Helado;18-20;Orinoquía;4
6650;M;94;20240606;80000;Chocolate Helado;18-20;Insular;1
6651;M;67;20230921;82000;Chocolate Blanco Helado;16-18;Pacífica;1
6652;F;70;20230319;36000;Chocolate Caliente;18-20;Orinoquía;4
6653;F;56;20240226;35000;Caramel Macchiato;16-18;Orinoquía;3
6654;F;91;20220310;88000;Chocolate Blanco;10-12;Andina;1
6655;F;72;20231123;106000;Espresso Sencillo;16-18;Insular;5
6656;M;76;20230202;70000;Mocha Blanco Latte;20-22;Caribe;5
6657;F;65;20220710;98000;Chocolate Blanco;12-14;Andina;2
6658;M;58;20230303;96000;Arequipe Latte;12-14;Insular;5
6659;M;45;20240425;93000;Mocha Latte;18-20;Insular;1
6660;F;81;20220207;110000;Espresso Doble;14-16;Andina;5
6661;M;58;20230707;76000;Americano;18-20;Andina;3
6662;F;39;20240227;45000;Chocolate Blanco Helado;14-16;Pacífica;1
6663;M;59;20201120;55000;Caramel Macchiato;14-16;Caribe;1
6664;M;60;20240325;70000;Mocha Blanco Latte;12-14;Insular;5
6665;M;60;20230729;74000;Caramel Macchiato;14-16;Caribe;4
6666;M;53;20220216;75000;Espresso Macchiato;16-18;Orinoquía;3
6667;M;78;20240218;52000;Café del día;20-22;Orinoquía;2
6668;F;37;20230525;60000;Flat White;12-14;Pacífica;1
6669;F;70;20220528;96000;Espresso Sencillo;14-16;Andina;3
6670;M;35;20240323;33000;Espresso Macchiato;10-12;Pacífica;5
6671;;38;20240410;65400;Espresso Sencillo;18-20;Pacífica;5
6672;F;52;20231223;78000;Mocha Latte;10-12;Insular;4
6673;F;57;20240208;31000;Mocha Blanco Latte;16-18;Pacífica;1
6674;M;31;20190915;58000;Espresso Doble;18-20;Andina;1
6675;M;53;20240306;68000;Latte Macchiato;12-14;Pacífica;4
6676;F;79;20230326;85000;Latte Macchiato;16-18;Orinoquía;2
6677;M;30;20230607;59000;Latte Macchiato;16-18;Andina;1
6678;M;41;20240710;86000;Caramel Macchiato;18-20;Pacífica;3
6679;F;54;20231009;109000;Latte Macchiato;20-22;Andina;3
6680;;38;20230730;65400;Mocha Latte;18-20;Pacífica;3
6681;F;68;20231231;64000;Espresso Doble;20-22;Caribe;1
6682;F;64;20230731;61000;Latte;12-14;Insular;2
6683;F;67;20240622;110000;Espresso Doble;10-12;Insular;4
6684;F;79;20230110;106000;Caramel Macchiato;10-12;Andina;2
6685;;38;20230731;65400;Espresso Doble;10-12;Insular;5
6686;M;39;20240324;73000;Cappuccino;18-20;Insular;3
6687;M;59;20240512;31000;Chocolate Helado;20-22;Andina;4
6688;;38;20220804;65400;Chocolate Caliente;16-18;Insular;2
6689;F;70;20210729;105000;Cappuccino;16-18;Andina;4
6690;F;92;20220725;57000;Cappuccino;14-16;Andina;3
6691;F;68;20230602;51000;Chocolate Blanco;10-12;Andina;2
6692;M;47;20230827;60000;Cappuccino;20-22;Caribe;3
6693;F;59;20230524;107000;Mocha Blanco Latte;18-20;Pacífica;3
6694;M;74;20231202;92000;Mocha Blanco Latte;10-12;Insular;3
6695;F;62;20220324;92000;Flat White;20-22;Pacífica;5
6696;M;27;20240504;47000;Chocolate Caliente;20-22;Orinoquía;5
6697;M;35;20230716;33000;Cappuccino;18-20;Insular;3
6698;F;58;20230107;83000;Latte Macchiato;18-20;Andina;4
6699;M;60;20230714;51000;Arequipe Latte;20-22;Andina;4
6700;F;56;20240616;46000;Espresso Macchiato;14-16;Orinoquía;2
6701;F;64;20210928;85000;Chocolate Blanco;16-18;Caribe;3
6702;M;67;20231028;39000;Cappuccino;10-12;Pacífica;1
6703;F;77;20231114;83000;Chocolate Blanco Helado;16-18;Insular;3
6704;F;53;20220829;51000;Espresso Sencillo;10-12;Orinoquía;5
6705;M;25;20200820;36000;Espresso Sencillo;12-14;Insular;3
6706;M;45;20240718;33000;Latte;14-16;Insular;1
6707;F;70;20231118;86000;Latte Macchiato;14-16;Orinoquía;3
6708;F;51;20220810;86000;Latte Macchiato;10-12;Insular;2
6709;M;55;20230819;31000;Espresso Doble;16-18;Orinoquía;4
6710;F;70;20221026;94000;Mocha Blanco Latte;12-14;Insular;3
6711;F;52;20240621;55000;Chocolate Blanco;12-14;Caribe;5
6712;F;57;20230213;78000;Americano;14-16;Orinoquía;4
6713;M;30;20240601;64000;Espresso Doble;10-12;Pacífica;4
6714;M;64;20240616;48000;Espresso Doble;10-12;Pacífica;3
6715;F;24;20220718;57000;Latte;18-20;Orinoquía;1
6716;F;51;20240707;88000;Arequipe Latte;20-22;Andina;3
6717;M;55;20230828;42000;Latte Macchiato;10-12;Orinoquía;4
6718;M;57;20231018;73000;Chocolate Helado;16-18;Insular;4
6719;M;50;20230524;92000;Chocolate Caliente;18-20;Pacífica;3
6720;O;80;20240623;50000;Arequipe Latte;18-20;Andina;5
6721;F;56;20231210;55000;Chocolate Helado;18-20;Insular;1
6722;F;65;20230815;44000;Chocolate Blanco;20-22;Pacífica;3
6723;;38;20210205;65400;Mocha Latte;20-22;Orinoquía;1
6724;F;33;20240602;40000;Espresso Macchiato;18-20;Pacífica;4
6725;F;88;20210903;95000;Arequipe Latte;16-18;Insular;1
6726;F;65;20230924;58000;Latte;10-12;Andina;5
6727;M;54;20231230;44000;Flat White;16-18;Pacífica;3
6728;M;60;20210620;69000;Arequipe Latte;10-12;Caribe;4
6729;M;51;20240320;34000;Cappuccino;10-12;Insular;2
6730;F;57;20231201;66000;Americano;16-18;Insular;3
6731;M;62;20230102;63000;Chocolate Blanco Helado;10-12;Caribe;4
6732;M;58;20220702;73000;Café del día;14-16;Orinoquía;2
6733;;38;20230508;65400;Cappuccino;14-16;Caribe;4
6734;F;40;20240124;74000;Mocha Latte;16-18;Pacífica;3
6735;F;83;20240513;67000;Mocha Blanco Latte;18-20;Caribe;1
6736;F;64;20220608;105000;Cappuccino;14-16;Andina;1
6737;F;54;20201120;48000;Chocolate Blanco Helado;16-18;Orinoquía;2
6738;F;90;20240502;84000;Latte;10-12;Insular;5
6739;F;68;20230706;87000;Chocolate Blanco;14-16;Orinoquía;3
6740;M;45;20231015;57000;Espresso Sencillo;10-12;Caribe;4
6741;;48;20240413;65400;Americano;18-20;Orinoquía;2
6742;F;73;20240301;65000;Chocolate Helado;10-12;Pacífica;3
6743;M;18;20240725;40000;Caramel Macchiato;20-22;Insular;4
6744;M;23;20240713;35000;Mocha Latte;20-22;Pacífica;4
6745;F;62;20211116;72000;Espresso Sencillo;12-14;Insular;5
6746;M;57;20230926;52000;Flat White;20-22;Caribe;2
6747;F;55;20240122;75000;Chocolate Blanco Helado;20-22;Caribe;4
6748;M;26;20221124;74000;Espresso Sencillo;16-18;Andina;3
6749;F;65;20231017;51000;Café del día;14-16;Orinoquía;1
6750;M;36;20230718;57000;Arequipe Latte;16-18;Caribe;5
6751;F;55;20220105;77000;Caramel Macchiato;12-14;Caribe;2
6752;M;38;20240614;43000;Chocolate Helado;10-12;Pacífica;4
6753;;48;20231112;65400;Caramel Macchiato;10-12;Andina;5
6754;;48;20230507;65400;Arequipe Latte;10-12;Caribe;2
6755;;48;20230906;65400;Flat White;14-16;Insular;1
6756;;48;20231117;65400;Espresso Doble;16-18;Insular;3
6757;M;72;20240101;56000;Chocolate Blanco;14-16;Pacífica;3
6758;M;67;20230731;31000;Caramel Macchiato;20-22;Orinoquía;3
6759;M;25;20240609;72000;Mocha Blanco Latte;12-14;Insular;2
6760;F;80;20230405;66000;Caramel Macchiato;14-16;Orinoquía;1
6761;F;45;20240621;55000;Chocolate Helado;14-16;Orinoquía;4
6762;M;32;20231015;58000;Chocolate Caliente;20-22;Caribe;4
6763;F;18;20240522;46000;Arequipe Latte;14-16;Caribe;5
6764;M;58;20211221;70000;Caramel Macchiato;12-14;Orinoquía;1
6765;M;61;20230824;66000;Café del día;10-12;Andina;5
6766;F;76;20220526;72000;Chocolate Blanco;14-16;Caribe;5
6767;F;67;20210902;54000;Mocha Latte;12-14;Pacífica;3
6768;;48;20230820;65400;Arequipe Latte;16-18;Pacífica;5
6769;F;45;20210831;87000;Chocolate Helado;10-12;Caribe;4
6770;M;32;20230726;32000;Chocolate Caliente;16-18;Pacífica;2
6771;M;44;20201222;38000;Café del día;16-18;Insular;5
6772;M;88;20220512;118000;Café del día;16-18;Pacífica;4
6773;M;70;20230819;67000;Cappuccino;12-14;Pacífica;4
6774;M;56;20231010;75000;Chocolate Helado;20-22;Caribe;1
6775;M;75;20231217;49000;Espresso Sencillo;18-20;Orinoquía;3
6776;;48;20220324;65400;Caramel Macchiato;10-12;Pacífica;5
6777;F;37;20230804;58000;Chocolate Blanco Helado;14-16;Andina;5
6778;M;71;20240125;39000;Chocolate Helado;18-20;Caribe;4
6779;M;46;20230905;56000;Latte;14-16;Andina;3
6780;M;73;20240207;36000;Chocolate Helado;18-20;Orinoquía;5
6781;M;42;20240724;53000;Chocolate Helado;18-20;Orinoquía;5
6782;M;34;20221223;57000;Mocha Latte;10-12;Insular;1
6783;M;73;20220817;63000;Latte;16-18;Orinoquía;4
6784;M;65;20230628;38000;Café del día;10-12;Insular;1
6785;M;41;20230820;79000;Espresso Sencillo;10-12;Caribe;5
6786;F;57;20200117;60000;Latte;14-16;Orinoquía;3
6787;;48;20220206;65400;Espresso Doble;16-18;Pacífica;2
6788;F;52;20220609;69000;Latte Macchiato;10-12;Orinoquía;1
6789;F;55;20220816;88000;Cappuccino;18-20;Pacífica;1
6790;M;25;20220906;46000;Espresso Sencillo;10-12;Andina;5
6791;F;67;20240724;76000;Americano;18-20;Orinoquía;4
6792;;48;20230824;65400;Arequipe Latte;14-16;Pacífica;2
6793;;48;20220911;65400;Espresso Doble;10-12;Caribe;4
6794;;48;20220323;65400;Latte;16-18;Caribe;5
6795;M;27;20200415;33000;Flat White;10-12;Andina;1
6796;;48;20231201;65400;Espresso Macchiato;20-22;Pacífica;1
6797;M;33;20210125;55000;Mocha Latte;10-12;Caribe;3
6798;M;66;20210902;44000;Mocha Blanco Latte;14-16;Caribe;4
6799;O;71;20220607;56000;Chocolate Caliente;16-18;Insular;5
6800;M;58;20220812;57000;Americano;20-22;Pacífica;5
6801;M;59;20231204;93000;Americano;20-22;Pacífica;3
6802;M;75;20231009;76000;Caramel Macchiato;14-16;Pacífica;4
6803;M;46;20220628;61000;Chocolate Blanco;12-14;Orinoquía;1
6804;M;28;20231206;67000;Espresso Macchiato;10-12;Orinoquía;2
6805;M;18;20240429;55000;Espresso Doble;18-20;Insular;2
6806;M;78;20220730;95000;Latte;12-14;Andina;3
6807;M;73;20220103;92000;Flat White;16-18;Caribe;4
6808;M;40;20191209;65000;Flat White;20-22;Caribe;5
6809;O;51;20191006;90000;Chocolate Blanco;14-16;Pacífica;3
6810;F;35;20220225;59000;Espresso Sencillo;10-12;Caribe;2
6811;M;59;20230529;58000;Arequipe Latte;10-12;Andina;5
6812;M;55;20230313;85000;Mocha Latte;20-22;Orinoquía;3
6813;F;73;20230910;114000;Chocolate Helado;16-18;Orinoquía;4
6814;M;55;20210427;46000;Chocolate Blanco Helado;16-18;Pacífica;2
6815;M;29;20240529;59000;Chocolate Caliente;16-18;Andina;1
6816;O;56;20230820;83000;Latte Macchiato;12-14;Andina;5
6817;F;69;20230308;70000;Cappuccino;10-12;Andina;3
6818;F;66;20220811;83000;Café del día;16-18;Orinoquía;2
6819;M;28;20210406;47000;Chocolate Caliente;20-22;Orinoquía;5
6820;;48;20230603;65400;Arequipe Latte;16-18;Pacífica;5
6821;F;94;20230508;73000;Flat White;16-18;Pacífica;5
6822;M;72;20231002;62000;Americano;20-22;Caribe;4
6823;M;19;20231001;33000;Flat White;16-18;Orinoquía;5
6824;M;64;20230910;57000;Latte;14-16;Orinoquía;2
6825;M;42;20230111;45000;Café del día;18-20;Andina;3
6826;;48;20210521;65400;Mocha Latte;10-12;Orinoquía;5
6827;M;37;20231214;30000;Caramel Macchiato;18-20;Orinoquía;1
6828;M;40;20231203;37000;Caramel Macchiato;18-20;Caribe;3
6829;M;21;20220511;39000;Cappuccino;12-14;Pacífica;3
6830;F;45;20220207;40000;Espresso Macchiato;10-12;Pacífica;3
6831;F;81;20211002;53000;Latte Macchiato;18-20;Caribe;5
6832;M;26;20230828;61000;Americano;14-16;Insular;1
6833;F;51;20230702;76000;Espresso Doble;12-14;Caribe;2
6834;M;60;20230729;64000;Cappuccino;16-18;Orinoquía;3
6835;M;29;20231115;49000;Espresso Macchiato;20-22;Insular;4
6836;F;76;20230811;53000;Latte;10-12;Caribe;5
6837;F;37;20210117;62000;Latte;10-12;Andina;2
6838;F;49;20231225;51000;Mocha Latte;20-22;Andina;5
6839;;48;20240713;65400;Caramel Macchiato;18-20;Caribe;3
6840;M;45;20230828;48000;Café del día;18-20;Andina;2
6841;M;60;20240619;35000;Chocolate Caliente;14-16;Caribe;2
6842;M;49;20240405;61000;Americano;14-16;Orinoquía;2
6843;F;57;20220422;93000;Café del día;20-22;Pacífica;2
6844;M;76;20200304;70000;Chocolate Blanco Helado;18-20;Insular;5
6845;M;52;20221009;72000;Arequipe Latte;16-18;Caribe;5
6846;M;25;20190813;62000;Americano;20-22;Andina;1
6847;F;98;20220726;91000;Mocha Latte;10-12;Caribe;1
6848;M;24;20231004;50000;Flat White;10-12;Andina;5
6849;M;26;20230731;67000;Espresso Macchiato;10-12;Andina;1
6850;;48;20230228;65400;Chocolate Blanco;12-14;Andina;4
6851;M;19;20240210;31000;Mocha Blanco Latte;14-16;Andina;5
6852;;48;20231107;65400;Americano;16-18;Andina;3
6853;M;58;20230708;89000;Chocolate Caliente;16-18;Caribe;2
6854;;48;20230901;65400;Caramel Macchiato;18-20;Caribe;1
6855;;48;20240228;65400;Mocha Latte;18-20;Andina;3
6856;M;61;20230220;79000;Chocolate Blanco Helado;14-16;Caribe;2
6857;M;32;20231123;59000;Latte;14-16;Pacífica;1
6858;F;45;20240706;89000;Mocha Blanco Latte;10-12;Insular;5
6859;;48;20211030;65400;Chocolate Blanco;16-18;Orinoquía;1
6860;F;79;20220229;57000;Café del día;16-18;Insular;5
6861;F;76;20240502;65000;Espresso Macchiato;20-22;Insular;2
6862;F;58;20221207;57000;Chocolate Blanco Helado;16-18;Pacífica;3
6863;M;74;20240303;66000;Mocha Latte;10-12;Andina;3
6864;M;66;20230921;75000;Chocolate Blanco Helado;18-20;Pacífica;2
6865;F;26;20231010;37000;Latte;18-20;Insular;1
6866;M;74;20220427;71000;Chocolate Helado;14-16;Caribe;3
6867;F;61;20210714;58000;Mocha Latte;18-20;Pacífica;1
6868;F;54;20240425;78000;Café del día;10-12;Caribe;2
6869;F;76;20230924;85000;Chocolate Blanco;10-12;Pacífica;1
6870;M;58;20230919;38000;Mocha Blanco Latte;16-18;Caribe;1
6871;;48;20240427;65400;Americano;10-12;Orinoquía;4
6872;M;87;20220905;42000;Café del día;18-20;Pacífica;5
6873;F;84;20230915;112000;Espresso Macchiato;10-12;Insular;1
6874;F;71;20220626;88000;Chocolate Caliente;16-18;Orinoquía;1
6875;F;74;20230413;72000;Espresso Macchiato;16-18;Pacífica;2
6876;M;37;20220731;62000;Flat White;16-18;Insular;2
6877;M;76;20230826;42000;Flat White;18-20;Caribe;1
6878;F;62;20220530;111000;Chocolate Blanco;16-18;Orinoquía;1
6879;F;56;20221031;81000;Flat White;16-18;Insular;5
6880;;48;20230822;65400;Mocha Latte;10-12;Orinoquía;2
6881;M;47;20231005;34000;Latte;18-20;Andina;2
6882;M;76;20231121;60000;Café del día;16-18;Orinoquía;1
6883;F;87;20231130;97000;Arequipe Latte;14-16;Andina;5
6884;M;76;20230802;43000;Latte;14-16;Andina;4
6885;M;70;20220114;53000;Caramel Macchiato;20-22;Caribe;3
6886;M;28;20230703;35000;Chocolate Blanco Helado;12-14;Caribe;4
6887;M;57;20221008;74000;Chocolate Blanco Helado;14-16;Caribe;5
6888;M;77;20230317;61000;Latte;12-14;Insular;3
6889;M;58;20240507;34000;Espresso Doble;18-20;Pacífica;4
6890;M;94;20230726;95000;Espresso Macchiato;18-20;Pacífica;3
6891;F;34;20230214;44000;Espresso Doble;16-18;Caribe;3
6892;F;23;20231129;54000;Mocha Latte;12-14;Pacífica;1
6893;F;89;20231016;38000;Espresso Doble;10-12;Pacífica;1
6894;M;44;20230811;54000;Espresso Sencillo;14-16;Caribe;5
6895;F;58;20211210;88000;Arequipe Latte;18-20;Pacífica;2
6896;M;64;20240218;50000;Arequipe Latte;18-20;Caribe;4
6897;M;54;20240308;70000;Latte Macchiato;14-16;Orinoquía;2
6898;M;33;20220123;74000;Chocolate Blanco;16-18;Insular;1
6899;M;58;20230408;50000;Arequipe Latte;12-14;Orinoquía;1
6900;M;25;20240425;36000;Latte Macchiato;16-18;Caribe;4
6901;M;29;20211006;32000;Chocolate Helado;20-22;Orinoquía;2
6902;F;100;20231231;71000;Espresso Sencillo;18-20;Caribe;1
6903;M;21;20231103;44000;Espresso Macchiato;10-12;Andina;2
6904;M;54;20240207;56000;Latte Macchiato;16-18;Pacífica;5
6905;F;45;20230823;40000;Latte;12-14;Andina;1
6906;F;23;20190906;52000;Chocolate Caliente;20-22;Andina;1
6907;F;58;20240721;47000;Mocha Latte;16-18;Insular;2
6908;M;60;20221015;97000;Latte;12-14;Caribe;3
6909;;48;20230802;65400;Americano;18-20;Caribe;5
6910;F;64;20220511;43000;Chocolate Caliente;18-20;Insular;3
6911;F;46;20230206;49000;Mocha Blanco Latte;10-12;Caribe;1
6912;F;58;20211210;82000;Latte Macchiato;20-22;Orinoquía;4
6913;M;31;20231124;51000;Arequipe Latte;20-22;Orinoquía;2
6914;F;73;20240205;31000;Café del día;18-20;Insular;3
6915;M;47;20230523;77000;Latte;20-22;Insular;1
6916;M;60;20221024;32000;Mocha Latte;18-20;Orinoquía;1
6917;F;69;20231128;70000;Chocolate Caliente;10-12;Insular;5
6918;F;53;20220203;110000;Cappuccino;10-12;Caribe;5
6919;F;19;20220191;53000;Latte;18-20;Caribe;2
6920;M;61;20240226;48000;Arequipe Latte;16-18;Pacífica;5
6921;M;59;20230306;83000;Espresso Doble;16-18;Pacífica;4
6922;F;57;20231121;50000;Arequipe Latte;16-18;Insular;3
6923;F;50;20220919;76000;Chocolate Blanco;20-22;Orinoquía;1
6924;;48;20220113;65400;Flat White;14-16;Orinoquía;2
6925;F;64;20230914;97000;Mocha Blanco Latte;12-14;Insular;2
6926;M;47;20240320;62000;Chocolate Blanco Helado;10-12;Andina;2
6927;F;70;20220425;93000;Café del día;12-14;Insular;5
6928;M;49;20211015;47000;Cappuccino;12-14;Orinoquía;2
6929;F;71;20230821;37000;Latte;12-14;Andina;2
6930;F;67;20230608;75000;Espresso Doble;20-22;Caribe;4
6931;F;74;20220815;80000;Arequipe Latte;16-18;Pacífica;5
6932;M;29;20240125;67000;Espresso Macchiato;18-20;Insular;4
6933;F;67;20231208;74000;Café del día;14-16;Caribe;1
6934;F;66;20240115;62000;Arequipe Latte;18-20;Insular;2
6935;M;57;20211023;52000;Latte Macchiato;16-18;Orinoquía;5
6936;M;43;20240430;89000;Chocolate Caliente;14-16;Caribe;4
6937;F;69;20240212;84000;Café del día;10-12;Andina;5
6938;M;60;20221204;38000;Espresso Sencillo;16-18;Pacífica;2
6939;M;67;20190828;63000;Caramel Macchiato;20-22;Pacífica;1
6940;M;74;20240428;65000;Latte;18-20;Andina;2
6941;M;67;20240510;65000;Chocolate Helado;10-12;Andina;1
6942;M;80;20240417;72000;Arequipe Latte;20-22;Insular;4
6943;F;79;20211228;101000;Flat White;10-12;Andina;5
6944;M;66;20230315;83000;Chocolate Blanco Helado;16-18;Pacífica;1
6945;M;23;20231227;66000;Café del día;10-12;Andina;3
6946;F;37;20211122;89000;Chocolate Blanco Helado;12-14;Orinoquía;3
6947;M;44;20240210;65000;Caramel Macchiato;18-20;Caribe;1
6948;;48;20231130;65400;Chocolate Blanco Helado;16-18;Orinoquía;2
6949;F;89;20231013;103000;Mocha Latte;14-16;Insular;4
6950;M;63;20210530;66000;Espresso Macchiato;12-14;Orinoquía;1
6951;;48;20220210;65400;Chocolate Blanco;14-16;Andina;3
6952;F;43;20230814;73000;Latte;12-14;Caribe;1
6953;M;75;20220717;54000;Chocolate Helado;16-18;Insular;1
6954;;48;20240120;65400;Chocolate Helado;10-12;Pacífica;2
6955;;48;20220904;65400;Latte;18-20;Orinoquía;3
6956;F;54;20230916;66000;Chocolate Caliente;18-20;Insular;1
6957;M;41;20240309;60000;Espresso Doble;12-14;Andina;1
6958;M;71;20230107;56000;Flat White;16-18;Andina;4
6959;F;50;20220127;59000;Chocolate Helado;14-16;Caribe;3
6960;F;60;20230117;45000;Café del día;12-14;Orinoquía;3
6961;M;66;20220721;71000;Latte Macchiato;16-18;Caribe;3
6962;F;47;20231120;53000;Chocolate Helado;18-20;Insular;1
6963;M;75;20231013;47000;Café del día;20-22;Pacífica;2
6964;F;28;20240126;46000;Café del día;12-14;Insular;5
6965;F;41;20231001;87000;Arequipe Latte;12-14;Andina;1
6966;F;45;20210227;35000;Cappuccino;18-20;Pacífica;2
6967;;48;20230919;65400;Espresso Macchiato;12-14;Andina;5
6968;M;36;20230927;61000;Cappuccino;12-14;Pacífica;5
6969;M;83;20230927;32000;Latte Macchiato;12-14;Orinoquía;1
6970;F;74;20221217;75000;Espresso Sencillo;18-20;Pacífica;5
6971;;48;20210911;65400;Latte;10-12;Andina;4
6972;M;56;20240706;96000;Latte;16-18;Insular;3
6973;F;36;20231001;73000;Latte;14-16;Andina;5
6974;F;85;20220115;81000;Cappuccino;12-14;Caribe;3
6975;F;75;20240608;88000;Espresso Macchiato;18-20;Andina;5
6976;F;69;20231116;74000;Espresso Sencillo;18-20;Insular;2
6977;F;73;20231220;43000;Chocolate Blanco Helado;14-16;Andina;5
6978;F;44;20240329;83000;Latte;10-12;Insular;4
6979;M;70;20210728;34000;Chocolate Caliente;20-22;Insular;4
6980;M;53;20230929;116000;Caramel Macchiato;14-16;Andina;3
6981;F;77;20230902;34000;Cappuccino;16-18;Caribe;1
6982;M;42;20240507;54000;Flat White;18-20;Insular;3
6983;M;76;20231015;66000;Latte;10-12;Orinoquía;2
6984;M;71;20221122;57000;Caramel Macchiato;18-20;Pacífica;1
6985;M;18;20210812;49000;Latte Macchiato;14-16;Caribe;2
6986;F;69;20210928;118000;Chocolate Caliente;14-16;Insular;1
6987;F;53;20220531;117000;Americano;16-18;Insular;4
6988;M;75;20240223;42000;Chocolate Blanco Helado;18-20;Orinoquía;5
6989;M;22;20230807;68000;Chocolate Blanco;18-20;Insular;2
6990;F;25;20231020;46000;Chocolate Blanco Helado;18-20;Pacífica;2
6991;M;57;20221125;71000;Latte;12-14;Caribe;2
6992;;48;20221027;65400;Latte;10-12;Orinoquía;1
6993;M;52;20230722;73000;Espresso Doble;14-16;Caribe;4
6994;M;68;20221226;78000;Mocha Blanco Latte;18-20;Pacífica;4
6995;F;71;20230531;105000;Latte Macchiato;16-18;Orinoquía;5
6996;M;73;20210912;55000;Chocolate Helado;20-22;Andina;1
6997;M;72;20231122;62000;Chocolate Blanco Helado;18-20;Caribe;4
6998;M;36;20240131;55000;Espresso Macchiato;20-22;Pacífica;5
6999;M;23;20230907;40000;Chocolate Helado;12-14;Orinoquía;1
7000;M;46;20200118;68000;Chocolate Helado;14-16;Andina;1
7001;F;57;20240718;70000;Chocolate Blanco Helado;20-22;Insular;3
7002;F;55;20231024;98000;Cappuccino;16-18;Insular;4
7003;F;38;20220624;55000;Espresso Doble;12-14;Pacífica;4
7004;F;64;20220427;107000;Flat White;12-14;Orinoquía;5
7005;F;39;20240303;36000;Caramel Macchiato;18-20;Pacífica;4
7006;F;18;20211025;43000;Americano;12-14;Caribe;2
7007;M;26;20220406;32000;Latte Macchiato;18-20;Orinoquía;4
7008;M;26;20221113;45000;Cappuccino;20-22;Insular;5
7009;;48;20231023;65400;Chocolate Caliente;20-22;Andina;1
7010;M;58;20211125;114000;Arequipe Latte;18-20;Caribe;5
7011;M;62;20210225;83000;Mocha Blanco Latte;14-16;Andina;1
7012;F;46;20220712;69000;Cappuccino;14-16;Insular;5
7013;F;48;20230310;47000;Chocolate Blanco Helado;20-22;Pacífica;3
7014;F;78;20230614;96000;Chocolate Caliente;12-14;Insular;1
7015;;48;20230624;65400;Chocolate Blanco;20-22;Caribe;1
7016;M;60;20230206;57000;Cappuccino;12-14;Pacífica;4
7017;M;48;20210828;74000;Chocolate Helado;12-14;Andina;3
7018;M;30;20201203;31000;Mocha Latte;10-12;Andina;5
7019;M;70;20211218;50000;Cappuccino;18-20;Orinoquía;3
7020;M;67;20230921;56000;Arequipe Latte;16-18;Orinoquía;5
7021;F;69;20230209;99000;Flat White;14-16;Insular;4
7022;M;41;20221002;48000;Latte Macchiato;16-18;Andina;4
7023;M;71;20230819;89000;Latte;12-14;Caribe;2
7024;F;80;20240420;85000;Americano;20-22;Pacífica;2
7025;M;47;20240612;33000;Espresso Doble;14-16;Orinoquía;4
7026;M;54;20230810;46000;Latte;12-14;Orinoquía;2
7027;M;61;20201218;51000;Chocolate Helado;18-20;Andina;5
7028;M;77;20231005;33000;Latte;18-20;Caribe;3
7029;M;23;20231026;44000;Flat White;14-16;Andina;2
7030;;48;20220513;65400;Espresso Macchiato;12-14;Caribe;5
7031;F;64;20231210;35000;Espresso Macchiato;10-12;Orinoquía;5
7032;M;60;20240206;58000;Chocolate Helado;12-14;Pacífica;2
7033;M;82;20221022;65000;Caramel Macchiato;18-20;Caribe;4
7034;M;52;20220328;38000;Chocolate Helado;18-20;Pacífica;2
7035;M;34;20200119;59000;Flat White;14-16;Andina;3
7036;;48;20220804;65400;Espresso Doble;14-16;Caribe;5
7037;M;72;20230217;32000;Arequipe Latte;12-14;Andina;3
7038;M;52;20221231;62000;Café del día;12-14;Caribe;2
7039;M;66;20240328;61000;Cappuccino;10-12;Pacífica;2
7040;F;64;20240407;84000;Chocolate Helado;20-22;Caribe;1
7041;F;47;20231017;40000;Espresso Sencillo;10-12;Andina;2
7042;;48;20240219;65400;Mocha Latte;20-22;Caribe;1
7043;M;61;20230821;52000;Latte;14-16;Caribe;2
7044;;48;20230318;65400;Arequipe Latte;16-18;Insular;5
7045;F;65;20230603;72000;Latte Macchiato;20-22;Andina;4
7046;M;37;20200609;63000;Americano;20-22;Orinoquía;1
7047;F;62;20231001;92000;Espresso Sencillo;16-18;Orinoquía;3
7048;M;32;20231208;58000;Espresso Sencillo;10-12;Pacífica;1
7049;M;60;20230805;99000;Mocha Latte;16-18;Andina;4
7050;F;72;20240715;101000;Americano;14-16;Orinoquía;2
7051;M;58;20240426;33000;Café del día;18-20;Andina;3
7052;O;39;20240527;70000;Chocolate Helado;10-12;Insular;4
7053;F;64;20211005;115000;Mocha Latte;10-12;Caribe;4
7054;F;53;20230117;93000;Chocolate Blanco Helado;16-18;Andina;2
7055;M;42;20240613;65000;Espresso Macchiato;14-16;Caribe;3
7056;F;34;20230926;48000;Café del día;18-20;Orinoquía;3
7057;F;45;20230806;52000;Chocolate Blanco;10-12;Insular;5
7058;F;82;20231020;50000;Flat White;16-18;Pacífica;3
7059;F;41;20240722;59000;Flat White;18-20;Insular;5
7060;F;73;20230717;84000;Chocolate Helado;10-12;Orinoquía;3
7061;;48;20230413;65400;Cappuccino;16-18;Orinoquía;1
7062;M;36;20200122;40000;Latte;16-18;Pacífica;5
7063;F;31;20240508;45000;Espresso Doble;10-12;Insular;3
7064;M;45;20220930;91000;Caramel Macchiato;12-14;Insular;2
7065;M;54;20231021;60000;Mocha Blanco Latte;20-22;Caribe;1
7066;F;58;20200125;56000;Espresso Doble;14-16;Caribe;4
7067;M;31;20210805;41000;Espresso Sencillo;10-12;Orinoquía;2
7068;M;31;20210827;36000;Chocolate Caliente;12-14;Pacífica;1
7069;M;57;20230803;47000;Arequipe Latte;10-12;Caribe;3
7070;M;35;20220317;53000;Latte;10-12;Insular;1
7071;M;38;20240713;51000;Chocolate Helado;12-14;Orinoquía;1
7072;M;56;20220712;34000;Espresso Doble;18-20;Pacífica;1
7073;M;58;20221116;78000;Caramel Macchiato;18-20;Andina;4
7074;M;41;20230724;31000;Chocolate Helado;16-18;Andina;2
7075;F;87;20230404;76000;Chocolate Helado;16-18;Pacífica;2
7076;M;51;20230629;45000;Café del día;14-16;Caribe;3
7077;F;54;20220402;85000;Americano;18-20;Orinoquía;2
7078;M;38;20230224;52000;Chocolate Blanco;16-18;Andina;1
7079;M;57;20240604;80000;Chocolate Helado;20-22;Caribe;5
7080;F;45;20231019;80000;Espresso Macchiato;14-16;Caribe;3
7081;F;34;20240717;42000;Caramel Macchiato;16-18;Insular;3
7082;F;74;20220308;115000;Mocha Latte;18-20;Pacífica;2
7083;;48;20220610;65400;Mocha Blanco Latte;16-18;Insular;4
7084;F;20;20230128;71000;Chocolate Caliente;18-20;Insular;5
7085;M;45;20230424;82000;Caramel Macchiato;10-12;Insular;5
7086;F;73;20220115;109000;Cappuccino;10-12;Andina;1
7087;M;18;20240125;66000;Arequipe Latte;12-14;Orinoquía;2
7088;M;54;20240407;37000;Flat White;10-12;Caribe;5
7089;F;41;20231209;70000;Latte Macchiato;14-16;Andina;4
7090;M;30;20240219;64000;Mocha Latte;12-14;Caribe;2
7091;M;57;20230708;60000;Espresso Doble;16-18;Orinoquía;4
7092;M;48;20230409;75000;Chocolate Helado;14-16;Andina;5
7093;F;63;20230818;115000;Espresso Sencillo;18-20;Andina;2
7094;F;60;20230508;104000;Flat White;10-12;Andina;1
7095;M;62;20230616;51000;Espresso Macchiato;16-18;Insular;5
7096;M;36;20231228;41000;Americano;18-20;Orinoquía;2
7097;;48;20230526;65400;Chocolate Helado;18-20;Insular;3
7098;M;68;20191128;53000;Mocha Blanco Latte;12-14;Orinoquía;2
7099;M;43;20231016;41000;Espresso Macchiato;20-22;Andina;5
7100;F;27;20220610;45000;Espresso Macchiato;14-16;Orinoquía;5
7101;F;56;20220703;94000;Mocha Blanco Latte;12-14;Caribe;1
7102;;48;20230521;65400;Caramel Macchiato;14-16;Andina;2
7103;M;38;20211016;67000;Cappuccino;16-18;Pacífica;2
7104;M;58;20230701;52000;Mocha Latte;20-22;Orinoquía;2
7105;F;74;20230914;63000;Espresso Doble;10-12;Insular;1
7106;M;69;20230809;78000;Chocolate Caliente;12-14;Caribe;5
7107;F;72;20240329;78000;Chocolate Blanco;20-22;Andina;3
7108;F;53;20240430;96000;Espresso Sencillo;12-14;Insular;5
7109;M;43;20230329;53000;Cappuccino;14-16;Pacífica;2
7110;M;60;20230924;99000;Mocha Blanco Latte;20-22;Caribe;3
7111;M;54;20200625;96000;Arequipe Latte;16-18;Pacífica;1
7112;M;65;20211217;80000;Espresso Doble;16-18;Orinoquía;5
7113;;48;20240113;65400;Latte Macchiato;10-12;Pacífica;4
7114;F;47;20230927;62000;Mocha Latte;14-16;Andina;3
7115;M;91;20231025;53000;Espresso Sencillo;16-18;Andina;2
7116;M;77;20240705;38000;Chocolate Blanco;20-22;Andina;1
7117;M;77;20240715;58000;Arequipe Latte;10-12;Andina;2
7118;F;71;20220107;104000;Mocha Blanco Latte;12-14;Orinoquía;2
7119;M;19;20231201;39000;Espresso Doble;18-20;Orinoquía;3
7120;M;54;20230905;65000;Flat White;18-20;Insular;4
7121;M;37;20240704;39000;Mocha Blanco Latte;20-22;Andina;5
7122;M;53;20230514;98000;Mocha Latte;14-16;Caribe;5
7123;F;35;20230110;60000;Chocolate Caliente;14-16;Pacífica;3
7124;M;28;20240301;36000;Mocha Latte;16-18;Pacífica;2
7125;F;65;20210802;85000;Espresso Doble;14-16;Pacífica;5
7126;F;63;20240426;88000;Chocolate Caliente;10-12;Pacífica;4
7127;F;58;20220621;84000;Chocolate Blanco Helado;18-20;Pacífica;2
7128;F;43;20230227;35000;Espresso Sencillo;18-20;Caribe;3
7129;F;100;20231126;47000;Caramel Macchiato;16-18;Orinoquía;5
7130;;48;20220718;65400;Chocolate Caliente;20-22;Pacífica;2
7131;M;30;20231024;37000;Chocolate Helado;20-22;Orinoquía;5
7132;M;43;20240106;72000;Mocha Latte;10-12;Andina;1
7133;;48;20220212;65400;Chocolate Blanco Helado;12-14;Insular;1
7134;M;50;20230627;104000;Espresso Sencillo;20-22;Orinoquía;2
7135;F;69;20220818;93000;Latte;16-18;Orinoquía;2
7136;M;60;20220914;56000;Espresso Macchiato;14-16;Orinoquía;2
7137;F;79;20220604;70000;Chocolate Blanco Helado;16-18;Andina;2
7138;F;43;20231025;64000;Caramel Macchiato;16-18;Orinoquía;3
7139;F;55;20210804;71000;Latte;18-20;Pacífica;2
7140;M;24;20240508;51000;Americano;18-20;Insular;1
7141;F;44;20230908;37000;Chocolate Blanco;18-20;Caribe;2
7142;F;88;20230607;54000;Espresso Macchiato;18-20;Caribe;1
7143;F;77;20230424;66000;Latte;12-14;Orinoquía;2
7144;M;44;20210821;75000;Chocolate Helado;16-18;Insular;3
7145;M;51;20220524;30000;Café del día;14-16;Insular;1
7146;F;56;20230726;83000;Chocolate Caliente;14-16;Andina;1
7147;M;37;20240612;52000;Latte;10-12;Andina;1
7148;M;68;20201107;54000;Café del día;16-18;Pacífica;1
7149;M;60;20240131;48000;Mocha Blanco Latte;20-22;Caribe;4
7150;M;56;20230904;109000;Mocha Blanco Latte;12-14;Orinoquía;2
7151;M;49;20230828;31000;Espresso Sencillo;12-14;Andina;3
7152;F;57;20240715;107000;Arequipe Latte;14-16;Orinoquía;4
7153;F;84;20230104;87000;Espresso Macchiato;20-22;Caribe;3
7154;M;52;20221217;76000;Chocolate Blanco Helado;14-16;Caribe;3
7155;F;75;20231116;63000;Espresso Doble;18-20;Orinoquía;5
7156;M;47;20231209;83000;Latte Macchiato;12-14;Caribe;3
7157;F;50;20231225;88000;Caramel Macchiato;14-16;Caribe;3
7158;M;42;20220418;48000;Cappuccino;10-12;Caribe;2
7159;F;48;20230910;54000;Americano;14-16;Pacífica;1
7160;M;84;20240214;75000;Mocha Blanco Latte;20-22;Caribe;5
7161;M;48;20210808;60000;Arequipe Latte;14-16;Caribe;1
7162;M;58;20220804;114000;Caramel Macchiato;18-20;Pacífica;1
7163;F;70;20220218;99000;Espresso Doble;18-20;Andina;5
7164;O;28;20230928;46000;Latte Macchiato;10-12;Caribe;5
7165;;48;20231121;65400;Chocolate Helado;20-22;Insular;3
7166;;48;20220917;65400;Mocha Latte;12-14;Insular;1
7167;M;22;20240616;64000;Chocolate Blanco Helado;12-14;Orinoquía;2
7168;F;24;20211016;31000;Chocolate Blanco Helado;18-20;Orinoquía;5
7169;F;26;20230826;48000;Chocolate Caliente;10-12;Andina;1
7170;M;81;20231003;89000;Arequipe Latte;12-14;Caribe;5
7171;M;46;20231015;67000;Flat White;10-12;Pacífica;2
7172;M;69;20200429;67000;Mocha Latte;16-18;Caribe;1
7173;M;49;20220308;89000;Chocolate Blanco Helado;14-16;Andina;4
7174;F;22;20231221;39000;Espresso Sencillo;12-14;Orinoquía;5
7175;F;59;20240724;86000;Cappuccino;14-16;Andina;4
7176;M;37;20230510;66000;Espresso Macchiato;16-18;Caribe;5
7177;M;51;20210905;59000;Chocolate Helado;10-12;Orinoquía;5
7178;F;62;20211117;64000;Chocolate Caliente;12-14;Insular;5
7179;M;62;20231231;36000;Latte;18-20;Caribe;2
7180;F;53;20210728;113000;Flat White;10-12;Insular;3
7181;;48;20230705;65400;Espresso Sencillo;20-22;Insular;1
7182;F;36;20240117;47000;Café del día;14-16;Andina;2
7183;M;58;20200703;32000;Chocolate Helado;12-14;Andina;4
7184;F;70;20240706;91000;Café del día;20-22;Orinoquía;5
7185;M;71;20240117;63000;Mocha Latte;16-18;Caribe;2
7186;M;51;20210405;36000;Latte Macchiato;14-16;Orinoquía;5
7187;M;49;20220901;114000;Chocolate Helado;20-22;Andina;1
7188;M;49;20220629;42000;Americano;20-22;Insular;5
7189;M;32;20240501;65000;Espresso Sencillo;14-16;Insular;5
7190;;48;20210908;65400;Flat White;18-20;Orinoquía;5
7191;M;50;20230615;73000;Chocolate Blanco;12-14;Caribe;5
7192;M;34;20230825;50000;Flat White;16-18;Andina;4
7193;M;51;20200713;68000;Caramel Macchiato;20-22;Insular;2
7194;M;32;20210520;72000;Mocha Blanco Latte;20-22;Caribe;2
7195;F;61;20230805;61000;Chocolate Blanco Helado;14-16;Insular;3
7196;F;56;20210830;52000;Espresso Doble;20-22;Pacífica;2
7197;F;74;20230213;51000;Chocolate Blanco Helado;12-14;Pacífica;4
7198;M;45;20240717;64000;Caramel Macchiato;18-20;Insular;5
7199;M;59;20230914;103000;Espresso Doble;18-20;Caribe;5
7200;F;75;20210906;118000;Espresso Sencillo;16-18;Insular;4
7201;M;39;20200625;68000;Caramel Macchiato;12-14;Andina;4
7202;F;55;20240207;75000;Latte;16-18;Insular;2
7203;;48;20231002;65400;Flat White;10-12;Andina;3
7204;;48;20240719;65400;Cappuccino;16-18;Caribe;3
7205;M;51;20231010;62000;Latte;10-12;Pacífica;1
7206;F;83;20211229;43000;Café del día;18-20;Pacífica;1
7207;M;60;20220704;50000;Arequipe Latte;16-18;Andina;4
7208;F;51;20230823;50000;Mocha Blanco Latte;20-22;Caribe;5
7209;M;32;20230806;30000;Mocha Latte;10-12;Orinoquía;1
7210;M;57;20230531;79000;Chocolate Helado;12-14;Andina;4
7211;;48;20211221;65400;Chocolate Blanco;16-18;Caribe;4
7212;M;19;20220706;35000;Cappuccino;14-16;Insular;2
7213;M;58;20221002;52000;Flat White;14-16;Caribe;4
7214;;48;20230901;65400;Arequipe Latte;10-12;Orinoquía;3
7215;M;52;20240522;67000;Chocolate Blanco;20-22;Pacífica;1
7216;M;82;20200525;54000;Mocha Blanco Latte;12-14;Insular;5
7217;M;32;20231011;45000;Chocolate Caliente;18-20;Pacífica;1
7218;M;88;20230812;37000;Flat White;18-20;Insular;4
7219;M;41;20240622;92000;Latte;14-16;Andina;5
7220;M;57;20230319;119000;Latte;10-12;Pacífica;5
7221;F;78;20230418;83000;Chocolate Caliente;16-18;Caribe;5
7222;M;21;20231224;37000;Latte Macchiato;16-18;Orinoquía;4
7223;M;64;20231112;73000;Chocolate Helado;10-12;Orinoquía;1
7224;F;62;20230809;88000;Chocolate Caliente;12-14;Andina;3
7225;M;25;20220412;31000;Latte Macchiato;20-22;Orinoquía;2
7226;;48;20230110;65400;Espresso Sencillo;18-20;Andina;3
7227;F;59;20231123;91000;Americano;10-12;Caribe;2
7228;F;67;20220620;58000;Café del día;20-22;Pacífica;5
7229;M;23;20240321;35000;Chocolate Blanco Helado;10-12;Insular;4
7230;F;76;20231010;101000;Caramel Macchiato;14-16;Insular;4
7231;M;63;20240416;34000;Caramel Macchiato;12-14;Insular;1
7232;F;52;20221229;75000;Latte Macchiato;16-18;Pacífica;3
7233;M;52;20231005;94000;Caramel Macchiato;14-16;Caribe;2
7234;F;51;20230919;71000;Espresso Macchiato;14-16;Caribe;5
7235;F;54;20221031;84000;Espresso Doble;12-14;Caribe;2
7236;;48;20231011;65400;Caramel Macchiato;18-20;Insular;5
7237;M;66;20230903;36000;Cappuccino;18-20;Pacífica;1
7238;F;24;20240709;46000;Espresso Macchiato;20-22;Andina;1
7239;F;77;20230306;113000;Mocha Latte;16-18;Andina;2
7240;M;88;20231219;33000;Flat White;18-20;Pacífica;5
7241;F;51;20230815;78000;Americano;14-16;Pacífica;1
7242;M;45;20200513;54000;Café del día;10-12;Andina;5
7243;F;55;20230728;108000;Café del día;20-22;Caribe;4
7244;F;59;20240421;51000;Chocolate Helado;14-16;Orinoquía;3
7245;M;80;20210809;75000;Latte;14-16;Caribe;1
7246;M;91;20230827;62000;Chocolate Helado;20-22;Insular;1
7247;F;26;20220318;49000;Espresso Macchiato;10-12;Pacífica;5
7248;M;63;20240130;32000;Espresso Doble;10-12;Caribe;5
7249;F;82;20240516;92000;Chocolate Blanco Helado;14-16;Andina;1
7250;M;70;20200918;80000;Chocolate Caliente;16-18;Andina;1
7251;M;68;20221229;58000;Arequipe Latte;18-20;Pacífica;2
7252;F;59;20220926;91000;Chocolate Caliente;12-14;Pacífica;4
7253;M;52;20220191;67000;Latte;12-14;Insular;4
7254;F;84;20230612;102000;Chocolate Blanco Helado;16-18;Insular;4
7255;F;68;20230930;37000;Chocolate Helado;10-12;Caribe;2
7256;F;66;20211214;109000;Espresso Sencillo;10-12;Insular;5
7257;M;46;20230705;33000;Café del día;14-16;Andina;5
7258;M;22;20231210;45000;Chocolate Caliente;18-20;Orinoquía;5
7259;F;60;20211106;106000;Espresso Sencillo;18-20;Pacífica;4
7260;;48;20231117;65400;Espresso Sencillo;20-22;Orinoquía;4
7261;F;41;20230323;57000;Latte Macchiato;10-12;Insular;3
7262;;48;20210814;65400;Espresso Doble;18-20;Orinoquía;3
7263;M;46;20210803;55000;Chocolate Blanco;18-20;Andina;1
7264;M;42;20231022;45000;Arequipe Latte;18-20;Insular;3
7265;M;46;20200603;73000;Chocolate Blanco Helado;12-14;Orinoquía;5
7266;M;62;20220807;43000;Cappuccino;14-16;Insular;5
7267;F;59;20210404;66000;Caramel Macchiato;20-22;Pacífica;4
7268;M;59;20230705;89000;Arequipe Latte;14-16;Andina;3
7269;F;71;20240103;88000;Chocolate Caliente;14-16;Pacífica;4
7270;M;39;20231211;85000;Espresso Macchiato;16-18;Orinoquía;2
7271;F;29;20210804;33000;Chocolate Blanco Helado;18-20;Pacífica;3
7272;M;45;20211120;60000;Cappuccino;10-12;Pacífica;3
7273;F;41;20220325;35000;Arequipe Latte;12-14;Orinoquía;4
7274;M;61;20211211;81000;Latte Macchiato;20-22;Insular;5
7275;M;67;20210307;68000;Espresso Macchiato;18-20;Andina;2
7276;M;20;20240627;63000;Chocolate Caliente;10-12;Pacífica;3
7277;M;25;20220214;48000;Latte Macchiato;20-22;Insular;1
7278;F;23;20220429;44000;Arequipe Latte;10-12;Orinoquía;5
7279;M;59;20230626;64000;Cappuccino;18-20;Caribe;3
7280;F;63;20230217;45000;Latte Macchiato;16-18;Andina;2
7281;F;40;20240427;49000;Arequipe Latte;16-18;Orinoquía;4
7282;;48;20230827;65400;Cappuccino;12-14;Andina;3
7283;F;34;20210911;33000;Espresso Macchiato;12-14;Insular;1
7284;M;35;20201004;34000;Chocolate Caliente;16-18;Andina;3
7285;M;45;20230205;69000;Café del día;16-18;Andina;1
7286;F;61;20220101;58000;Arequipe Latte;20-22;Andina;4
7287;M;44;20220124;56000;Espresso Macchiato;16-18;Caribe;3
7288;F;67;20240103;71000;Espresso Doble;14-16;Orinoquía;5
7289;M;24;20231122;57000;Latte;10-12;Caribe;1
7290;M;42;20220803;51000;Americano;20-22;Andina;3
7291;M;48;20211110;33000;Arequipe Latte;20-22;Pacífica;5
7292;M;36;20230813;69000;Espresso Sencillo;14-16;Orinoquía;5
7293;M;18;20240326;47000;Mocha Latte;16-18;Insular;2
7294;M;21;20230803;43000;Arequipe Latte;16-18;Pacífica;4
7295;M;51;20200829;35000;Espresso Doble;16-18;Pacífica;3
7296;M;71;20231019;46000;Espresso Macchiato;12-14;Pacífica;3
7297;F;56;20221104;91000;Caramel Macchiato;14-16;Insular;4
7298;F;66;20211103;69000;Espresso Macchiato;20-22;Pacífica;3
7299;F;25;20230823;40000;Café del día;12-14;Insular;1
7300;M;66;20240402;70000;Americano;12-14;Andina;3
7301;;48;20240211;65400;Cappuccino;16-18;Caribe;3
7302;M;51;20230609;37000;Latte Macchiato;10-12;Insular;2
7303;M;58;20240218;90000;Mocha Latte;14-16;Orinoquía;1
7304;F;56;20231113;59000;Chocolate Helado;18-20;Insular;1
7305;F;66;20230517;75000;Mocha Blanco Latte;16-18;Andina;4
7306;M;24;20240302;50000;Caramel Macchiato;16-18;Pacífica;5
7307;M;63;20240401;44000;Cappuccino;16-18;Pacífica;3
7308;M;44;20240722;41000;Mocha Blanco Latte;12-14;Andina;3
7309;M;50;20200211;37000;Latte Macchiato;20-22;Insular;5
7310;;48;20231027;65400;Espresso Macchiato;16-18;Andina;2
7311;F;41;20231204;80000;Café del día;16-18;Caribe;2
7312;F;60;20240129;96000;Chocolate Blanco;14-16;Orinoquía;4
7313;M;70;20201212;36000;Latte;14-16;Pacífica;3
7314;;48;20240302;65400;Espresso Doble;16-18;Andina;1
7315;M;42;20230806;68000;Chocolate Blanco;10-12;Andina;1
7316;F;21;20220211;70000;Espresso Macchiato;18-20;Andina;5
7317;F;59;20221008;92000;Espresso Sencillo;16-18;Andina;5
7318;M;44;20230203;58000;Café del día;16-18;Insular;1
7319;F;51;20210830;76000;Mocha Blanco Latte;14-16;Orinoquía;3
7320;M;93;20211010;57000;Espresso Macchiato;18-20;Orinoquía;4
7321;F;73;20240702;61000;Mocha Latte;12-14;Caribe;5
7322;F;23;20230301;46000;Café del día;18-20;Insular;3
7323;F;56;20211227;82000;Chocolate Helado;18-20;Andina;3
7324;M;37;20231007;32000;Mocha Blanco Latte;12-14;Andina;1
7325;F;51;20240420;62000;Espresso Doble;10-12;Caribe;3
7326;F;21;20231216;51000;Chocolate Helado;10-12;Andina;2
7327;;48;20240421;65400;Mocha Blanco Latte;12-14;Caribe;5
7328;M;51;20231130;74000;Cappuccino;12-14;Insular;2
7329;F;47;20230929;37000;Latte Macchiato;20-22;Orinoquía;1
7330;;48;20210829;65400;Chocolate Blanco Helado;16-18;Andina;5
7331;M;97;20240420;40000;Flat White;12-14;Andina;1
7332;;48;20220311;65400;Espresso Macchiato;14-16;Insular;4
7333;F;60;20220713;83000;Caramel Macchiato;10-12;Pacífica;5
7334;F;57;20231007;62000;Café del día;14-16;Orinoquía;4
7335;F;64;20230414;40000;Chocolate Blanco;16-18;Andina;3
7336;F;58;20240711;93000;Caramel Macchiato;12-14;Orinoquía;4
7337;M;26;20220609;63000;Espresso Macchiato;18-20;Pacífica;2
7338;M;53;20230519;55000;Mocha Blanco Latte;16-18;Caribe;1
7339;M;56;20200526;75000;Chocolate Blanco Helado;20-22;Orinoquía;2
7340;F;29;20240312;32000;Mocha Blanco Latte;12-14;Pacífica;3
7341;F;47;20240120;93000;Espresso Doble;12-14;Orinoquía;5
7342;F;74;20240324;67000;Caramel Macchiato;12-14;Orinoquía;1
7343;F;75;20221104;79000;Arequipe Latte;12-14;Orinoquía;1
7344;M;59;20230819;67000;Café del día;18-20;Pacífica;4
7345;M;65;20220210;106000;Mocha Blanco Latte;12-14;Insular;3
7346;M;54;20220310;109000;Americano;14-16;Caribe;3
7347;F;60;20191225;57000;Chocolate Blanco;10-12;Insular;3
7348;F;55;20231206;75000;Americano;10-12;Pacífica;2
7349;M;54;20220225;61000;Cappuccino;18-20;Caribe;5
7350;M;85;20220628;75000;Chocolate Helado;14-16;Orinoquía;3
7351;M;47;20240416;43000;Latte;18-20;Insular;3
7352;M;66;20220516;54000;Latte;12-14;Insular;3
7353;;48;20240315;65400;Latte Macchiato;20-22;Insular;4
7354;F;49;20240321;73000;Chocolate Blanco Helado;12-14;Insular;1
7355;;48;20240529;65400;Flat White;18-20;Andina;1
7356;M;19;20240319;44000;Chocolate Blanco Helado;12-14;Orinoquía;1
7357;F;76;20230520;115000;Arequipe Latte;14-16;Caribe;2
7358;M;40;20200529;67000;Caramel Macchiato;10-12;Andina;3
7359;M;89;20240219;80000;Chocolate Blanco Helado;14-16;Orinoquía;4
7360;F;88;20220117;105000;Chocolate Blanco;14-16;Andina;2
7361;M;59;20231028;50000;Espresso Doble;18-20;Andina;1
7362;M;27;20210908;39000;Flat White;18-20;Insular;3
7363;;48;20231202;65400;Espresso Sencillo;10-12;Insular;5
7364;F;67;20220910;111000;Chocolate Helado;10-12;Orinoquía;5
7365;;48;20220911;65400;Latte Macchiato;10-12;Pacífica;3
7366;M;55;20240325;56000;Caramel Macchiato;10-12;Insular;1
7367;M;43;20240724;56000;Espresso Sencillo;14-16;Insular;4
7368;M;62;20210909;113000;Caramel Macchiato;10-12;Caribe;2
7369;;48;20230817;65400;Mocha Latte;20-22;Andina;4
7370;M;75;20230526;43000;Latte Macchiato;12-14;Caribe;4
7371;;48;20220190;65400;Caramel Macchiato;10-12;Insular;2
7372;F;24;20230531;37000;Espresso Doble;16-18;Andina;3
7373;M;22;20240703;71000;Latte;16-18;Orinoquía;1
7374;M;70;20200110;71000;Chocolate Blanco Helado;14-16;Insular;2
7375;M;56;20240119;60000;Cappuccino;18-20;Caribe;3
7376;M;54;20210913;70000;Espresso Macchiato;16-18;Insular;3
7377;F;72;20240103;96000;Espresso Doble;10-12;Andina;5
7378;M;47;20230915;46000;Chocolate Blanco;18-20;Andina;5
7379;M;46;20231229;43000;Chocolate Blanco;16-18;Andina;1
7380;F;54;20230710;101000;Mocha Blanco Latte;20-22;Pacífica;3
7381;M;88;20230910;64000;Chocolate Blanco Helado;16-18;Orinoquía;4
7382;F;87;20221227;31000;Chocolate Caliente;20-22;Orinoquía;2
7383;M;69;20230828;92000;Espresso Doble;12-14;Orinoquía;5
7384;M;45;20230812;76000;Mocha Blanco Latte;10-12;Insular;5
7385;M;34;20240131;52000;Mocha Blanco Latte;10-12;Andina;3
7386;;48;20231225;65400;Café del día;14-16;Caribe;5
7387;M;63;20190902;45000;Arequipe Latte;14-16;Insular;3
7388;M;75;20240529;37000;Chocolate Helado;12-14;Pacífica;3
7389;F;60;20230807;113000;Espresso Sencillo;20-22;Pacífica;1
7390;M;45;20220222;58000;Flat White;10-12;Pacífica;5
7391;M;21;20220403;48000;Chocolate Blanco Helado;20-22;Andina;3
7392;M;46;20240417;76000;Chocolate Blanco Helado;20-22;Andina;5
7393;F;85;20231004;31000;Chocolate Blanco;14-16;Orinoquía;4
7394;;48;20240329;65400;Chocolate Helado;12-14;Andina;1
7395;M;42;20210122;45000;Arequipe Latte;20-22;Pacífica;2
7396;M;74;20230307;77000;Latte Macchiato;10-12;Insular;4
7397;F;53;20210914;96000;Espresso Macchiato;16-18;Pacífica;5
7398;;48;20230803;65400;Café del día;12-14;Orinoquía;2
7399;M;53;20230929;51000;Arequipe Latte;14-16;Pacífica;4
7400;;48;20231119;65400;Caramel Macchiato;20-22;Orinoquía;1
7401;M;61;20240419;35000;Latte;16-18;Insular;2
7402;;48;20240613;65400;Mocha Latte;12-14;Pacífica;3
7403;F;70;20211229;95000;Espresso Doble;14-16;Pacífica;2
7404;M;49;20240125;96000;Cappuccino;10-12;Orinoquía;3
7405;;48;20200412;65400;Latte;16-18;Orinoquía;1
7406;F;70;20220315;100000;Latte;20-22;Andina;1
7407;M;60;20240104;84000;Caramel Macchiato;18-20;Caribe;4
7408;F;28;20200427;38000;Chocolate Blanco Helado;18-20;Orinoquía;3
7409;M;43;20200621;73000;Caramel Macchiato;16-18;Insular;5
7410;F;71;20240129;93000;Latte;18-20;Insular;3
7411;M;69;20221119;31000;Café del día;18-20;Orinoquía;3
7412;F;57;20220527;56000;Chocolate Blanco;18-20;Orinoquía;2
7413;;48;20220426;65400;Arequipe Latte;20-22;Andina;2
7414;F;47;20240427;60000;Chocolate Blanco Helado;18-20;Insular;3
7415;F;43;20231009;77000;Caramel Macchiato;18-20;Insular;2
7416;M;60;20200216;52000;Latte;10-12;Insular;1
7417;F;57;20230428;74000;Americano;12-14;Pacífica;1
7418;F;58;20231214;114000;Chocolate Helado;18-20;Orinoquía;2
7419;M;30;20231213;68000;Espresso Sencillo;16-18;Orinoquía;5
7420;O;58;20231214;87000;Caramel Macchiato;18-20;Andina;2
7421;F;47;20240209;41000;Americano;16-18;Caribe;1
7422;M;74;20240603;61000;Espresso Macchiato;18-20;Insular;2
7423;M;83;20200222;61000;Mocha Blanco Latte;20-22;Insular;4
7424;;48;20240115;65400;Espresso Macchiato;20-22;Pacífica;1
7425;;48;20200223;65400;Mocha Blanco Latte;20-22;Pacífica;4
7426;;48;20201220;65400;Arequipe Latte;14-16;Orinoquía;4
7427;;48;20240601;65400;Chocolate Blanco Helado;18-20;Orinoquía;3
7428;M;63;20240124;96000;Americano;14-16;Orinoquía;2
7429;M;77;20221108;37000;Chocolate Helado;16-18;Caribe;5
7430;M;32;20230120;45000;Mocha Latte;20-22;Orinoquía;4
7431;F;64;20231227;69000;Caramel Macchiato;14-16;Orinoquía;3
7432;F;60;20230613;96000;Cappuccino;16-18;Caribe;2
7433;F;46;20240411;73000;Café del día;14-16;Pacífica;2
7434;M;54;20230713;32000;Espresso Sencillo;10-12;Caribe;3
7435;M;75;20240424;32000;Caramel Macchiato;18-20;Insular;5
7436;F;70;20231031;92000;Café del día;20-22;Caribe;2
7437;M;26;20230205;55000;Flat White;16-18;Orinoquía;2
7438;M;76;20220705;69000;Cappuccino;10-12;Caribe;2
7439;M;77;20211014;82000;Arequipe Latte;20-22;Caribe;1
7440;M;37;20240122;68000;Chocolate Caliente;12-14;Caribe;2
7441;;48;20230703;65400;Chocolate Caliente;10-12;Orinoquía;2
7442;F;62;20230826;98000;Latte;16-18;Insular;2
7443;F;57;20231118;77000;Chocolate Helado;16-18;Andina;5
7444;F;44;20220312;67000;Latte Macchiato;18-20;Caribe;3
7445;M;62;20210911;56000;Cappuccino;12-14;Pacífica;4
7446;M;32;20200629;40000;Chocolate Caliente;14-16;Insular;2
7447;F;70;20220325;56000;Mocha Latte;18-20;Pacífica;5
7448;F;68;20220528;116000;Latte;12-14;Caribe;2
7449;F;53;20231122;72000;Chocolate Helado;10-12;Andina;4
7450;F;49;20220929;94000;Latte Macchiato;16-18;Andina;1
7451;;48;20230817;65400;Mocha Latte;14-16;Orinoquía;5
7452;F;85;20211130;75000;Arequipe Latte;10-12;Orinoquía;4
7453;M;50;20230414;52000;Caramel Macchiato;18-20;Orinoquía;5
7454;M;36;20230610;67000;Espresso Doble;18-20;Insular;4
7455;;48;20210911;65400;Chocolate Blanco;14-16;Orinoquía;4
7456;F;60;20240310;73000;Espresso Doble;20-22;Insular;1
7457;F;70;20211107;110000;Arequipe Latte;10-12;Orinoquía;1
7458;F;44;20231101;58000;Mocha Latte;18-20;Insular;1
7459;M;45;20231127;68000;Mocha Latte;16-18;Andina;1
7460;M;51;20231211;39000;Flat White;10-12;Pacífica;2
7461;M;49;20220213;44000;Americano;16-18;Caribe;2
7462;M;37;20230822;66000;Chocolate Blanco;10-12;Caribe;2
7463;M;41;20240503;83000;Americano;20-22;Orinoquía;1
7464;M;69;20231121;60000;Espresso Macchiato;10-12;Insular;1
7465;M;85;20240502;50000;Espresso Macchiato;20-22;Pacífica;3
7466;M;40;20230531;99000;Café del día;10-12;Caribe;2
7467;M;54;20231022;120000;Caramel Macchiato;14-16;Caribe;5
7468;F;48;20231213;56000;Latte;14-16;Caribe;4
7469;F;86;20220129;76000;Chocolate Blanco;12-14;Pacífica;5
7470;F;88;20210806;53000;Latte Macchiato;16-18;Orinoquía;4
7471;M;28;20240709;68000;Flat White;16-18;Insular;2
7472;;48;20220420;65400;Chocolate Blanco;10-12;Caribe;4
7473;M;69;20201023;70000;Cappuccino;10-12;Insular;3
7474;;48;20230415;65400;Café del día;20-22;Andina;5
7475;M;56;20231230;97000;Mocha Latte;18-20;Pacífica;5
7476;M;61;20190831;70000;Americano;14-16;Pacífica;3
7477;F;53;20220726;87000;Chocolate Blanco;10-12;Orinoquía;5
7478;M;30;20240422;48000;Espresso Macchiato;12-14;Caribe;3
7479;;48;20240101;65400;Flat White;10-12;Caribe;4
7480;;48;20240627;65400;Caramel Macchiato;16-18;Pacífica;3
7481;F;78;20240612;81000;Espresso Macchiato;20-22;Insular;1
7482;F;82;20220723;94000;Arequipe Latte;20-22;Andina;3
7483;;48;20240218;65400;Café del día;18-20;Caribe;5
7484;F;54;20231202;61000;Espresso Macchiato;18-20;Caribe;5
7485;M;94;20220728;51000;Chocolate Caliente;10-12;Andina;3
7486;F;94;20230601;73000;Chocolate Caliente;10-12;Caribe;4
7487;F;35;20240408;50000;Arequipe Latte;14-16;Pacífica;1
7488;M;58;20220729;93000;Espresso Doble;18-20;Orinoquía;2
7489;F;61;20221105;113000;Mocha Blanco Latte;12-14;Caribe;4
7490;M;32;20230306;50000;Caramel Macchiato;18-20;Andina;3
7491;M;70;20231003;96000;Espresso Macchiato;14-16;Caribe;4
7492;M;76;20231130;50000;Espresso Macchiato;10-12;Orinoquía;5
7493;M;82;20240604;31000;Chocolate Caliente;10-12;Caribe;2
7494;F;67;20230122;103000;Café del día;18-20;Orinoquía;2
7495;;48;20240129;65400;Latte;18-20;Andina;4
7496;;48;20211231;65400;Chocolate Blanco;10-12;Pacífica;1
7497;M;47;20230413;64000;Arequipe Latte;18-20;Andina;3
7498;F;53;20221209;104000;Caramel Macchiato;12-14;Caribe;2
7499;M;40;20230205;39000;Chocolate Caliente;12-14;Andina;4
7500;M;59;20230812;78000;Caramel Macchiato;14-16;Orinoquía;3
7501;F;76;20220424;71000;Espresso Doble;10-12;Insular;1
7502;M;34;20240108;38000;Caramel Macchiato;12-14;Andina;5
7503;F;43;20220423;90000;Espresso Sencillo;14-16;Orinoquía;3
7504;F;86;20240412;109000;Flat White;16-18;Andina;5
7505;M;69;20230802;35000;Chocolate Blanco Helado;10-12;Pacífica;4
7506;M;75;20231214;75000;Chocolate Caliente;20-22;Orinoquía;3
7507;F;67;20230327;110000;Mocha Blanco Latte;12-14;Pacífica;4
7508;M;71;20230326;75000;Espresso Doble;12-14;Orinoquía;4
7509;M;20;20230910;51000;Chocolate Blanco;16-18;Caribe;4
7510;M;59;20220619;93000;Latte;10-12;Andina;1
7511;M;21;20231030;54000;Arequipe Latte;14-16;Caribe;4
7512;M;27;20231224;62000;Café del día;18-20;Pacífica;3
7513;F;54;20220922;120000;Café del día;12-14;Insular;5
7514;M;59;20220815;99000;Arequipe Latte;14-16;Caribe;2
7515;M;74;20220914;82000;Espresso Sencillo;14-16;Andina;3
7516;F;57;20230821;46000;Arequipe Latte;14-16;Andina;2
7517;M;58;20231031;44000;Latte Macchiato;10-12;Andina;5
7518;M;62;20230924;52000;Latte Macchiato;18-20;Andina;2
7519;M;47;20230206;39000;Mocha Blanco Latte;20-22;Orinoquía;4
7520;M;19;20230127;47000;Latte;12-14;Caribe;3
7521;;48;20230616;65400;Espresso Sencillo;14-16;Insular;2
7522;M;57;20230405;65000;Espresso Macchiato;16-18;Pacífica;2
7523;M;34;20190917;61000;Caramel Macchiato;16-18;Caribe;3
7524;;48;20240706;65400;Flat White;12-14;Andina;4
7525;M;20;20200701;73000;Cappuccino;12-14;Pacífica;3
7526;F;41;20220615;61000;Mocha Blanco Latte;14-16;Insular;5
7527;M;19;20231101;33000;Arequipe Latte;16-18;Pacífica;1
7528;F;57;20230505;93000;Espresso Sencillo;12-14;Andina;5
7529;M;69;20230223;73000;Chocolate Blanco;14-16;Andina;5
7530;M;49;20231110;79000;Americano;18-20;Orinoquía;4
7531;M;36;20231223;63000;Chocolate Caliente;14-16;Andina;1
7532;F;52;20240302;89000;Chocolate Caliente;16-18;Orinoquía;2
7533;M;43;20240323;72000;Espresso Doble;10-12;Caribe;1
7534;;48;20240516;65400;Latte;16-18;Andina;5
7535;M;19;20230812;58000;Espresso Macchiato;18-20;Insular;4
7536;F;47;20220430;59000;Espresso Sencillo;12-14;Andina;2
7537;M;40;20210426;66000;Caramel Macchiato;10-12;Andina;1
7538;M;36;20230222;75000;Cappuccino;14-16;Andina;4
7539;F;71;20230731;114000;Café del día;18-20;Orinoquía;2
7540;;48;20230915;65400;Chocolate Helado;10-12;Orinoquía;1
7541;F;38;20230717;99000;Espresso Sencillo;16-18;Orinoquía;4
7542;M;36;20240709;91000;Mocha Blanco Latte;18-20;Andina;1
7543;M;72;20240301;37000;Latte;10-12;Caribe;4
7544;M;65;20240110;30000;Arequipe Latte;18-20;Orinoquía;2
7545;M;49;20230731;48000;Espresso Doble;16-18;Caribe;1
7546;F;47;20231027;52000;Chocolate Blanco;12-14;Orinoquía;5
7547;F;75;20240117;97000;Caramel Macchiato;20-22;Andina;1
7548;F;55;20200908;63000;Cappuccino;20-22;Caribe;2
7549;F;63;20200805;84000;Espresso Macchiato;10-12;Caribe;4
7550;F;54;20221016;106000;Café del día;16-18;Andina;1
7551;;48;20230812;65400;Chocolate Blanco Helado;14-16;Caribe;2
7552;F;42;20231226;72000;Latte;16-18;Orinoquía;4
7553;F;67;20221008;70000;Chocolate Helado;16-18;Insular;5
7554;F;62;20240204;74000;Espresso Macchiato;12-14;Orinoquía;1
7555;F;60;20240226;58000;Café del día;12-14;Orinoquía;1
7556;M;74;20240105;46000;Espresso Sencillo;18-20;Andina;5
7557;M;65;20220211;58000;Chocolate Blanco Helado;12-14;Orinoquía;4
7558;M;60;20231207;57000;Espresso Macchiato;18-20;Pacífica;2
7559;F;70;20231023;47000;Chocolate Blanco Helado;10-12;Insular;2
7560;;48;20231114;65400;Espresso Doble;18-20;Orinoquía;4
7561;F;72;20220421;109000;Chocolate Caliente;14-16;Insular;3
7562;M;50;20231006;76000;Caramel Macchiato;10-12;Caribe;3
7563;M;54;20220814;85000;Chocolate Caliente;14-16;Orinoquía;5
7564;M;66;20230606;92000;Cappuccino;14-16;Caribe;5
7565;F;62;20210202;45000;Espresso Macchiato;18-20;Andina;1
7566;M;20;20231101;53000;Latte;12-14;Insular;1
7567;M;52;20231029;92000;Espresso Sencillo;16-18;Orinoquía;1
7568;F;95;20230816;66000;Chocolate Caliente;14-16;Caribe;4
7569;M;73;20230626;49000;Americano;18-20;Insular;3
7570;M;21;20211111;71000;Flat White;18-20;Caribe;1
7571;M;90;20240717;55000;Cappuccino;12-14;Caribe;4
7572;;48;20240426;65400;Espresso Sencillo;12-14;Pacífica;2
7573;M;63;20220616;96000;Chocolate Caliente;20-22;Pacífica;3
7574;M;29;20231027;30000;Espresso Sencillo;10-12;Insular;3
7575;;48;20240506;65400;Cappuccino;12-14;Orinoquía;2
7576;M;66;20221202;91000;Caramel Macchiato;12-14;Insular;4
7577;M;59;20220430;72000;Chocolate Caliente;10-12;Andina;2
7578;M;33;20220526;64000;Mocha Blanco Latte;10-12;Insular;2
7579;M;60;20210429;57000;Cappuccino;18-20;Caribe;5
7580;F;79;20220522;77000;Caramel Macchiato;18-20;Andina;4
7581;F;50;20211014;86000;Chocolate Caliente;16-18;Pacífica;1
7582;M;28;20230815;35000;Mocha Blanco Latte;20-22;Insular;4
7583;M;67;20220107;39000;Americano;20-22;Pacífica;1
7584;M;52;20240529;46000;Mocha Blanco Latte;12-14;Andina;4
7585;M;61;20240108;44000;Arequipe Latte;14-16;Insular;2
7586;M;28;20210530;62000;Chocolate Helado;20-22;Orinoquía;4
7587;M;86;20221116;56000;Espresso Macchiato;20-22;Orinoquía;2
7588;F;40;20220315;51000;Mocha Latte;20-22;Insular;2
7589;M;64;20220218;118000;Latte Macchiato;14-16;Caribe;4
7590;M;64;20231223;107000;Americano;20-22;Insular;2
7591;M;63;20230904;51000;Chocolate Blanco;16-18;Insular;4
7592;M;19;20240511;54000;Chocolate Helado;16-18;Andina;1
7593;M;41;20221212;32000;Latte Macchiato;14-16;Caribe;3
7594;M;51;20200517;79000;Flat White;20-22;Pacífica;2
7595;F;62;20200922;99000;Flat White;14-16;Orinoquía;2
7596;M;47;20220529;65000;Latte Macchiato;10-12;Pacífica;3
7597;M;54;20230522;99000;Chocolate Helado;18-20;Orinoquía;3
7598;M;54;20231204;63000;Cappuccino;14-16;Orinoquía;5
7599;F;69;20230322;92000;Espresso Doble;12-14;Andina;2
7600;M;55;20210803;83000;Espresso Doble;16-18;Caribe;3
7601;F;29;20230107;59000;Mocha Latte;18-20;Insular;1
7602;M;49;20240516;57000;Chocolate Blanco Helado;12-14;Andina;5
7603;M;72;20240717;64000;Chocolate Caliente;18-20;Andina;1
7604;F;58;20231010;70000;Americano;18-20;Orinoquía;2
7605;F;56;20240303;53000;Arequipe Latte;14-16;Caribe;2
7606;;48;20231218;65400;Arequipe Latte;18-20;Orinoquía;3
7607;;48;20240705;65400;Caramel Macchiato;12-14;Caribe;2
7608;M;36;20240224;73000;Chocolate Blanco Helado;12-14;Caribe;5
7609;M;51;20231006;70000;Flat White;14-16;Orinoquía;3
7610;F;47;20230219;58000;Caramel Macchiato;20-22;Andina;5
7611;F;69;20230725;114000;Cappuccino;10-12;Caribe;3
7612;M;69;20240106;58000;Caramel Macchiato;10-12;Orinoquía;2
7613;M;53;20200202;68000;Latte;20-22;Pacífica;4
7614;M;49;20231119;74000;Chocolate Blanco;12-14;Orinoquía;4
7615;M;50;20220712;73000;Café del día;12-14;Pacífica;2
7616;M;33;20220905;63000;Mocha Blanco Latte;18-20;Caribe;5
7617;F;61;20240122;72000;Arequipe Latte;18-20;Caribe;4
7618;F;56;20220411;71000;Latte Macchiato;14-16;Caribe;3
7619;;48;20231113;65400;Café del día;20-22;Orinoquía;5
7620;;48;20231017;65400;Espresso Sencillo;12-14;Insular;3
7621;F;64;20240722;66000;Americano;12-14;Insular;5
7622;F;47;20230905;60000;Cappuccino;14-16;Pacífica;2
7623;M;26;20220514;50000;Espresso Macchiato;10-12;Orinoquía;5
7624;F;47;20220621;54000;Chocolate Blanco;18-20;Pacífica;3
7625;F;77;20200313;90000;Espresso Doble;14-16;Caribe;2
7626;M;52;20231226;54000;Cappuccino;10-12;Andina;4
7627;M;23;20240224;49000;Caramel Macchiato;16-18;Orinoquía;1
7628;M;55;20240307;57000;Café del día;12-14;Andina;5
7629;F;37;20240618;72000;Mocha Blanco Latte;14-16;Caribe;1
7630;F;81;20231204;108000;Chocolate Helado;12-14;Pacífica;5
7631;M;51;20210819;72000;Espresso Doble;14-16;Insular;5
7632;F;54;20220527;97000;Café del día;16-18;Pacífica;5
7633;M;69;20231226;69000;Latte Macchiato;14-16;Caribe;5
7634;F;61;20230109;119000;Chocolate Blanco;14-16;Orinoquía;2
7635;F;85;20230318;104000;Mocha Blanco Latte;12-14;Orinoquía;1
7636;;48;20230610;65400;Espresso Sencillo;14-16;Pacífica;2
7637;F;22;20231016;32000;Espresso Macchiato;14-16;Insular;5
7638;M;64;20191003;36000;Arequipe Latte;12-14;Pacífica;2
7639;;48;20220212;65400;Chocolate Blanco Helado;16-18;Orinoquía;4
7640;;48;20240301;65400;Americano;10-12;Caribe;3
7641;;48;20230910;65400;Espresso Macchiato;20-22;Orinoquía;2
7642;F;72;20230113;87000;Chocolate Blanco Helado;12-14;Insular;5
7643;F;49;20231001;52000;Americano;12-14;Pacífica;1
7644;F;52;20220911;39000;Chocolate Helado;18-20;Orinoquía;2
7645;M;73;20230717;110000;Arequipe Latte;20-22;Andina;2
7646;;48;20211007;65400;Mocha Latte;20-22;Pacífica;2
7647;M;46;20191005;76000;Espresso Doble;14-16;Caribe;1
7648;M;80;20220213;77000;Arequipe Latte;16-18;Insular;4
7649;M;36;20240209;39000;Latte;18-20;Pacífica;1
7650;F;64;20240113;85000;Chocolate Blanco Helado;14-16;Andina;4
7651;M;86;20240221;59000;Chocolate Blanco Helado;16-18;Pacífica;2
7652;;48;20231225;65400;Caramel Macchiato;10-12;Insular;5
7653;M;40;20191004;56000;Espresso Macchiato;20-22;Insular;3
7654;M;49;20230428;62000;Arequipe Latte;12-14;Insular;1
7655;;48;20211026;65400;Americano;16-18;Pacífica;1
7656;F;36;20230705;51000;Mocha Blanco Latte;20-22;Insular;5
7657;M;29;20231025;58000;Café del día;16-18;Insular;5
7658;M;36;20240629;60000;Americano;16-18;Pacífica;1
7659;;48;20240112;65400;Chocolate Blanco Helado;16-18;Andina;5
7660;;48;20230225;65400;Latte Macchiato;16-18;Andina;1
7661;O;39;20210913;53000;Espresso Doble;18-20;Insular;5
7662;F;41;20230820;55000;Americano;14-16;Insular;5
7663;F;86;20221106;72000;Chocolate Blanco Helado;10-12;Insular;3
7664;M;46;20240202;88000;Espresso Macchiato;14-16;Insular;2
7665;F;42;20220520;56000;Mocha Blanco Latte;20-22;Pacífica;3
7666;F;54;20221005;34000;Espresso Macchiato;12-14;Caribe;4
7667;F;47;20240103;82000;Americano;18-20;Orinoquía;2
7668;M;44;20211121;30000;Latte;10-12;Caribe;4
7669;F;19;20221031;61000;Cappuccino;20-22;Orinoquía;1
7670;F;42;20230919;66000;Cappuccino;10-12;Orinoquía;2
7671;M;57;20231026;97000;Mocha Latte;14-16;Pacífica;3
7672;M;61;20220502;31000;Flat White;16-18;Orinoquía;2
7673;M;56;20230821;46000;Espresso Sencillo;16-18;Orinoquía;5
7674;M;23;20231010;47000;Chocolate Blanco;20-22;Andina;3
7675;F;54;20240310;109000;Espresso Macchiato;10-12;Orinoquía;2
7676;F;65;20230810;70000;Cappuccino;12-14;Caribe;1
7677;F;75;20240525;83000;Americano;14-16;Andina;1
7678;M;46;20230515;70000;Chocolate Blanco Helado;12-14;Andina;5
7679;M;69;20231020;51000;Espresso Macchiato;10-12;Andina;2
7680;M;58;20211130;94000;Espresso Sencillo;10-12;Pacífica;2
7681;M;67;20220409;114000;Espresso Doble;14-16;Pacífica;4
7682;F;66;20230424;96000;Mocha Blanco Latte;14-16;Andina;2
7683;M;18;20200224;38000;Espresso Macchiato;12-14;Orinoquía;3
7684;M;73;20230808;43000;Flat White;12-14;Insular;1
7685;M;59;20220611;83000;Arequipe Latte;14-16;Andina;4
7686;M;42;20240412;61000;Café del día;16-18;Pacífica;1
7687;F;84;20231230;37000;Caramel Macchiato;14-16;Andina;1
7688;;48;20210809;65400;Flat White;14-16;Pacífica;1
7689;;48;20230727;65400;Latte;16-18;Caribe;2
7690;F;71;20230915;87000;Chocolate Blanco Helado;20-22;Pacífica;2
7691;M;52;20230731;91000;Mocha Blanco Latte;16-18;Andina;1
7692;F;57;20231029;70000;Arequipe Latte;10-12;Pacífica;1
7693;;48;20230218;65400;Espresso Sencillo;10-12;Caribe;4
7694;M;66;20231113;97000;Flat White;18-20;Pacífica;5
7695;M;58;20220111;72000;Mocha Latte;18-20;Pacífica;2
7696;F;53;20210828;49000;Latte;12-14;Orinoquía;2
7697;;48;20231201;65400;Latte;14-16;Orinoquía;2
7698;M;49;20231121;91000;Caramel Macchiato;16-18;Insular;2
7699;F;56;20220701;55000;Latte Macchiato;16-18;Andina;3
7700;;48;20210912;65400;Mocha Blanco Latte;18-20;Caribe;3
7701;F;69;20231105;88000;Arequipe Latte;16-18;Insular;1
7702;F;69;20230808;75000;Americano;18-20;Andina;2
7703;M;25;20210815;61000;Americano;16-18;Pacífica;2
7704;;48;20221125;65400;Mocha Latte;18-20;Orinoquía;4
7705;M;55;20230406;86000;Chocolate Caliente;12-14;Caribe;5
7706;M;22;20210906;48000;Mocha Latte;20-22;Pacífica;4
7707;;48;20230413;65400;Espresso Sencillo;12-14;Andina;4
7708;;48;20211218;65400;Chocolate Helado;14-16;Orinoquía;5
7709;M;28;20240429;45000;Arequipe Latte;18-20;Pacífica;3
7710;F;69;20240107;81000;Mocha Latte;10-12;Orinoquía;5
7711;M;56;20240107;43000;Mocha Blanco Latte;18-20;Insular;4
7712;F;40;20230130;57000;Café del día;16-18;Pacífica;2
7713;M;48;20240224;71000;Arequipe Latte;18-20;Caribe;1
7714;M;29;20230913;36000;Café del día;18-20;Pacífica;1
7715;F;49;20240607;82000;Americano;16-18;Caribe;2
7716;M;61;20231217;65000;Mocha Blanco Latte;20-22;Insular;3
7717;F;48;20230729;55000;Americano;12-14;Andina;2
7718;;48;20240129;65400;Chocolate Blanco;20-22;Caribe;2
7719;M;48;20231118;57000;Americano;10-12;Insular;1
7720;M;53;20231109;76000;Espresso Sencillo;10-12;Pacífica;5
7721;M;41;20230310;76000;Mocha Blanco Latte;12-14;Insular;1
7722;M;42;20220207;42000;Americano;16-18;Orinoquía;4
7723;;48;20240314;65400;Latte Macchiato;16-18;Orinoquía;1
7724;F;71;20230124;71000;Chocolate Blanco;18-20;Caribe;4
7725;M;57;20240616;65000;Latte Macchiato;20-22;Orinoquía;3
7726;M;70;20240610;39000;Americano;16-18;Andina;2
7727;M;58;20210613;64000;Caramel Macchiato;10-12;Pacífica;4
7728;F;66;20210906;85000;Mocha Blanco Latte;18-20;Orinoquía;4
7729;F;78;20231030;111000;Americano;16-18;Caribe;4
7730;M;49;20230226;73000;Café del día;20-22;Caribe;1
7731;M;57;20240612;83000;Espresso Sencillo;12-14;Andina;5
7732;M;46;20231014;71000;Chocolate Helado;10-12;Orinoquía;1
7733;F;53;20211121;55000;Latte;16-18;Pacífica;4
7734;F;63;20200304;65000;Flat White;16-18;Pacífica;3
7735;M;61;20240406;67000;Chocolate Caliente;14-16;Orinoquía;3
7736;M;65;20230415;50000;Mocha Blanco Latte;20-22;Andina;5
7737;F;32;20240705;48000;Cappuccino;16-18;Insular;2
7738;F;61;20230423;75000;Mocha Blanco Latte;10-12;Orinoquía;5
7739;M;58;20200108;69000;Espresso Macchiato;20-22;Insular;3
7740;M;54;20211011;69000;Arequipe Latte;10-12;Caribe;2
7741;M;61;20231014;78000;Mocha Latte;20-22;Orinoquía;4
7742;M;43;20230109;31000;Chocolate Blanco Helado;16-18;Insular;4
7743;M;46;20240301;94000;Chocolate Blanco Helado;14-16;Pacífica;1
7744;;48;20230810;65400;Mocha Blanco Latte;20-22;Orinoquía;5
7745;;48;20230808;65400;Mocha Latte;20-22;Insular;5
7746;M;65;20231023;74000;Chocolate Helado;12-14;Orinoquía;1
7747;F;72;20230609;94000;Espresso Macchiato;10-12;Andina;3
7748;F;49;20240313;71000;Café del día;16-18;Pacífica;4
7749;M;60;20210827;91000;Mocha Latte;10-12;Pacífica;2
7750;O;73;20240516;71000;Café del día;14-16;Andina;5
7751;F;30;20220516;66000;Café del día;16-18;Caribe;4
7752;;48;20220102;65400;Arequipe Latte;10-12;Orinoquía;1
7753;M;49;20240521;68000;Espresso Doble;18-20;Pacífica;3
7754;F;63;20210908;94000;Café del día;16-18;Andina;2
7755;M;45;20231213;35000;Latte Macchiato;18-20;Caribe;1
7756;M;81;20231110;68000;Espresso Doble;20-22;Insular;4
7757;F;42;20240313;47000;Chocolate Blanco Helado;18-20;Caribe;5
7758;F;62;20220219;31000;Latte Macchiato;18-20;Pacífica;1
7759;M;26;20221029;66000;Espresso Doble;18-20;Caribe;4
7760;M;59;20230102;78000;Americano;12-14;Insular;2
7761;;48;20230722;65400;Flat White;16-18;Caribe;5
7762;M;49;20231115;52000;Chocolate Caliente;14-16;Andina;4
7763;M;40;20211207;62000;Chocolate Helado;14-16;Pacífica;1
7764;;48;20230416;65400;Caramel Macchiato;18-20;Insular;3
7765;M;31;20220806;59000;Caramel Macchiato;14-16;Caribe;1
7766;;48;20220909;65400;Caramel Macchiato;14-16;Andina;1
7767;;48;20230809;65400;Espresso Macchiato;16-18;Pacífica;3
7768;M;54;20240417;72000;Mocha Latte;16-18;Pacífica;1
7769;M;43;20230903;67000;Mocha Blanco Latte;14-16;Andina;4
7770;F;74;20231216;77000;Cappuccino;16-18;Caribe;1
7771;M;65;20210801;73000;Espresso Doble;18-20;Orinoquía;1
7772;M;57;20231219;52000;Chocolate Blanco;18-20;Insular;2
7773;F;71;20220611;64000;Arequipe Latte;14-16;Caribe;2
7774;M;26;20200207;38000;Flat White;12-14;Pacífica;3
7775;;48;20230125;65400;Caramel Macchiato;18-20;Pacífica;3
7776;M;45;20220105;49000;Chocolate Caliente;12-14;Pacífica;4
7777;M;58;20200204;63000;Arequipe Latte;14-16;Pacífica;5
7778;;48;20231211;65400;Latte;10-12;Orinoquía;5
7779;M;49;20230402;83000;Cappuccino;18-20;Pacífica;5
7780;F;51;20220419;105000;Chocolate Blanco;10-12;Pacífica;2
7781;M;47;20221104;84000;Espresso Macchiato;18-20;Orinoquía;1
7782;M;35;20220407;32000;Arequipe Latte;10-12;Insular;1
7783;M;40;20210614;49000;Mocha Blanco Latte;20-22;Insular;4
7784;F;64;20220930;73000;Café del día;10-12;Pacífica;3
7785;M;60;20240105;71000;Latte;16-18;Insular;2
7786;M;44;20220624;66000;Cappuccino;12-14;Pacífica;4
7787;M;61;20210527;67000;Arequipe Latte;12-14;Caribe;2
7788;M;25;20240317;37000;Cappuccino;18-20;Caribe;1
7789;F;51;20240120;42000;Café del día;18-20;Orinoquía;5
7790;F;53;20211002;100000;Latte Macchiato;12-14;Insular;3
7791;F;46;20240309;82000;Chocolate Helado;14-16;Insular;2
7792;M;83;20240708;83000;Arequipe Latte;12-14;Caribe;2
7793;F;90;20240319;57000;Chocolate Helado;18-20;Pacífica;1
7794;M;41;20231204;82000;Mocha Latte;16-18;Orinoquía;4
7795;F;65;20240128;39000;Espresso Doble;18-20;Andina;3
7796;F;58;20190730;55000;Espresso Doble;10-12;Orinoquía;2
7797;M;43;20200817;67000;Espresso Sencillo;20-22;Andina;1
7798;F;32;20221216;38000;Chocolate Caliente;12-14;Insular;2
7799;M;26;20230811;66000;Café del día;20-22;Orinoquía;5
7800;M;59;20230609;79000;Latte Macchiato;20-22;Orinoquía;1
7801;M;60;20231226;94000;Chocolate Helado;18-20;Andina;5
7802;M;46;20200329;42000;Caramel Macchiato;16-18;Insular;3
7803;F;33;20230331;37000;Café del día;14-16;Caribe;2
7804;F;38;20230909;60000;Latte;10-12;Andina;5
7805;F;27;20220210;51000;Latte Macchiato;20-22;Andina;5
7806;F;67;20211019;66000;Mocha Latte;10-12;Caribe;2
7807;M;25;20240702;74000;Flat White;14-16;Orinoquía;2
7808;M;18;20240613;52000;Latte Macchiato;18-20;Pacífica;1
7809;M;56;20230910;74000;Latte Macchiato;14-16;Insular;3
7810;M;52;20211217;94000;Espresso Macchiato;14-16;Insular;3
7811;F;53;20220120;96000;Mocha Blanco Latte;14-16;Caribe;5
7812;M;25;20220628;55000;Mocha Blanco Latte;10-12;Pacífica;2
7813;M;74;20231124;61000;Espresso Doble;20-22;Orinoquía;1
7814;;48;20220817;65400;Chocolate Blanco Helado;12-14;Insular;4
7815;;48;20230102;65400;Flat White;20-22;Insular;3
7816;M;34;20200310;46000;Espresso Macchiato;18-20;Caribe;5
7817;M;27;20230828;45000;Espresso Doble;16-18;Andina;3
7818;M;57;20240702;39000;Cappuccino;20-22;Caribe;2
7819;M;74;20240120;63000;Latte;14-16;Orinoquía;3
7820;M;47;20240129;41000;Espresso Doble;12-14;Insular;1
7821;M;71;20231204;63000;Chocolate Caliente;12-14;Insular;3
7822;F;64;20220709;103000;Café del día;16-18;Andina;3
7823;F;65;20240326;95000;Arequipe Latte;10-12;Orinoquía;2
7824;F;62;20221223;108000;Chocolate Blanco;12-14;Pacífica;5
7825;M;73;20220813;84000;Caramel Macchiato;14-16;Pacífica;1
7826;M;38;20231116;46000;Americano;20-22;Pacífica;3
7827;M;49;20231229;81000;Espresso Doble;16-18;Caribe;4
7828;F;52;20240707;56000;Espresso Doble;20-22;Caribe;2
7829;F;42;20230726;70000;Caramel Macchiato;12-14;Andina;5
7830;M;31;20230811;41000;Mocha Latte;14-16;Insular;4
7831;F;75;20220324;72000;Chocolate Blanco;16-18;Orinoquía;2
7832;M;34;20231109;43000;Espresso Sencillo;10-12;Orinoquía;2
7833;F;46;20230318;95000;Espresso Sencillo;12-14;Caribe;4
7834;M;49;20221223;32000;Chocolate Helado;18-20;Andina;5
7835;F;57;20240306;49000;Chocolate Caliente;18-20;Orinoquía;1
7836;F;71;20220103;86000;Chocolate Blanco;20-22;Andina;4
7837;M;56;20240330;96000;Americano;14-16;Caribe;2
7838;F;68;20231222;59000;Espresso Doble;12-14;Caribe;2
7839;F;57;20221029;92000;Espresso Sencillo;10-12;Caribe;3
7840;;48;20220202;65400;Chocolate Caliente;14-16;Orinoquía;2
7841;O;77;20220530;85000;Cappuccino;12-14;Insular;5
7842;F;52;20220729;81000;Flat White;12-14;Andina;2
7843;;48;20240707;65400;Caramel Macchiato;16-18;Andina;5
7844;M;56;20220214;71000;Cappuccino;14-16;Insular;2
7845;M;59;20240110;31000;Mocha Blanco Latte;18-20;Insular;1
7846;F;58;20240428;41000;Espresso Doble;14-16;Caribe;5
7847;O;21;20240219;60000;Flat White;16-18;Orinoquía;5
7848;M;74;20231108;55000;Flat White;18-20;Andina;5
7849;M;77;20231012;56000;Café del día;18-20;Orinoquía;2
7850;M;62;20230616;69000;Chocolate Blanco;14-16;Insular;5
7851;F;63;20231023;75000;Chocolate Helado;14-16;Andina;2
7852;F;60;20210328;42000;Espresso Doble;12-14;Insular;4
7853;F;54;20230425;102000;Espresso Macchiato;14-16;Insular;2
7854;M;57;20240713;55000;Café del día;18-20;Caribe;1
7855;F;85;20230806;38000;Chocolate Caliente;10-12;Caribe;1
7856;M;51;20240630;36000;Arequipe Latte;20-22;Insular;3
7857;M;66;20240211;61000;Caramel Macchiato;18-20;Andina;4
7858;F;59;20230825;35000;Americano;10-12;Orinoquía;3
7859;M;28;20240620;68000;Americano;12-14;Andina;2
7860;;48;20231220;65400;Latte Macchiato;10-12;Caribe;1
7861;;48;20220605;65400;Espresso Sencillo;10-12;Andina;5
7862;M;40;20230427;56000;Espresso Doble;16-18;Pacífica;2
7863;F;52;20211212;88000;Chocolate Blanco;14-16;Pacífica;5
7864;F;87;20220715;72000;Chocolate Blanco Helado;14-16;Pacífica;3
7865;F;54;20240419;79000;Mocha Latte;14-16;Pacífica;2
7866;F;54;20230606;79000;Espresso Sencillo;12-14;Orinoquía;2
7867;;48;20220503;65400;Espresso Doble;10-12;Insular;5
7868;M;59;20230828;32000;Chocolate Helado;20-22;Orinoquía;4
7869;F;68;20230124;74000;Mocha Blanco Latte;12-14;Andina;2
7870;M;69;20220218;43000;Chocolate Blanco Helado;16-18;Andina;4
7871;F;48;20240226;31000;Flat White;16-18;Insular;4
7872;F;42;20230816;74000;Mocha Latte;20-22;Andina;1
7873;M;64;20240615;67000;Latte;16-18;Pacífica;3
7874;M;60;20221031;74000;Caramel Macchiato;10-12;Insular;5
7875;M;21;20220209;31000;Espresso Macchiato;14-16;Caribe;4
7876;M;54;20231106;76000;Mocha Latte;18-20;Insular;5
7877;M;69;20211213;97000;Latte;16-18;Insular;5
7878;;48;20240217;65400;Latte Macchiato;10-12;Insular;1
7879;M;82;20221230;97000;Latte Macchiato;20-22;Pacífica;1
7880;F;24;20211103;53000;Espresso Macchiato;14-16;Insular;5
7881;F;61;20220324;83000;Espresso Sencillo;14-16;Insular;1
7882;M;64;20211202;85000;Flat White;18-20;Insular;3
7883;O;61;20211219;69000;Caramel Macchiato;10-12;Insular;5
7884;F;55;20231017;96000;Americano;10-12;Andina;1
7885;;48;20230913;65400;Flat White;10-12;Insular;4
7886;M;40;20240205;34000;Espresso Sencillo;14-16;Insular;3
7887;;48;20230918;65400;Chocolate Helado;20-22;Orinoquía;2
7888;M;65;20201215;68000;Café del día;10-12;Orinoquía;3
7889;M;52;20240402;60000;Espresso Macchiato;16-18;Insular;4
7890;;48;20240120;65400;Espresso Macchiato;16-18;Caribe;3
7891;M;65;20230425;89000;Espresso Macchiato;10-12;Insular;4
7892;M;39;20240510;61000;Espresso Macchiato;18-20;Andina;5
7893;M;73;20220617;32000;Caramel Macchiato;14-16;Insular;5
7894;;48;20211028;65400;Latte Macchiato;20-22;Caribe;2
7895;;48;20231111;65400;Mocha Latte;14-16;Caribe;5
7896;F;56;20230914;80000;Mocha Blanco Latte;12-14;Andina;1
7897;F;90;20240205;95000;Latte;20-22;Insular;4
7898;M;59;20240610;46000;Chocolate Helado;18-20;Caribe;5
7899;F;56;20210916;67000;Mocha Latte;16-18;Insular;5
7900;M;77;20231023;54000;Chocolate Blanco;20-22;Pacífica;3
7901;M;32;20240214;66000;Espresso Macchiato;16-18;Andina;3
7902;F;61;20220512;81000;Arequipe Latte;16-18;Insular;4
7903;M;44;20220613;52000;Café del día;12-14;Insular;1
7904;M;20;20230804;37000;Espresso Doble;18-20;Andina;5
7905;M;63;20220429;75000;Chocolate Helado;12-14;Andina;5
7906;;48;20240220;65400;Café del día;10-12;Pacífica;3
7907;M;60;20211204;78000;Espresso Macchiato;10-12;Pacífica;2
7908;M;21;20240207;55000;Espresso Macchiato;12-14;Andina;4
7909;F;63;20220806;90000;Americano;20-22;Andina;5
7910;;48;20220423;65400;Espresso Macchiato;20-22;Orinoquía;1
7911;M;83;20230427;56000;Americano;14-16;Insular;2
7912;F;31;20230809;33000;Chocolate Caliente;16-18;Caribe;3
7913;M;22;20240125;50000;Espresso Sencillo;10-12;Andina;3
7914;M;24;20240707;62000;Caramel Macchiato;12-14;Caribe;3
7915;M;35;20240604;46000;Café del día;14-16;Insular;4
7916;M;45;20230928;92000;Chocolate Helado;16-18;Caribe;1
7917;F;40;20240226;84000;Latte Macchiato;12-14;Caribe;4
7918;F;69;20230426;110000;Café del día;20-22;Orinoquía;5
7919;M;78;20230721;117000;Chocolate Blanco;16-18;Insular;4
7920;F;40;20230721;84000;Flat White;20-22;Insular;4
7921;M;20;20211214;33000;Espresso Macchiato;18-20;Pacífica;2
7922;;48;20220515;65400;Espresso Sencillo;18-20;Caribe;3
7923;M;46;20240720;51000;Chocolate Caliente;14-16;Andina;1
7924;M;46;20240502;95000;Americano;18-20;Insular;2
7925;M;27;20240505;56000;Cappuccino;18-20;Pacífica;4
7926;M;78;20220312;85000;Mocha Latte;14-16;Insular;4
7927;M;75;20220411;51000;Cappuccino;14-16;Caribe;1
7928;M;68;20230910;100000;Chocolate Blanco Helado;16-18;Caribe;5
7929;M;35;20231203;73000;Café del día;16-18;Insular;1
7930;;48;20220607;65400;Chocolate Caliente;10-12;Orinoquía;1
7931;F;60;20221201;84000;Café del día;12-14;Insular;3
7932;;48;20230604;65400;Latte;16-18;Insular;3
7933;M;23;20240111;32000;Chocolate Blanco;10-12;Pacífica;2
7934;;48;20231226;65400;Flat White;10-12;Pacífica;1
7935;M;67;20231212;67000;Chocolate Blanco Helado;20-22;Pacífica;1
7936;M;58;20211220;31000;Mocha Latte;18-20;Insular;3
7937;F;74;20211118;91000;Espresso Sencillo;14-16;Caribe;3
7938;;48;20231113;65400;Mocha Blanco Latte;12-14;Pacífica;5
7939;M;77;20220328;83000;Chocolate Helado;16-18;Orinoquía;1
7940;F;22;20230509;63000;Cappuccino;18-20;Pacífica;4
7941;M;57;20230908;77000;Latte Macchiato;14-16;Insular;1
7942;M;49;20231017;33000;Chocolate Blanco;10-12;Orinoquía;4
7943;F;63;20230808;118000;Americano;14-16;Insular;5
7944;M;54;20230421;69000;Arequipe Latte;20-22;Andina;5
7945;;48;20240624;65400;Espresso Macchiato;18-20;Insular;5
7946;;48;20221203;65400;Latte Macchiato;16-18;Caribe;4
7947;M;31;20220606;46000;Espresso Sencillo;14-16;Caribe;2
7948;M;64;20230322;40000;Cappuccino;12-14;Caribe;2
7949;M;67;20211114;73000;Arequipe Latte;14-16;Pacífica;4
7950;M;48;20211108;110000;Arequipe Latte;14-16;Pacífica;4
7951;M;52;20240130;65000;Caramel Macchiato;18-20;Caribe;2
7952;F;54;20211213;60000;Latte Macchiato;12-14;Insular;3
7953;M;61;20220327;99000;Chocolate Blanco Helado;12-14;Andina;5
7954;M;37;20240308;40000;Chocolate Helado;12-14;Insular;2
7955;M;37;20220728;68000;Americano;12-14;Orinoquía;3
7956;F;55;20230802;53000;Arequipe Latte;16-18;Insular;4
7957;M;19;20231031;34000;Café del día;18-20;Insular;2
7958;;48;20240101;65400;Espresso Macchiato;18-20;Caribe;5
7959;M;24;20230827;63000;Latte;20-22;Insular;1
7960;M;50;20220306;68000;Americano;12-14;Orinoquía;3
7961;F;48;20230918;66000;Caramel Macchiato;18-20;Caribe;3
7962;;48;20230801;65400;Espresso Doble;10-12;Andina;2
7963;M;61;20230810;31000;Flat White;12-14;Andina;1
7964;M;77;20210209;94000;Americano;20-22;Caribe;1
7965;F;41;20220413;73000;Mocha Blanco Latte;20-22;Orinoquía;1
7966;;48;20220818;65400;Mocha Latte;20-22;Pacífica;4
7967;F;69;20211002;89000;Latte;16-18;Insular;1
7968;;48;20210810;65400;Caramel Macchiato;20-22;Caribe;1
7969;F;63;20231112;54000;Mocha Latte;20-22;Insular;1
7970;F;48;20231025;49000;Chocolate Blanco Helado;14-16;Andina;3
7971;F;79;20220226;95000;Mocha Blanco Latte;16-18;Andina;5
7972;F;49;20191112;57000;Latte Macchiato;14-16;Orinoquía;1
7973;F;24;20231114;42000;Café del día;12-14;Pacífica;4
7974;F;74;20231001;101000;Cappuccino;18-20;Caribe;1
7975;F;50;20210619;70000;Espresso Macchiato;16-18;Caribe;5
7976;;48;20231124;65400;Latte;14-16;Caribe;2
7977;M;52;20231030;69000;Flat White;20-22;Caribe;1
7978;M;57;20240607;53000;Latte Macchiato;18-20;Orinoquía;5
7979;M;62;20230806;45000;Chocolate Blanco;20-22;Caribe;4
7980;M;44;20231102;34000;Mocha Blanco Latte;18-20;Pacífica;1
7981;M;59;20230829;47000;Chocolate Helado;10-12;Pacífica;2
7982;M;29;20240526;49000;Americano;14-16;Pacífica;3
7983;M;30;20230827;47000;Cappuccino;20-22;Pacífica;2
7984;F;82;20240418;84000;Latte;10-12;Caribe;2
7985;M;55;20221120;57000;Chocolate Blanco;10-12;Insular;2
7986;F;30;20240607;32000;Chocolate Blanco Helado;16-18;Orinoquía;2
7987;F;72;20221106;66000;Americano;12-14;Caribe;1
7988;M;25;20240127;34000;Café del día;14-16;Orinoquía;4
7989;F;55;20220420;97000;Arequipe Latte;10-12;Insular;3
7990;M;82;20230204;102000;Espresso Macchiato;18-20;Caribe;1
7991;M;65;20240712;78000;Chocolate Helado;14-16;Orinoquía;1
7992;M;70;20210821;100000;Chocolate Helado;20-22;Caribe;2
7993;M;93;20220518;60000;Café del día;20-22;Orinoquía;4
7994;M;71;20231021;84000;Espresso Sencillo;20-22;Insular;2
7995;;48;20221014;65400;Flat White;16-18;Caribe;2
7996;F;80;20230510;84000;Chocolate Helado;10-12;Caribe;3
7997;;48;20220411;65400;Flat White;10-12;Pacífica;4
7998;M;77;20231208;87000;Espresso Macchiato;20-22;Insular;3
7999;M;51;20230702;101000;Arequipe Latte;14-16;Pacífica;3
8000;F;67;20240507;79000;Chocolate Caliente;14-16;Insular;1
8001;M;63;20240201;86000;Cappuccino;20-22;Andina;5
8002;M;21;20231012;37000;Café del día;20-22;Pacífica;3
8003;;48;20220926;65400;Chocolate Helado;10-12;Insular;1
8004;F;55;20240423;108000;Espresso Sencillo;18-20;Caribe;4
8005;M;60;20240130;67000;Chocolate Helado;12-14;Andina;3
8006;M;74;20220511;76000;Latte;12-14;Orinoquía;2
8007;F;66;20230902;92000;Arequipe Latte;10-12;Caribe;2
8008;;48;20230902;65400;Chocolate Caliente;18-20;Insular;4
8009;M;63;20200905;61000;Arequipe Latte;16-18;Pacífica;2
8010;F;80;20230610;99000;Flat White;20-22;Insular;2
8011;F;43;20240116;56000;Espresso Doble;12-14;Pacífica;4
8012;F;60;20240416;32000;Espresso Sencillo;20-22;Orinoquía;1
8013;M;28;20231030;59000;Cappuccino;14-16;Andina;2
8014;M;65;20240103;105000;Arequipe Latte;16-18;Andina;2
8015;;48;20221107;65400;Cappuccino;14-16;Caribe;3
8016;M;76;20190925;59000;Americano;10-12;Orinoquía;2
8017;;48;20220716;65400;Mocha Blanco Latte;20-22;Insular;5
8018;M;86;20220220;56000;Chocolate Blanco Helado;18-20;Andina;3
8019;F;57;20240217;39000;Americano;18-20;Andina;3
8020;M;58;20240725;84000;Cappuccino;12-14;Pacífica;2
8021;M;63;20230828;73000;Espresso Sencillo;12-14;Insular;1
8022;F;81;20230401;74000;Espresso Macchiato;12-14;Pacífica;1
8023;M;24;20210829;60000;Cappuccino;20-22;Orinoquía;1
8024;M;57;20230714;85000;Latte;10-12;Pacífica;4
8025;F;48;20221018;53000;Cappuccino;10-12;Pacífica;1
8026;M;38;20240621;67000;Chocolate Blanco;14-16;Andina;3
8027;F;41;20230102;80000;Chocolate Blanco;10-12;Insular;4
8028;M;70;20230523;114000;Chocolate Blanco;18-20;Orinoquía;2
8029;F;52;20231118;83000;Chocolate Caliente;16-18;Insular;3
8030;F;52;20240426;90000;Mocha Latte;16-18;Insular;3
8031;M;50;20220712;98000;Espresso Sencillo;10-12;Orinoquía;4
8032;;48;20231116;65400;Mocha Latte;20-22;Caribe;1
8033;M;27;20231023;32000;Espresso Macchiato;14-16;Andina;1
8034;;48;20210906;65400;Caramel Macchiato;18-20;Caribe;4
8035;;48;20240424;65400;Caramel Macchiato;12-14;Andina;3
8036;F;59;20230802;90000;Café del día;12-14;Orinoquía;5
8037;F;60;20220727;87000;Caramel Macchiato;16-18;Andina;3
8038;M;33;20240323;33000;Mocha Blanco Latte;16-18;Insular;5
8039;O;92;20210831;97000;Mocha Latte;18-20;Pacífica;4
8040;F;57;20231123;91000;Espresso Sencillo;20-22;Orinoquía;5
8041;M;29;20191214;64000;Arequipe Latte;14-16;Caribe;3
8042;F;64;20231109;44000;Espresso Sencillo;12-14;Insular;2
8043;M;49;20240414;88000;Chocolate Blanco Helado;12-14;Caribe;2
8044;F;29;20240220;59000;Espresso Sencillo;12-14;Insular;5
8045;M;68;20231027;92000;Latte;20-22;Caribe;1
8046;F;64;20230218;108000;Espresso Doble;20-22;Insular;1
8047;M;51;20240130;33000;Americano;12-14;Pacífica;1
8048;M;58;20240328;74000;Latte Macchiato;10-12;Insular;4
8049;M;52;20230606;69000;Latte Macchiato;18-20;Caribe;5
8050;O;70;20240425;41000;Espresso Macchiato;10-12;Andina;2
8051;F;50;20191211;44000;Chocolate Helado;12-14;Caribe;4
8052;M;63;20240226;48000;Chocolate Caliente;10-12;Orinoquía;1
8053;M;66;20230929;42000;Mocha Blanco Latte;14-16;Insular;1
8054;M;37;20220801;32000;Caramel Macchiato;16-18;Insular;5
8055;M;42;20240110;32000;Café del día;10-12;Insular;4
8056;M;22;20230510;36000;Latte Macchiato;10-12;Caribe;2
8057;F;72;20240118;109000;Espresso Doble;10-12;Andina;3
8058;M;44;20220125;63000;Mocha Latte;14-16;Pacífica;4
8059;M;22;20220911;72000;Espresso Sencillo;10-12;Insular;2
8060;;48;20220306;65400;Latte;14-16;Orinoquía;4
8061;;48;20231007;65400;Mocha Latte;10-12;Andina;2
8062;M;25;20240416;67000;Cappuccino;12-14;Orinoquía;2
8063;M;65;20231122;45000;Mocha Latte;12-14;Andina;5
8064;F;67;20210811;51000;Caramel Macchiato;20-22;Pacífica;2
8065;M;53;20200220;66000;Chocolate Blanco;18-20;Insular;1
8066;;48;20190920;65400;Latte;18-20;Orinoquía;1
8067;M;83;20230101;76000;Espresso Macchiato;18-20;Andina;3
8068;F;88;20230830;68000;Latte Macchiato;12-14;Pacífica;5
8069;M;48;20240714;54000;Flat White;20-22;Insular;4
8070;F;70;20221118;117000;Latte Macchiato;20-22;Caribe;2
8071;;48;20240301;65400;Mocha Blanco Latte;10-12;Andina;1
8072;;48;20240403;65400;Espresso Macchiato;12-14;Andina;1
8073;M;56;20231213;55000;Flat White;18-20;Insular;5
8074;;48;20211012;65400;Espresso Doble;14-16;Caribe;3
8075;M;66;20240127;46000;Latte;16-18;Caribe;3
8076;M;41;20230827;62000;Mocha Blanco Latte;18-20;Orinoquía;3
8077;;48;20230424;65400;Espresso Sencillo;14-16;Pacífica;2
8078;M;54;20240504;97000;Espresso Doble;18-20;Caribe;5
8079;M;82;20240726;32000;Cappuccino;20-22;Insular;1
8080;F;40;20210903;85000;Mocha Blanco Latte;16-18;Andina;3
8081;F;41;20230113;64000;Cappuccino;18-20;Insular;1
8082;M;21;20221030;52000;Arequipe Latte;12-14;Caribe;4
8083;M;44;20230217;75000;Mocha Blanco Latte;12-14;Caribe;3
8084;M;34;20231008;31000;Mocha Latte;10-12;Andina;3
8085;M;56;20220831;71000;Chocolate Blanco Helado;10-12;Insular;2
8086;F;63;20240407;110000;Mocha Latte;16-18;Pacífica;1
8087;;48;20221213;65400;Americano;20-22;Orinoquía;3
8088;F;74;20211222;57000;Mocha Latte;12-14;Pacífica;4
8089;F;97;20231004;71000;Americano;18-20;Pacífica;5
8090;F;34;20231011;41000;Caramel Macchiato;16-18;Insular;2
8091;F;83;20240220;56000;Chocolate Blanco Helado;16-18;Orinoquía;3
8092;M;45;20240422;96000;Espresso Sencillo;20-22;Pacífica;3
8093;M;20;20230906;61000;Latte Macchiato;14-16;Caribe;3
8094;F;27;20230625;31000;Mocha Latte;14-16;Insular;3
8095;F;62;20210323;69000;Chocolate Helado;10-12;Caribe;5
8096;M;34;20210307;66000;Arequipe Latte;18-20;Insular;2
8097;F;92;20240401;57000;Chocolate Caliente;10-12;Orinoquía;3
8098;M;26;20230908;42000;Espresso Sencillo;16-18;Insular;5
8099;M;44;20221111;59000;Americano;16-18;Orinoquía;1
8100;M;25;20230220;35000;Chocolate Blanco Helado;20-22;Insular;1
8101;;48;20211108;65400;Mocha Latte;10-12;Orinoquía;4
8102;F;54;20231110;45000;Caramel Macchiato;10-12;Insular;1
8103;M;56;20230713;72000;Flat White;12-14;Caribe;3
8104;M;54;20240211;60000;Caramel Macchiato;20-22;Caribe;4
8105;M;67;20220806;91000;Espresso Doble;10-12;Caribe;5
8106;M;87;20240610;33000;Cappuccino;14-16;Orinoquía;1
8107;;48;20231121;65400;Chocolate Helado;18-20;Caribe;5
8108;O;33;20220209;70000;Latte;12-14;Orinoquía;1
8109;F;84;20231027;71000;Chocolate Caliente;10-12;Caribe;2
8110;O;42;20240410;89000;Latte Macchiato;14-16;Pacífica;3
8111;M;18;20240120;34000;Espresso Doble;18-20;Pacífica;3
8112;;48;20240604;65400;Chocolate Helado;12-14;Orinoquía;4
8113;F;53;20240607;54000;Chocolate Helado;16-18;Andina;4
8114;F;72;20231105;74000;Mocha Latte;18-20;Pacífica;1
8115;F;77;20231229;119000;Mocha Blanco Latte;12-14;Insular;3
8116;;48;20231017;65400;Latte;10-12;Pacífica;2
8117;M;61;20240313;44000;Espresso Macchiato;16-18;Insular;3
8118;F;95;20230304;71000;Chocolate Blanco Helado;14-16;Insular;2
8119;F;67;20240325;94000;Arequipe Latte;10-12;Insular;5
8120;M;70;20211216;78000;Chocolate Blanco;12-14;Caribe;4
8121;M;58;20240422;73000;Latte;12-14;Insular;2
8122;F;27;20240313;62000;Chocolate Blanco;10-12;Andina;4
8123;F;76;20230317;109000;Chocolate Helado;20-22;Caribe;5
8124;F;73;20230325;80000;Café del día;14-16;Andina;1
8125;F;50;20230821;108000;Arequipe Latte;18-20;Orinoquía;3
8126;;48;20230811;65400;Espresso Macchiato;12-14;Caribe;1
8127;M;32;20231013;62000;Mocha Latte;10-12;Orinoquía;5
8128;M;21;20230422;45000;Espresso Doble;14-16;Orinoquía;4
8129;M;64;20220724;71000;Chocolate Blanco Helado;18-20;Pacífica;1
8130;M;59;20221015;83000;Americano;10-12;Andina;2
8131;M;46;20240201;59000;Mocha Latte;20-22;Orinoquía;2
8132;;48;20210922;65400;Caramel Macchiato;18-20;Andina;1
8133;F;55;20240221;76000;Americano;12-14;Andina;3
8134;M;71;20240101;69000;Chocolate Blanco;14-16;Insular;3
8135;F;72;20230427;42000;Chocolate Blanco;18-20;Orinoquía;2
8136;F;80;20211027;92000;Espresso Macchiato;14-16;Andina;2
8137;M;42;20211022;59000;Espresso Doble;14-16;Andina;4
8138;;48;20240312;65400;Arequipe Latte;16-18;Insular;4
8139;;48;20240413;65400;Mocha Blanco Latte;12-14;Caribe;5
8140;F;66;20230727;52000;Café del día;16-18;Caribe;2
8141;M;71;20210304;32000;Chocolate Blanco Helado;12-14;Orinoquía;5
8142;M;80;20231119;49000;Chocolate Blanco;18-20;Pacífica;2
8143;;48;20230804;65400;Chocolate Caliente;16-18;Andina;5
8144;F;32;20220423;52000;Chocolate Helado;14-16;Caribe;2
8145;M;79;20230926;33000;Arequipe Latte;20-22;Andina;5
8146;M;20;20230109;35000;Chocolate Caliente;12-14;Pacífica;2
8147;M;78;20220516;111000;Cappuccino;10-12;Andina;1
8148;F;75;20231201;80000;Chocolate Helado;18-20;Insular;2
8149;O;62;20230608;67000;Chocolate Blanco;12-14;Pacífica;4
8150;;48;20230319;65400;Latte;18-20;Insular;5
8151;M;85;20230216;117000;Americano;16-18;Pacífica;3
8152;F;48;20240726;64000;Chocolate Blanco Helado;14-16;Orinoquía;2
8153;M;42;20220416;67000;Flat White;12-14;Pacífica;3
8154;M;40;20230112;68000;Cappuccino;14-16;Orinoquía;5
8155;M;84;20210808;43000;Café del día;18-20;Insular;3
8156;;48;20230317;65400;Espresso Macchiato;16-18;Andina;4
8157;M;53;20231213;58000;Mocha Blanco Latte;18-20;Pacífica;4
8158;M;51;20201105;73000;Latte Macchiato;14-16;Andina;3
8159;M;66;20230307;105000;Chocolate Helado;16-18;Orinoquía;5
8160;F;27;20230928;36000;Arequipe Latte;12-14;Andina;5
8161;M;57;20240530;93000;Chocolate Blanco;12-14;Orinoquía;2
8162;M;54;20230727;86000;Latte;12-14;Andina;4
8163;M;49;20231203;94000;Espresso Sencillo;12-14;Orinoquía;2
8164;M;25;20240225;67000;Espresso Doble;14-16;Insular;5
8165;M;32;20240718;62000;Americano;16-18;Orinoquía;5
8166;F;93;20240319;92000;Espresso Sencillo;10-12;Insular;2
8167;M;68;20220123;50000;Cappuccino;20-22;Caribe;4
8168;F;62;20210902;48000;Chocolate Caliente;12-14;Insular;2
8169;F;61;20240426;86000;Espresso Sencillo;14-16;Orinoquía;4
8170;;48;20210914;65400;Chocolate Blanco;16-18;Pacífica;1
8171;M;38;20231228;76000;Café del día;12-14;Pacífica;3
8172;M;55;20240319;55000;Chocolate Blanco Helado;12-14;Caribe;5
8173;M;23;20240715;60000;Americano;20-22;Caribe;4
8174;M;43;20220228;54000;Espresso Macchiato;10-12;Caribe;5
8175;F;22;20230417;44000;Mocha Blanco Latte;18-20;Orinoquía;4
8176;M;45;20231015;42000;Chocolate Helado;16-18;Pacífica;4
8177;M;80;20220723;64000;Espresso Macchiato;14-16;Orinoquía;1
8178;F;68;20220401;78000;Espresso Doble;12-14;Orinoquía;5
8179;M;67;20210315;38000;Latte;14-16;Andina;1
8180;F;57;20230914;33000;Latte Macchiato;20-22;Caribe;2
8181;M;46;20221022;54000;Latte Macchiato;14-16;Andina;2
8182;F;41;20220416;77000;Chocolate Caliente;20-22;Caribe;1
8183;M;52;20240214;37000;Latte Macchiato;10-12;Andina;2
8184;F;45;20210117;95000;Espresso Doble;14-16;Orinoquía;1
8185;M;58;20230807;34000;Espresso Doble;14-16;Pacífica;4
8186;M;73;20240225;70000;Latte;14-16;Andina;3
8187;M;36;20240603;47000;Latte;18-20;Caribe;5
8188;F;64;20210916;73000;Cappuccino;18-20;Pacífica;3
8189;F;44;20220919;62000;Espresso Macchiato;12-14;Insular;5
8190;;48;20211216;65400;Mocha Blanco Latte;14-16;Andina;1
8191;M;43;20200127;73000;Espresso Macchiato;10-12;Pacífica;2
8192;F;63;20240304;76000;Americano;16-18;Andina;4
8193;;48;20240424;65400;Chocolate Blanco Helado;20-22;Orinoquía;2
8194;;48;20240416;65400;Chocolate Helado;14-16;Andina;3
8195;;48;20230810;65400;Chocolate Helado;12-14;Pacífica;1
8196;M;67;20240625;51000;Arequipe Latte;16-18;Andina;5
8197;F;59;20220326;108000;Chocolate Caliente;14-16;Caribe;1
8198;M;28;20231125;70000;Latte;12-14;Insular;1
8199;M;67;20231125;71000;Chocolate Caliente;12-14;Andina;4
8200;M;46;20240516;40000;Mocha Latte;10-12;Andina;2
8201;;48;20210903;65400;Chocolate Blanco Helado;12-14;Caribe;3
8202;M;76;20240515;54000;Mocha Latte;12-14;Insular;5
8203;;48;20220405;65400;Cappuccino;12-14;Andina;4
8204;F;39;20221115;53000;Espresso Macchiato;20-22;Insular;4
8205;M;74;20210921;50000;Espresso Macchiato;14-16;Orinoquía;5
8206;F;51;20231120;74000;Chocolate Caliente;20-22;Orinoquía;3
8207;M;60;20230930;42000;Flat White;10-12;Insular;1
8208;F;24;20240220;52000;Espresso Macchiato;18-20;Caribe;4
8209;M;63;20210118;64000;Latte Macchiato;16-18;Orinoquía;4
8210;M;55;20220624;58000;Café del día;16-18;Insular;5
8211;F;60;20211007;81000;Café del día;20-22;Caribe;3
8212;M;68;20240108;118000;Chocolate Blanco Helado;16-18;Andina;2
8213;M;63;20240325;49000;Cappuccino;18-20;Orinoquía;5
8214;M;27;20200405;72000;Chocolate Blanco;12-14;Orinoquía;2
8215;M;69;20221107;86000;Café del día;12-14;Andina;2
8216;M;44;20230909;51000;Chocolate Helado;14-16;Caribe;3
8217;F;34;20240304;42000;Chocolate Blanco Helado;20-22;Pacífica;3
8218;;48;20240204;65400;Latte;20-22;Pacífica;1
8219;F;46;20200624;82000;Flat White;14-16;Andina;3
8220;F;70;20240629;35000;Cappuccino;14-16;Andina;4
8221;F;90;20230126;51000;Arequipe Latte;16-18;Caribe;1
8222;;48;20221227;65400;Caramel Macchiato;18-20;Andina;3
8223;F;82;20220604;81000;Chocolate Blanco;18-20;Pacífica;2
8224;M;37;20210228;64000;Arequipe Latte;10-12;Caribe;1
8225;M;41;20240311;75000;Chocolate Helado;12-14;Caribe;4
8226;F;66;20231228;46000;Espresso Macchiato;18-20;Insular;1
8227;M;40;20240621;69000;Cappuccino;10-12;Caribe;3
8228;F;60;20240514;56000;Espresso Sencillo;16-18;Orinoquía;1
8229;F;59;20230719;75000;Latte;12-14;Orinoquía;5
8230;F;42;20231015;78000;Chocolate Blanco;16-18;Caribe;5
8231;F;56;20230528;93000;Chocolate Helado;20-22;Caribe;2
8232;F;88;20220506;33000;Arequipe Latte;18-20;Orinoquía;1
8233;F;26;20240513;54000;Mocha Blanco Latte;14-16;Andina;5
8234;M;55;20221105;45000;Chocolate Caliente;20-22;Andina;2
8235;F;50;20220309;72000;Chocolate Blanco;12-14;Orinoquía;4
8236;F;47;20210131;67000;Cappuccino;10-12;Insular;3
8237;M;60;20200927;32000;Espresso Macchiato;20-22;Orinoquía;3
8238;M;39;20230911;39000;Mocha Latte;16-18;Pacífica;4
8239;M;51;20231104;75000;Chocolate Helado;14-16;Insular;4
8240;M;39;20210527;62000;Latte Macchiato;14-16;Caribe;5
8241;F;73;20220519;52000;Chocolate Helado;12-14;Pacífica;1
8242;F;44;20220320;75000;Chocolate Blanco Helado;20-22;Andina;2
8243;M;63;20221129;56000;Espresso Macchiato;12-14;Pacífica;5
8244;F;52;20230528;54000;Latte Macchiato;14-16;Pacífica;1
8245;F;68;20240126;55000;Espresso Sencillo;20-22;Insular;1
8246;M;26;20230724;44000;Espresso Macchiato;18-20;Andina;4
8247;F;55;20240209;82000;Café del día;10-12;Pacífica;5
8248;;48;20240520;65400;Flat White;20-22;Caribe;2
8249;;48;20220911;65400;Mocha Latte;14-16;Pacífica;1
8250;F;56;20231207;110000;Cappuccino;18-20;Pacífica;5
8251;F;57;20211005;79000;Chocolate Caliente;20-22;Pacífica;2
8252;F;33;20240104;40000;Flat White;14-16;Orinoquía;3
8253;F;55;20231119;79000;Latte;18-20;Caribe;3
8254;M;53;20201201;100000;Cappuccino;16-18;Pacífica;3
8255;F;67;20220408;111000;Caramel Macchiato;18-20;Andina;3
8256;;48;20210923;65400;Mocha Blanco Latte;16-18;Andina;5
8257;M;65;20230721;33000;Chocolate Caliente;16-18;Pacífica;4
8258;F;21;20231030;49000;Mocha Blanco Latte;20-22;Orinoquía;3
8259;M;85;20200808;53000;Café del día;10-12;Insular;1
8260;;48;20240501;65400;Flat White;14-16;Insular;1
8261;M;26;20230815;38000;Espresso Sencillo;16-18;Insular;4
8262;M;84;20231125;37000;Mocha Latte;10-12;Insular;2
8263;M;61;20230802;117000;Mocha Blanco Latte;10-12;Caribe;2
8264;M;69;20230206;71000;Espresso Sencillo;20-22;Orinoquía;4
8265;F;77;20220101;46000;Espresso Doble;18-20;Orinoquía;1
8266;F;65;20240429;81000;Latte Macchiato;12-14;Andina;3
8267;F;58;20240621;71000;Chocolate Blanco Helado;10-12;Caribe;4
8268;F;33;20230728;40000;Latte;14-16;Orinoquía;1
8269;F;32;20240404;54000;Mocha Blanco Latte;16-18;Insular;1
8270;F;75;20230613;60000;Latte Macchiato;10-12;Andina;2
8271;;48;20230627;65400;Latte;14-16;Andina;5
8272;M;81;20240621;74000;Chocolate Helado;16-18;Orinoquía;2
8273;F;60;20231124;83000;Espresso Macchiato;16-18;Pacífica;2
8274;F;64;20231031;71000;Espresso Macchiato;10-12;Insular;2
8275;M;37;20220208;51000;Chocolate Caliente;12-14;Orinoquía;1
8276;O;52;20211201;84000;Mocha Blanco Latte;20-22;Caribe;5
8277;M;42;20240216;74000;Flat White;10-12;Caribe;4
8278;F;20;20230731;48000;Espresso Sencillo;12-14;Pacífica;1
8279;M;27;20231117;66000;Latte;20-22;Orinoquía;5
8280;O;71;20240418;86000;Chocolate Helado;12-14;Orinoquía;4
8281;M;37;20240219;69000;Espresso Macchiato;18-20;Caribe;5
8282;F;74;20230818;50000;Espresso Doble;10-12;Insular;2
8283;F;65;20230902;89000;Chocolate Helado;18-20;Caribe;5
8284;;48;20240426;65400;Chocolate Blanco;14-16;Andina;3
8285;F;48;20240203;96000;Chocolate Helado;12-14;Insular;1
8286;M;43;20221114;45000;Flat White;14-16;Insular;2
8287;F;55;20231213;77000;Chocolate Blanco Helado;20-22;Pacífica;5
8288;M;67;20230919;62000;Mocha Blanco Latte;16-18;Insular;2
8289;F;56;20220703;57000;Chocolate Blanco Helado;14-16;Orinoquía;1
8290;M;39;20191015;36000;Chocolate Caliente;12-14;Andina;5
8291;M;78;20191229;57000;Chocolate Blanco Helado;14-16;Caribe;2
8292;M;44;20240222;51000;Chocolate Helado;10-12;Pacífica;4
8293;M;69;20240515;57000;Chocolate Blanco Helado;18-20;Andina;4
8294;M;31;20210904;40000;Espresso Doble;20-22;Andina;4
8295;F;50;20230825;73000;Chocolate Blanco Helado;10-12;Insular;2
8296;M;64;20230703;98000;Chocolate Caliente;16-18;Orinoquía;2
8297;M;54;20240204;53000;Latte;16-18;Pacífica;3
8298;;48;20240409;65400;Chocolate Blanco;10-12;Andina;3
8299;M;44;20200915;60000;Flat White;16-18;Insular;2
8300;F;54;20230704;74000;Chocolate Blanco Helado;20-22;Orinoquía;1
8301;;48;20240415;65400;Caramel Macchiato;12-14;Andina;3
8302;;48;20231224;65400;Chocolate Caliente;14-16;Insular;4
8303;;48;20240506;65400;Espresso Sencillo;20-22;Pacífica;4
8304;M;65;20240722;32000;Flat White;10-12;Andina;4
8305;F;56;20221001;83000;Americano;20-22;Andina;3
8306;M;81;20231214;81000;Chocolate Blanco Helado;20-22;Pacífica;4
8307;M;75;20230415;87000;Latte;20-22;Andina;5
8308;M;46;20230825;56000;Americano;10-12;Insular;3
8309;M;62;20220525;63000;Flat White;16-18;Caribe;2
8310;M;27;20231109;35000;Mocha Blanco Latte;14-16;Andina;4
8311;;48;20220819;65400;Chocolate Blanco;14-16;Pacífica;2
8312;F;67;20231127;42000;Café del día;20-22;Caribe;5
8313;M;34;20231128;51000;Espresso Macchiato;20-22;Andina;5
8314;M;68;20240428;55000;Latte Macchiato;14-16;Caribe;5
8315;M;47;20201220;44000;Latte;14-16;Insular;4
8316;M;67;20221126;93000;Latte;14-16;Caribe;5
8317;M;19;20230830;70000;Chocolate Helado;20-22;Insular;1
8318;M;57;20240305;46000;Latte Macchiato;18-20;Andina;2
8319;M;52;20210805;94000;Latte;16-18;Caribe;1
8320;M;58;20240301;48000;Chocolate Blanco;20-22;Insular;4
8321;F;30;20240205;54000;Mocha Blanco Latte;16-18;Caribe;5
8322;M;57;20210901;120000;Mocha Blanco Latte;16-18;Insular;4
8323;F;58;20240325;89000;Café del día;14-16;Orinoquía;1
8324;M;52;20220820;89000;Chocolate Blanco Helado;20-22;Andina;5
8325;M;68;20211217;57000;Espresso Doble;18-20;Caribe;1
8326;F;64;20230613;71000;Café del día;10-12;Orinoquía;3
8327;M;44;20240415;40000;Espresso Macchiato;16-18;Orinoquía;5
8328;F;58;20220906;81000;Americano;16-18;Orinoquía;4
8329;M;21;20221123;62000;Mocha Latte;16-18;Orinoquía;1
8330;M;81;20240623;38000;Chocolate Helado;20-22;Orinoquía;4
8331;M;50;20240711;39000;Flat White;10-12;Pacífica;1
8332;M;20;20211203;45000;Chocolate Blanco Helado;20-22;Insular;1
8333;F;61;20231031;77000;Mocha Blanco Latte;16-18;Andina;2
8334;F;75;20240109;42000;Mocha Blanco Latte;12-14;Caribe;5
8335;F;72;20240514;62000;Chocolate Helado;18-20;Insular;1
8336;;48;20230814;65400;Espresso Sencillo;16-18;Caribe;2
8337;M;33;20230520;38000;Latte Macchiato;12-14;Insular;5
8338;F;51;20230405;71000;Chocolate Blanco Helado;12-14;Insular;5
8339;M;51;20231120;52000;Mocha Latte;12-14;Insular;1
8340;;48;20231109;65400;Espresso Macchiato;14-16;Andina;3
8341;M;88;20231125;52000;Cappuccino;10-12;Pacífica;1
8342;M;54;20220123;56000;Espresso Sencillo;12-14;Insular;1
8343;F;22;20231115;45000;Espresso Macchiato;18-20;Andina;4
8344;M;67;20230817;51000;Espresso Doble;14-16;Pacífica;4
8345;M;59;20231128;42000;Cappuccino;18-20;Andina;2
8346;F;35;20240117;51000;Cappuccino;16-18;Insular;1
8347;M;53;20200209;35000;Chocolate Blanco;16-18;Caribe;5
8348;F;67;20231007;57000;Chocolate Blanco Helado;20-22;Andina;5
8349;;48;20240328;65400;Cappuccino;14-16;Orinoquía;5
8350;M;57;20210808;63000;Arequipe Latte;18-20;Pacífica;3
8351;M;43;20220823;75000;Espresso Doble;20-22;Orinoquía;3
8352;F;34;20220120;75000;Chocolate Caliente;20-22;Andina;3
8353;M;61;20230727;56000;Chocolate Blanco Helado;10-12;Caribe;5
8354;F;59;20220112;116000;Latte;12-14;Orinoquía;4
8355;M;63;20231207;65000;Latte Macchiato;10-12;Insular;4
8356;F;40;20240721;73000;Café del día;16-18;Andina;5
8357;;48;20230416;65400;Americano;10-12;Orinoquía;2
8358;;48;20230907;65400;Cappuccino;14-16;Pacífica;5
8359;F;51;20240204;80000;Café del día;18-20;Andina;1
8360;;48;20220810;65400;Latte Macchiato;10-12;Insular;2
8361;;48;20230920;65400;Caramel Macchiato;18-20;Pacífica;5
8362;M;54;20200419;40000;Caramel Macchiato;10-12;Caribe;5
8363;M;42;20240401;70000;Mocha Latte;20-22;Orinoquía;3
8364;F;53;20230922;94000;Mocha Blanco Latte;12-14;Caribe;1
8365;F;76;20230405;95000;Latte;16-18;Insular;4
8366;F;60;20240117;73000;Chocolate Blanco;16-18;Insular;2
8367;M;41;20240115;35000;Espresso Macchiato;18-20;Orinoquía;2
8368;M;63;20231120;94000;Mocha Blanco Latte;20-22;Pacífica;2
8369;M;34;20240530;35000;Caramel Macchiato;12-14;Insular;5
8370;F;60;20230927;88000;Espresso Macchiato;18-20;Orinoquía;5
8371;M;87;20240119;57000;Arequipe Latte;16-18;Andina;3
8372;F;69;20191012;95000;Cappuccino;18-20;Orinoquía;4
8373;M;35;20240227;52000;Chocolate Blanco;16-18;Orinoquía;2
8374;F;43;20221221;61000;Cappuccino;20-22;Caribe;1
8375;F;56;20240606;93000;Chocolate Helado;18-20;Pacífica;2
8376;;48;20220324;65400;Chocolate Caliente;20-22;Pacífica;3
8377;M;63;20220517;79000;Chocolate Helado;20-22;Orinoquía;1
8378;M;37;20231208;77000;Espresso Macchiato;14-16;Pacífica;2
8379;M;65;20231113;70000;Chocolate Caliente;16-18;Andina;5
8380;;48;20230912;65400;Mocha Blanco Latte;18-20;Orinoquía;5
8381;M;63;20231211;61000;Espresso Doble;14-16;Andina;1
8382;F;26;20231025;31000;Americano;20-22;Andina;3
8383;F;31;20231221;32000;Espresso Doble;12-14;Andina;4
8384;;48;20210903;65400;Espresso Doble;12-14;Pacífica;5
8385;F;87;20231226;79000;Mocha Latte;18-20;Pacífica;1
8386;M;24;20231108;56000;Cappuccino;10-12;Andina;1
8387;F;69;20220501;78000;Latte Macchiato;18-20;Caribe;1
8388;F;64;20231025;59000;Chocolate Helado;14-16;Andina;4
8389;F;92;20201130;77000;Chocolate Helado;18-20;Pacífica;3
8390;M;37;20231201;50000;Espresso Doble;10-12;Insular;2
8391;F;26;20221005;36000;Espresso Macchiato;10-12;Caribe;2
8392;M;29;20230921;70000;Cappuccino;12-14;Pacífica;3
8393;F;39;20221015;74000;Americano;10-12;Pacífica;3
8394;;48;20220116;65400;Espresso Doble;14-16;Caribe;3
8395;M;45;20240404;63000;Espresso Macchiato;10-12;Orinoquía;4
8396;M;50;20240614;59000;Mocha Blanco Latte;18-20;Caribe;1
8397;F;53;20230110;55000;Café del día;14-16;Orinoquía;5
8398;M;56;20231013;111000;Latte Macchiato;12-14;Orinoquía;1
8399;M;30;20240108;47000;Arequipe Latte;12-14;Caribe;3
8400;F;33;20240306;54000;Espresso Sencillo;14-16;Andina;4
8401;F;56;20240410;57000;Latte Macchiato;20-22;Insular;3
8402;;48;20220310;65400;Chocolate Helado;10-12;Andina;5
8403;F;31;20221106;53000;Flat White;18-20;Pacífica;2
8404;M;53;20221117;41000;Chocolate Caliente;18-20;Pacífica;5
8405;F;60;20231205;32000;Cappuccino;20-22;Andina;1
8406;M;36;20230813;48000;Latte;20-22;Caribe;3
8407;;48;20230314;65400;Chocolate Helado;18-20;Pacífica;3
8408;M;63;20231107;38000;Americano;18-20;Insular;2
8409;M;70;20221215;66000;Espresso Sencillo;16-18;Orinoquía;2
8410;M;63;20221027;89000;Café del día;20-22;Insular;5
8411;F;51;20221204;65000;Latte Macchiato;10-12;Pacífica;5
8412;M;21;20220526;48000;Chocolate Blanco;14-16;Orinoquía;5
8413;F;24;20221111;60000;Espresso Sencillo;16-18;Andina;5
8414;M;73;20240724;32000;Mocha Blanco Latte;16-18;Caribe;1
8415;F;49;20230222;56000;Flat White;16-18;Andina;3
8416;M;56;20231101;42000;Espresso Macchiato;14-16;Andina;2
8417;M;87;20231223;54000;Chocolate Blanco Helado;16-18;Insular;2
8418;F;53;20240122;62000;Caramel Macchiato;20-22;Pacífica;3
8419;M;33;20231024;34000;Espresso Sencillo;18-20;Orinoquía;3
8420;M;51;20231213;40000;Arequipe Latte;18-20;Caribe;5
8421;M;78;20220805;87000;Cappuccino;10-12;Orinoquía;5
8422;;48;20211206;65400;Americano;12-14;Orinoquía;4
8423;M;63;20211108;70000;Mocha Latte;10-12;Andina;2
8424;F;77;20220710;78000;Cappuccino;18-20;Caribe;1
8425;M;25;20230619;37000;Mocha Latte;16-18;Insular;3
8426;M;48;20230323;43000;Chocolate Blanco;14-16;Insular;2
8427;F;58;20221122;72000;Flat White;16-18;Insular;2
8428;;48;20221022;65400;Chocolate Blanco Helado;16-18;Insular;5
8429;F;44;20220612;56000;Americano;18-20;Caribe;1
8430;;48;20231104;65400;Chocolate Caliente;18-20;Insular;5
8431;;48;20240122;65400;Mocha Latte;12-14;Caribe;4
8432;F;53;20220905;66000;Mocha Latte;20-22;Caribe;1
8433;F;50;20220626;103000;Mocha Blanco Latte;20-22;Orinoquía;1
8434;F;59;20210616;38000;Flat White;12-14;Orinoquía;3
8435;M;65;20210613;36000;Flat White;20-22;Insular;2
8436;M;68;20220210;77000;Arequipe Latte;14-16;Andina;5
8437;M;47;20230420;55000;Latte;12-14;Pacífica;4
8438;F;59;20231023;57000;Mocha Latte;18-20;Orinoquía;4
8439;F;55;20220527;58000;Café del día;18-20;Andina;3
8440;;48;20230719;65400;Flat White;18-20;Caribe;3
8441;F;73;20230807;57000;Chocolate Blanco;20-22;Andina;4
8442;F;41;20210826;40000;Café del día;16-18;Pacífica;4
8443;M;32;20231217;38000;Chocolate Blanco Helado;12-14;Insular;1
8444;M;73;20231027;55000;Espresso Macchiato;16-18;Insular;3
8445;F;55;20230807;87000;Chocolate Helado;18-20;Orinoquía;1
8446;M;63;20240122;57000;Chocolate Helado;10-12;Andina;5
8447;M;66;20230305;76000;Espresso Macchiato;20-22;Pacífica;2
8448;M;23;20200309;39000;Cappuccino;12-14;Insular;5
8449;M;70;20240115;68000;Chocolate Helado;16-18;Pacífica;1
8450;F;60;20231219;85000;Espresso Macchiato;14-16;Pacífica;2
8451;M;21;20210819;39000;Latte Macchiato;18-20;Pacífica;4
8452;;48;20240216;65400;Espresso Sencillo;12-14;Insular;4
8453;F;92;20240501;63000;Arequipe Latte;20-22;Insular;5
8454;F;81;20240122;108000;Latte;10-12;Andina;1
8455;M;59;20230520;108000;Café del día;14-16;Andina;5
8456;F;67;20240129;87000;Latte Macchiato;12-14;Caribe;5
8457;;48;20210930;65400;Chocolate Helado;20-22;Insular;2
8458;F;48;20230516;52000;Cappuccino;16-18;Insular;2
8459;M;28;20231104;35000;Caramel Macchiato;14-16;Andina;5
8460;;48;20220928;65400;Mocha Blanco Latte;18-20;Pacífica;5
8461;;48;20240102;65400;Flat White;18-20;Orinoquía;1
8462;M;66;20230728;49000;Latte Macchiato;18-20;Pacífica;4
8463;F;64;20230206;98000;Espresso Doble;20-22;Caribe;4
8464;;48;20220331;65400;Flat White;14-16;Andina;4
8465;;48;20230821;65400;Americano;14-16;Caribe;1
8466;M;51;20200518;63000;Caramel Macchiato;20-22;Orinoquía;4
8467;;48;20240619;65400;Espresso Macchiato;12-14;Andina;1
8468;F;30;20231201;51000;Caramel Macchiato;20-22;Caribe;3
8469;M;31;20231006;34000;Chocolate Blanco;10-12;Pacífica;4
8470;M;35;20231201;38000;Chocolate Caliente;14-16;Andina;5
8471;F;57;20211119;116000;Chocolate Blanco Helado;12-14;Caribe;1
8472;F;70;20210812;97000;Café del día;10-12;Caribe;5
8473;O;67;20240626;37000;Espresso Doble;16-18;Caribe;1
8474;M;60;20240716;97000;Flat White;18-20;Insular;5
8475;F;78;20200524;72000;Chocolate Helado;18-20;Andina;5
8476;F;82;20231118;109000;Chocolate Caliente;14-16;Insular;3
8477;M;49;20240209;77000;Café del día;10-12;Insular;1
8478;F;73;20231006;39000;Americano;18-20;Caribe;4
8479;F;39;20221127;47000;Espresso Macchiato;16-18;Andina;4
8480;M;30;20240501;73000;Espresso Doble;12-14;Pacífica;5
8481;M;59;20240111;85000;Arequipe Latte;18-20;Caribe;2
8482;M;72;20230814;37000;Chocolate Caliente;16-18;Orinoquía;4
8483;F;46;20211220;54000;Chocolate Caliente;10-12;Orinoquía;3
8484;M;43;20211201;53000;Chocolate Blanco;16-18;Andina;2
8485;F;53;20210428;69000;Chocolate Blanco;18-20;Caribe;5
8486;F;49;20240314;75000;Espresso Sencillo;10-12;Caribe;4
8487;F;61;20230706;72000;Mocha Latte;18-20;Caribe;3
8488;M;22;20200608;50000;Espresso Macchiato;20-22;Insular;1
8489;M;37;20240223;39000;Arequipe Latte;20-22;Orinoquía;3
8490;M;45;20240101;73000;Latte;18-20;Caribe;3
8491;M;40;20240324;42000;Espresso Doble;20-22;Orinoquía;2
8492;;48;20240420;65400;Mocha Blanco Latte;16-18;Pacífica;4
8493;F;91;20220820;95000;Mocha Blanco Latte;14-16;Andina;5
8494;M;75;20240322;42000;Latte;20-22;Pacífica;4
8495;F;54;20210816;77000;Chocolate Blanco;20-22;Andina;5
8496;M;37;20240122;57000;Americano;18-20;Orinoquía;1
8497;M;32;20231005;32000;Chocolate Blanco Helado;14-16;Pacífica;3
8498;;48;20231127;65400;Mocha Blanco Latte;14-16;Insular;4
8499;M;21;20240302;35000;Espresso Sencillo;18-20;Orinoquía;2
8500;M;62;20220817;58000;Cappuccino;12-14;Pacífica;3
8501;F;67;20231017;116000;Espresso Doble;16-18;Caribe;1
8502;F;31;20231107;30000;Flat White;10-12;Pacífica;1
8503;M;41;20220504;81000;Chocolate Blanco Helado;10-12;Pacífica;3
8504;;48;20240401;65400;Flat White;18-20;Orinoquía;5
8505;F;65;20211012;97000;Flat White;14-16;Caribe;4
8506;M;55;20240606;76000;Flat White;16-18;Andina;4
8507;M;56;20201126;51000;Chocolate Blanco;20-22;Orinoquía;4
8508;M;66;20220704;70000;Café del día;12-14;Insular;4
8509;;48;20240224;65400;Espresso Doble;18-20;Andina;4
8510;M;58;20231207;61000;Espresso Doble;16-18;Orinoquía;5
8511;M;58;20231207;59000;Mocha Latte;20-22;Andina;5
8512;F;37;20220805;64000;Chocolate Caliente;16-18;Caribe;3
8513;;48;20191109;65400;Cappuccino;14-16;Andina;5
8514;;48;20221019;65400;Chocolate Helado;12-14;Orinoquía;2
8515;M;64;20211203;77000;Chocolate Helado;14-16;Insular;3
8516;M;34;20221203;60000;Chocolate Blanco;20-22;Andina;1
8517;F;49;20231217;115000;Americano;16-18;Caribe;4
8518;M;71;20230102;84000;Caramel Macchiato;16-18;Andina;1
8519;O;62;20230826;74000;Espresso Doble;18-20;Orinoquía;2
8520;M;58;20240703;43000;Espresso Sencillo;20-22;Caribe;5
8521;;48;20240116;65400;Americano;20-22;Pacífica;5
8522;M;91;20240614;52000;Flat White;10-12;Orinoquía;3
8523;M;56;20240630;70000;Espresso Macchiato;12-14;Pacífica;2
8524;;48;20240113;65400;Cappuccino;18-20;Caribe;2
8525;M;54;20220127;92000;Flat White;12-14;Pacífica;3
8526;M;65;20230321;71000;Chocolate Blanco Helado;14-16;Insular;3
8527;F;45;20230923;98000;Americano;14-16;Andina;4
8528;F;49;20231030;63000;Chocolate Blanco;18-20;Caribe;5
8529;M;54;20190820;40000;Espresso Macchiato;18-20;Pacífica;1
8530;M;92;20240122;53000;Chocolate Helado;10-12;Pacífica;3
8531;;48;20230926;65400;Chocolate Blanco Helado;12-14;Andina;2
8532;M;61;20240202;43000;Mocha Latte;20-22;Caribe;5
8533;M;55;20230201;98000;Chocolate Blanco Helado;20-22;Insular;2
8534;F;58;20230819;77000;Café del día;10-12;Orinoquía;5
8535;F;61;20220330;76000;Cappuccino;14-16;Caribe;5
8536;F;22;20230815;40000;Caramel Macchiato;20-22;Orinoquía;1
8537;M;54;20190906;38000;Café del día;16-18;Caribe;2
8538;F;83;20240607;31000;Chocolate Blanco Helado;12-14;Caribe;5
8539;M;19;20240120;74000;Americano;14-16;Andina;4
8540;M;45;20220524;71000;Mocha Blanco Latte;20-22;Caribe;3
8541;;48;20231218;65400;Latte Macchiato;16-18;Caribe;2
8542;M;69;20240421;61000;Chocolate Caliente;10-12;Caribe;4
8543;M;55;20191216;96000;Chocolate Caliente;10-12;Caribe;1
8544;M;59;20231222;90000;Café del día;20-22;Caribe;1
8545;F;61;20240105;45000;Arequipe Latte;12-14;Andina;3
8546;M;68;20220321;49000;Chocolate Blanco Helado;18-20;Insular;3
8547;M;54;20221026;64000;Espresso Sencillo;20-22;Caribe;3
8548;M;36;20190805;40000;Latte;10-12;Insular;2
8549;O;60;20230201;69000;Flat White;16-18;Caribe;2
8550;F;28;20240317;41000;Chocolate Blanco;16-18;Caribe;1
8551;M;42;20240607;44000;Espresso Sencillo;10-12;Caribe;4
8552;F;69;20211220;105000;Espresso Doble;10-12;Andina;2
8553;F;47;20200620;97000;Flat White;16-18;Orinoquía;2
8554;O;21;20210630;45000;Espresso Doble;18-20;Andina;3
8555;M;62;20240312;56000;Chocolate Caliente;20-22;Insular;3
8556;M;59;20231212;67000;Espresso Macchiato;12-14;Insular;2
8557;F;30;20231203;40000;Espresso Sencillo;12-14;Andina;2
8558;F;38;20240517;59000;Cappuccino;16-18;Caribe;2
8559;M;70;20231102;74000;Latte;16-18;Orinoquía;4
8560;M;55;20220912;88000;Mocha Latte;10-12;Pacífica;5
8561;M;68;20210224;73000;Flat White;12-14;Andina;4
8562;F;26;20230127;52000;Chocolate Helado;12-14;Pacífica;4
8563;F;50;20230913;63000;Latte;10-12;Pacífica;2
8564;M;59;20240309;71000;Espresso Sencillo;10-12;Pacífica;1
8565;;48;20230129;65400;Espresso Sencillo;16-18;Insular;2
8566;;48;20240323;65400;Espresso Sencillo;16-18;Andina;5
8567;F;43;20220412;66000;Latte;12-14;Pacífica;5
8568;F;64;20240424;51000;Café del día;10-12;Andina;4
8569;M;44;20200729;59000;Americano;20-22;Orinoquía;4
8570;M;32;20231205;41000;Latte Macchiato;20-22;Pacífica;1
8571;F;49;20211025;60000;Chocolate Blanco;16-18;Pacífica;1
8572;F;64;20231009;80000;Espresso Sencillo;12-14;Orinoquía;5
8573;F;68;20230901;92000;Espresso Sencillo;20-22;Pacífica;1
8574;M;48;20191109;56000;Chocolate Blanco;10-12;Andina;1
8575;F;23;20240703;41000;Mocha Blanco Latte;14-16;Insular;4
8576;F;64;20220430;56000;Espresso Doble;12-14;Orinoquía;3
8577;M;29;20230920;43000;Chocolate Helado;12-14;Andina;2
8578;M;25;20231026;58000;Chocolate Blanco;20-22;Andina;4
8579;F;73;20220214;72000;Americano;20-22;Pacífica;1
8580;M;47;20240531;54000;Chocolate Helado;18-20;Insular;1
8581;M;82;20210412;32000;Mocha Blanco Latte;10-12;Caribe;1
8582;F;66;20240124;75000;Mocha Latte;10-12;Insular;1
8583;M;31;20240720;31000;Chocolate Blanco Helado;10-12;Andina;3
8584;;48;20231007;65400;Mocha Blanco Latte;18-20;Pacífica;2
8585;M;49;20231216;109000;Latte;10-12;Caribe;1
8586;F;50;20231109;72000;Café del día;12-14;Orinoquía;5
8587;F;73;20220718;63000;Flat White;20-22;Pacífica;2
8588;M;54;20231024;34000;Arequipe Latte;12-14;Orinoquía;5
8589;F;43;20200512;69000;Mocha Latte;12-14;Caribe;4
8590;F;73;20211217;91000;Chocolate Blanco Helado;16-18;Pacífica;1
8591;M;63;20231213;111000;Flat White;14-16;Insular;3
8592;;48;20220212;65400;Americano;14-16;Pacífica;5
8593;M;35;20211126;47000;Espresso Sencillo;14-16;Orinoquía;4
8594;M;51;20231210;45000;Cappuccino;18-20;Andina;5
8595;;48;20231201;65400;Chocolate Caliente;12-14;Orinoquía;1
8596;F;48;20230923;62000;Espresso Doble;16-18;Insular;1
8597;;48;20240616;65400;Chocolate Helado;10-12;Caribe;5
8598;M;58;20230824;53000;Espresso Doble;20-22;Insular;3
8599;F;73;20240129;37000;Americano;18-20;Orinoquía;4
8600;F;40;20231007;63000;Cappuccino;14-16;Pacífica;1
8601;M;55;20230912;79000;Mocha Blanco Latte;16-18;Caribe;3
8602;M;49;20240617;57000;Chocolate Blanco;20-22;Pacífica;3
8603;M;34;20240624;37000;Café del día;10-12;Caribe;4
8604;M;73;20210219;46000;Mocha Latte;16-18;Caribe;2
8605;M;77;20230809;32000;Espresso Sencillo;16-18;Caribe;4
8606;F;63;20230322;84000;Americano;20-22;Orinoquía;3
8607;F;56;20240302;67000;Mocha Latte;20-22;Insular;5
8608;;48;20240617;65400;Espresso Macchiato;14-16;Orinoquía;1
8609;F;51;20211109;52000;Mocha Latte;20-22;Orinoquía;3
8610;F;54;20230922;62000;Arequipe Latte;20-22;Pacífica;3
8611;;48;20240504;65400;Chocolate Blanco;16-18;Caribe;3
8612;F;18;20231016;51000;Chocolate Helado;18-20;Pacífica;4
8613;;48;20240420;65400;Espresso Macchiato;20-22;Orinoquía;3
8614;F;52;20220324;115000;Chocolate Caliente;14-16;Insular;4
8615;M;46;20240521;36000;Latte Macchiato;10-12;Orinoquía;2
8616;M;40;20231219;38000;Café del día;16-18;Pacífica;5
8617;;48;20220726;65400;Latte;18-20;Insular;4
8618;M;25;20231107;49000;Arequipe Latte;14-16;Caribe;4
8619;M;28;20220621;35000;Espresso Doble;20-22;Orinoquía;5
8620;F;34;20231114;46000;Flat White;10-12;Pacífica;1
8621;M;56;20240405;50000;Espresso Doble;16-18;Caribe;4
8622;;48;20230714;65400;Latte;14-16;Insular;1
8623;M;60;20231011;48000;Chocolate Helado;14-16;Caribe;1
8624;F;69;20220328;36000;Mocha Blanco Latte;14-16;Insular;5
8625;F;56;20240605;85000;Flat White;16-18;Caribe;2
8626;M;43;20210920;62000;Mocha Latte;10-12;Andina;1
8627;M;56;20220323;67000;Americano;12-14;Andina;2
8628;M;28;20231109;59000;Arequipe Latte;18-20;Pacífica;5
8629;M;47;20230826;32000;Chocolate Caliente;20-22;Andina;2
8630;M;52;20210901;73000;Chocolate Blanco;12-14;Andina;4
8631;M;37;20231122;60000;Cappuccino;10-12;Orinoquía;4
8632;M;55;20220607;75000;Mocha Latte;12-14;Andina;2
8633;M;24;20240511;41000;Flat White;10-12;Caribe;1
8634;F;24;20231003;73000;Arequipe Latte;18-20;Caribe;2
8635;F;24;20231017;41000;Espresso Doble;14-16;Andina;1
8636;F;49;20230801;112000;Chocolate Blanco Helado;20-22;Caribe;5
8637;F;28;20220824;34000;Flat White;16-18;Orinoquía;3
8638;F;96;20240309;55000;Chocolate Blanco Helado;12-14;Pacífica;3
8639;O;34;20230626;72000;Mocha Blanco Latte;14-16;Andina;4
8640;M;41;20220319;91000;Espresso Doble;10-12;Insular;1
8641;F;59;20231231;96000;Café del día;20-22;Caribe;4
8642;M;53;20230720;52000;Cappuccino;12-14;Insular;2
8643;M;42;20210723;31000;Caramel Macchiato;14-16;Caribe;2
8644;M;21;20200607;56000;Chocolate Blanco;18-20;Orinoquía;3
8645;M;80;20211117;68000;Americano;14-16;Pacífica;5
8646;F;39;20210913;58000;Chocolate Caliente;16-18;Orinoquía;1
8647;O;47;20240423;51000;Chocolate Blanco;12-14;Andina;2
8648;M;58;20230827;92000;Chocolate Helado;16-18;Andina;5
8649;;48;20231129;65400;Espresso Macchiato;14-16;Andina;3
8650;M;49;20240102;65000;Americano;12-14;Caribe;1
8651;M;57;20230624;64000;Arequipe Latte;18-20;Caribe;1
8652;F;82;20230310;104000;Chocolate Caliente;12-14;Orinoquía;4
8653;M;66;20220918;53000;Latte Macchiato;14-16;Pacífica;3
8654;;48;20230424;65400;Cappuccino;14-16;Orinoquía;3
8655;F;54;20240204;66000;Chocolate Helado;12-14;Pacífica;4
8656;M;50;20231107;54000;Chocolate Blanco;12-14;Insular;1
8657;F;62;20211224;85000;Flat White;14-16;Insular;2
8658;F;63;20200715;76000;Espresso Sencillo;16-18;Andina;5
8659;M;27;20230912;33000;Chocolate Blanco Helado;16-18;Caribe;5
8660;F;68;20231228;53000;Cappuccino;16-18;Insular;1
8661;M;36;20240505;48000;Chocolate Caliente;10-12;Pacífica;3
8662;M;42;20190831;60000;Flat White;20-22;Pacífica;1
8663;M;71;20230730;70000;Chocolate Helado;16-18;Orinoquía;1
8664;M;37;20231111;34000;Espresso Macchiato;20-22;Orinoquía;4
8665;;48;20221024;65400;Chocolate Blanco Helado;14-16;Orinoquía;1
8666;M;70;20240106;47000;Café del día;18-20;Pacífica;3
8667;M;35;20230729;41000;Chocolate Helado;16-18;Orinoquía;3
8668;M;43;20220112;42000;Caramel Macchiato;14-16;Pacífica;1
8669;F;19;20240410;55000;Latte;20-22;Andina;5
8670;F;34;20230801;34000;Mocha Blanco Latte;20-22;Pacífica;2
8671;F;57;20201201;62000;Espresso Doble;10-12;Orinoquía;2
8672;M;54;20240210;53000;Latte;14-16;Andina;1
8673;M;54;20240611;64000;Latte Macchiato;10-12;Insular;4
8674;M;69;20210307;56000;Chocolate Blanco;16-18;Pacífica;2
8675;F;35;20220628;42000;Chocolate Blanco;12-14;Caribe;1
8676;F;42;20211022;50000;Americano;14-16;Pacífica;4
8677;F;39;20200415;31000;Mocha Latte;18-20;Orinoquía;4
8678;F;51;20240412;35000;Latte Macchiato;20-22;Andina;2
8679;M;55;20221027;79000;Americano;16-18;Insular;2
8680;F;61;20230820;60000;Chocolate Blanco;18-20;Caribe;3
8681;F;53;20210922;76000;Espresso Sencillo;10-12;Orinoquía;5
8682;;48;20220508;65400;Arequipe Latte;10-12;Caribe;4
8683;F;59;20230811;106000;Mocha Blanco Latte;18-20;Caribe;1
8684;F;41;20240128;72000;Cappuccino;18-20;Caribe;1
8685;M;55;20220501;34000;Chocolate Blanco;10-12;Insular;3
8686;M;41;20230919;68000;Chocolate Blanco Helado;20-22;Orinoquía;5
8687;F;42;20220126;46000;Mocha Blanco Latte;14-16;Andina;2
8688;F;64;20240212;119000;Mocha Latte;16-18;Andina;2
8689;F;30;20240629;61000;Mocha Blanco Latte;20-22;Pacífica;1
8690;F;55;20230905;98000;Cappuccino;16-18;Caribe;3
8691;;48;20230428;65400;Latte Macchiato;10-12;Pacífica;1
8692;M;57;20230518;72000;Chocolate Helado;18-20;Orinoquía;1
8693;F;50;20211107;106000;Chocolate Helado;20-22;Andina;3
8694;F;67;20240327;67000;Americano;18-20;Pacífica;2
8695;F;56;20220506;66000;Chocolate Helado;10-12;Caribe;5
8696;M;79;20220224;61000;Americano;12-14;Caribe;3
8697;F;71;20240606;107000;Chocolate Helado;16-18;Pacífica;5
8698;M;44;20231110;93000;Latte Macchiato;10-12;Caribe;1
8699;M;46;20231030;53000;Caramel Macchiato;14-16;Andina;2
8700;F;54;20230125;72000;Cappuccino;14-16;Orinoquía;3
8701;M;75;20220920;98000;Latte;18-20;Andina;3
8702;M;63;20230819;31000;Mocha Latte;16-18;Pacífica;2
8703;F;20;20240212;32000;Chocolate Blanco Helado;16-18;Pacífica;5
8704;M;55;20230830;74000;Café del día;18-20;Caribe;3
8705;M;52;20230801;58000;Espresso Macchiato;18-20;Caribe;3
8706;M;21;20200812;34000;Americano;20-22;Andina;5
8707;F;74;20220923;109000;Mocha Latte;20-22;Insular;3
8708;F;51;20210921;105000;Latte Macchiato;14-16;Pacífica;3
8709;M;47;20220804;41000;Chocolate Caliente;10-12;Pacífica;5
8710;M;46;20231027;32000;Mocha Blanco Latte;18-20;Insular;4
8711;F;54;20231010;89000;Chocolate Blanco Helado;16-18;Insular;1
8712;;48;20240119;65400;Chocolate Blanco;18-20;Pacífica;4
8713;;48;20240720;65400;Mocha Blanco Latte;10-12;Insular;1
8714;M;76;20240324;50000;Espresso Macchiato;20-22;Andina;1
8715;;48;20230825;65400;Chocolate Blanco Helado;14-16;Andina;5
8716;M;64;20220701;95000;Flat White;20-22;Orinoquía;3
8717;M;59;20210903;45000;Americano;18-20;Insular;5
8718;M;73;20240724;65000;Chocolate Blanco;10-12;Orinoquía;5
8719;;48;20230730;65400;Chocolate Blanco;10-12;Pacífica;5
8720;F;63;20220618;65000;Espresso Doble;16-18;Insular;2
8721;M;36;20230612;34000;Americano;10-12;Caribe;3
8722;F;82;20211225;55000;Americano;20-22;Caribe;2
8723;M;58;20191112;71000;Espresso Macchiato;20-22;Caribe;4
8724;M;39;20231104;74000;Chocolate Caliente;16-18;Pacífica;3
8725;M;48;20220206;93000;Latte Macchiato;12-14;Orinoquía;3
8726;F;46;20231113;50000;Mocha Latte;16-18;Insular;5
8727;F;45;20231114;39000;Chocolate Caliente;18-20;Andina;2
8728;;48;20240514;65400;Chocolate Caliente;12-14;Pacífica;2
8729;F;25;20201017;60000;Chocolate Helado;10-12;Insular;3
8730;M;32;20240208;40000;Chocolate Blanco;16-18;Caribe;1
8731;M;61;20231018;74000;Latte;16-18;Caribe;5
8732;M;69;20220924;89000;Mocha Blanco Latte;12-14;Andina;5
8733;F;69;20240118;67000;Flat White;10-12;Orinoquía;3
8734;;48;20211120;65400;Caramel Macchiato;20-22;Caribe;1
8735;M;49;20211006;37000;Latte Macchiato;10-12;Orinoquía;3
8736;M;38;20240517;62000;Espresso Doble;16-18;Pacífica;2
8737;M;31;20211104;60000;Chocolate Blanco Helado;16-18;Pacífica;4
8738;;48;20231107;65400;Chocolate Helado;10-12;Orinoquía;2
8739;M;58;20230815;66000;Flat White;10-12;Orinoquía;5
8740;M;46;20230720;49000;Latte;16-18;Orinoquía;2
8741;M;47;20240622;41000;Latte;16-18;Orinoquía;3
8742;M;37;20231105;41000;Chocolate Blanco Helado;20-22;Andina;4
8743;M;53;20230408;53000;Americano;14-16;Caribe;5
8744;M;42;20231205;78000;Mocha Blanco Latte;20-22;Orinoquía;3
8745;F;61;20230815;79000;Espresso Macchiato;12-14;Caribe;2
8746;F;23;20230916;32000;Mocha Latte;14-16;Orinoquía;5
8747;M;81;20231102;76000;Chocolate Caliente;20-22;Insular;1
8748;F;59;20211220;118000;Café del día;16-18;Andina;3
8749;M;20;20221118;72000;Chocolate Blanco;18-20;Insular;2
8750;M;68;20230809;42000;Espresso Sencillo;20-22;Orinoquía;5
8751;F;71;20221031;82000;Espresso Sencillo;18-20;Insular;4
8752;M;40;20210805;52000;Espresso Macchiato;12-14;Andina;4
8753;;48;20240513;65400;Chocolate Blanco;14-16;Insular;2
8754;F;57;20231018;87000;Espresso Sencillo;16-18;Caribe;4
8755;M;20;20230727;53000;Chocolate Helado;20-22;Andina;2
8756;F;49;20230224;100000;Chocolate Blanco;14-16;Andina;3
8757;F;81;20240721;98000;Arequipe Latte;20-22;Caribe;5
8758;M;63;20200213;42000;Mocha Latte;18-20;Andina;5
8759;;48;20240212;65400;Chocolate Blanco Helado;18-20;Insular;3
8760;M;22;20230816;50000;Arequipe Latte;12-14;Andina;3
8761;F;70;20220701;70000;Mocha Latte;18-20;Pacífica;1
8762;;48;20231117;65400;Latte;10-12;Pacífica;1
8763;M;51;20240607;34000;Café del día;20-22;Orinoquía;4
8764;M;42;20221002;69000;Café del día;20-22;Andina;3
8765;M;61;20240528;56000;Americano;18-20;Orinoquía;3
8766;M;44;20210830;81000;Chocolate Caliente;18-20;Andina;5
8767;F;35;20220806;70000;Café del día;20-22;Orinoquía;3
8768;;48;20220923;65400;Arequipe Latte;18-20;Orinoquía;2
8769;M;33;20221215;56000;Chocolate Blanco;12-14;Insular;3
8770;M;54;20240106;42000;Caramel Macchiato;10-12;Caribe;5
8771;M;71;20240615;97000;Latte Macchiato;14-16;Insular;5
8772;F;62;20240705;36000;Chocolate Blanco;10-12;Andina;2
8773;;48;20231216;65400;Chocolate Blanco Helado;10-12;Andina;1
8774;F;42;20240724;52000;Espresso Sencillo;16-18;Orinoquía;3
8775;M;61;20220108;44000;Mocha Latte;16-18;Andina;3
8776;F;48;20190829;74000;Espresso Macchiato;10-12;Caribe;5
8777;M;58;20231203;89000;Cappuccino;18-20;Caribe;4
8778;M;75;20230809;92000;Espresso Sencillo;20-22;Orinoquía;3
8779;M;68;20220804;104000;Latte Macchiato;12-14;Orinoquía;4
8780;M;35;20240128;49000;Espresso Doble;10-12;Andina;5
8781;M;59;20230912;81000;Latte;10-12;Insular;2
8782;F;79;20231207;74000;Chocolate Caliente;16-18;Andina;3
8783;F;28;20221011;68000;Cappuccino;10-12;Insular;3
8784;F;51;20230319;80000;Flat White;10-12;Insular;3
8785;M;35;20201026;35000;Cappuccino;20-22;Orinoquía;1
8786;;48;20240216;65400;Mocha Blanco Latte;10-12;Orinoquía;4
8787;F;60;20190820;57000;Latte;18-20;Andina;4
8788;F;48;20191023;99000;Americano;16-18;Caribe;1
8789;F;49;20230212;57000;Café del día;16-18;Pacífica;5
8790;M;67;20221206;75000;Mocha Blanco Latte;14-16;Insular;5
8791;F;84;20240515;106000;Chocolate Blanco;10-12;Andina;4
8792;M;36;20231028;73000;Arequipe Latte;20-22;Pacífica;2
8793;M;55;20230108;34000;Chocolate Caliente;20-22;Caribe;1
8794;M;62;20231027;52000;Chocolate Blanco Helado;18-20;Insular;5
8795;F;26;20231103;68000;Espresso Doble;18-20;Pacífica;5
8796;;48;20220709;65400;Chocolate Caliente;14-16;Orinoquía;4
8797;;48;20240502;65400;Latte Macchiato;18-20;Insular;5
8798;;48;20220125;65400;Chocolate Blanco Helado;16-18;Andina;3
8799;F;45;20231020;59000;Chocolate Caliente;16-18;Orinoquía;2
8800;M;78;20220316;61000;Chocolate Helado;14-16;Orinoquía;1
8801;M;38;20221002;64000;Latte Macchiato;16-18;Insular;2
8802;;48;20231118;65400;Espresso Macchiato;20-22;Pacífica;4
8803;F;45;20230919;46000;Latte Macchiato;16-18;Caribe;5
8804;F;71;20230918;108000;Café del día;18-20;Insular;1
8805;M;39;20230820;52000;Café del día;18-20;Caribe;3
8806;M;36;20230909;90000;Arequipe Latte;12-14;Caribe;2
8807;;48;20230518;65400;Espresso Macchiato;18-20;Insular;2
8808;F;81;20220928;102000;Espresso Doble;12-14;Caribe;1
8809;F;46;20230628;66000;Cappuccino;18-20;Orinoquía;2
8810;M;60;20231230;50000;Chocolate Helado;20-22;Pacífica;1
8811;;48;20220108;65400;Chocolate Blanco;20-22;Pacífica;3
8812;M;21;20240615;32000;Espresso Sencillo;16-18;Caribe;4
8813;;48;20220922;65400;Chocolate Blanco;18-20;Andina;4
8814;F;52;20200520;32000;Arequipe Latte;10-12;Caribe;2
8815;;48;20221229;65400;Flat White;20-22;Pacífica;5
8816;M;51;20240419;46000;Chocolate Helado;16-18;Andina;3
8817;;48;20211029;65400;Caramel Macchiato;16-18;Caribe;1
8818;M;41;20240422;40000;Latte Macchiato;14-16;Orinoquía;5
8819;F;45;20240618;70000;Mocha Blanco Latte;14-16;Orinoquía;4
8820;F;66;20231128;111000;Chocolate Caliente;16-18;Orinoquía;5
8821;;48;20221205;65400;Mocha Blanco Latte;16-18;Orinoquía;3
8822;F;58;20230923;113000;Espresso Macchiato;14-16;Andina;1
8823;F;67;20230807;104000;Flat White;16-18;Orinoquía;2
8824;F;67;20240522;88000;Chocolate Blanco;18-20;Pacífica;3
8825;M;63;20220619;83000;Espresso Sencillo;14-16;Pacífica;1
8826;F;71;20230620;69000;Chocolate Helado;12-14;Orinoquía;5
8827;M;74;20230509;97000;Café del día;12-14;Pacífica;5
8828;M;82;20240521;91000;Espresso Sencillo;16-18;Pacífica;4
8829;M;43;20191015;39000;Chocolate Blanco Helado;12-14;Caribe;4
8830;M;19;20240401;67000;Espresso Macchiato;18-20;Andina;4
8831;M;53;20220821;85000;Café del día;18-20;Orinoquía;2
8832;M;36;20240429;41000;Espresso Macchiato;16-18;Insular;4
8833;M;40;20220727;86000;Café del día;18-20;Pacífica;5
8834;;48;20230822;65400;Chocolate Caliente;18-20;Pacífica;1
8835;M;30;20231115;62000;Espresso Macchiato;16-18;Orinoquía;1
8836;;48;20220409;65400;Chocolate Helado;18-20;Insular;5
8837;F;94;20231203;76000;Mocha Latte;12-14;Pacífica;3
8838;;48;20230402;65400;Chocolate Helado;12-14;Andina;1
8839;M;74;20240122;90000;Mocha Blanco Latte;14-16;Orinoquía;4
8840;M;53;20211102;81000;Latte Macchiato;16-18;Insular;3
8841;;48;20240108;65400;Espresso Sencillo;14-16;Orinoquía;2
8842;M;21;20230921;68000;Chocolate Helado;12-14;Orinoquía;5
8843;M;74;20240522;95000;Mocha Blanco Latte;14-16;Andina;5
8844;M;41;20211113;52000;Chocolate Blanco;20-22;Orinoquía;3
8845;F;50;20240707;84000;Chocolate Blanco Helado;12-14;Caribe;5
8846;F;57;20220725;100000;Cappuccino;10-12;Insular;2
8847;M;71;20231002;53000;Chocolate Blanco;14-16;Insular;1
8848;F;93;20231231;110000;Americano;20-22;Orinoquía;2
8849;M;46;20211227;53000;Mocha Latte;16-18;Orinoquía;2
8850;M;52;20240106;44000;Americano;18-20;Insular;4
8851;M;73;20231230;68000;Espresso Sencillo;16-18;Caribe;1
8852;M;75;20191211;43000;Mocha Latte;10-12;Insular;5
8853;M;45;20221120;67000;Arequipe Latte;10-12;Andina;5
8854;F;60;20231217;32000;Chocolate Helado;20-22;Andina;5
8855;M;62;20220507;85000;Cappuccino;14-16;Orinoquía;4
8856;F;75;20210417;52000;Chocolate Blanco;14-16;Caribe;2
8857;F;74;20201102;98000;Chocolate Caliente;20-22;Caribe;5
8858;M;51;20230614;82000;Latte;14-16;Caribe;2
8859;F;54;20211126;96000;Caramel Macchiato;12-14;Andina;5
8860;M;70;20240102;64000;Café del día;14-16;Insular;2
8861;M;66;20240120;64000;Arequipe Latte;20-22;Caribe;4
8862;;48;20230916;65400;Arequipe Latte;12-14;Pacífica;3
8863;M;45;20220321;73000;Chocolate Caliente;16-18;Caribe;3
8864;F;58;20240429;91000;Espresso Sencillo;16-18;Insular;5
8865;F;22;20200612;73000;Latte;18-20;Andina;4
8866;F;55;20231221;80000;Latte;20-22;Orinoquía;4
8867;M;54;20210325;41000;Chocolate Helado;18-20;Andina;3
8868;;48;20230120;65400;Espresso Doble;16-18;Caribe;4
8869;F;63;20220215;119000;Mocha Blanco Latte;14-16;Insular;1
8870;M;61;20221202;54000;Chocolate Blanco Helado;16-18;Orinoquía;4
8871;M;23;20230822;69000;Flat White;20-22;Caribe;2
8872;;48;20240131;65400;Flat White;10-12;Andina;1
8873;M;61;20240610;53000;Cappuccino;14-16;Andina;3
8874;M;49;20240505;47000;Chocolate Helado;16-18;Pacífica;2
8875;F;55;20220828;82000;Chocolate Blanco Helado;10-12;Pacífica;4
8876;M;72;20230614;43000;Espresso Sencillo;16-18;Insular;2
8877;;48;20220626;65400;Latte;10-12;Orinoquía;4
8878;O;64;20231113;76000;Americano;14-16;Insular;1
8879;F;56;20210802;57000;Cappuccino;10-12;Orinoquía;4
8880;F;74;20240118;36000;Flat White;20-22;Caribe;2
8881;F;56;20240227;76000;Mocha Blanco Latte;12-14;Pacífica;4
8882;M;76;20240321;50000;Mocha Latte;14-16;Pacífica;5
8883;F;68;20230924;97000;Caramel Macchiato;20-22;Insular;2
8884;M;66;20220523;88000;Espresso Macchiato;10-12;Caribe;3
8885;M;47;20191110;30000;Chocolate Blanco Helado;20-22;Caribe;2
8886;M;38;20240510;37000;Flat White;20-22;Caribe;1
8887;;48;20240520;65400;Americano;20-22;Pacífica;4
8888;M;45;20220501;43000;Arequipe Latte;18-20;Insular;2
8889;M;62;20210815;72000;Chocolate Caliente;16-18;Pacífica;2
8890;M;63;20200925;40000;Mocha Latte;20-22;Caribe;1
8891;F;64;20230505;92000;Americano;10-12;Caribe;5
8892;M;70;20231025;31000;Arequipe Latte;16-18;Insular;5
8893;M;41;20231218;81000;Caramel Macchiato;18-20;Pacífica;4
8894;M;28;20230523;30000;Cappuccino;12-14;Andina;1
8895;F;73;20220612;80000;Latte Macchiato;12-14;Orinoquía;5
8896;;48;20230125;65400;Americano;10-12;Insular;2
8897;F;54;20210912;61000;Americano;20-22;Orinoquía;1
8898;;48;20211106;65400;Café del día;14-16;Orinoquía;4
8899;M;57;20230323;103000;Latte;20-22;Orinoquía;1
8900;M;45;20200911;63000;Espresso Macchiato;12-14;Caribe;5
8901;F;49;20240507;95000;Chocolate Blanco;18-20;Andina;4
8902;M;65;20230915;52000;Chocolate Helado;14-16;Insular;4
8903;M;62;20240220;90000;Espresso Doble;10-12;Insular;1
8904;M;56;20240515;59000;Mocha Latte;16-18;Caribe;3
8905;M;42;20210217;47000;Cappuccino;18-20;Insular;1
8906;M;67;20240301;51000;Chocolate Helado;16-18;Andina;1
8907;M;53;20221008;33000;Latte Macchiato;16-18;Pacífica;5
8908;M;74;20220502;45000;Café del día;20-22;Insular;5
8909;F;58;20211127;72000;Mocha Latte;16-18;Orinoquía;2
8910;F;58;20220115;44000;Flat White;16-18;Andina;1
8911;M;62;20221213;103000;Mocha Latte;20-22;Orinoquía;2
8912;M;24;20210227;32000;Espresso Macchiato;14-16;Pacífica;2
8913;F;61;20230203;60000;Chocolate Helado;18-20;Orinoquía;5
8914;M;49;20240608;45000;Café del día;12-14;Caribe;3
8915;M;36;20230831;34000;Americano;16-18;Pacífica;1
8916;F;71;20230728;110000;Espresso Macchiato;20-22;Orinoquía;4
8917;M;23;20240416;48000;Mocha Blanco Latte;10-12;Andina;1
8918;F;40;20240330;98000;Chocolate Blanco Helado;14-16;Pacífica;3
8919;M;34;20240707;31000;Cappuccino;20-22;Pacífica;1
8920;M;74;20220704;66000;Flat White;12-14;Orinoquía;2
8921;F;89;20231017;63000;Americano;18-20;Orinoquía;4
8922;F;26;20240501;64000;Latte Macchiato;14-16;Pacífica;2
8923;M;19;20210124;71000;Espresso Sencillo;12-14;Caribe;4
8924;M;29;20240617;47000;Latte Macchiato;16-18;Pacífica;3
8925;M;72;20191025;59000;Caramel Macchiato;18-20;Andina;5
8926;F;56;20220201;87000;Chocolate Blanco;12-14;Orinoquía;5
8927;M;50;20230718;39000;Chocolate Helado;18-20;Orinoquía;2
8928;F;52;20220821;63000;Mocha Latte;18-20;Insular;4
8929;F;84;20220822;88000;Caramel Macchiato;18-20;Orinoquía;4
8930;;48;20211004;65400;Chocolate Blanco;18-20;Insular;1
8931;M;22;20240423;43000;Latte;12-14;Caribe;3
8932;F;40;20210913;51000;Café del día;12-14;Orinoquía;3
8933;M;55;20220830;119000;Chocolate Caliente;12-14;Caribe;3
8934;F;48;20230926;69000;Espresso Doble;14-16;Orinoquía;2
8935;F;35;20240110;54000;Mocha Latte;12-14;Orinoquía;2
8936;M;45;20220428;63000;Espresso Doble;12-14;Andina;3
8937;M;33;20230930;73000;Mocha Blanco Latte;10-12;Andina;4
8938;M;68;20211111;105000;Chocolate Blanco Helado;20-22;Pacífica;2
8939;M;27;20240106;41000;Americano;14-16;Andina;1
8940;F;57;20221108;64000;Espresso Macchiato;14-16;Insular;1
8941;;48;20240530;65400;Arequipe Latte;10-12;Caribe;3
8942;M;28;20230904;60000;Cappuccino;20-22;Insular;1
8943;F;23;20231105;61000;Arequipe Latte;10-12;Pacífica;5
8944;M;68;20230311;99000;Espresso Macchiato;12-14;Caribe;5
8945;F;38;20211119;56000;Mocha Latte;10-12;Orinoquía;5
8946;M;59;20240127;95000;Caramel Macchiato;10-12;Andina;3
8947;F;49;20230928;73000;Espresso Doble;16-18;Andina;1
8948;M;64;20190729;69000;Espresso Sencillo;18-20;Orinoquía;5
8949;M;60;20230820;50000;Arequipe Latte;20-22;Caribe;4
8950;;48;20230219;65400;Espresso Doble;14-16;Orinoquía;2
8951;;48;20240222;65400;Chocolate Caliente;20-22;Pacífica;4
8952;M;64;20231119;55000;Mocha Latte;10-12;Orinoquía;5
8953;M;29;20210808;51000;Latte;20-22;Insular;4
8954;M;25;20240303;47000;Latte;14-16;Insular;5
8955;M;46;20230911;47000;Espresso Sencillo;14-16;Pacífica;3
8956;F;51;20221227;81000;Cappuccino;14-16;Pacífica;4
8957;;48;20230307;65400;Americano;12-14;Caribe;3
8958;M;23;20220709;36000;Mocha Latte;20-22;Caribe;4
8959;O;77;20240209;63000;Espresso Sencillo;20-22;Orinoquía;2
8960;F;40;20191230;47000;Latte;20-22;Andina;5
8961;;48;20220405;65400;Arequipe Latte;16-18;Pacífica;5
8962;F;23;20230728;65000;Caramel Macchiato;18-20;Insular;4
8963;O;75;20211011;52000;Latte Macchiato;10-12;Caribe;4
8964;M;49;20240613;83000;Latte Macchiato;14-16;Insular;4
8965;F;37;20221018;33000;Latte;10-12;Insular;4
8966;M;81;20240609;40000;Cappuccino;16-18;Pacífica;5
8967;M;37;20230226;56000;Latte Macchiato;20-22;Insular;3
8968;M;88;20240407;52000;Espresso Sencillo;14-16;Insular;3
8969;M;22;20240311;44000;Chocolate Blanco Helado;14-16;Orinoquía;4
8970;F;47;20231109;66000;Chocolate Blanco;10-12;Caribe;2
8971;M;40;20231228;35000;Americano;18-20;Andina;3
8972;F;51;20220511;86000;Americano;18-20;Andina;1
8973;M;80;20230909;65000;Chocolate Caliente;10-12;Andina;4
8974;M;44;20240226;51000;Latte;12-14;Orinoquía;2
8975;F;69;20230630;79000;Café del día;18-20;Insular;2
8976;;48;20220515;65400;Cappuccino;12-14;Andina;5
8977;M;83;20200718;48000;Chocolate Blanco Helado;10-12;Andina;2
8978;M;39;20191115;33000;Arequipe Latte;20-22;Caribe;4
8979;M;28;20230714;44000;Latte;18-20;Insular;5
8980;F;49;20220819;81000;Chocolate Helado;10-12;Insular;4
8981;M;81;20240319;50000;Espresso Sencillo;18-20;Orinoquía;3
8982;M;57;20240719;103000;Chocolate Caliente;10-12;Pacífica;1
8983;M;38;20240327;70000;Caramel Macchiato;20-22;Caribe;4
8984;M;32;20240101;47000;Espresso Doble;20-22;Orinoquía;3
8985;F;43;20191122;38000;Arequipe Latte;18-20;Orinoquía;1
8986;F;66;20231007;57000;Cappuccino;16-18;Orinoquía;2
8987;M;79;20231118;103000;Chocolate Helado;18-20;Andina;1
8988;M;69;20220704;74000;Chocolate Caliente;18-20;Caribe;5
8989;;48;20231204;65400;Chocolate Blanco Helado;18-20;Andina;2
8990;F;55;20220528;115000;Latte;10-12;Andina;3
8991;F;42;20220727;100000;Arequipe Latte;18-20;Orinoquía;1
8992;M;25;20231130;35000;Chocolate Caliente;14-16;Insular;3
8993;M;58;20240501;71000;Arequipe Latte;16-18;Insular;3
8994;M;23;20231226;70000;Chocolate Blanco Helado;18-20;Insular;5
8995;F;73;20210806;35000;Latte Macchiato;20-22;Insular;4
8996;M;64;20231011;54000;Cappuccino;20-22;Insular;3
8997;M;52;20230217;77000;Arequipe Latte;16-18;Caribe;4
8998;O;36;20240308;88000;Cappuccino;14-16;Caribe;4
8999;F;55;20231207;71000;Arequipe Latte;10-12;Orinoquía;1
9000;F;56;20220808;77000;Chocolate Caliente;10-12;Andina;4
9001;;48;20240114;65400;Chocolate Helado;16-18;Andina;2
9002;;48;20210815;65400;Chocolate Helado;12-14;Andina;5
9003;F;51;20220502;108000;Chocolate Helado;10-12;Andina;4
9004;F;76;20230422;66000;Flat White;10-12;Caribe;4
9005;M;19;20210814;59000;Latte Macchiato;10-12;Insular;2
9006;;48;20230726;65400;Mocha Latte;16-18;Caribe;2
9007;M;51;20230904;75000;Mocha Blanco Latte;14-16;Caribe;4
9008;M;42;20240527;44000;Arequipe Latte;14-16;Orinoquía;1
9009;F;37;20240522;78000;Mocha Blanco Latte;12-14;Orinoquía;2
9010;;48;20210907;65400;Espresso Macchiato;12-14;Orinoquía;5
9011;F;52;20240220;119000;Mocha Latte;14-16;Caribe;1
9012;M;56;20240317;53000;Chocolate Helado;16-18;Orinoquía;5
9013;F;55;20230301;65000;Espresso Doble;20-22;Insular;4
9014;F;68;20230319;59000;Chocolate Caliente;14-16;Orinoquía;1
9015;M;48;20220220;74000;Espresso Doble;14-16;Andina;3
9016;M;60;20220919;79000;Cappuccino;10-12;Orinoquía;5
9017;M;75;20220616;92000;Espresso Macchiato;10-12;Andina;1
9018;F;28;20230404;35000;Latte;18-20;Andina;1
9019;F;48;20230413;79000;Americano;16-18;Orinoquía;1
9020;F;61;20231224;37000;Latte Macchiato;16-18;Pacífica;1
9021;M;29;20230910;31000;Flat White;10-12;Pacífica;5
9022;M;39;20240206;81000;Latte Macchiato;20-22;Pacífica;3
9023;;48;20230407;65400;Chocolate Blanco;14-16;Orinoquía;3
9024;M;68;20200416;40000;Latte;10-12;Orinoquía;2
9025;F;58;20231104;112000;Chocolate Caliente;18-20;Insular;5
9026;F;62;20231219;77000;Caramel Macchiato;10-12;Andina;1
9027;F;68;20230911;77000;Flat White;12-14;Pacífica;1
9028;F;40;20210905;79000;Chocolate Caliente;14-16;Pacífica;2
9029;F;48;20240427;74000;Americano;10-12;Orinoquía;2
9030;F;91;20230906;64000;Chocolate Caliente;12-14;Pacífica;5
9031;;48;20220129;65400;Chocolate Blanco;20-22;Caribe;1
9032;F;57;20210806;62000;Café del día;10-12;Caribe;2
9033;M;37;20240529;66000;Chocolate Caliente;12-14;Caribe;2
9034;M;57;20230816;33000;Chocolate Helado;12-14;Insular;5
9035;M;62;20230725;92000;Latte Macchiato;12-14;Pacífica;2
9036;M;65;20191022;33000;Chocolate Helado;20-22;Pacífica;1
9037;M;61;20221108;62000;Chocolate Blanco Helado;20-22;Andina;3
9038;M;50;20240616;43000;Latte Macchiato;16-18;Caribe;3
9039;F;61;20240308;31000;Espresso Doble;20-22;Pacífica;3
9040;F;51;20230831;61000;Mocha Blanco Latte;10-12;Pacífica;1
9041;F;91;20231026;57000;Mocha Blanco Latte;12-14;Pacífica;5
9042;F;53;20230707;80000;Cappuccino;18-20;Pacífica;4
9043;;48;20240108;65400;Chocolate Caliente;16-18;Pacífica;4
9044;;48;20240416;65400;Latte Macchiato;18-20;Orinoquía;5
9045;M;40;20240711;91000;Chocolate Blanco Helado;10-12;Andina;1
9046;F;53;20240529;71000;Chocolate Blanco Helado;18-20;Pacífica;2
9047;M;44;20240608;48000;Chocolate Blanco;20-22;Orinoquía;4
9048;;48;20240104;65400;Mocha Blanco Latte;14-16;Caribe;1
9049;M;22;20200322;54000;Chocolate Blanco Helado;16-18;Andina;3
9050;F;40;20230801;86000;Mocha Latte;10-12;Andina;3
9051;M;81;20210804;67000;Espresso Doble;16-18;Andina;5
9052;M;41;20231215;54000;Chocolate Blanco;14-16;Pacífica;3
9053;F;50;20221025;81000;Espresso Sencillo;20-22;Caribe;5
9054;F;52;20240201;58000;Latte Macchiato;12-14;Orinoquía;1
9055;M;60;20220323;91000;Mocha Blanco Latte;10-12;Andina;2
9056;M;57;20210807;91000;Espresso Macchiato;18-20;Caribe;3
9057;;48;20231015;65400;Mocha Latte;20-22;Caribe;4
9058;F;75;20211003;35000;Latte Macchiato;20-22;Insular;3
9059;M;38;20230108;51000;Espresso Doble;10-12;Insular;5
9060;F;33;20231106;59000;Mocha Latte;18-20;Orinoquía;4
9061;M;38;20240323;74000;Americano;20-22;Orinoquía;5
9062;M;52;20240314;46000;Arequipe Latte;10-12;Caribe;1
9063;M;27;20240104;31000;Espresso Doble;14-16;Orinoquía;4
9064;M;86;20210813;58000;Americano;12-14;Orinoquía;2
9065;;48;20231208;65400;Americano;16-18;Orinoquía;4
9066;M;18;20240325;48000;Espresso Sencillo;10-12;Caribe;3
9067;M;23;20230828;35000;Caramel Macchiato;18-20;Pacífica;1
9068;F;74;20231002;83000;Americano;12-14;Orinoquía;4
9069;F;81;20220505;103000;Café del día;20-22;Caribe;3
9070;F;53;20220806;85000;Café del día;20-22;Andina;2
9071;M;54;20231102;35000;Espresso Macchiato;20-22;Insular;2
9072;F;44;20240725;98000;Caramel Macchiato;16-18;Pacífica;4
9073;F;53;20231017;98000;Flat White;14-16;Caribe;3
9074;M;24;20240102;44000;Cappuccino;10-12;Insular;4
9075;F;78;20240312;68000;Espresso Sencillo;16-18;Orinoquía;4
9076;F;43;20220922;75000;Americano;20-22;Andina;2
9077;F;60;20221001;61000;Americano;10-12;Insular;2
9078;F;88;20230305;90000;Café del día;18-20;Orinoquía;5
9079;M;63;20221207;44000;Mocha Latte;16-18;Insular;4
9080;;48;20220214;65400;Mocha Latte;12-14;Andina;2
9081;M;30;20231008;41000;Latte;10-12;Pacífica;5
9082;M;35;20200722;71000;Caramel Macchiato;10-12;Insular;5
9083;F;64;20220820;91000;Latte Macchiato;20-22;Orinoquía;1
9084;F;63;20230727;71000;Caramel Macchiato;14-16;Pacífica;1
9085;;48;20231010;65400;Chocolate Caliente;14-16;Pacífica;3
9086;F;69;20240318;105000;Mocha Blanco Latte;10-12;Pacífica;1
9087;F;51;20211129;78000;Americano;14-16;Andina;4
9088;M;76;20230801;54000;Espresso Doble;12-14;Andina;5
9089;F;58;20210721;71000;Chocolate Caliente;16-18;Orinoquía;2
9090;M;46;20231216;86000;Latte Macchiato;14-16;Orinoquía;1
9091;M;51;20230716;73000;Chocolate Blanco Helado;18-20;Pacífica;3
9092;F;69;20240110;101000;Latte;20-22;Orinoquía;3
9093;F;79;20191217;50000;Espresso Macchiato;16-18;Caribe;5
9094;F;55;20231219;115000;Caramel Macchiato;10-12;Orinoquía;1
9095;M;27;20220322;43000;Chocolate Blanco;10-12;Andina;3
9096;;48;20240418;65400;Café del día;14-16;Caribe;5
9097;O;67;20230612;58000;Latte Macchiato;20-22;Insular;4
9098;;48;20240521;65400;Latte;20-22;Orinoquía;1
9099;O;52;20230902;40000;Espresso Sencillo;14-16;Andina;3
9100;F;20;20231209;50000;Chocolate Blanco;10-12;Orinoquía;1
9101;M;24;20221010;39000;Mocha Latte;18-20;Caribe;1
9102;F;61;20221014;102000;Espresso Doble;12-14;Pacífica;2
9103;M;22;20240615;68000;Chocolate Helado;16-18;Orinoquía;4
9104;F;48;20220908;96000;Mocha Blanco Latte;18-20;Pacífica;3
9105;F;44;20240506;62000;Mocha Blanco Latte;10-12;Insular;3
9106;M;41;20230916;38000;Chocolate Caliente;12-14;Pacífica;1
9107;M;55;20231009;73000;Chocolate Helado;20-22;Caribe;2
9108;M;33;20220805;53000;Latte Macchiato;18-20;Andina;4
9109;M;46;20200505;72000;Espresso Macchiato;16-18;Pacífica;4
9110;M;27;20201016;49000;Espresso Sencillo;12-14;Andina;4
9111;;48;20230918;65400;Chocolate Helado;10-12;Andina;4
9112;F;63;20211029;76000;Chocolate Blanco;10-12;Caribe;4
9113;M;33;20200405;40000;Chocolate Blanco Helado;10-12;Pacífica;1
9114;F;42;20220626;54000;Chocolate Blanco Helado;20-22;Andina;3
9115;F;89;20211229;38000;Cappuccino;14-16;Caribe;4
9116;;48;20230325;65400;Chocolate Blanco Helado;12-14;Orinoquía;4
9117;F;64;20231223;75000;Caramel Macchiato;20-22;Pacífica;4
9118;O;30;20230915;48000;Flat White;16-18;Insular;1
9119;F;50;20240510;57000;Café del día;10-12;Pacífica;3
9120;F;26;20211030;69000;Mocha Latte;16-18;Andina;4
9121;;48;20230106;65400;Latte;20-22;Andina;3
9122;F;67;20211013;61000;Arequipe Latte;18-20;Andina;5
9123;M;25;20231222;58000;Chocolate Caliente;20-22;Pacífica;5
9124;M;69;20210428;39000;Americano;16-18;Orinoquía;2
9125;F;74;20240704;84000;Espresso Doble;12-14;Insular;1
9126;F;34;20221118;71000;Espresso Macchiato;18-20;Caribe;2
9127;M;37;20210803;70000;Caramel Macchiato;18-20;Andina;5
9128;M;82;20220421;74000;Chocolate Caliente;20-22;Pacífica;3
9129;M;51;20240719;89000;Espresso Sencillo;18-20;Andina;5
9130;M;48;20240602;47000;Espresso Doble;10-12;Pacífica;3
9131;M;49;20200731;51000;Chocolate Blanco Helado;14-16;Insular;4
9132;M;81;20230920;115000;Café del día;10-12;Caribe;2
9133;M;75;20240410;76000;Cappuccino;10-12;Andina;3
9134;;48;20231225;65400;Mocha Latte;16-18;Pacífica;5
9135;F;52;20231001;76000;Cappuccino;10-12;Andina;3
9136;M;34;20231115;35000;Chocolate Helado;10-12;Insular;4
9137;M;56;20221218;87000;Mocha Blanco Latte;18-20;Caribe;3
9138;;48;20230901;65400;Flat White;10-12;Orinoquía;5
9139;F;84;20220828;73000;Mocha Latte;10-12;Orinoquía;2
9140;M;26;20230213;38000;Caramel Macchiato;16-18;Caribe;4
9141;F;67;20191023;43000;Mocha Latte;12-14;Insular;2
9142;M;41;20240401;70000;Mocha Blanco Latte;16-18;Orinoquía;5
9143;F;58;20230412;39000;Arequipe Latte;16-18;Orinoquía;5
9144;M;53;20231125;92000;Americano;16-18;Andina;4
9145;M;37;20221024;75000;Chocolate Helado;12-14;Orinoquía;5
9146;M;46;20231012;37000;Cappuccino;18-20;Orinoquía;1
9147;M;49;20240112;93000;Caramel Macchiato;12-14;Insular;1
9148;M;37;20231116;56000;Cappuccino;10-12;Insular;1
9149;;48;20230523;65400;Espresso Macchiato;14-16;Insular;4
9150;M;84;20240718;109000;Caramel Macchiato;18-20;Andina;3
9151;M;21;20231020;41000;Cappuccino;18-20;Insular;1
9152;M;79;20240425;55000;Chocolate Helado;12-14;Caribe;5
9153;F;71;20230905;90000;Americano;20-22;Caribe;3
9154;M;27;20231115;42000;Chocolate Helado;20-22;Pacífica;3
9155;F;49;20231127;73000;Espresso Doble;18-20;Andina;5
9156;M;47;20230715;56000;Mocha Blanco Latte;12-14;Orinoquía;3
9157;M;28;20240506;62000;Chocolate Blanco Helado;16-18;Insular;4
9158;F;43;20220503;68000;Caramel Macchiato;14-16;Pacífica;5
9159;M;18;20231202;54000;Chocolate Helado;16-18;Insular;3
9160;F;74;20230517;35000;Chocolate Blanco Helado;10-12;Orinoquía;5
9161;M;67;20220918;94000;Flat White;20-22;Caribe;2
9162;F;56;20220214;63000;Caramel Macchiato;12-14;Orinoquía;3
9163;M;39;20211005;61000;Latte Macchiato;18-20;Pacífica;2
9164;F;45;20231209;60000;Espresso Doble;20-22;Orinoquía;4
9165;F;52;20231217;65000;Chocolate Helado;12-14;Andina;5
9166;F;65;20220325;51000;Latte;14-16;Pacífica;1
9167;M;79;20230927;56000;Mocha Blanco Latte;16-18;Orinoquía;3
9168;F;42;20200324;65000;Chocolate Caliente;14-16;Orinoquía;2
9169;F;57;20230928;95000;Chocolate Caliente;10-12;Andina;4
9170;M;30;20200820;49000;Espresso Macchiato;20-22;Caribe;5
9171;M;69;20240506;103000;Chocolate Helado;14-16;Orinoquía;3
9172;M;63;20240302;95000;Espresso Macchiato;16-18;Orinoquía;3
9173;F;49;20220311;73000;Flat White;14-16;Caribe;5
9174;M;30;20190926;50000;Arequipe Latte;12-14;Pacífica;4
9175;M;57;20211205;73000;Mocha Blanco Latte;12-14;Orinoquía;2
9176;M;33;20231104;38000;Arequipe Latte;18-20;Andina;5
9177;F;82;20230516;40000;Arequipe Latte;10-12;Insular;2
9178;F;83;20221007;69000;Arequipe Latte;14-16;Andina;4
9179;M;68;20220608;39000;Chocolate Blanco;20-22;Andina;5
9180;F;52;20240117;70000;Chocolate Blanco;18-20;Pacífica;5
9181;M;19;20240707;30000;Mocha Blanco Latte;18-20;Orinoquía;2
9182;F;30;20230130;40000;Arequipe Latte;18-20;Caribe;3
9183;M;81;20210414;60000;Chocolate Caliente;18-20;Andina;3
9184;;48;20220219;65400;Chocolate Helado;20-22;Andina;4
9185;F;55;20230801;67000;Espresso Doble;10-12;Pacífica;1
9186;M;47;20231220;62000;Chocolate Blanco Helado;20-22;Caribe;1
9187;O;28;20230925;33000;Cappuccino;18-20;Caribe;4
9188;M;45;20240618;40000;Cappuccino;14-16;Andina;1
9189;M;60;20211114;118000;Chocolate Caliente;10-12;Pacífica;1
9190;;48;20231228;65400;Espresso Macchiato;14-16;Orinoquía;3
9191;F;68;20231007;51000;Espresso Sencillo;12-14;Insular;1
9192;M;67;20231027;53000;Chocolate Helado;18-20;Insular;3
9193;;48;20211127;65400;Chocolate Caliente;14-16;Orinoquía;3
9194;F;49;20231106;78000;Flat White;18-20;Orinoquía;3
9195;M;77;20220809;111000;Caramel Macchiato;18-20;Caribe;4
9196;;48;20210622;65400;Latte;14-16;Pacífica;2
9197;;48;20240122;65400;Chocolate Blanco;14-16;Andina;4
9198;M;77;20220519;80000;Espresso Doble;18-20;Caribe;4
9199;M;53;20210815;116000;Chocolate Helado;10-12;Andina;3
9200;F;82;20211107;81000;Chocolate Helado;12-14;Insular;5
9201;M;56;20240301;75000;Mocha Latte;18-20;Pacífica;4
9202;F;85;20231111;115000;Caramel Macchiato;16-18;Caribe;2
9203;M;62;20221003;102000;Chocolate Caliente;14-16;Andina;4
9204;M;64;20240629;98000;Flat White;16-18;Insular;2
9205;;48;20221222;65400;Espresso Macchiato;12-14;Insular;1
9206;M;48;20231113;100000;Latte;12-14;Orinoquía;3
9207;;48;20230828;65400;Mocha Blanco Latte;14-16;Insular;5
9208;F;60;20210824;74000;Chocolate Blanco;16-18;Caribe;4
9209;O;53;20240713;67000;Americano;12-14;Insular;2
9210;M;43;20240711;77000;Mocha Blanco Latte;12-14;Insular;5
9211;F;74;20231008;117000;Latte Macchiato;16-18;Andina;1
9212;M;53;20240131;94000;Mocha Latte;14-16;Caribe;1
9213;M;48;20240621;66000;Caramel Macchiato;20-22;Pacífica;4
9214;F;51;20200319;62000;Chocolate Caliente;16-18;Insular;4
9215;M;34;20240131;68000;Arequipe Latte;18-20;Insular;2
9216;F;72;20220917;37000;Cappuccino;12-14;Pacífica;4
9217;F;44;20230624;51000;Cappuccino;16-18;Andina;3
9218;M;25;20221105;30000;Mocha Latte;18-20;Pacífica;5
9219;M;80;20240516;72000;Caramel Macchiato;20-22;Andina;3
9220;F;59;20230120;92000;Café del día;16-18;Caribe;2
9221;;48;20221019;65400;Chocolate Helado;12-14;Insular;3
9222;M;32;20231218;43000;Espresso Macchiato;18-20;Caribe;5
9223;M;56;20231007;64000;Espresso Macchiato;20-22;Orinoquía;4
9224;O;66;20220214;50000;Chocolate Blanco;16-18;Caribe;1
9225;F;28;20230824;75000;Caramel Macchiato;20-22;Orinoquía;3
9226;F;61;20220704;59000;Café del día;20-22;Insular;1
9227;F;29;20220726;32000;Mocha Blanco Latte;12-14;Pacífica;2
9228;M;29;20240417;40000;Mocha Latte;12-14;Insular;5
9229;M;36;20231224;45000;Caramel Macchiato;18-20;Orinoquía;5
9230;F;69;20231220;79000;Chocolate Caliente;18-20;Insular;2
9231;M;41;20220610;61000;Chocolate Blanco;12-14;Insular;5
9232;M;58;20240415;64000;Café del día;20-22;Andina;5
9233;;48;20230529;65400;Flat White;12-14;Caribe;5
9234;F;65;20230204;51000;Espresso Doble;12-14;Orinoquía;1
9235;M;70;20240619;56000;Chocolate Helado;10-12;Insular;1
9236;M;68;20220416;68000;Espresso Macchiato;16-18;Pacífica;3
9237;F;57;20240331;35000;Flat White;12-14;Andina;3
9238;M;54;20240607;57000;Caramel Macchiato;12-14;Pacífica;1
9239;F;65;20220610;95000;Flat White;20-22;Orinoquía;5
9240;M;75;20231024;56000;Americano;12-14;Insular;3
9241;M;66;20220117;62000;Chocolate Blanco;10-12;Insular;3
9242;;48;20230914;65400;Chocolate Blanco;14-16;Insular;2
9243;F;48;20231219;100000;Americano;10-12;Andina;4
9244;F;62;20211125;92000;Caramel Macchiato;14-16;Insular;4
9245;M;28;20210727;60000;Latte;20-22;Pacífica;1
9246;F;47;20240605;39000;Mocha Blanco Latte;12-14;Caribe;5
9247;F;77;20230908;44000;Chocolate Blanco;10-12;Pacífica;1
9248;M;25;20230822;33000;Café del día;18-20;Insular;4
9249;M;64;20240430;69000;Chocolate Blanco Helado;18-20;Caribe;3
9250;F;80;20220717;88000;Latte;10-12;Orinoquía;5
9251;M;34;20231212;34000;Cappuccino;16-18;Insular;1
9252;M;59;20200819;36000;Flat White;16-18;Caribe;1
9253;M;20;20240420;44000;Chocolate Caliente;10-12;Caribe;2
9254;M;47;20210822;66000;Flat White;16-18;Orinoquía;5
9255;M;42;20200404;93000;Espresso Doble;20-22;Insular;1
9256;;48;20240514;65400;Latte Macchiato;12-14;Pacífica;3
9257;M;89;20210113;74000;Mocha Latte;20-22;Andina;2
9258;;48;20240114;65400;Mocha Blanco Latte;10-12;Insular;4
9259;M;43;20240516;89000;Mocha Blanco Latte;12-14;Orinoquía;4
9260;M;29;20240125;60000;Caramel Macchiato;16-18;Pacífica;5
9261;F;61;20221025;64000;Espresso Doble;20-22;Andina;2
9262;F;63;20220420;67000;Arequipe Latte;18-20;Orinoquía;5
9263;M;28;20240626;33000;Espresso Doble;10-12;Orinoquía;2
9264;F;53;20230218;100000;Chocolate Blanco Helado;20-22;Caribe;4
9265;M;38;20211204;45000;Chocolate Blanco Helado;10-12;Orinoquía;3
9266;M;42;20201210;60000;Latte;18-20;Andina;1
9267;F;60;20230903;62000;Mocha Blanco Latte;12-14;Insular;1
9268;M;33;20231103;58000;Cappuccino;20-22;Insular;3
9269;M;30;20220824;59000;Espresso Macchiato;10-12;Insular;5
9270;M;37;20220104;51000;Chocolate Helado;10-12;Caribe;1
9271;M;34;20201021;71000;Mocha Latte;12-14;Pacífica;1
9272;;48;20230603;65400;Espresso Macchiato;16-18;Caribe;5
9273;;48;20211004;65400;Espresso Sencillo;10-12;Insular;5
9274;F;40;20191008;56000;Mocha Blanco Latte;10-12;Caribe;5
9275;M;83;20220608;66000;Espresso Macchiato;14-16;Insular;5
9276;M;51;20230416;96000;Americano;20-22;Pacífica;5
9277;M;31;20240515;56000;Chocolate Blanco;18-20;Orinoquía;1
9278;M;36;20240128;63000;Mocha Latte;12-14;Andina;2
9279;F;67;20220820;52000;Espresso Macchiato;18-20;Insular;5
9280;F;46;20210506;75000;Mocha Latte;12-14;Andina;4
9281;M;51;20210816;64000;Arequipe Latte;20-22;Orinoquía;3
9282;F;52;20220216;80000;Chocolate Helado;10-12;Andina;3
9283;M;70;20240507;45000;Latte;20-22;Pacífica;1
9284;M;75;20221125;97000;Americano;14-16;Insular;5
9285;O;43;20230718;70000;Latte Macchiato;18-20;Orinoquía;5
9286;F;34;20220907;35000;Café del día;12-14;Andina;5
9287;F;38;20231116;58000;Chocolate Blanco;12-14;Insular;2
9288;M;44;20211205;62000;Espresso Sencillo;10-12;Orinoquía;2
9289;M;70;20240529;55000;Espresso Doble;18-20;Caribe;5
9290;M;45;20230709;65000;Mocha Latte;12-14;Insular;4
9291;M;56;20230815;72000;Chocolate Blanco;20-22;Insular;5
9292;F;59;20220209;88000;Chocolate Blanco Helado;16-18;Pacífica;1
9293;F;28;20231212;58000;Chocolate Helado;12-14;Caribe;3
9294;M;76;20240617;68000;Chocolate Blanco Helado;16-18;Insular;4
9295;M;66;20240115;58000;Mocha Latte;16-18;Insular;1
9296;F;42;20220709;35000;Americano;14-16;Andina;1
9297;;48;20230815;65400;Espresso Sencillo;14-16;Pacífica;1
9298;M;41;20240108;41000;Americano;16-18;Andina;1
9299;M;30;20190926;33000;Café del día;20-22;Orinoquía;3
9300;M;24;20231215;62000;Mocha Latte;12-14;Insular;1
9301;M;60;20230921;40000;Espresso Sencillo;18-20;Pacífica;1
9302;F;52;20220727;50000;Cappuccino;20-22;Caribe;5
9303;M;83;20240502;81000;Chocolate Caliente;14-16;Orinoquía;3
9304;M;58;20240612;85000;Arequipe Latte;14-16;Andina;5
9305;M;48;20230222;75000;Mocha Latte;10-12;Caribe;2
9306;;48;20221219;65400;Chocolate Blanco;18-20;Orinoquía;1
9307;F;58;20240630;102000;Americano;20-22;Insular;2
9308;M;55;20201213;52000;Latte Macchiato;10-12;Insular;1
9309;F;81;20240504;65000;Americano;18-20;Pacífica;1
9310;;48;20240221;65400;Chocolate Blanco;20-22;Insular;5
9311;F;59;20230912;98000;Mocha Blanco Latte;12-14;Andina;2
9312;M;61;20200525;57000;Latte;10-12;Pacífica;3
9313;M;48;20220729;59000;Mocha Latte;18-20;Caribe;5
9314;M;19;20210312;59000;Espresso Doble;20-22;Pacífica;3
9315;M;56;20210926;97000;Espresso Sencillo;16-18;Pacífica;3
9316;M;67;20240222;82000;Cappuccino;20-22;Pacífica;3
9317;M;62;20200419;78000;Espresso Macchiato;20-22;Pacífica;2
9318;F;77;20220414;117000;Latte;10-12;Orinoquía;3
9319;;48;20240420;65400;Chocolate Blanco Helado;16-18;Insular;4
9320;M;74;20220926;112000;Latte Macchiato;20-22;Andina;2
9321;F;84;20220520;83000;Espresso Doble;18-20;Insular;5
9322;;48;20220712;65400;Cappuccino;12-14;Orinoquía;1
9323;M;86;20231008;90000;Flat White;16-18;Pacífica;2
9324;M;47;20240501;50000;Latte Macchiato;12-14;Pacífica;1
9325;F;76;20221027;66000;Espresso Macchiato;16-18;Pacífica;2
9326;M;79;20230802;54000;Espresso Macchiato;10-12;Orinoquía;4
9327;;48;20240308;65400;Cappuccino;12-14;Insular;3
9328;;48;20231124;65400;Chocolate Helado;18-20;Andina;2
9329;M;65;20230220;59000;Café del día;16-18;Pacífica;4
9330;M;31;20240120;69000;Chocolate Helado;12-14;Orinoquía;1
9331;;48;20230318;65400;Café del día;14-16;Pacífica;1
9332;M;72;20240614;54000;Espresso Macchiato;20-22;Pacífica;4
9333;M;19;20230925;70000;Chocolate Blanco;16-18;Orinoquía;1
9334;F;87;20200625;37000;Latte;12-14;Andina;2
9335;M;32;20240411;63000;Espresso Doble;16-18;Pacífica;3
9336;M;44;20230921;46000;Mocha Latte;10-12;Orinoquía;5
9337;F;40;20240211;75000;Mocha Blanco Latte;20-22;Orinoquía;5
9338;F;51;20231125;41000;Espresso Doble;10-12;Orinoquía;2
9339;M;26;20210106;50000;Cappuccino;18-20;Orinoquía;1
9340;M;47;20230729;40000;Chocolate Blanco;10-12;Andina;5
9341;M;51;20231021;69000;Chocolate Blanco Helado;16-18;Insular;1
9342;M;77;20230127;103000;Chocolate Helado;14-16;Insular;5
9343;M;31;20231031;72000;Latte;20-22;Caribe;2
9344;M;36;20220307;72000;Cappuccino;20-22;Andina;3
9345;F;70;20221022;100000;Mocha Latte;12-14;Caribe;5
9346;M;54;20240408;40000;Chocolate Blanco;16-18;Orinoquía;2
9347;M;18;20220711;41000;Espresso Sencillo;10-12;Caribe;1
9348;O;22;20230528;64000;Caramel Macchiato;10-12;Insular;2
9349;F;72;20230728;75000;Mocha Blanco Latte;10-12;Insular;1
9350;;48;20231006;65400;Chocolate Caliente;10-12;Pacífica;1
9351;F;80;20231212;82000;Cappuccino;16-18;Insular;1
9352;M;47;20240201;63000;Mocha Blanco Latte;14-16;Orinoquía;3
9353;F;59;20240619;56000;Mocha Blanco Latte;14-16;Insular;2
9354;M;60;20231105;66000;Mocha Blanco Latte;20-22;Andina;4
9355;M;61;20200928;98000;Mocha Blanco Latte;18-20;Caribe;3
9356;M;27;20231006;69000;Mocha Blanco Latte;10-12;Andina;2
9357;F;60;20221214;88000;Mocha Latte;20-22;Andina;5
9358;F;69;20231002;105000;Espresso Doble;14-16;Andina;5
9359;M;62;20231202;32000;Arequipe Latte;16-18;Orinoquía;2
9360;M;29;20230225;57000;Chocolate Helado;20-22;Andina;3
9361;M;84;20240612;32000;Chocolate Helado;10-12;Andina;1
9362;M;65;20221108;40000;Arequipe Latte;14-16;Andina;4
9363;M;39;20230724;71000;Caramel Macchiato;12-14;Insular;1
9364;M;24;20230524;65000;Arequipe Latte;12-14;Pacífica;3
9365;F;62;20220413;84000;Mocha Latte;20-22;Orinoquía;2
9366;F;59;20230905;57000;Chocolate Helado;18-20;Caribe;2
9367;M;47;20240418;46000;Arequipe Latte;10-12;Pacífica;5
9368;F;43;20210814;68000;Latte Macchiato;16-18;Orinoquía;5
9369;M;83;20231205;71000;Espresso Doble;16-18;Andina;5
9370;F;49;20240602;94000;Flat White;16-18;Caribe;2
9371;F;79;20231211;70000;Caramel Macchiato;10-12;Pacífica;1
9372;F;58;20211005;32000;Chocolate Caliente;14-16;Insular;4
9373;F;87;20220702;46000;Caramel Macchiato;20-22;Pacífica;2
9374;M;67;20220609;89000;Flat White;18-20;Insular;3
9375;M;29;20231030;72000;Latte Macchiato;18-20;Andina;3
9376;F;40;20220305;78000;Espresso Macchiato;14-16;Orinoquía;4
9377;F;59;20220605;49000;Espresso Sencillo;16-18;Pacífica;4
9378;M;55;20240310;74000;Cappuccino;12-14;Pacífica;3
9379;F;51;20231010;97000;Caramel Macchiato;16-18;Pacífica;5
9380;;48;20220429;65400;Espresso Sencillo;16-18;Insular;5
9381;F;71;20220714;86000;Mocha Latte;18-20;Caribe;1
9382;M;61;20190825;33000;Flat White;16-18;Insular;3
9383;;48;20240714;65400;Mocha Blanco Latte;12-14;Andina;5
9384;;48;20211209;65400;Cappuccino;10-12;Pacífica;5
9385;M;21;20230918;46000;Mocha Blanco Latte;10-12;Pacífica;3
9386;F;41;20240129;38000;Americano;10-12;Andina;2
9387;F;50;20240312;91000;Chocolate Caliente;20-22;Caribe;3
9388;F;30;20220509;54000;Espresso Macchiato;14-16;Andina;1
9389;F;57;20220524;74000;Latte Macchiato;16-18;Insular;2
9390;M;48;20200216;42000;Flat White;20-22;Orinoquía;3
9391;F;60;20220506;93000;Flat White;12-14;Caribe;2
9392;M;76;20230222;64000;Chocolate Blanco;20-22;Pacífica;5
9393;F;63;20240219;93000;Arequipe Latte;10-12;Insular;3
9394;F;64;20220925;75000;Latte Macchiato;10-12;Orinoquía;1
9395;;48;20240426;65400;Latte Macchiato;10-12;Orinoquía;2
9396;M;31;20240114;45000;Mocha Latte;10-12;Pacífica;5
9397;F;65;20230911;83000;Espresso Doble;12-14;Pacífica;2
9398;M;30;20240601;67000;Chocolate Caliente;14-16;Andina;5
9399;F;51;20240126;51000;Latte;18-20;Andina;3
9400;M;77;20231002;75000;Latte Macchiato;18-20;Pacífica;1
9401;M;56;20210727;82000;Arequipe Latte;16-18;Pacífica;1
9402;F;49;20230125;44000;Latte Macchiato;20-22;Orinoquía;2
9403;F;40;20220731;58000;Flat White;14-16;Caribe;5
9404;F;62;20230802;120000;Espresso Macchiato;18-20;Caribe;4
9405;M;64;20231121;79000;Espresso Doble;20-22;Orinoquía;5
9406;;48;20200722;65400;Americano;16-18;Insular;3
9407;F;76;20221105;71000;Caramel Macchiato;14-16;Pacífica;2
9408;;48;20240118;65400;Espresso Doble;10-12;Orinoquía;1
9409;F;79;20240207;67000;Chocolate Helado;10-12;Insular;1
9410;F;21;20211115;66000;Latte Macchiato;16-18;Caribe;1
9411;F;80;20230301;116000;Chocolate Blanco Helado;20-22;Pacífica;5
9412;M;41;20221125;58000;Flat White;12-14;Pacífica;5
9413;M;22;20230923;48000;Mocha Latte;18-20;Orinoquía;1
9414;F;65;20230929;84000;Mocha Latte;20-22;Caribe;2
9415;;48;20230702;65400;Chocolate Blanco Helado;16-18;Insular;1
9416;F;68;20210926;119000;Latte;10-12;Orinoquía;1
9417;F;19;20240725;44000;Espresso Doble;16-18;Orinoquía;3
9418;M;22;20230914;35000;Espresso Macchiato;12-14;Orinoquía;5
9419;F;76;20221122;32000;Latte;16-18;Insular;2
9420;F;57;20240124;96000;Espresso Doble;16-18;Caribe;3
9421;F;60;20221110;83000;Arequipe Latte;18-20;Insular;1
9422;F;90;20230811;66000;Flat White;16-18;Pacífica;3
9423;M;27;20240222;57000;Chocolate Blanco Helado;20-22;Insular;2
9424;F;81;20220203;75000;Chocolate Helado;14-16;Insular;3
9425;M;55;20231226;61000;Espresso Macchiato;14-16;Andina;3
9426;;48;20231228;65400;Espresso Macchiato;12-14;Insular;1
9427;F;25;20200717;53000;Chocolate Helado;16-18;Pacífica;1
9428;F;75;20221220;56000;Espresso Macchiato;12-14;Andina;3
9429;M;80;20240408;96000;Arequipe Latte;10-12;Insular;4
9430;M;34;20231218;42000;Americano;12-14;Orinoquía;4
9431;M;77;20231212;49000;Espresso Sencillo;20-22;Insular;1
9432;F;43;20210904;60000;Chocolate Blanco;18-20;Pacífica;5
9433;M;41;20220528;49000;Cappuccino;20-22;Caribe;3
9434;F;74;20211212;92000;Chocolate Caliente;16-18;Pacífica;5
9435;M;71;20230629;57000;Chocolate Caliente;20-22;Pacífica;2
9436;M;22;20220914;36000;Latte Macchiato;20-22;Caribe;3
9437;M;63;20240411;43000;Latte Macchiato;14-16;Insular;1
9438;F;80;20240519;71000;Cappuccino;10-12;Andina;4
9439;F;60;20220220;57000;Chocolate Caliente;18-20;Orinoquía;3
9440;M;42;20230927;58000;Espresso Sencillo;20-22;Pacífica;1
9441;F;58;20231127;68000;Chocolate Helado;14-16;Caribe;2
9442;M;70;20240414;82000;Mocha Latte;18-20;Andina;3
9443;M;30;20200706;43000;Espresso Doble;20-22;Caribe;5
9444;F;59;20221106;98000;Chocolate Caliente;20-22;Andina;2
9445;;48;20240516;65400;Americano;12-14;Insular;1
9446;M;47;20240111;74000;Chocolate Helado;18-20;Orinoquía;3
9447;M;39;20230818;65000;Arequipe Latte;10-12;Pacífica;1
9448;F;51;20221219;84000;Chocolate Helado;10-12;Caribe;1
9449;;48;20221031;65400;Chocolate Caliente;10-12;Pacífica;4
9450;F;41;20240623;57000;Latte Macchiato;16-18;Caribe;4
9451;M;58;20240531;66000;Caramel Macchiato;12-14;Andina;2
9452;M;53;20230916;33000;Café del día;18-20;Insular;2
9453;M;53;20231013;34000;Flat White;16-18;Orinoquía;4
9454;M;45;20210819;90000;Latte;18-20;Orinoquía;3
9455;F;77;20230120;37000;Espresso Macchiato;18-20;Orinoquía;1
9456;M;50;20211030;92000;Flat White;12-14;Andina;4
9457;F;55;20221129;55000;Arequipe Latte;18-20;Caribe;1
9458;;48;20221013;65400;Espresso Macchiato;20-22;Insular;5
9459;M;39;20231208;50000;Arequipe Latte;16-18;Pacífica;5
9460;M;38;20240613;75000;Chocolate Helado;16-18;Andina;1
9461;;48;20230804;65400;Espresso Doble;16-18;Caribe;1
9462;M;79;20191206;58000;Chocolate Blanco;10-12;Insular;5
9463;;48;20230626;65400;Chocolate Helado;14-16;Orinoquía;2
9464;M;55;20230901;105000;Chocolate Helado;12-14;Caribe;3
9465;M;24;20231227;50000;Chocolate Helado;10-12;Caribe;1
9466;M;22;20240124;42000;Chocolate Helado;18-20;Andina;2
9467;M;50;20220703;72000;Espresso Sencillo;16-18;Andina;1
9468;M;61;20230303;77000;Latte Macchiato;18-20;Andina;1
9469;M;64;20211108;72000;Espresso Macchiato;18-20;Orinoquía;4
9470;;48;20210901;65400;Flat White;12-14;Insular;1
9471;M;90;20240530;57000;Espresso Macchiato;14-16;Pacífica;4
9472;M;49;20240131;51000;Latte Macchiato;18-20;Orinoquía;1
9473;F;34;20230922;56000;Caramel Macchiato;10-12;Insular;1
9474;F;93;20220609;74000;Chocolate Blanco Helado;20-22;Insular;1
9475;M;70;20220919;46000;Mocha Blanco Latte;14-16;Orinoquía;5
9476;M;51;20240102;78000;Chocolate Blanco Helado;18-20;Caribe;2
9477;M;54;20220508;89000;Mocha Latte;20-22;Insular;4
9478;M;61;20210806;71000;Latte;14-16;Insular;3
9479;F;53;20221130;110000;Chocolate Blanco;16-18;Pacífica;2
9480;F;76;20210806;114000;Flat White;20-22;Caribe;1
9481;F;60;20220213;97000;Caramel Macchiato;10-12;Insular;1
9482;M;49;20231117;79000;Chocolate Caliente;10-12;Andina;4
9483;F;88;20230821;63000;Espresso Doble;20-22;Pacífica;4
9484;M;46;20230425;34000;Latte;10-12;Pacífica;4
9485;;48;20231008;65400;Espresso Doble;12-14;Orinoquía;1
9486;M;49;20200320;70000;Chocolate Caliente;14-16;Caribe;2
9487;M;26;20230907;72000;Chocolate Helado;20-22;Orinoquía;1
9488;M;39;20221007;59000;Americano;14-16;Andina;1
9489;F;56;20231120;92000;Mocha Blanco Latte;12-14;Andina;4
9490;F;54;20230513;73000;Espresso Macchiato;18-20;Orinoquía;4
9491;O;40;20230730;88000;Mocha Latte;20-22;Andina;1
9492;M;79;20210906;114000;Chocolate Caliente;20-22;Orinoquía;5
9493;F;72;20230922;109000;Chocolate Blanco;10-12;Pacífica;2
9494;F;70;20221221;59000;Mocha Blanco Latte;20-22;Insular;3
9495;M;52;20231007;59000;Arequipe Latte;20-22;Andina;4
9496;M;54;20240119;61000;Espresso Doble;12-14;Pacífica;4
9497;;48;20220125;65400;Chocolate Caliente;16-18;Orinoquía;1
9498;F;84;20230425;61000;Chocolate Helado;18-20;Andina;4
9499;F;46;20230702;65000;Chocolate Caliente;12-14;Orinoquía;3
9500;M;71;20230331;52000;Espresso Sencillo;14-16;Insular;2
9501;F;49;20221006;56000;Chocolate Blanco;10-12;Caribe;2
9502;;48;20240405;65400;Chocolate Blanco Helado;20-22;Caribe;1
9503;F;64;20231027;55000;Caramel Macchiato;20-22;Caribe;4
9504;F;21;20240618;59000;Caramel Macchiato;12-14;Orinoquía;1
9505;F;78;20231223;82000;Espresso Doble;12-14;Andina;1
9506;M;58;20220307;87000;Espresso Sencillo;10-12;Caribe;1
9507;;48;20240507;65400;Espresso Sencillo;20-22;Andina;2
9508;M;72;20191119;58000;Espresso Doble;14-16;Andina;1
9509;M;42;20221009;67000;Flat White;18-20;Caribe;2
9510;F;38;20240128;49000;Mocha Latte;18-20;Orinoquía;4
9511;F;27;20240411;70000;Latte Macchiato;14-16;Andina;5
9512;M;53;20231006;57000;Café del día;14-16;Caribe;1
9513;F;71;20220702;81000;Chocolate Helado;14-16;Orinoquía;2
9514;M;41;20240207;73000;Latte;12-14;Pacífica;5
9515;M;51;20221114;63000;Arequipe Latte;20-22;Caribe;3
9516;F;41;20231112;91000;Americano;12-14;Caribe;2
9517;M;53;20240207;105000;Arequipe Latte;18-20;Caribe;3
9518;F;80;20240619;53000;Chocolate Caliente;20-22;Caribe;5
9519;M;46;20210804;66000;Flat White;20-22;Andina;5
9520;M;66;20221022;43000;Americano;20-22;Insular;1
9521;F;39;20231006;73000;Latte;10-12;Caribe;2
9522;M;71;20231102;48000;Chocolate Caliente;14-16;Orinoquía;4
9523;F;92;20240716;78000;Espresso Doble;12-14;Pacífica;1
9524;;48;20240625;65400;Cappuccino;18-20;Andina;4
9525;F;20;20231225;74000;Espresso Doble;14-16;Pacífica;1
9526;M;58;20220912;118000;Mocha Latte;12-14;Pacífica;3
9527;M;58;20230831;74000;Caramel Macchiato;16-18;Insular;1
9528;M;24;20240319;59000;Mocha Latte;18-20;Insular;2
9529;F;53;20240430;70000;Mocha Blanco Latte;12-14;Pacífica;5
9530;M;65;20211202;65000;Mocha Latte;20-22;Andina;3
9531;F;70;20230920;85000;Café del día;14-16;Andina;1
9532;F;59;20240501;81000;Mocha Blanco Latte;16-18;Andina;5
9533;M;35;20220719;65000;Espresso Doble;14-16;Insular;5
9534;F;78;20240112;84000;Arequipe Latte;16-18;Orinoquía;3
9535;F;70;20210819;35000;Cappuccino;16-18;Andina;2
9536;M;39;20230808;57000;Chocolate Blanco Helado;20-22;Orinoquía;1
9537;M;26;20230725;33000;Americano;14-16;Insular;1
9538;;48;20230419;65400;Flat White;12-14;Orinoquía;2
9539;F;57;20240520;87000;Mocha Blanco Latte;12-14;Pacífica;3
9540;M;90;20231129;34000;Caramel Macchiato;14-16;Orinoquía;5
9541;M;27;20240703;41000;Mocha Blanco Latte;20-22;Andina;4
9542;F;92;20220312;65000;Espresso Macchiato;20-22;Andina;2
9543;M;47;20230821;74000;Americano;16-18;Insular;5
9544;M;65;20230602;67000;Latte Macchiato;10-12;Caribe;1
9545;F;29;20210808;45000;Caramel Macchiato;14-16;Caribe;3
9546;M;44;20231025;69000;Cappuccino;16-18;Andina;1
9547;M;56;20231020;111000;Caramel Macchiato;12-14;Pacífica;4
9548;M;58;20231015;41000;Cappuccino;12-14;Insular;5
9549;M;58;20230908;46000;Latte Macchiato;18-20;Andina;1
9550;M;41;20240205;55000;Espresso Doble;10-12;Insular;1
9551;;48;20231204;65400;Arequipe Latte;16-18;Caribe;1
9552;;48;20230323;65400;Mocha Latte;18-20;Orinoquía;3
9553;M;71;20240301;43000;Mocha Blanco Latte;20-22;Andina;2
9554;F;69;20211009;61000;Mocha Latte;18-20;Orinoquía;4
9555;F;59;20220129;80000;Americano;14-16;Insular;3
9556;F;76;20231028;103000;Espresso Doble;16-18;Caribe;2
9557;M;48;20240511;52000;Cappuccino;16-18;Orinoquía;3
9558;F;54;20230928;93000;Latte;10-12;Caribe;5
9559;;48;20240626;65400;Caramel Macchiato;16-18;Insular;2
9560;;48;20220214;65400;Espresso Doble;16-18;Andina;2
9561;M;41;20240123;72000;Mocha Blanco Latte;14-16;Andina;1
9562;M;54;20230728;45000;Chocolate Helado;12-14;Orinoquía;4
9563;M;50;20200919;84000;Espresso Doble;16-18;Orinoquía;3
9564;F;65;20220117;43000;Arequipe Latte;12-14;Caribe;4
9565;F;64;20220621;95000;Espresso Macchiato;20-22;Orinoquía;4
9566;M;52;20200709;67000;Caramel Macchiato;20-22;Andina;4
9567;M;47;20230108;51000;Chocolate Caliente;16-18;Pacífica;5
9568;M;62;20240125;65000;Americano;16-18;Orinoquía;2
9569;F;63;20220216;83000;Chocolate Caliente;10-12;Pacífica;1
9570;F;48;20220209;42000;Caramel Macchiato;10-12;Insular;3
9571;F;63;20230429;115000;Chocolate Blanco;10-12;Orinoquía;1
9572;;48;20210908;65400;Mocha Blanco Latte;14-16;Andina;1
9573;F;48;20220402;38000;Caramel Macchiato;14-16;Insular;2
9574;F;69;20231022;66000;Chocolate Caliente;10-12;Orinoquía;5
9575;;48;20240115;65400;Chocolate Blanco Helado;12-14;Pacífica;1
9576;;48;20221223;65400;Espresso Doble;12-14;Andina;5
9577;;48;20231222;65400;Chocolate Caliente;12-14;Pacífica;1
9578;;48;20221118;65400;Mocha Latte;12-14;Orinoquía;1
9579;M;42;20231210;68000;Mocha Blanco Latte;16-18;Orinoquía;1
9580;M;25;20231119;35000;Latte Macchiato;14-16;Orinoquía;5
9581;F;68;20240618;95000;Mocha Latte;20-22;Orinoquía;4
9582;;48;20220119;65400;Chocolate Blanco Helado;12-14;Pacífica;4
9583;M;65;20240502;60000;Mocha Latte;20-22;Insular;1
9584;M;45;20240301;36000;Chocolate Caliente;20-22;Orinoquía;5
9585;F;82;20240710;74000;Café del día;18-20;Caribe;1
9586;;48;20210711;65400;Mocha Latte;16-18;Orinoquía;5
9587;M;85;20220625;60000;Flat White;10-12;Orinoquía;2
9588;;48;20240606;65400;Chocolate Caliente;14-16;Caribe;2
9589;M;83;20240104;70000;Mocha Blanco Latte;12-14;Pacífica;2
9590;F;76;20240218;38000;Mocha Blanco Latte;16-18;Orinoquía;5
9591;F;52;20230123;33000;Espresso Sencillo;12-14;Caribe;2
9592;M;67;20240120;52000;Espresso Macchiato;16-18;Pacífica;1
9593;M;51;20240305;74000;Chocolate Blanco;18-20;Andina;2
9594;F;69;20211202;56000;Chocolate Caliente;14-16;Caribe;2
9595;M;50;20240719;51000;Chocolate Blanco Helado;18-20;Insular;3
9596;F;42;20240203;46000;Espresso Macchiato;18-20;Insular;5
9597;M;60;20231205;97000;Mocha Latte;12-14;Caribe;2
9598;M;61;20211029;64000;Chocolate Helado;10-12;Andina;3
9599;;48;20220107;65400;Arequipe Latte;16-18;Andina;3
9600;F;75;20240106;57000;Latte;14-16;Andina;2
9601;F;31;20240405;71000;Espresso Doble;18-20;Andina;3
9602;M;26;20240721;42000;Arequipe Latte;18-20;Orinoquía;2
9603;F;50;20231123;63000;Chocolate Helado;20-22;Pacífica;3
9604;M;53;20230403;53000;Americano;14-16;Orinoquía;2
9605;F;62;20220531;77000;Espresso Sencillo;18-20;Pacífica;3
9606;F;59;20210829;55000;Espresso Doble;20-22;Pacífica;2
9607;M;31;20240601;53000;Chocolate Blanco Helado;14-16;Andina;5
9608;M;45;20240505;52000;Arequipe Latte;20-22;Caribe;4
9609;F;86;20231105;70000;Chocolate Caliente;18-20;Orinoquía;3
9610;F;29;20240620;53000;Mocha Latte;16-18;Caribe;2
9611;M;43;20230813;43000;Espresso Macchiato;10-12;Insular;4
9612;M;69;20220930;51000;Espresso Macchiato;14-16;Caribe;2
9613;M;52;20230816;41000;Espresso Macchiato;18-20;Orinoquía;4
9614;F;52;20220529;51000;Arequipe Latte;16-18;Insular;1
9615;M;56;20240707;41000;Caramel Macchiato;12-14;Orinoquía;4
9616;M;56;20240714;33000;Café del día;20-22;Insular;2
9617;M;68;20230603;119000;Espresso Macchiato;16-18;Andina;5
9618;M;69;20230324;46000;Espresso Macchiato;10-12;Andina;3
9619;M;61;20240612;94000;Mocha Blanco Latte;14-16;Andina;2
9620;F;71;20240211;63000;Cappuccino;14-16;Caribe;1
9621;M;78;20240319;52000;Latte;20-22;Insular;3
9622;F;22;20231116;72000;Mocha Blanco Latte;16-18;Pacífica;2
9623;;48;20230627;65400;Chocolate Helado;10-12;Caribe;2
9624;M;65;20211016;33000;Espresso Sencillo;14-16;Orinoquía;3
9625;;48;20240108;65400;Mocha Blanco Latte;10-12;Caribe;3
9626;F;60;20220726;80000;Flat White;10-12;Insular;4
9627;M;59;20240111;71000;Espresso Doble;20-22;Andina;3
9628;F;55;20220722;109000;Cappuccino;14-16;Caribe;3
9629;M;64;20231118;67000;Espresso Sencillo;18-20;Andina;2
9630;M;63;20230917;53000;Espresso Macchiato;14-16;Caribe;5
9631;M;46;20220914;72000;Café del día;20-22;Andina;5
9632;F;52;20220408;85000;Cappuccino;20-22;Andina;5
9633;M;59;20230604;70000;Mocha Latte;16-18;Orinoquía;3
9634;F;50;20201112;87000;Chocolate Helado;14-16;Insular;3
9635;M;70;20220320;64000;Mocha Latte;18-20;Caribe;2
9636;F;61;20230926;61000;Espresso Doble;16-18;Orinoquía;4
9637;F;55;20240419;82000;Flat White;10-12;Andina;4
9638;F;75;20231206;78000;Cappuccino;16-18;Orinoquía;1
9639;;48;20231022;65400;Latte;20-22;Orinoquía;3
9640;;48;20230816;65400;Chocolate Caliente;14-16;Orinoquía;1
9641;F;50;20230328;62000;Caramel Macchiato;12-14;Andina;2
9642;M;20;20220102;43000;Flat White;18-20;Insular;5
9643;M;62;20220802;94000;Espresso Doble;14-16;Caribe;4
9644;M;65;20231217;88000;Espresso Macchiato;10-12;Andina;4
9645;M;51;20231111;80000;Latte;14-16;Insular;5
9646;F;67;20231211;76000;Latte;14-16;Pacífica;2
9647;;48;20231127;65400;Caramel Macchiato;18-20;Pacífica;1
9648;M;67;20220722;38000;Cappuccino;18-20;Orinoquía;2
9649;F;27;20231117;73000;Chocolate Helado;20-22;Caribe;1
9650;F;61;20211226;77000;Espresso Doble;14-16;Pacífica;1
9651;M;30;20190824;48000;Cappuccino;20-22;Caribe;1
9652;F;67;20230524;66000;Latte Macchiato;20-22;Orinoquía;2
9653;M;54;20230702;90000;Mocha Latte;10-12;Insular;3
9654;M;29;20220921;54000;Mocha Latte;18-20;Orinoquía;2
9655;F;54;20211208;91000;Café del día;18-20;Andina;2
9656;F;33;20230525;52000;Cappuccino;16-18;Orinoquía;4
9657;M;40;20221009;34000;Arequipe Latte;20-22;Caribe;5
9658;F;68;20221129;87000;Mocha Latte;14-16;Insular;2
9659;M;40;20210528;33000;Chocolate Caliente;18-20;Pacífica;5
9660;F;76;20230808;68000;Chocolate Caliente;10-12;Pacífica;5
9661;F;47;20200913;88000;Latte Macchiato;14-16;Caribe;5
9662;;48;20240213;65400;Arequipe Latte;18-20;Pacífica;4
9663;F;64;20240414;85000;Caramel Macchiato;18-20;Orinoquía;2
9664;F;51;20231026;61000;Cappuccino;20-22;Caribe;4
9665;;48;20221216;65400;Espresso Sencillo;18-20;Andina;3
9666;F;65;20231113;73000;Mocha Latte;16-18;Andina;4
9667;M;37;20220419;86000;Espresso Macchiato;18-20;Pacífica;4
9668;M;53;20220817;89000;Espresso Doble;10-12;Caribe;2
9669;M;48;20231201;98000;Chocolate Blanco;20-22;Insular;1
9670;F;66;20230625;90000;Espresso Doble;20-22;Insular;5
9671;M;72;20240118;73000;Chocolate Blanco Helado;20-22;Caribe;4
9672;M;71;20220815;78000;Espresso Sencillo;20-22;Insular;4
9673;O;64;20231209;65000;Chocolate Blanco;20-22;Andina;5
9674;;48;20220321;65400;Chocolate Blanco;18-20;Insular;2
9675;M;55;20231011;70000;Espresso Sencillo;12-14;Pacífica;4
9676;F;21;20220905;69000;Espresso Sencillo;12-14;Caribe;4
9677;M;40;20240629;32000;Arequipe Latte;18-20;Orinoquía;4
9678;M;72;20190906;31000;Americano;10-12;Orinoquía;3
9679;M;58;20211218;93000;Mocha Blanco Latte;10-12;Caribe;3
9680;M;24;20221120;73000;Chocolate Blanco Helado;18-20;Andina;3
9681;F;56;20220407;110000;Cappuccino;20-22;Andina;2
9682;M;59;20220524;85000;Americano;18-20;Orinoquía;5
9683;M;60;20230815;86000;Latte;12-14;Pacífica;2
9684;F;65;20220127;68000;Chocolate Blanco Helado;18-20;Andina;2
9685;M;74;20230217;85000;Chocolate Helado;14-16;Orinoquía;3
9686;M;46;20190912;39000;Mocha Latte;12-14;Andina;1
9687;F;52;20231106;92000;Chocolate Blanco Helado;18-20;Pacífica;3
9688;M;74;20240322;35000;Arequipe Latte;18-20;Caribe;4
9689;M;46;20240315;38000;Chocolate Caliente;10-12;Insular;3
9690;M;33;20210428;63000;Caramel Macchiato;12-14;Orinoquía;2
9691;F;80;20220912;38000;Chocolate Blanco Helado;18-20;Andina;1
9692;M;49;20230909;47000;Espresso Macchiato;14-16;Insular;4
9693;F;41;20231222;67000;Chocolate Helado;12-14;Caribe;5
9694;;48;20220222;65400;Latte Macchiato;10-12;Caribe;4
9695;;48;20220926;65400;Espresso Doble;16-18;Caribe;2
9696;M;67;20220601;108000;Cappuccino;14-16;Insular;1
9697;M;74;20221220;70000;Cappuccino;14-16;Pacífica;4
9698;F;88;20230516;50000;Chocolate Caliente;20-22;Andina;5
9699;M;50;20201119;61000;Latte Macchiato;10-12;Pacífica;2
9700;;48;20240206;65400;Arequipe Latte;14-16;Pacífica;1
9701;;48;20211014;65400;Latte;12-14;Insular;2
9702;F;47;20211211;55000;Latte Macchiato;12-14;Pacífica;4
9703;;48;20220603;65400;Café del día;10-12;Andina;1
9704;M;66;20220218;40000;Espresso Macchiato;10-12;Orinoquía;5
9705;M;20;20230901;35000;Americano;14-16;Insular;5
9706;M;80;20191029;42000;Latte Macchiato;14-16;Orinoquía;1
9707;;48;20220331;65400;Cappuccino;14-16;Orinoquía;3
9708;M;58;20240311;77000;Mocha Latte;16-18;Andina;2
9709;M;48;20231005;91000;Latte Macchiato;20-22;Caribe;1
9710;M;36;20201108;32000;Latte Macchiato;16-18;Caribe;4
9711;F;60;20210822;108000;Chocolate Caliente;10-12;Insular;5
9712;M;77;20230822;75000;Caramel Macchiato;12-14;Caribe;2
9713;F;76;20230929;55000;Caramel Macchiato;20-22;Andina;3
9714;M;27;20230519;34000;Chocolate Blanco;12-14;Caribe;3
9715;M;26;20240222;61000;Chocolate Helado;14-16;Pacífica;5
9716;;48;20230209;65400;Latte;10-12;Insular;5
9717;M;28;20231022;36000;Mocha Blanco Latte;14-16;Pacífica;3
9718;M;53;20201215;57000;Chocolate Blanco Helado;16-18;Pacífica;2
9719;F;57;20230426;85000;Latte Macchiato;16-18;Insular;3
9720;;48;20231213;65400;Espresso Sencillo;20-22;Pacífica;3
9721;M;63;20231001;34000;Café del día;12-14;Orinoquía;1
9722;O;53;20230828;68000;Café del día;20-22;Andina;3
9723;M;65;20231207;58000;Chocolate Blanco Helado;14-16;Caribe;5
9724;M;33;20220821;49000;Cappuccino;14-16;Insular;1
9725;F;72;20231011;61000;Cappuccino;14-16;Insular;3
9726;;48;20220813;65400;Cappuccino;14-16;Caribe;3
9727;M;18;20231025;51000;Cappuccino;10-12;Insular;5
9728;M;49;20230829;53000;Cappuccino;16-18;Orinoquía;2
9729;F;42;20230731;46000;Americano;16-18;Insular;5
9730;F;50;20220326;78000;Espresso Macchiato;16-18;Caribe;1
9731;M;51;20230304;59000;Arequipe Latte;14-16;Caribe;5
9732;M;19;20200819;39000;Espresso Macchiato;10-12;Insular;1
9733;F;46;20200827;96000;Latte;18-20;Pacífica;4
9734;M;33;20231230;57000;Café del día;12-14;Insular;3
9735;M;48;20200522;42000;Espresso Sencillo;10-12;Pacífica;3
9736;;48;20231209;65400;Cappuccino;20-22;Caribe;1
9737;F;57;20230804;95000;Americano;16-18;Caribe;4
9738;M;66;20230305;68000;Latte;20-22;Insular;1
9739;M;60;20230727;63000;Espresso Doble;12-14;Andina;1
9740;M;40;20220210;45000;Latte;12-14;Insular;2
9741;F;82;20240619;80000;Americano;12-14;Orinoquía;2
9742;M;72;20220909;80000;Chocolate Caliente;12-14;Orinoquía;4
9743;M;46;20221104;32000;Latte;20-22;Pacífica;4
9744;M;76;20230823;86000;Chocolate Caliente;18-20;Pacífica;2
9745;F;52;20210604;93000;Espresso Sencillo;14-16;Insular;3
9746;F;53;20230919;77000;Chocolate Helado;14-16;Andina;4
9747;M;46;20210110;98000;Flat White;20-22;Insular;5
9748;M;62;20220320;73000;Cappuccino;20-22;Orinoquía;5
9749;F;38;20221113;66000;Latte;20-22;Pacífica;3
9750;M;49;20240705;38000;Espresso Macchiato;18-20;Andina;3
9751;M;55;20240302;56000;Chocolate Caliente;10-12;Pacífica;2
9752;F;48;20220613;87000;Arequipe Latte;16-18;Andina;3
9753;M;33;20210502;70000;Flat White;14-16;Pacífica;3
9754;M;60;20240122;63000;Espresso Doble;18-20;Caribe;3
9755;M;24;20240102;57000;Caramel Macchiato;20-22;Andina;1
9756;F;34;20230228;64000;Americano;20-22;Caribe;5
9757;F;61;20221026;51000;Latte Macchiato;20-22;Andina;3
9758;;48;20230825;65400;Caramel Macchiato;18-20;Pacífica;1
9759;F;30;20230915;58000;Café del día;10-12;Pacífica;3
9760;;48;20220721;65400;Latte;18-20;Insular;2
9761;;48;20230425;65400;Espresso Sencillo;10-12;Insular;2
9762;M;69;20220427;108000;Mocha Blanco Latte;20-22;Insular;2
9763;M;80;20230225;98000;Chocolate Caliente;10-12;Pacífica;3
9764;F;75;20220628;49000;Chocolate Caliente;20-22;Andina;3
9765;M;63;20240118;30000;Flat White;20-22;Orinoquía;3
9766;F;58;20230409;74000;Chocolate Blanco Helado;16-18;Andina;2
9767;;48;20220829;65400;Latte Macchiato;18-20;Orinoquía;2
9768;F;50;20221126;83000;Chocolate Blanco;16-18;Caribe;2
9769;M;38;20240321;37000;Arequipe Latte;12-14;Andina;3
9770;F;62;20231113;51000;Cappuccino;16-18;Caribe;4
9771;M;54;20231230;60000;Latte;14-16;Orinoquía;1
9772;F;65;20231225;64000;Espresso Sencillo;14-16;Insular;1
9773;M;68;20240211;41000;Chocolate Helado;20-22;Caribe;3
9774;F;45;20210805;73000;Flat White;12-14;Caribe;5
9775;F;81;20220519;84000;Arequipe Latte;10-12;Orinoquía;5
9776;M;26;20240202;34000;Espresso Macchiato;14-16;Andina;5
9777;F;66;20201126;56000;Arequipe Latte;16-18;Orinoquía;3
9778;M;58;20220316;79000;Mocha Blanco Latte;16-18;Caribe;5
9779;M;52;20231020;47000;Espresso Doble;16-18;Andina;4
9780;F;49;20231210;85000;Americano;16-18;Orinoquía;1
9781;F;25;20201123;32000;Latte Macchiato;16-18;Caribe;3
9782;M;75;20230923;85000;Cappuccino;16-18;Pacífica;5
9783;M;32;20240220;71000;Chocolate Caliente;12-14;Orinoquía;2
9784;M;61;20220805;57000;Chocolate Helado;14-16;Orinoquía;4
9785;M;47;20240720;69000;Mocha Latte;12-14;Pacífica;4
9786;F;24;20211010;40000;Chocolate Blanco;20-22;Caribe;5
9787;M;72;20221103;94000;Mocha Blanco Latte;10-12;Andina;5
9788;M;55;20230901;76000;Arequipe Latte;12-14;Caribe;1
9789;M;61;20240414;67000;Latte Macchiato;16-18;Andina;2
9790;F;26;20240107;74000;Chocolate Helado;14-16;Pacífica;2
9791;;48;20230410;65400;Mocha Blanco Latte;20-22;Orinoquía;5
9792;F;69;20240426;109000;Latte Macchiato;14-16;Andina;3
9793;F;58;20210816;79000;Chocolate Caliente;16-18;Caribe;4
9794;F;55;20220107;88000;Caramel Macchiato;18-20;Pacífica;4
9795;F;65;20221230;82000;Espresso Macchiato;20-22;Caribe;1
9796;M;76;20210308;54000;Espresso Doble;18-20;Pacífica;1
9797;F;29;20240312;64000;Flat White;16-18;Insular;2
9798;M;24;20231217;38000;Mocha Latte;18-20;Orinoquía;2
9799;M;67;20231007;118000;Cappuccino;10-12;Caribe;1
9800;M;49;20210623;98000;Chocolate Caliente;10-12;Andina;2
9801;;48;20210926;65400;Mocha Blanco Latte;12-14;Caribe;2
9802;M;94;20230819;74000;Chocolate Caliente;14-16;Andina;4
9803;F;85;20240127;34000;Espresso Doble;10-12;Pacífica;5
9804;F;53;20240501;34000;Arequipe Latte;12-14;Insular;5
9805;;48;20231226;65400;Americano;20-22;Caribe;1
9806;F;24;20240315;50000;Latte;20-22;Caribe;4
9807;F;70;20240509;118000;Latte;18-20;Orinoquía;4
9808;F;49;20230930;56000;Caramel Macchiato;14-16;Andina;2
9809;;48;20221225;65400;Caramel Macchiato;18-20;Insular;1
9810;F;60;20231206;50000;Latte;12-14;Orinoquía;5
9811;M;37;20231106;70000;Cappuccino;20-22;Pacífica;2
9812;F;81;20211009;36000;Flat White;14-16;Andina;4
9813;F;51;20220322;99000;Chocolate Blanco;10-12;Orinoquía;2
9814;F;72;20221204;54000;Americano;10-12;Insular;5
9815;;48;20240107;65400;Chocolate Blanco;14-16;Andina;5
9816;F;58;20220817;47000;Cappuccino;16-18;Pacífica;3
9817;F;49;20220416;96000;Chocolate Caliente;20-22;Insular;2
9818;F;63;20240531;107000;Cappuccino;14-16;Orinoquía;4
9819;;48;20240328;65400;Espresso Doble;14-16;Caribe;1
9820;M;54;20230910;53000;Espresso Macchiato;10-12;Pacífica;5
9821;;48;20240522;65400;Chocolate Caliente;16-18;Andina;3
9822;M;53;20230728;57000;Flat White;14-16;Pacífica;2
9823;M;29;20190916;59000;Espresso Sencillo;14-16;Orinoquía;3
9824;M;70;20220207;116000;Latte;16-18;Insular;4
9825;F;28;20230910;45000;Cappuccino;14-16;Andina;3
9826;M;35;20240313;38000;Caramel Macchiato;12-14;Pacífica;1
9827;;48;20220613;65400;Espresso Sencillo;12-14;Andina;1
9828;M;62;20231227;72000;Americano;16-18;Orinoquía;3
9829;F;83;20221114;37000;Mocha Blanco Latte;14-16;Orinoquía;1
9830;M;34;20220229;73000;Americano;10-12;Orinoquía;4
9831;M;21;20221125;72000;Arequipe Latte;20-22;Orinoquía;1
9832;F;52;20230312;73000;Chocolate Caliente;14-16;Orinoquía;5
9833;F;40;20240603;52000;Arequipe Latte;12-14;Insular;3
9834;F;65;20230930;78000;Chocolate Blanco Helado;14-16;Pacífica;1
9835;;48;20231025;65400;Caramel Macchiato;10-12;Insular;1
9836;;48;20231225;65400;Espresso Sencillo;18-20;Insular;1
9837;F;78;20221209;89000;Mocha Blanco Latte;18-20;Caribe;1
9838;M;53;20211223;64000;Latte Macchiato;16-18;Insular;5
9839;F;38;20230423;77000;Chocolate Blanco;14-16;Caribe;3
9840;;48;20240104;65400;Cappuccino;16-18;Caribe;3
9841;;48;20231106;65400;Café del día;20-22;Andina;4
9842;;48;20230819;65400;Cappuccino;10-12;Andina;4
9843;M;35;20220704;45000;Espresso Macchiato;12-14;Orinoquía;3
9844;M;75;20230822;87000;Arequipe Latte;10-12;Insular;2
9845;M;36;20240615;64000;Flat White;10-12;Pacífica;3
9846;O;20;20240202;67000;Caramel Macchiato;20-22;Insular;2
9847;F;63;20221020;104000;Latte Macchiato;12-14;Pacífica;5
9848;M;65;20220828;77000;Flat White;18-20;Orinoquía;5
9849;F;51;20231231;84000;Americano;20-22;Pacífica;5
9850;M;94;20220608;75000;Chocolate Blanco Helado;10-12;Orinoquía;3
9851;M;24;20240320;65000;Chocolate Helado;12-14;Andina;3
9852;M;70;20220824;119000;Chocolate Blanco;20-22;Orinoquía;4
9853;M;39;20220302;94000;Chocolate Caliente;10-12;Andina;2
9854;F;48;20191016;55000;Latte;18-20;Insular;5
9855;M;37;20230714;36000;Latte;12-14;Caribe;3
9856;F;74;20240605;115000;Espresso Macchiato;10-12;Orinoquía;5
9857;M;36;20220609;41000;Mocha Latte;12-14;Insular;3
9858;M;52;20200930;35000;Espresso Macchiato;16-18;Insular;4
9859;M;57;20240331;72000;Mocha Latte;16-18;Pacífica;1
9860;F;24;20240704;39000;Latte;20-22;Insular;1
9861;F;47;20231221;65000;Americano;20-22;Orinoquía;3
9862;M;55;20230727;80000;Latte Macchiato;14-16;Orinoquía;1
9863;M;43;20221227;67000;Café del día;20-22;Caribe;3
9864;M;84;20210502;66000;Caramel Macchiato;20-22;Andina;2
9865;M;72;20210321;55000;Café del día;20-22;Insular;3
9866;F;53;20210823;75000;Latte;20-22;Andina;5
9867;M;61;20240103;41000;Chocolate Helado;18-20;Andina;1
9868;F;61;20240506;82000;Americano;16-18;Andina;2
9869;F;78;20230928;93000;Latte Macchiato;20-22;Insular;4
9870;F;49;20240718;81000;Espresso Doble;16-18;Caribe;5
9871;F;60;20240629;36000;Chocolate Helado;12-14;Pacífica;3
9872;;48;20220921;65400;Espresso Doble;14-16;Caribe;3
9873;M;56;20220405;49000;Chocolate Blanco;20-22;Andina;2
9874;;48;20230913;65400;Flat White;14-16;Orinoquía;1
9875;F;54;20230808;64000;Chocolate Caliente;14-16;Andina;4
9876;F;61;20220324;115000;Cappuccino;14-16;Caribe;5
9877;;48;20240715;65400;Chocolate Caliente;20-22;Insular;3
9878;F;52;20231029;70000;Latte;14-16;Pacífica;5
9879;F;68;20210307;58000;Chocolate Caliente;10-12;Caribe;2
9880;M;73;20191113;54000;Americano;10-12;Andina;4
9881;M;22;20240102;40000;Café del día;16-18;Caribe;3
9882;;48;20230204;65400;Chocolate Blanco Helado;20-22;Pacífica;4
9883;F;22;20231007;40000;Mocha Latte;14-16;Andina;2
9884;F;55;20231116;32000;Chocolate Caliente;18-20;Caribe;2
9885;M;27;20231026;44000;Cappuccino;14-16;Insular;1
9886;M;54;20240127;94000;Latte;18-20;Insular;4
9887;F;61;20220731;33000;Chocolate Blanco;10-12;Pacífica;3
9888;M;80;20240602;35000;Café del día;18-20;Caribe;1
9889;M;47;20230807;34000;Chocolate Caliente;18-20;Orinoquía;2
9890;F;67;20240320;60000;Mocha Latte;12-14;Pacífica;5
9891;F;62;20220703;62000;Chocolate Blanco;20-22;Caribe;1
9892;F;60;20200708;46000;Caramel Macchiato;18-20;Orinoquía;4
9893;;48;20220816;65400;Cappuccino;20-22;Orinoquía;5
9894;M;45;20230101;55000;Cappuccino;18-20;Orinoquía;5
9895;M;38;20240605;46000;Espresso Sencillo;18-20;Andina;4
9896;M;20;20240612;32000;Chocolate Blanco Helado;18-20;Insular;3
9897;M;43;20231007;72000;Mocha Blanco Latte;10-12;Pacífica;5
9898;M;45;20240406;35000;Café del día;12-14;Pacífica;2
9899;;48;20220420;65400;Espresso Macchiato;10-12;Orinoquía;2
9900;M;19;20240309;67000;Americano;20-22;Andina;2
9901;F;72;20210730;60000;Chocolate Caliente;18-20;Pacífica;5
9902;F;58;20231207;119000;Café del día;14-16;Insular;4
9903;M;47;20220809;39000;Caramel Macchiato;20-22;Caribe;4
9904;M;60;20210208;45000;Chocolate Helado;18-20;Orinoquía;2
9905;M;31;20221110;46000;Caramel Macchiato;10-12;Orinoquía;3
9906;M;66;20220704;73000;Americano;12-14;Pacífica;2
9907;F;25;20230923;63000;Chocolate Helado;20-22;Orinoquía;2
9908;M;71;20230127;90000;Caramel Macchiato;18-20;Insular;4
9909;M;32;20230915;33000;Espresso Macchiato;12-14;Caribe;1
9910;;48;20231208;65400;Chocolate Blanco;20-22;Insular;5
9911;M;59;20200426;40000;Caramel Macchiato;18-20;Orinoquía;5
9912;M;53;20230203;38000;Americano;20-22;Pacífica;5
9913;F;73;20221219;108000;Espresso Doble;18-20;Pacífica;5
9914;F;49;20231128;60000;Americano;18-20;Orinoquía;5
9915;M;56;20240213;84000;Latte Macchiato;16-18;Insular;2
9916;F;46;20231029;51000;Chocolate Caliente;20-22;Caribe;4
9917;F;44;20220303;70000;Latte Macchiato;16-18;Orinoquía;5
9918;F;51;20240529;60000;Chocolate Blanco;12-14;Orinoquía;2
9919;F;71;20230820;72000;Flat White;14-16;Pacífica;5
9920;F;38;20220313;87000;Espresso Doble;16-18;Andina;1
9921;F;86;20220330;55000;Café del día;16-18;Pacífica;1
9922;M;50;20231003;42000;Latte;14-16;Orinoquía;1
9923;F;33;20220710;74000;Latte Macchiato;12-14;Andina;5
9924;M;55;20200816;37000;Cappuccino;18-20;Pacífica;5
9925;;48;20240414;65400;Espresso Sencillo;14-16;Insular;2
9926;M;46;20211122;46000;Café del día;18-20;Pacífica;5
9927;M;30;20240124;74000;Chocolate Helado;14-16;Andina;3
9928;F;93;20230220;115000;Café del día;14-16;Insular;1
9929;;48;20240418;65400;Arequipe Latte;18-20;Insular;4
9930;F;49;20210807;72000;Americano;10-12;Orinoquía;3
9931;F;58;20230627;105000;Flat White;12-14;Pacífica;3
9932;M;58;20210919;84000;Latte;10-12;Orinoquía;3
9933;M;45;20231007;63000;Americano;14-16;Andina;2
9934;M;20;20240311;70000;Chocolate Blanco Helado;14-16;Pacífica;4
9935;;48;20230929;65400;Caramel Macchiato;18-20;Insular;5
9936;M;27;20210815;50000;Mocha Blanco Latte;18-20;Caribe;5
9937;;48;20230907;65400;Arequipe Latte;16-18;Orinoquía;4
9938;M;41;20211121;64000;Latte Macchiato;18-20;Orinoquía;4
9939;F;48;20231025;34000;Chocolate Caliente;12-14;Orinoquía;3
9940;F;71;20240722;63000;Americano;12-14;Caribe;3
9941;O;51;20230519;69000;Latte;20-22;Andina;2
9942;F;37;20231024;59000;Mocha Latte;12-14;Pacífica;3
9943;M;38;20240629;41000;Chocolate Helado;10-12;Andina;3
9944;;48;20210813;65400;Latte Macchiato;20-22;Andina;2
9945;M;50;20240401;70000;Espresso Doble;10-12;Orinoquía;5
9946;;48;20220129;65400;Chocolate Blanco;16-18;Andina;3
9947;M;65;20220811;59000;Flat White;14-16;Insular;2
9948;M;78;20230907;79000;Mocha Latte;18-20;Insular;1
9949;F;53;20230220;73000;Cappuccino;18-20;Orinoquía;2
9950;M;21;20240215;45000;Chocolate Blanco Helado;12-14;Insular;1
9951;;48;20230907;65400;Americano;16-18;Orinoquía;1
9952;F;39;20240110;51000;Chocolate Caliente;14-16;Orinoquía;5
9953;O;24;20240410;36000;Arequipe Latte;18-20;Insular;5
9954;M;48;20231203;45000;Chocolate Helado;18-20;Andina;5
9955;F;41;20220424;94000;Chocolate Blanco;20-22;Caribe;2
9956;M;36;20240228;34000;Mocha Latte;14-16;Pacífica;2
9957;F;69;20230418;80000;Cappuccino;20-22;Orinoquía;3
9958;F;32;20200413;50000;Espresso Sencillo;12-14;Insular;3
9959;F;61;20231213;71000;Cappuccino;14-16;Caribe;5
9960;M;40;20240522;52000;Chocolate Caliente;10-12;Pacífica;2
9961;;48;20231203;65400;Mocha Latte;10-12;Orinoquía;4
9962;F;61;20230730;47000;Espresso Sencillo;20-22;Caribe;3
9963;M;86;20220113;44000;Espresso Macchiato;10-12;Orinoquía;4
9964;F;83;20231221;82000;Flat White;10-12;Andina;4
9965;F;61;20200715;60000;Flat White;20-22;Andina;3
9966;;48;20211202;65400;Arequipe Latte;12-14;Insular;4
9967;M;88;20240413;67000;Café del día;20-22;Pacífica;4
9968;M;48;20240129;65000;Café del día;16-18;Insular;3
9969;F;53;20240119;103000;Latte;10-12;Orinoquía;3
9970;F;52;20230212;73000;Flat White;18-20;Andina;3
9971;;48;20240701;65400;Arequipe Latte;16-18;Orinoquía;4
9972;M;40;20240512;64000;Espresso Macchiato;18-20;Caribe;5
9973;F;91;20231214;54000;Americano;14-16;Caribe;4
9974;F;55;20211022;101000;Caramel Macchiato;16-18;Caribe;1
9975;M;67;20240402;66000;Espresso Macchiato;16-18;Insular;4
9976;F;61;20230902;97000;Mocha Latte;12-14;Caribe;5
9977;M;45;20230831;55000;Americano;10-12;Andina;5
9978;M;62;20240221;62000;Café del día;14-16;Pacífica;3
9979;M;62;20220115;33000;Espresso Sencillo;18-20;Caribe;5
9980;F;52;20220710;63000;Latte Macchiato;14-16;Andina;1
9981;F;38;20220518;48000;Mocha Latte;10-12;Pacífica;4
9982;M;68;20231102;51000;Chocolate Blanco;12-14;Insular;5
9983;;48;20211026;65400;Chocolate Blanco Helado;12-14;Orinoquía;3
9984;F;42;20230415;58000;Americano;18-20;Andina;3
9985;M;59;20220922;59000;Caramel Macchiato;12-14;Pacífica;1
9986;M;45;20230904;55000;Cappuccino;16-18;Andina;2
9987;M;71;20240528;99000;Espresso Macchiato;10-12;Andina;5
9988;M;51;20200531;33000;Chocolate Helado;10-12;Orinoquía;5
9989;M;57;20230109;82000;Chocolate Blanco Helado;18-20;Andina;2
9990;M;71;20230921;96000;Cappuccino;12-14;Caribe;4
9991;F;37;20230621;83000;Chocolate Blanco;14-16;Caribe;3
9992;F;44;20230118;35000;Chocolate Blanco Helado;20-22;Insular;3
9993;F;64;20200719;56000;Americano;12-14;Orinoquía;5
9994;M;46;20231101;100000;Arequipe Latte;16-18;Orinoquía;3
9995;M;89;20220227;46000;Flat White;12-14;Andina;5
9996;M;48;20230309;46000;Cappuccino;10-12;Caribe;3
9997;M;65;20240721;51000;Chocolate Blanco Helado;14-16;Pacífica;5
9998;M;63;20220923;90000;Caramel Macchiato;16-18;Andina;5
9999;;48;20230506;65400;Cappuccino;10-12;Andina;2
10000;F;56;20220809;71000;Mocha Latte;12-14;Pacífica;2
10001;M;69;20211122;62000;Espresso Doble;20-22;Andina;4
10002;F;66;20240515;74000;Caramel Macchiato;16-18;Insular;1
10003;M;64;20240602;53000;Flat White;14-16;Pacífica;4
10004;M;28;20231004;64000;Cappuccino;12-14;Pacífica;2
10005;M;37;20220814;66000;Caramel Macchiato;16-18;Andina;2
10006;M;58;20230311;82000;Café del día;16-18;Orinoquía;3
10007;M;66;20230930;69000;Mocha Blanco Latte;20-22;Insular;1
10008;;48;20231102;65400;Café del día;18-20;Andina;3
10009;F;55;20230929;104000;Americano;18-20;Caribe;5
10010;F;48;20230307;59000;Espresso Sencillo;20-22;Caribe;3
10011;F;32;20240312;69000;Latte;12-14;Orinoquía;4
10012;;48;20240131;65400;Americano;18-20;Andina;2
10013;M;58;20220215;103000;Caramel Macchiato;10-12;Pacífica;5
10014;;48;20220108;65400;Espresso Macchiato;16-18;Caribe;4
10015;F;68;20220717;109000;Chocolate Helado;14-16;Insular;4
10016;;48;20220221;65400;Espresso Sencillo;16-18;Andina;1
10017;;48;20231223;65400;Arequipe Latte;20-22;Orinoquía;4
10018;F;66;20240107;55000;Chocolate Blanco Helado;16-18;Caribe;5
10019;M;30;20190908;67000;Mocha Blanco Latte;14-16;Orinoquía;1
10020;F;96;20220216;78000;Mocha Latte;20-22;Andina;3
10021;M;62;20230629;69000;Chocolate Caliente;14-16;Pacífica;4
10022;F;33;20230819;30000;Mocha Latte;20-22;Caribe;2
10023;M;60;20200625;65000;Café del día;14-16;Caribe;2
10024;;48;20220807;65400;Cappuccino;16-18;Insular;2
10025;F;56;20240118;46000;Caramel Macchiato;16-18;Andina;3
10026;F;69;20211114;83000;Caramel Macchiato;20-22;Pacífica;4
10027;M;56;20220316;70000;Café del día;10-12;Pacífica;1
10028;M;24;20230823;35000;Chocolate Helado;12-14;Orinoquía;1
10029;F;55;20240110;80000;Latte;10-12;Insular;2
10030;F;61;20220425;77000;Café del día;20-22;Caribe;5
10031;M;61;20240318;78000;Café del día;14-16;Caribe;1
10032;F;58;20231122;87000;Flat White;16-18;Orinoquía;2
10033;M;41;20240527;44000;Espresso Macchiato;14-16;Caribe;2
10034;;48;20230825;65400;Mocha Latte;12-14;Insular;5
10035;M;27;20190918;59000;Espresso Doble;10-12;Pacífica;5
10036;F;44;20230829;58000;Chocolate Caliente;12-14;Pacífica;5
10037;F;65;20240602;96000;Chocolate Blanco Helado;14-16;Andina;2
10038;F;30;20211212;69000;Chocolate Helado;16-18;Caribe;5
10039;F;68;20221015;117000;Chocolate Blanco Helado;12-14;Andina;5
10040;;48;20220715;65400;Espresso Macchiato;10-12;Caribe;2
10041;M;56;20240502;67000;Caramel Macchiato;16-18;Insular;5
10042;;48;20230531;65400;Mocha Blanco Latte;14-16;Orinoquía;5
10043;M;53;20240219;32000;Latte Macchiato;20-22;Caribe;4
10044;;48;20230227;65400;Espresso Doble;10-12;Andina;2
10045;;48;20220920;65400;Chocolate Blanco Helado;14-16;Orinoquía;2
10046;M;33;20210929;42000;Caramel Macchiato;16-18;Orinoquía;2
10047;M;52;20240705;92000;Chocolate Blanco Helado;18-20;Pacífica;5
10048;M;57;20220517;73000;Latte;16-18;Caribe;2
10049;M;58;20231012;75000;Cappuccino;18-20;Pacífica;4
10050;;48;20211221;65400;Latte Macchiato;20-22;Caribe;5
10051;M;60;20230702;51000;Latte Macchiato;18-20;Insular;2
10052;M;60;20240131;32000;Cappuccino;18-20;Orinoquía;3
10053;M;38;20240512;48000;Latte;12-14;Pacífica;3
10054;M;52;20211112;79000;Espresso Sencillo;18-20;Insular;5
10055;M;69;20220711;61000;Latte Macchiato;12-14;Insular;4
10056;M;19;20240101;54000;Chocolate Blanco;10-12;Orinoquía;3
10057;F;71;20220610;64000;Chocolate Blanco Helado;14-16;Pacífica;3
10058;F;88;20240228;61000;Espresso Doble;10-12;Andina;4
10059;F;52;20211114;78000;Cappuccino;12-14;Andina;5
10060;;48;20211230;65400;Espresso Sencillo;18-20;Caribe;2
10061;F;49;20240518;91000;Mocha Latte;12-14;Insular;3
10062;M;61;20211227;94000;Cappuccino;18-20;Insular;1
10063;F;25;20221106;60000;Flat White;12-14;Insular;3
10064;;18;20220105;65400;Chocolate Helado;16-18;Insular;1
10065;F;28;20240226;72000;Cappuccino;12-14;Orinoquía;4
10066;F;57;20220710;93000;Chocolate Caliente;16-18;Caribe;1
10067;M;69;20200811;44000;Chocolate Blanco;20-22;Orinoquía;3
10068;M;42;20240405;62000;Mocha Latte;16-18;Orinoquía;3
10069;F;73;20220828;62000;Cappuccino;12-14;Andina;4
10070;F;53;20230228;42000;Mocha Latte;18-20;Andina;3
10071;M;76;20240623;51000;Cappuccino;20-22;Orinoquía;5
10072;F;72;20210910;75000;Mocha Latte;14-16;Caribe;5
10073;M;72;20230307;46000;Flat White;18-20;Pacífica;1
10074;M;43;20230805;37000;Chocolate Blanco;18-20;Orinoquía;2
10075;;18;20220224;65400;Arequipe Latte;12-14;Orinoquía;5
10076;M;28;20240510;58000;Flat White;18-20;Caribe;3
10077;M;89;20211125;67000;Espresso Macchiato;12-14;Andina;3
10078;M;38;20240114;70000;Arequipe Latte;18-20;Insular;4
10079;;18;20240603;65400;Chocolate Caliente;16-18;Insular;4
10080;F;59;20231030;93000;Flat White;18-20;Orinoquía;5
10081;F;94;20240208;49000;Americano;20-22;Orinoquía;3
10082;F;49;20230319;60000;Espresso Macchiato;10-12;Insular;2
10083;M;64;20210926;75000;Chocolate Blanco Helado;18-20;Insular;2
10084;M;67;20231024;88000;Espresso Macchiato;14-16;Caribe;5
10085;;18;20210824;65400;Caramel Macchiato;14-16;Pacífica;3
10086;F;53;20231207;62000;Arequipe Latte;16-18;Orinoquía;4
10087;M;63;20231231;50000;Chocolate Helado;20-22;Orinoquía;4
10088;M;53;20211124;79000;Caramel Macchiato;18-20;Pacífica;3
10089;;18;20211203;65400;Chocolate Caliente;20-22;Andina;5
10090;F;41;20240713;93000;Mocha Latte;14-16;Insular;3
10091;;18;20231003;65400;Chocolate Caliente;12-14;Caribe;5
10092;F;61;20230906;60000;Cappuccino;16-18;Orinoquía;1
10093;F;80;20221015;97000;Chocolate Blanco Helado;10-12;Caribe;4
10094;M;27;20201229;62000;Café del día;20-22;Pacífica;1
10095;F;71;20220113;65000;Café del día;18-20;Insular;5
10096;F;57;20231221;97000;Espresso Sencillo;10-12;Insular;3
10097;F;54;20230828;86000;Espresso Doble;20-22;Insular;4
10098;F;39;20231004;94000;Chocolate Caliente;18-20;Insular;1
10099;F;95;20220427;93000;Arequipe Latte;14-16;Andina;4
10100;M;66;20210322;33000;Espresso Macchiato;20-22;Pacífica;2
10101;;18;20240526;65400;Latte;16-18;Pacífica;3
10102;M;71;20240319;78000;Chocolate Blanco;18-20;Andina;4
10103;M;79;20231001;31000;Arequipe Latte;18-20;Insular;3
10104;;18;20210910;65400;Chocolate Helado;20-22;Insular;1
10105;;18;20211119;65400;Flat White;18-20;Andina;1
10106;F;62;20240304;51000;Caramel Macchiato;14-16;Andina;2
10107;M;64;20220306;84000;Espresso Doble;20-22;Andina;4
10108;F;57;20230730;102000;Espresso Sencillo;18-20;Insular;4
10109;F;48;20220327;91000;Latte Macchiato;18-20;Pacífica;2
10110;F;19;20240331;31000;Flat White;18-20;Caribe;1
10111;M;26;20201019;53000;Mocha Latte;10-12;Pacífica;3
10112;F;65;20220707;44000;Americano;10-12;Andina;5
10113;M;61;20230803;52000;Mocha Blanco Latte;20-22;Caribe;2
10114;M;80;20191122;34000;Espresso Sencillo;20-22;Caribe;3
10115;F;81;20240105;110000;Latte Macchiato;20-22;Pacífica;4
10116;M;98;20230518;64000;Flat White;14-16;Andina;4
10117;F;62;20240420;88000;Cappuccino;16-18;Caribe;4
10118;M;66;20240607;83000;Chocolate Caliente;18-20;Pacífica;3
10119;;18;20240221;65400;Espresso Doble;20-22;Pacífica;4
10120;F;76;20221219;96000;Chocolate Blanco;14-16;Pacífica;1
10121;F;84;20231124;61000;Cappuccino;18-20;Andina;4
10122;M;64;20231124;104000;Chocolate Caliente;20-22;Andina;4
10123;;18;20230805;65400;Mocha Latte;20-22;Andina;1
10124;M;64;20230910;69000;Chocolate Caliente;16-18;Orinoquía;1
10125;F;63;20230323;98000;Espresso Macchiato;20-22;Caribe;5
10126;F;21;20200225;50000;Mocha Latte;14-16;Insular;4
10127;F;33;20240522;42000;Café del día;18-20;Caribe;5
10128;F;26;20230621;73000;Mocha Blanco Latte;16-18;Caribe;3
10129;M;52;20230226;67000;Latte Macchiato;18-20;Andina;4
10130;;18;20220907;65400;Flat White;12-14;Andina;3
10131;M;49;20210813;112000;Chocolate Blanco;18-20;Orinoquía;4
10132;M;59;20231007;47000;Americano;10-12;Pacífica;2
10133;F;39;20221208;71000;Latte;16-18;Orinoquía;2
10134;F;91;20210820;107000;Espresso Doble;18-20;Insular;3
10135;F;50;20230530;79000;Americano;16-18;Caribe;3
10136;F;22;20240427;49000;Chocolate Blanco;12-14;Orinoquía;1
10137;M;54;20240520;48000;Chocolate Blanco;16-18;Andina;3
10138;M;66;20230827;80000;Flat White;20-22;Andina;2
10139;F;80;20230512;82000;Chocolate Helado;10-12;Andina;5
10140;M;38;20240414;36000;Espresso Doble;12-14;Andina;1
10141;M;58;20230510;97000;Latte Macchiato;14-16;Pacífica;3
10142;;18;20240412;65400;Mocha Blanco Latte;18-20;Insular;1
10143;M;22;20240718;41000;Mocha Latte;14-16;Orinoquía;3
10144;F;70;20220717;98000;Latte;18-20;Orinoquía;3
10145;M;37;20240405;48000;Latte Macchiato;18-20;Andina;4
10146;M;54;20240529;105000;Espresso Macchiato;14-16;Andina;2
10147;F;59;20230921;47000;Espresso Macchiato;20-22;Andina;5
10148;M;61;20220112;54000;Flat White;16-18;Caribe;4
10149;M;74;20230903;51000;Chocolate Blanco Helado;16-18;Orinoquía;4
10150;M;41;20231013;44000;Latte Macchiato;10-12;Insular;1
10151;M;39;20230917;70000;Latte Macchiato;10-12;Pacífica;4
10152;M;31;20210605;37000;Latte;10-12;Orinoquía;2
10153;F;57;20240205;51000;Arequipe Latte;12-14;Pacífica;2
10154;F;70;20210728;101000;Mocha Blanco Latte;16-18;Insular;3
10155;M;69;20231204;71000;Chocolate Caliente;12-14;Caribe;4
10156;M;22;20240114;59000;Espresso Doble;12-14;Insular;5
10157;M;74;20230819;85000;Espresso Sencillo;14-16;Andina;1
10158;M;63;20231213;32000;Chocolate Helado;16-18;Orinoquía;2
10159;F;58;20240115;39000;Chocolate Blanco;12-14;Orinoquía;4
10160;F;55;20230627;71000;Flat White;10-12;Pacífica;5
10161;F;75;20231028;66000;Caramel Macchiato;16-18;Orinoquía;5
10162;M;69;20240415;30000;Mocha Latte;14-16;Pacífica;1
10163;M;34;20200616;35000;Arequipe Latte;12-14;Pacífica;1
10164;F;69;20240304;43000;Mocha Blanco Latte;10-12;Caribe;1
10165;M;31;20230802;49000;Chocolate Blanco;16-18;Caribe;4
10166;;18;20240702;65400;Espresso Sencillo;10-12;Insular;5
10167;M;51;20210112;71000;Chocolate Blanco;10-12;Pacífica;1
10168;M;63;20220191;64000;Café del día;18-20;Insular;2
10169;M;70;20240410;51000;Latte Macchiato;14-16;Caribe;4
10170;F;63;20231207;33000;Chocolate Blanco;18-20;Caribe;2
10171;;18;20240201;65400;Americano;10-12;Andina;2
10172;M;42;20240515;53000;Mocha Blanco Latte;14-16;Insular;2
10173;M;42;20231221;54000;Chocolate Helado;20-22;Insular;5
10174;;18;20220418;65400;Americano;12-14;Orinoquía;1
10175;M;23;20230619;59000;Espresso Doble;16-18;Pacífica;1
10176;M;57;20240120;70000;Espresso Sencillo;20-22;Insular;4
10177;F;67;20190827;93000;Mocha Latte;12-14;Caribe;5
10178;M;40;20240521;71000;Latte Macchiato;10-12;Insular;4
10179;M;21;20230203;38000;Arequipe Latte;14-16;Andina;5
10180;M;64;20230813;72000;Chocolate Blanco Helado;16-18;Orinoquía;1
10181;;18;20230814;65400;Espresso Sencillo;20-22;Orinoquía;2
10182;F;58;20231115;54000;Chocolate Blanco Helado;10-12;Caribe;5
10183;F;52;20231221;105000;Chocolate Blanco Helado;12-14;Andina;1
10184;M;59;20210219;36000;Espresso Doble;14-16;Caribe;1
10185;M;21;20230916;45000;Flat White;20-22;Insular;3
10186;M;58;20200423;43000;Arequipe Latte;14-16;Insular;4
10187;M;57;20230823;50000;Chocolate Helado;16-18;Andina;5
10188;M;81;20240114;79000;Chocolate Caliente;16-18;Caribe;4
10189;F;70;20240615;97000;Latte Macchiato;16-18;Caribe;2
10190;M;60;20221221;84000;Espresso Macchiato;14-16;Insular;1
10191;F;64;20240117;76000;Latte Macchiato;18-20;Caribe;1
10192;M;55;20220220;91000;Caramel Macchiato;16-18;Orinoquía;5
10193;M;69;20231007;116000;Mocha Blanco Latte;10-12;Caribe;5
10194;M;43;20240524;61000;Chocolate Blanco;16-18;Orinoquía;4
10195;F;67;20220904;67000;Arequipe Latte;14-16;Pacífica;3
10196;M;55;20240106;68000;Americano;20-22;Andina;2
10197;M;80;20240127;32000;Chocolate Helado;12-14;Pacífica;2
10198;;18;20221212;65400;Espresso Doble;20-22;Pacífica;2
10199;F;74;20240423;59000;Americano;16-18;Orinoquía;1
10200;F;45;20230824;30000;Cappuccino;14-16;Orinoquía;1
10201;F;53;20240718;39000;Americano;16-18;Orinoquía;3
10202;M;20;20231130;67000;Americano;18-20;Insular;5
10203;M;60;20240725;55000;Chocolate Helado;10-12;Pacífica;2
10204;F;43;20231020;76000;Mocha Latte;12-14;Caribe;5
10205;M;87;20240410;58000;Mocha Latte;10-12;Insular;5
10206;M;57;20230920;49000;Café del día;20-22;Andina;3
10207;;18;20221101;65400;Chocolate Helado;20-22;Pacífica;2
10208;F;21;20240309;58000;Mocha Blanco Latte;10-12;Insular;2
10209;F;49;20231129;58000;Mocha Blanco Latte;18-20;Pacífica;2
10210;M;58;20240630;38000;Chocolate Caliente;16-18;Orinoquía;5
10211;M;24;20240418;70000;Chocolate Blanco;20-22;Andina;1
10212;M;21;20240306;63000;Café del día;12-14;Orinoquía;1
10213;M;28;20210420;74000;Chocolate Helado;20-22;Orinoquía;1
10214;M;27;20240407;35000;Mocha Blanco Latte;12-14;Caribe;1
10215;M;59;20230715;76000;Caramel Macchiato;14-16;Caribe;4
10216;M;19;20221013;49000;Chocolate Helado;12-14;Andina;5
10217;F;58;20240512;51000;Mocha Latte;10-12;Caribe;3
10218;F;24;20230517;38000;Latte;12-14;Pacífica;1
10219;;18;20231123;65400;Espresso Macchiato;16-18;Insular;4
10220;F;64;20220605;69000;Espresso Sencillo;20-22;Andina;1
10221;;18;20220219;65400;Americano;16-18;Orinoquía;4
10222;M;27;20240712;50000;Chocolate Blanco Helado;16-18;Insular;4
10223;F;49;20221203;77000;Espresso Doble;14-16;Andina;1
10224;F;90;20220410;111000;Espresso Macchiato;20-22;Orinoquía;5
10225;M;51;20211031;47000;Café del día;12-14;Orinoquía;3
10226;M;50;20221229;76000;Flat White;16-18;Orinoquía;3
10227;M;72;20200204;31000;Chocolate Blanco Helado;20-22;Insular;2
10228;M;26;20240218;48000;Latte;16-18;Andina;1
10229;F;63;20231217;56000;Flat White;18-20;Andina;4
10230;;18;20231224;65400;Arequipe Latte;12-14;Insular;2
10231;F;63;20230821;78000;Chocolate Helado;16-18;Insular;2
10232;M;40;20211111;65000;Caramel Macchiato;20-22;Andina;4
10233;M;67;20230806;54000;Espresso Doble;16-18;Orinoquía;4
10234;M;69;20210907;84000;Espresso Sencillo;14-16;Caribe;2
10235;M;67;20230103;52000;Espresso Doble;14-16;Andina;4
10236;M;73;20240106;45000;Café del día;10-12;Pacífica;3
10237;M;50;20240719;72000;Flat White;10-12;Andina;1
10238;M;59;20240603;64000;Café del día;14-16;Orinoquía;3
10239;F;81;20240120;91000;Espresso Macchiato;10-12;Insular;5
10240;M;48;20240524;68000;Caramel Macchiato;16-18;Andina;2
10241;M;38;20220221;44000;Latte;12-14;Orinoquía;5
10242;M;19;20240429;33000;Espresso Doble;12-14;Andina;3
10243;;18;20210923;65400;Chocolate Blanco;10-12;Caribe;3
10244;F;52;20240408;67000;Café del día;10-12;Caribe;4
10245;M;67;20230417;38000;Café del día;16-18;Insular;4
10246;M;56;20221013;36000;Espresso Macchiato;20-22;Orinoquía;2
10247;M;61;20231128;85000;Flat White;16-18;Andina;4
10248;;18;20230921;65400;Caramel Macchiato;20-22;Caribe;5
10249;M;68;20200722;71000;Caramel Macchiato;20-22;Caribe;1
10250;M;76;20210423;34000;Café del día;12-14;Orinoquía;4
10251;F;77;20220322;92000;Mocha Blanco Latte;10-12;Orinoquía;5
10252;M;63;20240425;57000;Mocha Blanco Latte;10-12;Insular;4
10253;M;39;20220629;50000;Arequipe Latte;14-16;Insular;5
10254;M;51;20220303;55000;Chocolate Blanco;16-18;Andina;2
10255;M;50;20190828;47000;Arequipe Latte;14-16;Andina;1
10256;F;54;20240531;63000;Café del día;14-16;Insular;3
10257;M;53;20231026;111000;Latte;14-16;Andina;2
10258;M;60;20230422;79000;Chocolate Blanco;14-16;Insular;3
10259;;18;20240312;65400;Chocolate Caliente;10-12;Caribe;1
10260;M;52;20230925;85000;Mocha Blanco Latte;20-22;Pacífica;1
10261;;18;20210807;65400;Cappuccino;20-22;Caribe;3
10262;;18;20230806;65400;Latte;16-18;Caribe;5
10263;M;58;20190813;62000;Latte;20-22;Insular;2
10264;M;34;20240313;48000;Cappuccino;10-12;Insular;1
10265;M;56;20230228;93000;Cappuccino;10-12;Pacífica;5
10266;F;46;20220827;85000;Flat White;16-18;Insular;5
10267;F;35;20240429;65000;Arequipe Latte;12-14;Andina;1
10268;F;64;20220424;72000;Americano;14-16;Andina;2
10269;;18;20231013;65400;Flat White;14-16;Caribe;5
10270;M;24;20240714;44000;Café del día;10-12;Orinoquía;2
10271;;18;20240430;65400;Espresso Doble;18-20;Caribe;5
10272;F;62;20240127;80000;Caramel Macchiato;10-12;Andina;3
10273;F;63;20220804;111000;Espresso Macchiato;12-14;Andina;5
10274;M;82;20220930;61000;Chocolate Caliente;18-20;Andina;4
10275;F;76;20211205;115000;Flat White;12-14;Caribe;1
10276;;18;20210919;65400;Chocolate Caliente;16-18;Insular;1
10277;M;71;20210329;74000;Espresso Sencillo;14-16;Caribe;3
10278;;18;20211007;65400;Chocolate Caliente;16-18;Pacífica;1
10279;F;62;20210920;85000;Mocha Blanco Latte;12-14;Insular;2
10280;M;54;20240325;111000;Flat White;18-20;Insular;4
10281;M;54;20230719;70000;Espresso Macchiato;18-20;Orinoquía;5
10282;M;46;20240726;74000;Espresso Sencillo;10-12;Insular;4
10283;M;44;20230903;32000;Mocha Blanco Latte;14-16;Insular;4
10284;F;57;20220816;75000;Chocolate Blanco;10-12;Insular;2
10285;M;59;20231129;87000;Espresso Doble;14-16;Andina;5
10286;O;73;20191213;57000;Espresso Sencillo;14-16;Caribe;4
10287;F;55;20220905;52000;Café del día;18-20;Andina;4
10288;M;45;20240531;40000;Espresso Macchiato;20-22;Insular;1
10289;F;54;20230917;117000;Espresso Doble;18-20;Orinoquía;5
10290;M;91;20230902;76000;Americano;12-14;Pacífica;2
10291;M;21;20240721;61000;Latte Macchiato;16-18;Pacífica;1
10292;M;26;20240124;39000;Flat White;12-14;Orinoquía;5
10293;;18;20211230;65400;Mocha Blanco Latte;14-16;Orinoquía;4
10294;F;55;20210807;74000;Latte;12-14;Orinoquía;5
10295;M;77;20230923;41000;Café del día;10-12;Caribe;3
10296;F;83;20230906;62000;Espresso Sencillo;18-20;Pacífica;1
10297;F;51;20211116;106000;Chocolate Caliente;10-12;Insular;4
10298;F;52;20211217;84000;Espresso Sencillo;12-14;Caribe;4
10299;M;54;20220115;67000;Espresso Macchiato;12-14;Caribe;3
10300;F;29;20230802;64000;Mocha Latte;18-20;Andina;2
10301;F;73;20221119;102000;Chocolate Caliente;18-20;Orinoquía;4
10302;F;29;20231212;67000;Espresso Macchiato;10-12;Andina;5
10303;M;65;20240628;73000;Mocha Blanco Latte;10-12;Pacífica;1
10304;M;82;20220229;57000;Cappuccino;18-20;Pacífica;1
10305;M;57;20220825;66000;Mocha Latte;12-14;Orinoquía;3
10306;F;59;20221021;93000;Chocolate Blanco;14-16;Andina;4
10307;M;18;20240417;40000;Latte;18-20;Insular;2
10308;F;48;20230720;118000;Flat White;16-18;Pacífica;5
10309;M;50;20220512;86000;Chocolate Caliente;12-14;Andina;1
10310;M;57;20240123;55000;Espresso Macchiato;20-22;Insular;4
10311;M;35;20230805;64000;Chocolate Helado;18-20;Andina;1
10312;F;30;20201007;45000;Americano;10-12;Andina;4
10313;M;56;20220707;88000;Café del día;14-16;Andina;1
10314;M;58;20230905;57000;Café del día;14-16;Andina;1
10315;F;69;20231014;87000;Chocolate Blanco;14-16;Orinoquía;1
10316;F;66;20231224;112000;Latte;18-20;Andina;1
10317;M;39;20240717;36000;Flat White;10-12;Orinoquía;3
10318;M;93;20220612;48000;Chocolate Helado;10-12;Insular;3
10319;F;62;20220728;61000;Chocolate Helado;16-18;Pacífica;5
10320;F;70;20230802;107000;Chocolate Helado;20-22;Caribe;3
10321;M;31;20240114;58000;Espresso Doble;10-12;Orinoquía;4
10322;M;23;20231013;53000;Arequipe Latte;10-12;Caribe;3
10323;F;59;20220321;61000;Chocolate Helado;16-18;Caribe;4
10324;O;40;20190919;56000;Arequipe Latte;16-18;Orinoquía;4
10325;M;45;20220103;73000;Chocolate Helado;12-14;Pacífica;1
10326;M;21;20230115;48000;Espresso Doble;16-18;Caribe;4
10327;F;48;20230618;67000;Café del día;18-20;Orinoquía;3
10328;M;81;20240228;74000;Caramel Macchiato;20-22;Orinoquía;2
10329;M;21;20240713;64000;Chocolate Blanco;14-16;Insular;4
10330;M;57;20240408;58000;Chocolate Caliente;12-14;Insular;4
10331;M;53;20201016;60000;Café del día;14-16;Orinoquía;1
10332;F;79;20221126;109000;Mocha Blanco Latte;14-16;Insular;5
10333;F;72;20240521;55000;Latte;20-22;Andina;3
10334;M;58;20240720;49000;Espresso Sencillo;18-20;Orinoquía;4
10335;M;83;20231108;54000;Mocha Latte;18-20;Pacífica;2
10336;M;72;20231207;70000;Mocha Blanco Latte;20-22;Pacífica;1
10337;F;64;20240227;92000;Arequipe Latte;14-16;Pacífica;5
10338;M;86;20220319;46000;Chocolate Blanco Helado;16-18;Insular;4
10339;F;74;20230412;71000;Cappuccino;20-22;Pacífica;5
10340;F;44;20240321;69000;Espresso Macchiato;10-12;Pacífica;2
10341;M;38;20210813;52000;Arequipe Latte;12-14;Andina;3
10342;;18;20240322;65400;Espresso Sencillo;14-16;Orinoquía;3
10343;M;29;20240210;71000;Espresso Sencillo;14-16;Insular;4
10344;;18;20230909;65400;Caramel Macchiato;14-16;Andina;3
10345;F;74;20231211;37000;Espresso Sencillo;18-20;Orinoquía;5
10346;M;40;20201129;33000;Arequipe Latte;16-18;Pacífica;4
10347;;18;20240310;65400;Latte Macchiato;18-20;Pacífica;3
10348;M;35;20231217;68000;Latte Macchiato;14-16;Orinoquía;3
10349;F;60;20230712;44000;Chocolate Blanco;20-22;Insular;1
10350;M;70;20231225;31000;Chocolate Caliente;14-16;Orinoquía;2
10351;M;20;20200321;69000;Caramel Macchiato;14-16;Andina;1
10352;;18;20221202;65400;Mocha Blanco Latte;20-22;Caribe;4
10353;M;65;20210623;92000;Latte Macchiato;10-12;Caribe;1
10354;F;24;20230906;38000;Chocolate Caliente;20-22;Andina;4
10355;M;69;20240102;31000;Americano;18-20;Andina;4
10356;F;36;20230927;67000;Chocolate Caliente;16-18;Insular;4
10357;M;47;20220412;48000;Chocolate Caliente;14-16;Orinoquía;1
10358;F;63;20211209;71000;Mocha Blanco Latte;20-22;Pacífica;5
10359;;18;20240717;65400;Chocolate Helado;16-18;Andina;1
10360;M;63;20240317;60000;Mocha Blanco Latte;20-22;Orinoquía;2
10361;M;67;20240122;95000;Chocolate Blanco Helado;10-12;Andina;2
10362;M;87;20221029;67000;Chocolate Blanco Helado;20-22;Caribe;1
10363;F;68;20230328;32000;Chocolate Helado;18-20;Orinoquía;5
10364;M;71;20230228;82000;Mocha Blanco Latte;18-20;Andina;3
10365;M;51;20220417;110000;Caramel Macchiato;10-12;Andina;3
10366;F;65;20220928;99000;Latte;10-12;Insular;4
10367;M;52;20220406;67000;Americano;12-14;Caribe;1
10368;M;54;20231112;40000;Chocolate Helado;16-18;Andina;1
10369;F;83;20230929;37000;Chocolate Helado;18-20;Pacífica;5
10370;M;74;20220803;92000;Caramel Macchiato;10-12;Insular;4
10371;;18;20220727;65400;Chocolate Helado;14-16;Insular;1
10372;M;21;20240717;42000;Americano;18-20;Orinoquía;1
10373;M;66;20240323;71000;Arequipe Latte;20-22;Insular;2
10374;M;31;20240123;64000;Caramel Macchiato;14-16;Caribe;4
10375;M;57;20200201;74000;Chocolate Blanco;20-22;Pacífica;5
10376;M;68;20220622;90000;Espresso Sencillo;14-16;Insular;4
10377;F;45;20230605;63000;Café del día;12-14;Pacífica;1
10378;M;87;20220815;114000;Americano;20-22;Orinoquía;3
10379;M;63;20220323;72000;Americano;18-20;Caribe;4
10380;M;65;20211112;61000;Latte Macchiato;10-12;Pacífica;4
10381;O;46;20231013;82000;Arequipe Latte;18-20;Andina;1
10382;;18;20230223;65400;Latte;18-20;Insular;2
10383;M;43;20201004;50000;Espresso Macchiato;18-20;Caribe;5
10384;;18;20240429;65400;Mocha Latte;20-22;Insular;4
10385;M;27;20210515;48000;Latte Macchiato;16-18;Pacífica;1
10386;M;70;20220528;71000;Espresso Sencillo;18-20;Andina;4
10387;;18;20240513;65400;Chocolate Blanco Helado;18-20;Insular;2
10388;O;52;20240419;87000;Caramel Macchiato;18-20;Andina;5
10389;F;68;20211018;113000;Espresso Macchiato;16-18;Caribe;4
10390;M;64;20211108;46000;Cappuccino;20-22;Andina;5
10391;M;58;20240206;85000;Chocolate Helado;14-16;Andina;4
10392;F;82;20240619;54000;Arequipe Latte;12-14;Orinoquía;3
10393;F;77;20211117;80000;Arequipe Latte;16-18;Andina;1
10394;M;28;20210721;70000;Latte Macchiato;20-22;Caribe;5
10395;F;69;20220616;98000;Latte;20-22;Andina;1
10396;M;59;20210123;54000;Arequipe Latte;18-20;Orinoquía;1
10397;M;44;20220317;93000;Espresso Sencillo;12-14;Caribe;5
10398;F;62;20230701;74000;Mocha Latte;16-18;Caribe;1
10399;M;21;20210322;73000;Espresso Doble;12-14;Orinoquía;5
10400;F;62;20230429;55000;Chocolate Helado;14-16;Andina;1
10401;F;57;20240419;71000;Caramel Macchiato;20-22;Andina;2
10402;F;83;20220214;101000;Mocha Latte;16-18;Pacífica;2
10403;M;55;20220619;48000;Caramel Macchiato;14-16;Orinoquía;4
10404;F;39;20230607;90000;Chocolate Blanco Helado;14-16;Caribe;3
10405;F;74;20230917;72000;Mocha Latte;10-12;Insular;4
10406;M;53;20240225;36000;Chocolate Blanco;16-18;Insular;2
10407;M;51;20220110;116000;Mocha Latte;10-12;Orinoquía;3
10408;F;55;20230111;93000;Espresso Macchiato;16-18;Insular;5
10409;;18;20230108;65400;Espresso Doble;14-16;Insular;4
10410;O;34;20210903;66000;Caramel Macchiato;10-12;Andina;1
10411;M;49;20240210;77000;Espresso Macchiato;10-12;Andina;5
10412;F;85;20240404;84000;Caramel Macchiato;20-22;Pacífica;2
10413;F;90;20220207;78000;Flat White;16-18;Pacífica;2
10414;;18;20230714;65400;Latte Macchiato;16-18;Insular;3
10415;M;38;20210930;100000;Chocolate Blanco;20-22;Caribe;2
10416;F;50;20240502;87000;Espresso Macchiato;10-12;Caribe;3
10417;O;41;20210616;54000;Chocolate Blanco Helado;14-16;Caribe;4
10418;F;72;20220723;109000;Mocha Latte;10-12;Caribe;1
10419;M;19;20210625;33000;Café del día;18-20;Orinoquía;3
10420;F;53;20230728;83000;Chocolate Blanco Helado;20-22;Caribe;3
10421;F;67;20231023;67000;Chocolate Caliente;10-12;Pacífica;3
10422;O;84;20231129;44000;Latte Macchiato;10-12;Insular;1
10423;;18;20230331;65400;Arequipe Latte;10-12;Insular;3
10424;F;34;20220521;47000;Mocha Blanco Latte;18-20;Andina;5
10425;M;70;20240122;70000;Arequipe Latte;12-14;Pacífica;1
10426;M;33;20230911;73000;Flat White;18-20;Pacífica;2
10427;M;79;20240123;74000;Cappuccino;18-20;Insular;3
10428;F;32;20230710;50000;Latte;12-14;Orinoquía;3
10429;F;45;20220114;73000;Cappuccino;10-12;Pacífica;1
10430;M;21;20240626;33000;Caramel Macchiato;20-22;Pacífica;3
10431;;18;20230519;65400;Americano;12-14;Caribe;2
10432;F;78;20220620;110000;Espresso Macchiato;18-20;Insular;2
10433;M;60;20240511;91000;Caramel Macchiato;20-22;Caribe;5
10434;M;47;20240609;91000;Mocha Blanco Latte;20-22;Caribe;3
10435;;18;20210903;65400;Cappuccino;14-16;Pacífica;1
10436;;18;20191031;65400;Espresso Sencillo;16-18;Andina;5
10437;F;58;20231019;90000;Chocolate Caliente;12-14;Caribe;1
10438;M;72;20240421;47000;Espresso Doble;20-22;Caribe;2
10439;M;62;20210713;75000;Arequipe Latte;14-16;Caribe;1
10440;F;64;20220823;119000;Espresso Macchiato;10-12;Caribe;3
10441;M;74;20230828;65000;Flat White;16-18;Andina;1
10442;M;64;20240218;48000;Caramel Macchiato;14-16;Pacífica;4
10443;F;58;20240626;63000;Caramel Macchiato;12-14;Caribe;2
10444;M;47;20230812;69000;Espresso Doble;18-20;Pacífica;3
10445;M;60;20210408;43000;Espresso Doble;16-18;Andina;1
10446;M;90;20230824;54000;Caramel Macchiato;10-12;Caribe;3
10447;F;19;20220512;42000;Flat White;16-18;Pacífica;2
10448;F;52;20221124;42000;Chocolate Blanco Helado;14-16;Andina;1
10449;M;48;20230908;51000;Café del día;10-12;Pacífica;4
10450;M;46;20191215;45000;Arequipe Latte;20-22;Caribe;1
10451;M;50;20210630;68000;Arequipe Latte;10-12;Pacífica;3
10452;M;65;20231210;50000;Espresso Macchiato;18-20;Insular;1
10453;F;59;20211230;119000;Cappuccino;16-18;Pacífica;3
10454;F;62;20230504;82000;Chocolate Caliente;12-14;Orinoquía;5
10455;;18;20231110;65400;Arequipe Latte;18-20;Pacífica;4
10456;F;65;20240221;56000;Espresso Macchiato;12-14;Caribe;1
10457;F;32;20221029;35000;Chocolate Blanco Helado;16-18;Insular;1
10458;F;25;20230622;50000;Mocha Latte;18-20;Pacífica;3
10459;M;74;20220211;36000;Cappuccino;20-22;Pacífica;3
10460;O;59;20210806;48000;Espresso Sencillo;16-18;Caribe;1
10461;F;42;20211213;60000;Chocolate Helado;12-14;Andina;3
10462;F;82;20230412;74000;Caramel Macchiato;16-18;Pacífica;5
10463;;18;20230812;65400;Cappuccino;10-12;Orinoquía;3
10464;M;37;20230731;66000;Mocha Blanco Latte;18-20;Orinoquía;4
10465;F;88;20230914;113000;Latte Macchiato;20-22;Orinoquía;5
10466;F;63;20230615;78000;Mocha Blanco Latte;20-22;Caribe;2
10467;M;57;20220630;79000;Mocha Latte;14-16;Pacífica;4
10468;M;54;20240228;56000;Chocolate Caliente;12-14;Pacífica;1
10469;M;50;20240425;66000;Mocha Blanco Latte;12-14;Orinoquía;5
10470;M;24;20231201;46000;Espresso Doble;16-18;Pacífica;5
10471;F;66;20220215;31000;Flat White;16-18;Andina;2
10472;M;45;20210722;62000;Latte Macchiato;10-12;Orinoquía;4
10473;F;47;20231019;42000;Chocolate Blanco;16-18;Orinoquía;4
10474;M;57;20211106;80000;Latte;10-12;Andina;4
10475;F;49;20240316;85000;Chocolate Helado;12-14;Pacífica;3
10476;M;70;20220801;74000;Latte Macchiato;16-18;Orinoquía;2
10477;M;64;20231207;53000;Americano;10-12;Caribe;2
10478;M;52;20230821;49000;Flat White;18-20;Andina;3
10479;M;22;20231112;34000;Arequipe Latte;20-22;Insular;1
10480;F;92;20230724;43000;Mocha Latte;16-18;Insular;3
10481;M;43;20240709;72000;Americano;12-14;Pacífica;1
10482;M;23;20211124;62000;Espresso Sencillo;20-22;Insular;5
10483;F;68;20230223;103000;Flat White;10-12;Insular;2
10484;M;45;20240204;61000;Mocha Latte;18-20;Andina;4
10485;F;72;20220721;115000;Mocha Latte;14-16;Pacífica;5
10486;M;35;20220610;35000;Flat White;12-14;Insular;5
10487;M;66;20240120;68000;Caramel Macchiato;20-22;Insular;5
10488;M;72;20240130;73000;Cappuccino;10-12;Caribe;4
10489;;18;20231216;65400;Chocolate Blanco;10-12;Orinoquía;2
10490;M;67;20240211;43000;Caramel Macchiato;18-20;Caribe;4
10491;F;57;20231224;43000;Mocha Latte;18-20;Orinoquía;2
10492;;18;20211117;65400;Espresso Macchiato;20-22;Orinoquía;4
10493;M;45;20220420;82000;Café del día;10-12;Pacífica;3
10494;M;38;20230919;63000;Mocha Latte;10-12;Andina;3
10495;M;50;20220519;74000;Caramel Macchiato;20-22;Insular;5
10496;M;59;20240301;64000;Chocolate Blanco Helado;14-16;Pacífica;1
10497;M;77;20230531;65000;Flat White;10-12;Pacífica;2
10498;F;66;20220229;115000;Mocha Latte;18-20;Insular;5
10499;M;42;20211016;87000;Latte Macchiato;20-22;Caribe;2
10500;F;70;20230718;76000;Espresso Sencillo;16-18;Insular;2
10501;M;21;20200611;73000;Americano;16-18;Andina;1
10502;F;26;20230820;58000;Chocolate Helado;16-18;Insular;4
10503;F;66;20220410;98000;Espresso Sencillo;14-16;Andina;2
10504;;18;20210927;65400;Chocolate Caliente;16-18;Pacífica;2
10505;M;20;20200522;36000;Americano;14-16;Caribe;5
10506;F;87;20240309;62000;Espresso Doble;12-14;Pacífica;1
10507;M;46;20201122;41000;Arequipe Latte;18-20;Orinoquía;5
10508;M;75;20211104;97000;Flat White;12-14;Andina;5
10509;M;77;20231008;53000;Mocha Blanco Latte;14-16;Andina;4
10510;M;55;20230710;61000;Chocolate Blanco Helado;16-18;Insular;2
10511;F;60;20240128;32000;Chocolate Blanco;18-20;Caribe;2
10512;;18;20230719;65400;Flat White;20-22;Insular;2
10513;;18;20240513;65400;Chocolate Caliente;14-16;Andina;1
10514;M;43;20231212;38000;Chocolate Blanco Helado;18-20;Orinoquía;1
10515;M;35;20230830;60000;Latte;12-14;Caribe;2
10516;M;59;20240302;75000;Latte Macchiato;16-18;Pacífica;2
10517;;18;20221226;65400;Mocha Blanco Latte;12-14;Orinoquía;3
10518;F;57;20231126;63000;Café del día;14-16;Insular;4
10519;M;48;20240625;91000;Arequipe Latte;18-20;Andina;4
10520;M;55;20220826;37000;Caramel Macchiato;14-16;Pacífica;3
10521;M;74;20221220;53000;Chocolate Blanco;10-12;Orinoquía;5
10522;;18;20220201;65400;Espresso Doble;18-20;Caribe;5
10523;M;19;20231107;35000;Café del día;18-20;Insular;4
10524;M;39;20200129;35000;Espresso Sencillo;14-16;Caribe;2
10525;M;84;20220212;52000;Chocolate Blanco;20-22;Insular;3
10526;M;57;20240703;55000;Mocha Latte;10-12;Insular;3
10527;F;30;20220513;40000;Espresso Sencillo;18-20;Andina;3
10528;F;28;20221213;46000;Chocolate Caliente;12-14;Caribe;3
10529;F;44;20231228;49000;Arequipe Latte;10-12;Andina;3
10530;M;21;20210801;40000;Caramel Macchiato;20-22;Andina;2
10531;F;44;20240517;30000;Mocha Latte;16-18;Orinoquía;1
10532;F;54;20240102;50000;Arequipe Latte;16-18;Pacífica;1
10533;M;36;20240312;47000;Espresso Macchiato;16-18;Insular;2
10534;F;67;20211212;111000;Espresso Sencillo;18-20;Insular;3
10535;;18;20220516;65400;Espresso Sencillo;14-16;Caribe;3
10536;M;52;20230805;50000;Chocolate Helado;16-18;Orinoquía;5
10537;O;41;20240226;64000;Latte;10-12;Orinoquía;1
10538;M;87;20221004;36000;Mocha Latte;12-14;Insular;2
10539;M;55;20221126;64000;Latte Macchiato;18-20;Andina;2
10540;;18;20240520;65400;Chocolate Blanco Helado;20-22;Insular;4
10541;M;22;20230813;45000;Flat White;16-18;Orinoquía;4
10542;M;49;20230901;48000;Mocha Latte;20-22;Orinoquía;4
10543;F;40;20231004;62000;Chocolate Blanco Helado;16-18;Orinoquía;1
10544;F;49;20220704;80000;Flat White;12-14;Pacífica;5
10545;;18;20211231;65400;Mocha Blanco Latte;16-18;Insular;2
10546;M;40;20230128;80000;Latte;12-14;Orinoquía;4
10547;M;38;20230823;39000;Arequipe Latte;20-22;Orinoquía;1
10548;M;26;20220917;66000;Espresso Sencillo;12-14;Orinoquía;5
10549;M;61;20231114;48000;Espresso Macchiato;20-22;Insular;1
10550;M;69;20221113;36000;Mocha Blanco Latte;18-20;Orinoquía;2
10551;M;57;20220930;30000;Espresso Doble;14-16;Orinoquía;1
10552;M;73;20230111;73000;Chocolate Caliente;20-22;Andina;1
10553;F;44;20200902;65000;Cappuccino;16-18;Caribe;1
10554;F;25;20230902;62000;Latte;14-16;Caribe;4
10555;F;37;20230830;45000;Espresso Sencillo;16-18;Insular;5
10556;F;69;20210106;49000;Cappuccino;20-22;Insular;1
10557;M;47;20231015;46000;Espresso Doble;10-12;Insular;5
10558;M;43;20240519;73000;Flat White;20-22;Caribe;5
10559;;18;20210804;65400;Chocolate Blanco;20-22;Orinoquía;2
10560;M;85;20200218;47000;Flat White;16-18;Insular;5
10561;M;32;20240425;59000;Café del día;18-20;Caribe;5
10562;M;34;20230802;41000;Caramel Macchiato;14-16;Pacífica;2
10563;F;63;20230925;35000;Arequipe Latte;12-14;Pacífica;5
10564;F;57;20230508;118000;Mocha Blanco Latte;20-22;Insular;2
10565;M;44;20211021;39000;Chocolate Blanco;18-20;Orinoquía;5
10566;F;50;20230812;74000;Americano;16-18;Andina;4
10567;F;65;20230305;37000;Chocolate Caliente;14-16;Andina;3
10568;;18;20230426;65400;Espresso Sencillo;18-20;Caribe;1
10569;M;62;20230619;48000;Latte;10-12;Insular;5
10570;;18;20211113;65400;Latte;18-20;Andina;2
10571;O;42;20211217;31000;Americano;16-18;Caribe;2
10572;M;55;20240613;93000;Chocolate Caliente;20-22;Pacífica;2
10573;;18;20220218;65400;Chocolate Helado;16-18;Pacífica;2
10574;M;56;20201114;34000;Chocolate Blanco Helado;10-12;Insular;2
10575;;18;20240621;65400;Mocha Latte;20-22;Andina;1
10576;F;73;20210424;70000;Espresso Doble;16-18;Caribe;3
10577;F;26;20210424;61000;Arequipe Latte;16-18;Pacífica;1
10578;M;58;20240318;52000;Chocolate Helado;14-16;Insular;1
10579;M;61;20221218;91000;Espresso Sencillo;18-20;Insular;4
10580;F;71;20240310;97000;Arequipe Latte;16-18;Pacífica;2
10581;M;72;20230123;80000;Café del día;14-16;Andina;3
10582;M;54;20231206;57000;Chocolate Blanco;12-14;Andina;1
10583;M;60;20210128;60000;Chocolate Caliente;12-14;Insular;5
10584;M;59;20220328;46000;Caramel Macchiato;18-20;Caribe;3
10585;F;75;20231027;102000;Arequipe Latte;20-22;Caribe;5
10586;M;79;20210413;66000;Chocolate Caliente;18-20;Andina;3
10587;M;40;20190809;52000;Americano;20-22;Caribe;3
10588;M;49;20210902;81000;Mocha Blanco Latte;14-16;Pacífica;5
10589;F;50;20230828;74000;Chocolate Caliente;16-18;Caribe;1
10590;M;63;20220129;96000;Chocolate Caliente;14-16;Pacífica;1
10591;M;28;20240215;42000;Americano;20-22;Caribe;1
10592;F;31;20210929;42000;Chocolate Helado;10-12;Caribe;5
10593;M;52;20230825;70000;Latte Macchiato;14-16;Caribe;2
10594;F;61;20220517;82000;Mocha Latte;18-20;Caribe;5
10595;F;66;20231023;63000;Cappuccino;20-22;Orinoquía;2
10596;M;44;20211223;53000;Café del día;16-18;Andina;5
10597;;18;20230930;65400;Americano;20-22;Orinoquía;5
10598;F;54;20231007;84000;Flat White;18-20;Pacífica;5
10599;M;34;20240526;36000;Cappuccino;18-20;Insular;1
10600;M;31;20230202;46000;Espresso Macchiato;16-18;Caribe;2
10601;M;27;20210228;62000;Flat White;16-18;Orinoquía;1
10602;M;63;20231129;55000;Cappuccino;12-14;Insular;4
10603;M;46;20240104;71000;Arequipe Latte;12-14;Pacífica;5
10604;M;49;20240106;40000;Caramel Macchiato;12-14;Orinoquía;5
10605;M;35;20211202;30000;Chocolate Helado;18-20;Andina;1
10606;M;61;20210528;34000;Mocha Latte;18-20;Insular;3
10607;;18;20240625;65400;Mocha Blanco Latte;16-18;Andina;2
10608;M;46;20240120;88000;Chocolate Caliente;12-14;Orinoquía;2
10609;M;59;20230208;37000;Cappuccino;16-18;Insular;5
10610;F;21;20200717;50000;Chocolate Caliente;16-18;Pacífica;4
10611;F;61;20191119;69000;Chocolate Blanco;14-16;Andina;4
10612;;18;20220406;65400;Chocolate Blanco;20-22;Orinoquía;5
10613;M;55;20210921;35000;Latte;14-16;Insular;1
10614;M;65;20191102;52000;Arequipe Latte;16-18;Insular;1
10615;F;95;20230713;32000;Latte;10-12;Insular;3
10616;F;44;20221227;79000;Flat White;10-12;Insular;1
10617;F;58;20210324;66000;Mocha Blanco Latte;18-20;Insular;2
10618;M;53;20230222;34000;Chocolate Caliente;14-16;Insular;1
10619;M;66;20240125;70000;Americano;18-20;Orinoquía;2
10620;M;66;20231204;77000;Latte;12-14;Andina;1
10621;M;76;20220615;94000;Flat White;14-16;Insular;3
10622;F;52;20210731;84000;Chocolate Blanco Helado;10-12;Orinoquía;2
10623;M;42;20240422;86000;Espresso Sencillo;14-16;Orinoquía;5
10624;M;39;20240722;49000;Espresso Macchiato;10-12;Pacífica;1
10625;F;57;20220415;106000;Espresso Macchiato;20-22;Andina;4
10626;M;68;20200429;51000;Chocolate Blanco Helado;16-18;Pacífica;3
10627;F;30;20240606;31000;Chocolate Helado;16-18;Orinoquía;3
10628;M;18;20231205;53000;Caramel Macchiato;12-14;Insular;2
10629;M;52;20231005;111000;Mocha Latte;10-12;Orinoquía;4
10630;M;67;20240225;90000;Latte;14-16;Andina;4
10631;M;49;20231129;62000;Chocolate Helado;14-16;Caribe;5
10632;M;36;20240528;43000;Latte Macchiato;10-12;Insular;2
10633;F;53;20230818;79000;Chocolate Helado;10-12;Pacífica;1
10634;M;38;20230905;44000;Espresso Macchiato;18-20;Caribe;4
10635;F;88;20230930;86000;Espresso Sencillo;14-16;Caribe;2
10636;F;65;20210906;103000;Espresso Macchiato;12-14;Andina;4
10637;M;71;20230908;83000;Chocolate Helado;20-22;Pacífica;2
10638;M;44;20220111;72000;Mocha Blanco Latte;14-16;Pacífica;3
10639;M;48;20230503;36000;Espresso Doble;16-18;Caribe;5
10640;F;49;20230515;113000;Espresso Doble;14-16;Insular;1
10641;M;63;20210130;49000;Cappuccino;14-16;Insular;3
10642;M;69;20230719;61000;Latte;14-16;Pacífica;3
10643;M;59;20230422;106000;Café del día;12-14;Orinoquía;3
10644;M;72;20230209;55000;Flat White;16-18;Insular;3
10645;M;69;20240317;45000;Espresso Macchiato;14-16;Andina;3
10646;M;65;20240521;63000;Flat White;14-16;Caribe;5
10647;F;58;20231126;95000;Café del día;18-20;Caribe;2
10648;F;46;20231227;84000;Flat White;18-20;Pacífica;4
10649;;18;20230804;65400;Flat White;20-22;Andina;5
10650;F;30;20230321;45000;Caramel Macchiato;12-14;Orinoquía;4
10651;;18;20230411;65400;Espresso Sencillo;18-20;Caribe;4
10652;M;53;20210825;103000;Cappuccino;12-14;Andina;2
10653;M;61;20210905;74000;Espresso Macchiato;20-22;Orinoquía;1
10654;M;58;20220816;114000;Arequipe Latte;18-20;Insular;2
10655;;18;20220617;65400;Espresso Sencillo;14-16;Pacífica;1
10656;M;65;20240617;96000;Flat White;18-20;Pacífica;2
10657;F;72;20240124;75000;Chocolate Blanco Helado;20-22;Insular;1
10658;;18;20220527;65400;Mocha Latte;10-12;Pacífica;5
10659;F;68;20211020;101000;Espresso Sencillo;10-12;Insular;1
10660;M;52;20231217;36000;Mocha Blanco Latte;16-18;Caribe;5
10661;F;63;20220719;44000;Chocolate Helado;14-16;Orinoquía;2
10662;M;76;20200121;34000;Flat White;12-14;Caribe;1
10663;F;57;20231212;80000;Mocha Latte;14-16;Orinoquía;4
10664;M;53;20230924;38000;Café del día;16-18;Andina;2
10665;M;55;20210119;57000;Chocolate Helado;12-14;Insular;3
10666;M;84;20231202;62000;Americano;20-22;Insular;1
10667;F;57;20231104;71000;Chocolate Blanco Helado;12-14;Pacífica;2
10668;M;62;20191124;45000;Caramel Macchiato;12-14;Caribe;2
10669;F;50;20211118;79000;Chocolate Helado;20-22;Caribe;3
10670;M;36;20231211;39000;Americano;18-20;Pacífica;4
10671;F;64;20231224;45000;Espresso Macchiato;16-18;Insular;4
10672;F;52;20221109;44000;Chocolate Blanco Helado;20-22;Orinoquía;5
10673;;18;20240522;65400;Chocolate Blanco;20-22;Orinoquía;4
10674;F;58;20230720;90000;Chocolate Caliente;12-14;Orinoquía;5
10675;F;65;20240617;72000;Chocolate Helado;12-14;Andina;4
10676;;18;20211118;65400;Mocha Blanco Latte;14-16;Pacífica;5
10677;F;53;20230915;94000;Espresso Macchiato;10-12;Insular;5
10678;M;19;20220508;51000;Chocolate Blanco Helado;20-22;Insular;5
10679;M;51;20240221;89000;Espresso Sencillo;12-14;Andina;2
10680;M;72;20220205;92000;Flat White;20-22;Insular;4
10681;M;62;20240527;66000;Flat White;12-14;Insular;5
10682;M;91;20210911;40000;Mocha Latte;12-14;Pacífica;4
10683;F;81;20231212;31000;Cappuccino;14-16;Insular;5
10684;F;48;20220728;119000;Espresso Sencillo;20-22;Orinoquía;4
10685;M;94;20230508;54000;Espresso Sencillo;12-14;Orinoquía;3
10686;M;36;20231031;40000;Arequipe Latte;16-18;Andina;1
10687;M;47;20240518;64000;Latte;12-14;Insular;3
10688;F;81;20230816;116000;Latte;20-22;Insular;1
10689;M;49;20210331;61000;Flat White;16-18;Orinoquía;5
10690;F;56;20240503;35000;Café del día;10-12;Andina;3
10691;M;52;20231129;45000;Cappuccino;20-22;Andina;4
10692;M;41;20220720;59000;Latte;20-22;Insular;3
10693;F;59;20220116;86000;Arequipe Latte;14-16;Caribe;1
10694;;18;20230918;65400;Espresso Macchiato;16-18;Insular;1
10695;M;51;20220107;98000;Espresso Doble;14-16;Andina;1
10696;F;48;20240303;100000;Chocolate Blanco Helado;14-16;Pacífica;4
10697;M;41;20230108;45000;Americano;16-18;Orinoquía;3
10698;F;18;20240311;68000;Cappuccino;12-14;Orinoquía;1
10699;F;45;20220708;32000;Espresso Sencillo;12-14;Insular;2
10700;M;58;20220402;79000;Latte Macchiato;18-20;Pacífica;2
10701;;18;20231128;65400;Cappuccino;14-16;Pacífica;2
10702;;18;20221010;65400;Chocolate Helado;16-18;Insular;2
10703;M;59;20220725;76000;Caramel Macchiato;18-20;Caribe;1
10704;F;52;20220525;78000;Latte;10-12;Pacífica;3
10705;M;52;20210808;67000;Arequipe Latte;10-12;Caribe;4
10706;F;21;20191223;37000;Caramel Macchiato;20-22;Insular;4
10707;M;42;20220606;47000;Mocha Latte;20-22;Orinoquía;4
10708;F;92;20221206;75000;Espresso Macchiato;12-14;Pacífica;1
10709;M;41;20200709;34000;Flat White;10-12;Pacífica;3
10710;F;39;20231125;80000;Espresso Doble;20-22;Orinoquía;1
10711;M;54;20230121;117000;Latte Macchiato;20-22;Pacífica;5
10712;F;80;20220121;43000;Caramel Macchiato;16-18;Insular;1
10713;M;44;20210903;56000;Espresso Doble;10-12;Pacífica;4
10714;M;43;20240216;33000;Chocolate Blanco Helado;12-14;Orinoquía;5
10715;F;57;20220314;77000;Flat White;20-22;Andina;5
10716;F;48;20230418;87000;Flat White;10-12;Orinoquía;3
10717;M;67;20210822;30000;Espresso Macchiato;18-20;Orinoquía;1
10718;M;61;20240220;92000;Chocolate Caliente;18-20;Orinoquía;5
10719;;18;20221205;65400;Latte;14-16;Caribe;2
10720;F;58;20221001;81000;Chocolate Helado;10-12;Orinoquía;3
10721;M;53;20230926;84000;Flat White;14-16;Caribe;2
10722;;18;20220507;65400;Arequipe Latte;16-18;Andina;2
10723;M;78;20200303;70000;Arequipe Latte;12-14;Orinoquía;4
10724;M;65;20220723;35000;Mocha Latte;16-18;Orinoquía;4
10725;F;66;20230215;110000;Chocolate Caliente;18-20;Pacífica;2
10726;F;71;20211113;64000;Chocolate Helado;16-18;Caribe;2
10727;;18;20211123;65400;Latte;16-18;Caribe;3
10728;F;48;20220418;114000;Cappuccino;12-14;Pacífica;1
10729;F;53;20231201;75000;Chocolate Caliente;18-20;Caribe;3
10730;F;51;20231007;112000;Mocha Blanco Latte;16-18;Pacífica;4
10731;F;59;20230821;51000;Americano;18-20;Pacífica;1
10732;M;31;20240430;53000;Espresso Sencillo;10-12;Orinoquía;1
10733;F;57;20231228;82000;Chocolate Blanco Helado;10-12;Caribe;4
10734;F;59;20220327;55000;Espresso Sencillo;16-18;Caribe;5
10735;M;54;20221028;55000;Espresso Macchiato;12-14;Insular;2
10736;M;43;20221215;56000;Chocolate Blanco Helado;16-18;Orinoquía;5
10737;;18;20220201;65400;Latte Macchiato;14-16;Orinoquía;1
10738;M;58;20231204;39000;Flat White;14-16;Orinoquía;2
10739;M;22;20230104;58000;Mocha Blanco Latte;18-20;Andina;2
10740;F;57;20210927;87000;Latte;20-22;Andina;3
10741;M;21;20220213;39000;Chocolate Caliente;16-18;Orinoquía;5
10742;F;33;20220916;64000;Chocolate Blanco;18-20;Andina;3
10743;F;68;20220124;108000;Chocolate Blanco Helado;16-18;Caribe;3
10744;M;20;20231205;32000;Caramel Macchiato;18-20;Insular;3
10745;M;20;20200513;30000;Espresso Sencillo;16-18;Andina;4
10746;F;64;20210829;93000;Chocolate Blanco;16-18;Caribe;4
10747;M;64;20231219;50000;Americano;16-18;Andina;5
10748;M;68;20231121;97000;Café del día;18-20;Andina;2
10749;M;38;20240626;52000;Arequipe Latte;14-16;Caribe;2
10750;F;49;20231120;70000;Latte Macchiato;18-20;Orinoquía;4
10751;;18;20210801;65400;Chocolate Helado;16-18;Andina;4
10752;;18;20230627;65400;Mocha Blanco Latte;18-20;Insular;4
10753;;18;20220525;65400;Chocolate Blanco Helado;10-12;Caribe;1
10754;M;33;20210822;56000;Chocolate Blanco;20-22;Orinoquía;2
10755;F;80;20210927;62000;Chocolate Blanco Helado;10-12;Andina;3
10756;M;31;20240208;58000;Mocha Latte;18-20;Orinoquía;3
10757;M;20;20230411;48000;Arequipe Latte;14-16;Insular;2
10758;;18;20230720;65400;Espresso Sencillo;10-12;Andina;1
10759;F;68;20220118;77000;Chocolate Caliente;20-22;Caribe;3
10760;F;32;20231010;71000;Americano;14-16;Pacífica;5
10761;M;52;20231228;50000;Flat White;16-18;Orinoquía;3
10762;M;50;20220314;81000;Mocha Latte;20-22;Caribe;3
10763;F;71;20231128;89000;Cappuccino;14-16;Andina;1
10764;M;41;20210407;70000;Café del día;20-22;Orinoquía;4
10765;M;56;20211118;72000;Chocolate Caliente;20-22;Andina;5
10766;F;57;20220313;60000;Latte;14-16;Caribe;2
10767;M;74;20231212;36000;Arequipe Latte;20-22;Caribe;2
10768;M;73;20240726;58000;Café del día;20-22;Andina;5
10769;F;59;20230603;54000;Latte Macchiato;20-22;Pacífica;3
10770;;18;20240207;65400;Caramel Macchiato;10-12;Pacífica;4
10771;;18;20220121;65400;Chocolate Blanco;18-20;Insular;5
10772;F;94;20240321;86000;Chocolate Blanco;14-16;Orinoquía;4
10773;;18;20230107;65400;Espresso Doble;14-16;Caribe;4
10774;M;28;20221218;64000;Arequipe Latte;18-20;Andina;5
10775;F;68;20230615;74000;Mocha Latte;12-14;Andina;3
10776;M;88;20210802;112000;Chocolate Blanco;20-22;Pacífica;4
10777;F;81;20220416;116000;Flat White;14-16;Caribe;3
10778;F;92;20240305;95000;Chocolate Caliente;14-16;Orinoquía;4
10779;M;59;20230820;55000;Americano;20-22;Orinoquía;2
10780;M;39;20210929;61000;Mocha Blanco Latte;18-20;Orinoquía;5
10781;F;36;20230521;71000;Latte Macchiato;16-18;Orinoquía;1
10782;O;51;20240506;55000;Latte Macchiato;14-16;Pacífica;5
10783;M;36;20231214;36000;Latte;12-14;Orinoquía;5
10784;M;42;20231125;46000;Café del día;10-12;Pacífica;2
10785;F;47;20230810;53000;Flat White;14-16;Andina;4
10786;F;58;20211007;62000;Chocolate Helado;16-18;Orinoquía;5
10787;M;34;20240107;31000;Arequipe Latte;16-18;Caribe;1
10788;M;23;20230817;44000;Flat White;10-12;Pacífica;5
10789;M;49;20230823;70000;Espresso Macchiato;10-12;Insular;4
10790;M;44;20220417;96000;Cappuccino;10-12;Pacífica;2
10791;F;38;20210218;69000;Café del día;10-12;Orinoquía;1
10792;F;66;20231108;77000;Latte Macchiato;12-14;Andina;3
10793;F;58;20220129;76000;Cappuccino;10-12;Andina;1
10794;M;73;20220625;46000;Chocolate Blanco Helado;10-12;Caribe;1
10795;M;56;20220224;72000;Espresso Macchiato;20-22;Pacífica;5
10796;M;38;20230801;67000;Chocolate Helado;20-22;Andina;2
10797;M;21;20240207;48000;Latte Macchiato;18-20;Pacífica;4
10798;F;34;20221230;68000;Latte;14-16;Andina;3
10799;M;57;20231026;42000;Cappuccino;18-20;Pacífica;3
10800;M;26;20240703;35000;Espresso Macchiato;18-20;Andina;1
10801;M;34;20240527;38000;Chocolate Blanco;12-14;Andina;1
10802;;18;20220531;65400;Latte;10-12;Orinoquía;2
10803;F;62;20240212;96000;Cappuccino;16-18;Andina;3
10804;F;65;20240621;92000;Chocolate Blanco Helado;20-22;Pacífica;5
10805;M;68;20240507;34000;Arequipe Latte;16-18;Caribe;3
10806;F;57;20231113;52000;Flat White;10-12;Pacífica;3
10807;M;23;20200519;37000;Cappuccino;16-18;Caribe;2
10808;M;21;20210627;34000;Mocha Latte;16-18;Insular;4
10809;M;80;20231205;81000;Latte;12-14;Pacífica;1
10810;M;34;20231023;46000;Chocolate Blanco;16-18;Insular;1
10811;F;32;20231206;71000;Espresso Doble;14-16;Pacífica;2
10812;M;64;20230928;88000;Chocolate Caliente;14-16;Insular;2
10813;M;49;20220412;84000;Espresso Doble;20-22;Insular;5
10814;F;37;20240604;43000;Flat White;18-20;Caribe;2
10815;M;29;20231112;43000;Americano;10-12;Caribe;2
10816;;18;20231022;65400;Chocolate Helado;12-14;Caribe;5
10817;M;30;20220731;64000;Flat White;16-18;Orinoquía;2
10818;M;52;20220913;81000;Mocha Blanco Latte;14-16;Caribe;1
10819;F;68;20240101;78000;Chocolate Blanco Helado;12-14;Caribe;2
10820;M;52;20221210;106000;Mocha Latte;20-22;Andina;4
10821;F;37;20240324;33000;Chocolate Helado;14-16;Andina;4
10822;F;72;20200426;57000;Latte Macchiato;18-20;Caribe;2
10823;;18;20240426;65400;Chocolate Blanco Helado;12-14;Orinoquía;5
10824;F;54;20220211;37000;Cappuccino;14-16;Andina;5
10825;M;72;20210111;83000;Latte Macchiato;14-16;Insular;4
10826;M;50;20231004;56000;Cappuccino;16-18;Andina;5
10827;F;67;20211019;75000;Cappuccino;10-12;Andina;1
10828;M;36;20231211;38000;Espresso Sencillo;20-22;Pacífica;1
10829;M;35;20240125;37000;Chocolate Caliente;12-14;Andina;5
10830;;18;20230326;65400;Chocolate Helado;20-22;Andina;4
10831;M;36;20210312;42000;Chocolate Blanco;12-14;Pacífica;2
10832;F;59;20211127;100000;Chocolate Helado;14-16;Pacífica;2
10833;F;42;20231125;61000;Chocolate Helado;16-18;Caribe;5
10834;M;65;20240215;52000;Chocolate Caliente;20-22;Andina;1
10835;F;59;20221206;79000;Espresso Doble;16-18;Caribe;5
10836;M;60;20221203;68000;Chocolate Blanco;20-22;Andina;4
10837;M;57;20240424;71000;Latte Macchiato;12-14;Orinoquía;4
10838;F;65;20240110;81000;Espresso Sencillo;12-14;Caribe;3
10839;F;68;20230928;76000;Chocolate Caliente;18-20;Insular;1
10840;M;50;20240314;67000;Espresso Doble;20-22;Andina;3
10841;F;59;20230316;104000;Espresso Sencillo;14-16;Insular;1
10842;F;48;20240102;76000;Chocolate Blanco Helado;10-12;Insular;5
10843;F;80;20240210;118000;Mocha Blanco Latte;20-22;Andina;4
10844;;18;20220529;65400;Chocolate Helado;12-14;Caribe;5
10845;M;47;20220513;43000;Arequipe Latte;20-22;Pacífica;2
10846;M;61;20240620;65000;Mocha Blanco Latte;20-22;Caribe;3
10847;;18;20230929;65400;Café del día;16-18;Caribe;5
10848;M;74;20230923;55000;Mocha Blanco Latte;10-12;Pacífica;2
10849;F;38;20210516;35000;Arequipe Latte;10-12;Orinoquía;1
10850;;18;20220115;65400;Cappuccino;10-12;Pacífica;4
10851;F;43;20230811;74000;Latte;18-20;Andina;2
10852;M;22;20240427;36000;Mocha Latte;14-16;Pacífica;1
10853;F;85;20240715;71000;Latte;16-18;Caribe;4
10854;M;36;20240717;42000;Arequipe Latte;20-22;Caribe;4
10855;M;47;20221123;60000;Chocolate Blanco Helado;14-16;Pacífica;5
10856;M;27;20240115;68000;Arequipe Latte;14-16;Insular;4
10857;;18;20211210;65400;Arequipe Latte;12-14;Andina;4
10858;M;63;20220324;116000;Chocolate Blanco;20-22;Caribe;1
10859;M;32;20200201;47000;Chocolate Blanco;16-18;Insular;5
10860;F;61;20220117;59000;Mocha Blanco Latte;10-12;Orinoquía;2
10861;F;28;20240327;62000;Café del día;18-20;Caribe;5
10862;M;48;20220821;80000;Espresso Sencillo;14-16;Pacífica;2
10863;F;53;20211209;52000;Espresso Doble;14-16;Pacífica;5
10864;M;21;20230730;50000;Caramel Macchiato;14-16;Caribe;2
10865;M;67;20240313;62000;Café del día;12-14;Orinoquía;1
10866;M;37;20221228;77000;Espresso Sencillo;20-22;Andina;3
10867;M;60;20230822;91000;Chocolate Blanco;12-14;Orinoquía;3
10868;;18;20240113;65400;Café del día;18-20;Pacífica;4
10869;M;53;20230825;38000;Caramel Macchiato;16-18;Caribe;4
10870;M;45;20230830;89000;Cappuccino;16-18;Andina;3
10871;F;62;20200123;69000;Espresso Sencillo;16-18;Pacífica;4
10872;F;62;20240505;99000;Cappuccino;16-18;Orinoquía;1
10873;M;59;20231003;84000;Chocolate Helado;16-18;Pacífica;4
10874;M;79;20230919;60000;Chocolate Helado;14-16;Andina;2
10875;F;45;20220430;51000;Flat White;18-20;Andina;4
10876;F;79;20240511;41000;Latte Macchiato;12-14;Insular;4
10877;F;82;20230819;115000;Arequipe Latte;20-22;Insular;3
10878;F;66;20211210;93000;Mocha Blanco Latte;18-20;Insular;3
10879;M;47;20220307;47000;Flat White;16-18;Caribe;2
10880;M;32;20211015;75000;Caramel Macchiato;12-14;Insular;3
10881;M;22;20240516;56000;Caramel Macchiato;18-20;Caribe;5
10882;F;50;20231122;66000;Flat White;10-12;Caribe;3
10883;M;25;20240720;63000;Espresso Sencillo;20-22;Pacífica;2
10884;F;70;20231027;86000;Chocolate Blanco Helado;16-18;Caribe;3
10885;F;51;20231030;51000;Espresso Macchiato;10-12;Pacífica;4
10886;M;37;20240123;63000;Café del día;18-20;Orinoquía;5
10887;F;55;20231123;74000;Chocolate Caliente;10-12;Insular;4
10888;;18;20221123;65400;Caramel Macchiato;14-16;Caribe;1
10889;M;73;20231005;117000;Café del día;20-22;Orinoquía;5
10890;F;89;20211126;87000;Espresso Sencillo;18-20;Pacífica;2
10891;F;32;20230402;31000;Arequipe Latte;14-16;Andina;5
10892;F;45;20231123;88000;Americano;18-20;Pacífica;5
10893;F;58;20231112;87000;Arequipe Latte;10-12;Pacífica;5
10894;M;45;20221229;56000;Caramel Macchiato;10-12;Pacífica;2
10895;F;78;20230815;81000;Chocolate Helado;12-14;Andina;4
10896;M;79;20231006;76000;Espresso Sencillo;20-22;Andina;4
10897;F;41;20230810;79000;Chocolate Blanco;12-14;Caribe;5
10898;M;73;20231019;116000;Cappuccino;12-14;Caribe;5
10899;M;71;20231127;55000;Latte Macchiato;16-18;Insular;1
10900;F;72;20220410;118000;Espresso Doble;10-12;Pacífica;1
10901;M;64;20221018;37000;Americano;16-18;Pacífica;4
10902;M;65;20240108;70000;Cappuccino;10-12;Pacífica;1
10903;F;48;20210730;61000;Latte;18-20;Pacífica;1
10904;M;71;20221108;76000;Mocha Blanco Latte;16-18;Insular;1
10905;;18;20240312;65400;Espresso Sencillo;10-12;Insular;4
10906;M;28;20200128;66000;Espresso Macchiato;12-14;Insular;3
10907;M;41;20230831;94000;Espresso Doble;18-20;Caribe;3
10908;F;82;20230323;87000;Arequipe Latte;14-16;Pacífica;1
10909;;18;20231017;65400;Espresso Macchiato;12-14;Andina;1
10910;F;34;20231116;70000;Chocolate Helado;10-12;Andina;3
10911;M;63;20240624;32000;Mocha Latte;20-22;Pacífica;4
10912;;18;20220414;65400;Caramel Macchiato;20-22;Orinoquía;1
10913;F;62;20220323;102000;Mocha Latte;14-16;Insular;3
10914;F;67;20221013;33000;Mocha Latte;20-22;Caribe;3
10915;M;51;20240530;43000;Arequipe Latte;16-18;Andina;1
10916;F;72;20231117;61000;Mocha Latte;12-14;Caribe;4
10917;M;21;20200810;34000;Espresso Macchiato;12-14;Pacífica;1
10918;M;26;20220225;33000;Chocolate Helado;12-14;Insular;3
10919;F;50;20231007;53000;Chocolate Blanco Helado;12-14;Insular;4
10920;F;57;20231028;102000;Espresso Doble;16-18;Insular;1
10921;;18;20230820;65400;Espresso Doble;14-16;Andina;5
10922;F;59;20230525;96000;Cappuccino;20-22;Pacífica;4
10923;M;50;20200228;69000;Mocha Latte;10-12;Insular;1
10924;;18;20240715;65400;Arequipe Latte;10-12;Pacífica;1
10925;M;74;20230114;49000;Espresso Sencillo;18-20;Pacífica;2
10926;M;61;20240206;32000;Americano;16-18;Insular;4
10927;F;57;20230520;49000;Chocolate Caliente;20-22;Orinoquía;4
10928;M;30;20210927;43000;Latte;10-12;Orinoquía;4
10929;M;34;20240314;33000;Arequipe Latte;10-12;Andina;4
10930;M;22;20240714;60000;Latte Macchiato;14-16;Insular;2
10931;F;81;20230423;87000;Mocha Blanco Latte;12-14;Orinoquía;1
10932;M;51;20231026;47000;Flat White;12-14;Andina;4
10933;F;67;20190731;58000;Cappuccino;16-18;Caribe;3
10934;M;55;20220909;95000;Chocolate Helado;12-14;Orinoquía;5
10935;;18;20240602;65400;Espresso Macchiato;20-22;Caribe;1
10936;F;65;20240619;48000;Espresso Sencillo;20-22;Pacífica;3
10937;M;78;20240430;46000;Mocha Latte;12-14;Pacífica;1
10938;M;54;20220429;54000;Latte Macchiato;12-14;Caribe;1
10939;O;100;20220629;83000;Americano;20-22;Caribe;4
10940;F;74;20221103;57000;Espresso Macchiato;18-20;Andina;3
10941;M;63;20220925;49000;Mocha Blanco Latte;12-14;Orinoquía;3
10942;M;59;20231013;35000;Americano;12-14;Insular;3
10943;M;67;20231016;63000;Caramel Macchiato;20-22;Caribe;4
10944;M;54;20200527;60000;Flat White;18-20;Caribe;2
10945;M;69;20240130;58000;Café del día;10-12;Caribe;1
10946;M;94;20221002;82000;Espresso Macchiato;20-22;Pacífica;2
10947;M;42;20221031;61000;Espresso Macchiato;10-12;Orinoquía;5
10948;M;28;20230917;43000;Arequipe Latte;18-20;Pacífica;3
10949;F;55;20230815;71000;Espresso Sencillo;12-14;Orinoquía;4
10950;M;59;20230811;88000;Latte Macchiato;18-20;Orinoquía;5
10951;F;73;20220909;57000;Chocolate Helado;18-20;Orinoquía;1
10952;;18;20221003;65400;Americano;16-18;Insular;1
10953;M;72;20240527;42000;Espresso Sencillo;10-12;Pacífica;1
10954;M;31;20220819;36000;Latte Macchiato;14-16;Insular;1
10955;M;66;20240107;72000;Flat White;12-14;Insular;2
10956;O;47;20240214;79000;Latte;10-12;Caribe;5
10957;M;65;20231210;78000;Café del día;20-22;Pacífica;1
10958;F;41;20240126;53000;Cappuccino;18-20;Insular;3
10959;;18;20220420;65400;Chocolate Blanco;16-18;Pacífica;5
10960;M;70;20210105;30000;Chocolate Blanco Helado;12-14;Pacífica;2
10961;M;49;20240309;68000;Mocha Blanco Latte;14-16;Caribe;1
10962;F;83;20230816;56000;Mocha Latte;12-14;Pacífica;1
10963;F;49;20230507;73000;Latte Macchiato;12-14;Pacífica;2
10964;F;77;20230423;43000;Chocolate Blanco;10-12;Insular;2
10965;M;70;20210404;52000;Espresso Sencillo;16-18;Andina;5
10966;M;34;20231110;32000;Espresso Doble;20-22;Caribe;4
10967;M;35;20240623;69000;Caramel Macchiato;12-14;Orinoquía;5
10968;F;95;20240627;44000;Espresso Doble;10-12;Andina;4
10969;M;40;20230409;46000;Espresso Sencillo;10-12;Pacífica;2
10970;M;57;20220109;64000;Espresso Macchiato;14-16;Caribe;4
10971;M;62;20221111;89000;Caramel Macchiato;20-22;Insular;2
10972;F;60;20240322;51000;Arequipe Latte;14-16;Caribe;1
10973;;18;20240416;65400;Caramel Macchiato;20-22;Caribe;2
10974;F;54;20230911;119000;Espresso Sencillo;14-16;Orinoquía;2
10975;;18;20220114;65400;Latte;10-12;Andina;4
10976;M;69;20210729;34000;Caramel Macchiato;14-16;Insular;5
10977;;18;20240705;65400;Café del día;18-20;Caribe;1
10978;M;52;20240708;51000;Espresso Sencillo;12-14;Orinoquía;1
10979;F;73;20231107;90000;Chocolate Blanco Helado;16-18;Andina;5
10980;M;58;20200619;34000;Chocolate Blanco Helado;18-20;Caribe;1
10981;M;32;20240716;70000;Flat White;12-14;Andina;4
10982;F;76;20220118;100000;Chocolate Blanco Helado;18-20;Insular;5
10983;F;26;20210629;71000;Chocolate Blanco Helado;14-16;Pacífica;2
10984;F;36;20240701;70000;Café del día;10-12;Orinoquía;5
10985;;18;20230406;65400;Latte Macchiato;10-12;Andina;3
10986;;18;20220620;65400;Latte;16-18;Orinoquía;4
10987;F;37;20210906;78000;Chocolate Caliente;14-16;Pacífica;1
10988;F;63;20240529;75000;Chocolate Helado;20-22;Andina;1
10989;F;85;20230425;95000;Espresso Doble;18-20;Caribe;1
10990;O;68;20240325;33000;Americano;16-18;Insular;1
10991;M;57;20230908;68000;Mocha Latte;10-12;Pacífica;4
10992;F;68;20230802;101000;Cappuccino;12-14;Orinoquía;1
10993;F;48;20230807;32000;Cappuccino;10-12;Pacífica;3
10994;M;84;20220914;93000;Mocha Blanco Latte;12-14;Andina;1
10995;F;66;20231220;39000;Chocolate Helado;16-18;Pacífica;3
10996;M;52;20230928;92000;Americano;12-14;Pacífica;3
10997;M;55;20240605;55000;Café del día;14-16;Caribe;1
10998;M;84;20240330;36000;Espresso Macchiato;14-16;Pacífica;1
10999;F;60;20220510;79000;Chocolate Blanco Helado;14-16;Caribe;2
11000;F;33;20230228;50000;Espresso Macchiato;12-14;Caribe;2
11001;M;24;20200802;42000;Chocolate Caliente;14-16;Andina;4
11002;F;77;20220603;31000;Chocolate Caliente;16-18;Andina;1
11003;F;27;20231015;41000;Latte Macchiato;18-20;Orinoquía;1
11004;M;87;20210513;43000;Chocolate Helado;16-18;Orinoquía;4
11005;F;71;20211015;85000;Flat White;16-18;Orinoquía;2
11006;M;47;20230731;38000;Espresso Macchiato;20-22;Insular;5
11007;F;78;20240514;89000;Mocha Blanco Latte;18-20;Caribe;1
11008;M;62;20240726;34000;Mocha Latte;16-18;Pacífica;1
11009;M;56;20231126;73000;Latte;18-20;Insular;5
11010;F;48;20220329;66000;Chocolate Blanco;16-18;Orinoquía;3
11011;M;38;20221102;58000;Espresso Doble;16-18;Andina;1
11012;M;51;20231228;73000;Americano;14-16;Orinoquía;3
11013;;18;20210910;65400;Espresso Macchiato;16-18;Insular;1
11014;F;34;20231003;51000;Latte;12-14;Andina;1
11015;F;70;20231008;57000;Caramel Macchiato;10-12;Caribe;1
11016;;18;20231217;65400;Chocolate Caliente;18-20;Pacífica;1
11017;;18;20230206;65400;Latte Macchiato;16-18;Pacífica;1
11018;M;40;20220117;80000;Café del día;12-14;Caribe;1
11019;M;40;20210304;34000;Americano;16-18;Caribe;5
11020;M;54;20240615;40000;Chocolate Caliente;18-20;Pacífica;2
11021;;18;20240420;65400;Flat White;10-12;Pacífica;1
11022;M;48;20231214;57000;Chocolate Caliente;16-18;Orinoquía;5
11023;F;93;20231106;79000;Chocolate Blanco;14-16;Andina;2
11024;;18;20231011;65400;Latte;20-22;Andina;3
11025;M;43;20240101;60000;Latte;16-18;Pacífica;2
11026;F;56;20231102;62000;Cappuccino;12-14;Pacífica;4
11027;;18;20240406;65400;Caramel Macchiato;16-18;Caribe;2
11028;M;21;20230915;46000;Mocha Blanco Latte;10-12;Insular;1
11029;F;78;20240406;74000;Caramel Macchiato;12-14;Pacífica;5
11030;M;67;20231122;83000;Arequipe Latte;10-12;Insular;3
11031;F;65;20230907;67000;Flat White;12-14;Pacífica;4
11032;F;61;20220616;37000;Espresso Doble;18-20;Orinoquía;4
11033;F;63;20220422;58000;Chocolate Blanco;10-12;Orinoquía;2
11034;M;73;20231008;99000;Arequipe Latte;18-20;Orinoquía;5
11035;F;79;20220831;92000;Espresso Doble;18-20;Orinoquía;2
11036;F;67;20240721;95000;Latte Macchiato;16-18;Orinoquía;4
11037;;18;20220502;65400;Latte Macchiato;16-18;Pacífica;2
11038;M;30;20240518;58000;Chocolate Helado;18-20;Andina;4
11039;M;65;20220814;55000;Espresso Macchiato;16-18;Andina;1
11040;M;65;20221222;89000;Café del día;20-22;Insular;2
11041;F;82;20201211;33000;Espresso Macchiato;18-20;Insular;1
11042;F;35;20231017;33000;Chocolate Helado;18-20;Caribe;3
11043;O;76;20231019;64000;Arequipe Latte;18-20;Pacífica;3
11044;F;81;20240517;44000;Latte;20-22;Orinoquía;4
11045;M;30;20231112;56000;Latte;18-20;Orinoquía;2
11046;M;54;20240610;63000;Flat White;12-14;Insular;4
11047;F;64;20231218;52000;Espresso Doble;18-20;Caribe;2
11048;F;89;20220723;99000;Arequipe Latte;18-20;Insular;1
11049;F;62;20231225;79000;Café del día;20-22;Pacífica;5
11050;M;66;20240711;108000;Caramel Macchiato;18-20;Andina;1
11051;;18;20230317;65400;Cappuccino;16-18;Pacífica;4
11052;F;62;20220620;83000;Café del día;14-16;Caribe;1
11053;M;48;20240409;31000;Chocolate Blanco Helado;12-14;Andina;4
11054;M;53;20231026;71000;Chocolate Blanco;18-20;Pacífica;1
11055;M;45;20240324;46000;Latte;20-22;Pacífica;3
11056;M;37;20220222;44000;Espresso Sencillo;16-18;Insular;2
11057;;18;20220821;65400;Caramel Macchiato;14-16;Insular;2
11058;;18;20230930;65400;Espresso Doble;20-22;Caribe;3
11059;;18;20221211;65400;Mocha Latte;10-12;Pacífica;4
11060;F;26;20220805;48000;Flat White;12-14;Insular;5
11061;M;57;20240627;98000;Mocha Blanco Latte;18-20;Andina;2
11062;M;41;20191031;79000;Café del día;16-18;Pacífica;2
11063;M;78;20210902;117000;Mocha Latte;20-22;Orinoquía;4
11064;F;37;20230817;97000;Espresso Macchiato;10-12;Andina;5
11065;F;32;20211229;43000;Latte Macchiato;18-20;Insular;1
11066;F;75;20230506;95000;Chocolate Blanco Helado;12-14;Caribe;4
11067;M;45;20230326;78000;Mocha Blanco Latte;16-18;Orinoquía;5
11068;M;80;20231220;31000;Chocolate Caliente;20-22;Pacífica;4
11069;F;51;20210821;54000;Latte;10-12;Andina;3
11070;;18;20240220;65400;Espresso Sencillo;10-12;Andina;3
11071;F;53;20221109;89000;Café del día;14-16;Caribe;1
11072;M;65;20231022;71000;Chocolate Caliente;16-18;Orinoquía;4
11073;;18;20240501;65400;Flat White;14-16;Caribe;3
11074;F;40;20240120;63000;Mocha Latte;12-14;Andina;4
11075;F;66;20240504;75000;Americano;14-16;Caribe;4
11076;M;67;20220707;43000;Flat White;20-22;Insular;5
11077;M;65;20220605;117000;Espresso Macchiato;20-22;Insular;2
11078;F;53;20221229;88000;Americano;10-12;Pacífica;3
11079;M;27;20240614;66000;Flat White;16-18;Orinoquía;5
11080;F;64;20220421;90000;Americano;12-14;Andina;4
11081;;18;20230923;65400;Espresso Sencillo;14-16;Andina;5
11082;F;51;20221217;48000;Mocha Blanco Latte;12-14;Orinoquía;3
11083;O;60;20200701;48000;Chocolate Helado;14-16;Insular;3
11084;M;81;20201008;32000;Caramel Macchiato;10-12;Andina;3
11085;M;35;20240605;59000;Espresso Sencillo;10-12;Andina;1
11086;M;67;20230220;88000;Latte Macchiato;12-14;Pacífica;1
11087;;18;20230927;65400;Americano;16-18;Pacífica;3
11088;M;62;20230817;34000;Chocolate Helado;14-16;Orinoquía;1
11089;M;22;20230808;74000;Arequipe Latte;20-22;Caribe;4
11090;M;62;20210902;90000;Mocha Blanco Latte;14-16;Andina;1
11091;F;66;20230316;76000;Latte;18-20;Orinoquía;5
11092;M;59;20200904;77000;Caramel Macchiato;10-12;Pacífica;5
11093;M;60;20221229;33000;Latte Macchiato;20-22;Andina;3
11094;M;39;20210620;51000;Mocha Blanco Latte;12-14;Andina;1
11095;F;70;20211122;39000;Espresso Doble;14-16;Caribe;5
11096;M;25;20220818;34000;Flat White;16-18;Caribe;2
11097;M;64;20240401;33000;Americano;14-16;Andina;1
11098;F;62;20201010;86000;Latte;10-12;Andina;2
11099;M;71;20230808;85000;Cappuccino;14-16;Insular;1
11100;;18;20220408;65400;Latte Macchiato;18-20;Pacífica;5
11101;M;78;20231223;68000;Latte Macchiato;14-16;Insular;1
11102;M;59;20211213;60000;Americano;20-22;Caribe;5
11103;F;87;20220103;119000;Cappuccino;14-16;Caribe;5
11104;M;64;20230831;57000;Arequipe Latte;14-16;Andina;5
11105;F;63;20220209;76000;Chocolate Helado;12-14;Andina;3
11106;M;64;20221115;68000;Chocolate Helado;16-18;Insular;5
11107;M;24;20210921;57000;Espresso Sencillo;12-14;Orinoquía;1
11108;F;46;20231118;60000;Espresso Macchiato;16-18;Pacífica;2
11109;F;52;20240506;107000;Chocolate Blanco Helado;14-16;Orinoquía;1
11110;M;42;20201012;41000;Chocolate Blanco Helado;12-14;Caribe;3
11111;;18;20211112;65400;Café del día;10-12;Andina;4
11112;M;36;20231030;46000;Arequipe Latte;16-18;Caribe;3
11113;F;38;20230410;54000;Chocolate Helado;10-12;Caribe;2
11114;M;69;20221206;31000;Americano;18-20;Pacífica;3
11115;F;68;20231103;79000;Chocolate Blanco Helado;20-22;Andina;1
11116;F;50;20240512;114000;Mocha Latte;18-20;Pacífica;4
11117;M;47;20200820;72000;Espresso Sencillo;16-18;Andina;5
11118;M;20;20230927;54000;Café del día;12-14;Andina;3
11119;M;51;20240518;36000;Chocolate Caliente;16-18;Caribe;3
11120;M;47;20240115;43000;Arequipe Latte;20-22;Caribe;3
11121;M;25;20231010;40000;Latte;14-16;Orinoquía;5
11122;F;51;20220819;118000;Chocolate Blanco;14-16;Insular;4
11123;F;24;20220229;64000;Latte;10-12;Pacífica;4
11124;M;76;20200411;50000;Espresso Macchiato;20-22;Insular;4
11125;M;51;20240416;99000;Cappuccino;16-18;Insular;4
11126;M;21;20220711;52000;Flat White;18-20;Caribe;4
11127;M;78;20231122;95000;Chocolate Blanco;14-16;Insular;1
11128;M;61;20240214;66000;Espresso Sencillo;18-20;Insular;3
11129;M;19;20231013;35000;Americano;12-14;Orinoquía;5
11130;M;55;20230818;61000;Mocha Latte;12-14;Orinoquía;1
11131;M;65;20210929;76000;Espresso Doble;10-12;Insular;4
11132;;18;20230321;65400;Espresso Sencillo;10-12;Caribe;2
11133;M;26;20220927;65000;Caramel Macchiato;16-18;Pacífica;5
11134;M;66;20240501;38000;Arequipe Latte;16-18;Pacífica;4
11135;M;67;20231120;34000;Caramel Macchiato;10-12;Andina;4
11136;M;54;20210815;41000;Espresso Sencillo;12-14;Caribe;2
11137;M;58;20240624;112000;Mocha Blanco Latte;16-18;Pacífica;3
11138;F;63;20240108;70000;Cappuccino;16-18;Andina;4
11139;F;54;20230107;93000;Arequipe Latte;16-18;Pacífica;3
11140;F;92;20231208;76000;Espresso Sencillo;10-12;Insular;1
11141;O;48;20220603;84000;Caramel Macchiato;18-20;Caribe;4
11142;F;46;20220620;86000;Latte;16-18;Caribe;1
11143;M;58;20220710;32000;Latte;20-22;Orinoquía;5
11144;O;66;20240718;42000;Arequipe Latte;16-18;Caribe;2
11145;M;68;20230702;77000;Chocolate Helado;18-20;Insular;1
11146;;18;20231126;65400;Cappuccino;12-14;Pacífica;5
11147;M;38;20231113;44000;Latte Macchiato;14-16;Orinoquía;1
11148;M;78;20240330;79000;Chocolate Caliente;20-22;Orinoquía;1
11149;F;79;20220706;113000;Americano;10-12;Andina;1
11150;F;81;20230131;32000;Chocolate Helado;18-20;Orinoquía;4
11151;F;59;20220725;41000;Chocolate Blanco;10-12;Pacífica;4
11152;;18;20240314;65400;Cappuccino;12-14;Pacífica;1
11153;F;63;20230116;77000;Mocha Latte;18-20;Orinoquía;3
11154;O;41;20220607;63000;Chocolate Blanco;14-16;Pacífica;2
11155;M;81;20231108;79000;Chocolate Blanco Helado;16-18;Insular;2
11156;M;37;20230417;85000;Mocha Latte;10-12;Caribe;1
11157;M;56;20240217;38000;Latte;18-20;Andina;2
11158;M;45;20210618;92000;Café del día;20-22;Andina;3
11159;;18;20211021;65400;Chocolate Blanco Helado;20-22;Orinoquía;2
11160;;18;20230904;65400;Chocolate Blanco Helado;12-14;Pacífica;4
11161;F;55;20240402;32000;Cappuccino;10-12;Orinoquía;2
11162;M;97;20230708;69000;Caramel Macchiato;14-16;Pacífica;1
11163;M;34;20220629;31000;Espresso Doble;12-14;Orinoquía;5
11164;M;54;20240111;49000;Flat White;20-22;Caribe;2
11165;M;58;20230815;86000;Chocolate Blanco;14-16;Caribe;1
11166;O;39;20200527;32000;Flat White;12-14;Orinoquía;1
11167;M;59;20220804;34000;Latte;10-12;Orinoquía;5
11168;F;63;20231108;102000;Cappuccino;10-12;Andina;3
11169;M;41;20220325;45000;Espresso Macchiato;10-12;Insular;1
11170;;18;20230829;65400;Chocolate Blanco Helado;10-12;Orinoquía;1
11171;F;66;20230823;58000;Americano;20-22;Insular;1
11172;M;42;20230902;41000;Espresso Macchiato;18-20;Pacífica;4
11173;M;53;20230905;39000;Café del día;18-20;Insular;5
11174;M;39;20210415;69000;Chocolate Helado;14-16;Orinoquía;3
11175;;18;20230914;65400;Espresso Macchiato;20-22;Caribe;3
11176;M;61;20210208;57000;Espresso Macchiato;10-12;Caribe;2
11177;F;48;20231209;94000;Latte;14-16;Pacífica;3
11178;;18;20220905;65400;Arequipe Latte;18-20;Andina;3
11179;M;28;20200110;42000;Chocolate Helado;20-22;Pacífica;2
11180;F;24;20210221;39000;Espresso Doble;16-18;Caribe;3
11181;M;65;20240401;38000;Espresso Doble;10-12;Caribe;2
11182;F;88;20221126;32000;Chocolate Helado;10-12;Pacífica;1
11183;F;70;20230903;33000;Café del día;18-20;Orinoquía;5
11184;M;42;20240427;39000;Caramel Macchiato;10-12;Pacífica;2
11185;F;59;20210718;39000;Latte Macchiato;18-20;Orinoquía;4
11186;M;80;20240422;96000;Chocolate Blanco Helado;12-14;Andina;2
11187;F;20;20230413;47000;Caramel Macchiato;10-12;Caribe;4
11188;M;55;20240102;83000;Americano;14-16;Insular;2
11189;;18;20240516;65400;Café del día;14-16;Orinoquía;4
11190;M;61;20231006;58000;Espresso Macchiato;16-18;Andina;4
11191;M;73;20200108;46000;Espresso Macchiato;10-12;Orinoquía;4
11192;M;52;20200425;35000;Espresso Macchiato;20-22;Insular;4
11193;M;46;20221130;37000;Chocolate Blanco;20-22;Andina;3
11194;F;51;20220516;86000;Americano;20-22;Caribe;2
11195;F;70;20240119;51000;Chocolate Blanco Helado;12-14;Caribe;3
11196;F;21;20230807;52000;Latte;16-18;Caribe;3
11197;;18;20240126;65400;Latte Macchiato;16-18;Orinoquía;5
11198;O;55;20231229;84000;Espresso Macchiato;16-18;Pacífica;2
11199;M;31;20230704;45000;Latte Macchiato;12-14;Caribe;2
11200;M;59;20240118;36000;Espresso Macchiato;12-14;Pacífica;3
11201;M;61;20200520;57000;Espresso Sencillo;10-12;Caribe;1
11202;F;19;20221210;37000;Arequipe Latte;14-16;Pacífica;2
11203;F;37;20230226;54000;Chocolate Helado;10-12;Andina;5
11204;M;50;20230829;68000;Arequipe Latte;12-14;Orinoquía;5
11205;F;67;20230629;89000;Caramel Macchiato;12-14;Caribe;4
11206;F;75;20230226;82000;Chocolate Helado;20-22;Andina;4
11207;;18;20220713;65400;Espresso Doble;12-14;Caribe;1
11208;F;63;20220126;57000;Mocha Latte;14-16;Orinoquía;5
11209;F;65;20231121;62000;Espresso Macchiato;10-12;Insular;1
11210;O;33;20231119;48000;Flat White;12-14;Orinoquía;1
11211;M;47;20200814;62000;Chocolate Blanco Helado;10-12;Orinoquía;3
11212;M;58;20240209;44000;Café del día;16-18;Andina;5
11213;;18;20220308;65400;Espresso Doble;20-22;Andina;5
11214;M;37;20220401;45000;Espresso Macchiato;20-22;Orinoquía;2
11215;M;47;20230601;64000;Café del día;18-20;Andina;1
11216;M;57;20231002;95000;Café del día;10-12;Caribe;3
11217;;18;20230807;65400;Flat White;10-12;Insular;2
11218;F;49;20221117;98000;Espresso Doble;18-20;Caribe;5
11219;F;47;20220724;65000;Chocolate Helado;20-22;Caribe;1
11220;F;47;20200807;68000;Chocolate Helado;18-20;Insular;1
11221;;18;20230803;65400;Mocha Latte;16-18;Andina;1
11222;F;66;20220724;42000;Cappuccino;10-12;Orinoquía;2
11223;M;57;20200726;58000;Café del día;18-20;Orinoquía;4
11224;M;49;20220701;84000;Chocolate Caliente;10-12;Caribe;5
11225;F;67;20231113;36000;Arequipe Latte;12-14;Pacífica;5
11226;F;43;20221011;52000;Chocolate Caliente;14-16;Pacífica;3
11227;;18;20220220;65400;Chocolate Blanco;14-16;Orinoquía;4
11228;M;35;20230706;32000;Caramel Macchiato;16-18;Pacífica;5
11229;F;43;20240207;49000;Espresso Sencillo;18-20;Insular;5
11230;F;28;20231002;61000;Arequipe Latte;14-16;Andina;3
11231;F;48;20220809;61000;Arequipe Latte;16-18;Insular;3
11232;F;35;20230503;66000;Mocha Latte;20-22;Orinoquía;5
11233;M;74;20191029;55000;Espresso Doble;20-22;Caribe;2
11234;M;54;20220815;53000;Latte Macchiato;16-18;Orinoquía;3
11235;M;42;20201027;66000;Mocha Latte;12-14;Andina;3
11236;F;35;20231105;65000;Americano;10-12;Pacífica;5
11237;M;40;20201110;51000;Mocha Blanco Latte;20-22;Pacífica;5
11238;M;27;20231202;47000;Latte Macchiato;16-18;Caribe;5
11239;M;57;20220711;57000;Chocolate Helado;18-20;Pacífica;5
11240;M;19;20200512;40000;Arequipe Latte;12-14;Caribe;5
11241;M;22;20240630;47000;Latte Macchiato;18-20;Caribe;4
11242;M;28;20240523;53000;Chocolate Caliente;12-14;Caribe;1
11243;F;59;20240112;99000;Mocha Blanco Latte;14-16;Pacífica;4
11244;;18;20230330;65400;Mocha Latte;18-20;Insular;5
11245;M;35;20200317;33000;Café del día;20-22;Insular;3
11246;F;71;20220112;79000;Latte Macchiato;14-16;Pacífica;2
11247;;18;20210109;65400;Arequipe Latte;20-22;Insular;3
11248;M;66;20240614;71000;Latte Macchiato;10-12;Insular;2
11249;M;52;20220727;73000;Chocolate Blanco Helado;12-14;Orinoquía;1
11250;F;51;20231120;87000;Espresso Macchiato;12-14;Orinoquía;2
11251;F;50;20231227;75000;Americano;16-18;Pacífica;5
11252;M;52;20211226;63000;Caramel Macchiato;14-16;Pacífica;1
11253;M;63;20231222;54000;Café del día;20-22;Caribe;1
11254;M;52;20230823;92000;Chocolate Blanco Helado;14-16;Pacífica;3
11255;M;66;20221030;34000;Espresso Doble;18-20;Andina;5
11256;M;65;20231225;73000;Cappuccino;12-14;Orinoquía;3
11257;F;23;20211108;33000;Latte Macchiato;12-14;Andina;4
11258;M;67;20240126;99000;Arequipe Latte;16-18;Andina;1
11259;M;73;20240312;64000;Chocolate Blanco;10-12;Caribe;2
11260;;18;20230420;65400;Espresso Macchiato;12-14;Andina;1
11261;M;36;20221111;72000;Chocolate Caliente;12-14;Insular;3
11262;M;61;20231208;56000;Chocolate Blanco Helado;10-12;Insular;5
11263;M;41;20230107;43000;Espresso Macchiato;12-14;Insular;4
11264;F;57;20230313;57000;Americano;14-16;Andina;2
11265;M;56;20240713;52000;Espresso Macchiato;18-20;Orinoquía;2
11266;F;56;20221003;89000;Chocolate Caliente;12-14;Insular;5
11267;F;51;20231124;101000;Chocolate Blanco Helado;12-14;Caribe;5
11268;M;63;20230822;50000;Chocolate Helado;18-20;Orinoquía;1
11269;F;39;20220624;95000;Latte Macchiato;16-18;Andina;3
11270;F;26;20220621;35000;Café del día;16-18;Caribe;5
11271;F;49;20230810;88000;Café del día;20-22;Orinoquía;4
11272;;18;20220524;65400;Caramel Macchiato;20-22;Andina;5
11273;M;64;20231217;44000;Espresso Doble;16-18;Orinoquía;5
11274;F;67;20220403;32000;Latte;20-22;Caribe;5
11275;M;62;20230910;40000;Chocolate Caliente;20-22;Pacífica;4
11276;M;60;20240201;34000;Espresso Sencillo;18-20;Caribe;5
11277;;18;20211010;65400;Mocha Blanco Latte;20-22;Orinoquía;1
11278;;18;20220527;65400;Flat White;10-12;Insular;3
11279;M;71;20240318;46000;Chocolate Helado;14-16;Caribe;5
11280;M;49;20210920;36000;Mocha Blanco Latte;16-18;Pacífica;2
11281;M;57;20230817;84000;Latte Macchiato;16-18;Andina;4
11282;M;64;20220319;32000;Espresso Macchiato;20-22;Insular;5
11283;F;65;20220318;68000;Chocolate Caliente;10-12;Caribe;3
11284;F;52;20240109;67000;Flat White;10-12;Andina;4
11285;M;66;20211210;63000;Espresso Macchiato;16-18;Caribe;1
11286;M;56;20210929;102000;Americano;16-18;Pacífica;3
11287;F;32;20240620;37000;Chocolate Blanco;10-12;Orinoquía;2
11288;M;77;20230922;70000;Espresso Doble;16-18;Andina;2
11289;;18;20221010;65400;Mocha Latte;10-12;Orinoquía;3
11290;M;23;20231123;53000;Chocolate Caliente;18-20;Insular;2
11291;F;72;20230125;97000;Espresso Doble;10-12;Caribe;5
11292;M;23;20231110;40000;Caramel Macchiato;14-16;Caribe;5
11293;M;24;20231015;33000;Arequipe Latte;20-22;Caribe;5
11294;M;31;20240118;52000;Espresso Doble;18-20;Insular;1
11295;O;49;20230216;30000;Latte;10-12;Andina;1
11296;F;81;20240505;49000;Arequipe Latte;10-12;Caribe;1
11297;M;70;20220810;69000;Americano;20-22;Orinoquía;1
11298;;18;20220209;65400;Espresso Sencillo;16-18;Pacífica;3
11299;M;78;20240106;54000;Caramel Macchiato;14-16;Orinoquía;2
11300;O;53;20200502;83000;Latte;12-14;Caribe;5
11301;F;51;20231106;49000;Chocolate Blanco Helado;14-16;Insular;4
11302;M;38;20240518;58000;Espresso Sencillo;10-12;Caribe;2
11303;;18;20220426;65400;Espresso Macchiato;10-12;Andina;3
11304;;18;20231126;65400;Cappuccino;20-22;Caribe;3
11305;F;64;20240623;106000;Arequipe Latte;18-20;Insular;4
11306;F;63;20230803;113000;Chocolate Helado;14-16;Orinoquía;2
11307;F;63;20220124;78000;Arequipe Latte;10-12;Pacífica;3
11308;M;25;20240206;38000;Espresso Doble;14-16;Pacífica;2
11309;M;27;20240623;51000;Chocolate Caliente;12-14;Andina;3
11310;M;54;20211208;33000;Espresso Sencillo;20-22;Caribe;5
11311;M;44;20220613;99000;Chocolate Blanco Helado;16-18;Andina;5
11312;M;54;20220424;80000;Cappuccino;20-22;Insular;5
11313;F;45;20210917;87000;Café del día;10-12;Caribe;5
11314;M;60;20220919;57000;Caramel Macchiato;20-22;Insular;2
11315;M;37;20210401;36000;Cappuccino;12-14;Caribe;1
11316;M;45;20210909;62000;Chocolate Blanco Helado;10-12;Insular;2
11317;F;44;20240219;57000;Cappuccino;16-18;Pacífica;2
11318;F;87;20231130;85000;Chocolate Blanco Helado;10-12;Insular;4
11319;;18;20220421;65400;Caramel Macchiato;10-12;Insular;2
11320;M;62;20221112;86000;Chocolate Blanco Helado;18-20;Orinoquía;4
11321;M;57;20230602;96000;Cappuccino;12-14;Insular;2
11322;M;20;20220110;74000;Mocha Blanco Latte;12-14;Orinoquía;4
11323;M;29;20200922;39000;Mocha Latte;16-18;Andina;1
11324;;18;20220190;65400;Flat White;14-16;Pacífica;4
11325;M;45;20210116;56000;Caramel Macchiato;16-18;Caribe;3
11326;M;56;20200310;61000;Chocolate Blanco Helado;18-20;Pacífica;1
11327;M;49;20230803;74000;Chocolate Helado;10-12;Pacífica;3
11328;F;42;20210928;65000;Americano;12-14;Caribe;5
11329;;18;20221108;65400;Arequipe Latte;20-22;Caribe;2
11330;M;57;20240521;33000;Espresso Doble;20-22;Insular;5
11331;M;73;20220417;45000;Mocha Latte;10-12;Pacífica;1
11332;M;64;20231112;98000;Chocolate Blanco;16-18;Orinoquía;4
11333;M;67;20240616;73000;Espresso Sencillo;18-20;Andina;5
11334;M;45;20210818;62000;Café del día;20-22;Pacífica;1
11335;M;36;20231205;44000;Chocolate Blanco;18-20;Pacífica;3
11336;;18;20230914;65400;Flat White;20-22;Orinoquía;5
11337;M;65;20211212;89000;Chocolate Helado;16-18;Caribe;3
11338;M;79;20220428;78000;Mocha Latte;20-22;Andina;5
11339;M;49;20221121;47000;Flat White;14-16;Orinoquía;5
11340;F;54;20240420;87000;Espresso Sencillo;16-18;Orinoquía;1
11341;F;50;20220107;77000;Americano;18-20;Insular;5
11342;F;46;20230125;88000;Chocolate Blanco;10-12;Pacífica;4
11343;F;19;20220508;56000;Latte Macchiato;12-14;Orinoquía;3
11344;;18;20231126;65400;Latte Macchiato;12-14;Caribe;1
11345;;18;20200127;65400;Chocolate Blanco Helado;14-16;Orinoquía;5
11346;F;58;20230731;61000;Arequipe Latte;10-12;Andina;1
11347;M;38;20210517;55000;Chocolate Blanco Helado;14-16;Insular;4
11348;M;63;20200809;73000;Mocha Blanco Latte;14-16;Caribe;1
11349;F;55;20230907;54000;Chocolate Caliente;14-16;Andina;3
11350;M;26;20240714;43000;Espresso Sencillo;20-22;Pacífica;2
11351;F;85;20230911;67000;Chocolate Helado;16-18;Insular;1
11352;M;61;20220201;70000;Mocha Latte;18-20;Caribe;1
11353;F;19;20220809;65000;Mocha Latte;20-22;Orinoquía;3
11354;M;72;20220319;81000;Caramel Macchiato;10-12;Insular;2
11355;M;69;20231226;43000;Latte;10-12;Pacífica;4
11356;M;44;20240529;71000;Arequipe Latte;12-14;Caribe;4
11357;M;64;20231129;33000;Caramel Macchiato;14-16;Caribe;5
11358;F;63;20220731;76000;Arequipe Latte;10-12;Andina;4
11359;M;45;20230821;99000;Mocha Blanco Latte;10-12;Insular;1
11360;M;73;20240313;50000;Americano;10-12;Caribe;5
11361;M;72;20240122;45000;Chocolate Helado;10-12;Pacífica;2
11362;F;74;20240620;73000;Latte;14-16;Pacífica;1
11363;M;50;20230725;93000;Arequipe Latte;12-14;Pacífica;1
11364;F;63;20231216;67000;Latte Macchiato;12-14;Orinoquía;5
11365;M;76;20221208;111000;Mocha Latte;10-12;Andina;3
11366;F;83;20211221;44000;Arequipe Latte;14-16;Caribe;1
11367;F;53;20231021;94000;Mocha Latte;14-16;Orinoquía;4
11368;F;58;20220415;72000;Espresso Doble;12-14;Orinoquía;1
11369;M;25;20240316;46000;Espresso Sencillo;20-22;Orinoquía;5
11370;M;76;20240108;43000;Chocolate Caliente;12-14;Insular;2
11371;O;65;20231220;57000;Espresso Macchiato;18-20;Orinoquía;1
11372;;18;20240321;65400;Espresso Doble;14-16;Pacífica;1
11373;M;68;20220207;84000;Espresso Doble;10-12;Pacífica;2
11374;M;70;20200519;55000;Cappuccino;16-18;Insular;4
11375;M;69;20240723;68000;Flat White;10-12;Andina;4
11376;F;83;20240221;31000;Chocolate Caliente;20-22;Orinoquía;3
11377;F;39;20220215;59000;Chocolate Caliente;18-20;Andina;4
11378;M;51;20210918;51000;Latte;10-12;Andina;5
11379;F;38;20231211;68000;Arequipe Latte;16-18;Insular;5
11380;F;94;20231205;60000;Latte;20-22;Caribe;2
11381;F;57;20240107;66000;Americano;18-20;Pacífica;4
11382;F;79;20230610;95000;Latte;14-16;Pacífica;1
11383;F;74;20231201;111000;Café del día;14-16;Pacífica;1
11384;;18;20220602;65400;Espresso Doble;20-22;Andina;4
11385;M;40;20240601;32000;Latte Macchiato;12-14;Insular;1
11386;M;31;20200208;44000;Latte Macchiato;20-22;Caribe;3
11387;;18;20240121;65400;Flat White;20-22;Caribe;1
11388;O;37;20220516;70000;Chocolate Blanco;16-18;Caribe;5
11389;F;65;20231211;78000;Chocolate Caliente;12-14;Caribe;2
11390;F;62;20231016;106000;Chocolate Blanco;18-20;Caribe;3
11391;F;64;20220608;70000;Espresso Macchiato;10-12;Orinoquía;4
11392;;18;20220312;65400;Espresso Sencillo;10-12;Insular;5
11393;M;61;20190901;45000;Mocha Blanco Latte;16-18;Caribe;1
11394;F;20;20230830;62000;Espresso Doble;10-12;Andina;1
11395;M;56;20200207;74000;Chocolate Blanco Helado;18-20;Andina;1
11396;M;88;20210819;69000;Chocolate Blanco Helado;20-22;Insular;5
11397;F;49;20220909;81000;Chocolate Caliente;10-12;Pacífica;4
11398;M;67;20240627;75000;Espresso Doble;14-16;Insular;3
11399;M;77;20230504;88000;Mocha Blanco Latte;14-16;Insular;4
11400;;18;20240303;65400;Espresso Sencillo;14-16;Pacífica;2
11401;F;36;20230205;34000;Chocolate Helado;20-22;Caribe;2
11402;F;66;20230904;61000;Mocha Latte;12-14;Andina;2
11403;F;55;20230420;89000;Cappuccino;16-18;Caribe;5
11404;M;47;20240109;52000;Chocolate Blanco Helado;18-20;Insular;3
11405;M;37;20240226;57000;Cappuccino;16-18;Caribe;4
11406;F;60;20230913;56000;Arequipe Latte;18-20;Andina;4
11407;M;24;20231220;51000;Latte;14-16;Orinoquía;3
11408;M;45;20221118;86000;Espresso Macchiato;16-18;Insular;1
11409;F;19;20240107;67000;Latte Macchiato;12-14;Caribe;5
11410;M;39;20200405;48000;Flat White;10-12;Caribe;4
11411;M;33;20191010;34000;Latte Macchiato;12-14;Insular;5
11412;F;29;20231222;74000;Chocolate Blanco;12-14;Orinoquía;5
11413;O;67;20230210;73000;Arequipe Latte;10-12;Orinoquía;5
11414;O;58;20211109;95000;Espresso Doble;20-22;Caribe;5
11415;F;40;20210816;74000;Cappuccino;14-16;Pacífica;1
11416;M;27;20231018;67000;Chocolate Blanco;18-20;Caribe;1
11417;F;60;20230813;37000;Chocolate Blanco Helado;20-22;Andina;1
11418;F;69;20230710;89000;Arequipe Latte;10-12;Orinoquía;1
11419;M;43;20210411;71000;Flat White;12-14;Andina;3
11420;O;29;20220911;51000;Flat White;20-22;Pacífica;3
11421;;18;20231013;65400;Cappuccino;14-16;Insular;3
11422;F;70;20230625;74000;Flat White;20-22;Andina;2
11423;F;88;20230819;109000;Mocha Blanco Latte;14-16;Pacífica;2
11424;M;82;20220213;92000;Espresso Doble;20-22;Insular;1
11425;M;69;20231102;53000;Chocolate Caliente;12-14;Pacífica;4
11426;M;86;20221202;74000;Espresso Sencillo;16-18;Caribe;2
11427;M;49;20240106;73000;Cappuccino;10-12;Insular;2
11428;M;43;20220927;73000;Chocolate Blanco Helado;20-22;Caribe;5
11429;M;51;20231104;62000;Café del día;16-18;Pacífica;2
11430;F;69;20220327;70000;Chocolate Caliente;12-14;Caribe;2
11431;F;58;20230524;93000;Americano;12-14;Andina;5
11432;F;56;20220331;73000;Chocolate Blanco;18-20;Insular;1
11433;F;67;20240323;85000;Chocolate Caliente;14-16;Insular;4
11434;;18;20210823;65400;Café del día;14-16;Orinoquía;4
11435;F;45;20240527;55000;Flat White;12-14;Insular;1
11436;;18;20220827;65400;Caramel Macchiato;12-14;Insular;5
11437;F;62;20230925;110000;Mocha Blanco Latte;16-18;Insular;1
11438;M;36;20230819;45000;Americano;10-12;Orinoquía;4
11439;M;21;20200125;65000;Americano;14-16;Pacífica;4
11440;F;47;20221025;33000;Mocha Latte;16-18;Insular;1
11441;F;70;20231210;100000;Americano;10-12;Andina;5
11442;M;25;20240120;67000;Chocolate Caliente;10-12;Orinoquía;5
11443;F;56;20231024;95000;Espresso Macchiato;10-12;Orinoquía;4
11444;O;48;20220228;87000;Espresso Doble;10-12;Caribe;5
11445;F;37;20220109;37000;Mocha Blanco Latte;16-18;Insular;2
11446;F;78;20230708;42000;Espresso Macchiato;14-16;Caribe;3
11447;M;24;20230825;64000;Latte Macchiato;20-22;Caribe;1
11448;F;63;20231221;54000;Chocolate Caliente;10-12;Andina;1
11449;M;59;20240226;41000;Cappuccino;14-16;Caribe;3
11450;;18;20220206;65400;Chocolate Helado;10-12;Pacífica;1
11451;M;65;20240302;80000;Caramel Macchiato;14-16;Andina;5
11452;;18;20220728;65400;Chocolate Blanco;16-18;Caribe;1
11453;M;57;20240719;47000;Flat White;16-18;Insular;1
11454;M;46;20230915;65000;Chocolate Helado;14-16;Pacífica;3
11455;;18;20240303;65400;Café del día;18-20;Orinoquía;4
11456;M;55;20240413;58000;Flat White;20-22;Caribe;1
11457;F;51;20230801;58000;Latte;12-14;Caribe;2
11458;M;46;20220520;34000;Chocolate Caliente;14-16;Insular;4
11459;F;82;20230130;75000;Arequipe Latte;10-12;Pacífica;3
11460;O;43;20230526;56000;Cappuccino;16-18;Orinoquía;3
11461;M;59;20240704;64000;Espresso Doble;16-18;Orinoquía;1
11462;F;58;20210925;76000;Flat White;10-12;Caribe;5
11463;M;74;20240114;72000;Flat White;20-22;Caribe;3
11464;F;67;20240517;92000;Chocolate Helado;14-16;Pacífica;4
11465;F;37;20220415;48000;Chocolate Caliente;16-18;Orinoquía;2
11466;F;70;20230404;74000;Café del día;20-22;Pacífica;3
11467;M;85;20220124;40000;Flat White;14-16;Insular;4
11468;M;63;20211031;39000;Mocha Blanco Latte;16-18;Insular;1
11469;M;63;20231125;72000;Flat White;16-18;Andina;5
11470;M;18;20230115;45000;Café del día;20-22;Orinoquía;4
11471;F;56;20240301;78000;Chocolate Blanco;12-14;Insular;5
11472;M;39;20210722;54000;Arequipe Latte;14-16;Andina;4
11473;M;38;20230213;90000;Chocolate Helado;12-14;Orinoquía;3
11474;M;21;20240528;61000;Latte;20-22;Insular;3
11475;M;27;20230920;32000;Latte Macchiato;12-14;Orinoquía;5
11476;F;19;20230925;33000;Caramel Macchiato;18-20;Andina;3
11477;M;39;20240427;37000;Flat White;20-22;Pacífica;5
11478;F;81;20221221;85000;Arequipe Latte;16-18;Caribe;1
11479;M;34;20231016;67000;Latte Macchiato;16-18;Orinoquía;5
11480;;18;20230303;65400;Arequipe Latte;14-16;Pacífica;3
11481;M;49;20191023;64000;Mocha Blanco Latte;20-22;Orinoquía;3
11482;M;62;20230908;44000;Chocolate Caliente;20-22;Andina;1
11483;M;26;20220806;59000;Espresso Doble;16-18;Pacífica;5
11484;;18;20230906;65400;Café del día;14-16;Insular;5
11485;M;68;20231001;39000;Chocolate Helado;12-14;Orinoquía;2
11486;F;84;20240125;92000;Chocolate Blanco;10-12;Pacífica;4
11487;M;62;20240412;32000;Cappuccino;10-12;Caribe;1
11488;F;46;20230319;62000;Café del día;20-22;Andina;5
11489;M;41;20240520;35000;Mocha Latte;18-20;Caribe;3
11490;F;88;20231004;118000;Chocolate Helado;14-16;Insular;5
11491;M;30;20240616;70000;Mocha Latte;18-20;Orinoquía;3
11492;F;48;20240308;84000;Latte;16-18;Andina;3
11493;M;42;20240214;38000;Flat White;10-12;Insular;2
11494;F;45;20230406;67000;Cappuccino;16-18;Andina;5
11495;F;54;20230622;72000;Mocha Latte;18-20;Insular;5
11496;F;58;20200308;55000;Flat White;12-14;Orinoquía;2
11497;F;57;20230514;73000;Chocolate Blanco;12-14;Pacífica;4
11498;M;19;20230305;67000;Chocolate Blanco Helado;14-16;Caribe;4
11499;F;55;20230807;44000;Café del día;14-16;Orinoquía;2
11500;F;84;20220412;114000;Chocolate Blanco Helado;18-20;Andina;2
11501;M;75;20220315;84000;Flat White;20-22;Andina;3
11502;M;90;20240512;120000;Caramel Macchiato;10-12;Orinoquía;5
11503;;18;20240604;65400;Cappuccino;10-12;Pacífica;3
11504;M;36;20220108;72000;Chocolate Caliente;12-14;Orinoquía;1
11505;;18;20240609;65400;Espresso Doble;20-22;Pacífica;3
11506;;18;20240411;65400;Latte;16-18;Caribe;2
11507;F;78;20211004;79000;Mocha Latte;20-22;Orinoquía;3
11508;M;77;20221024;96000;Latte;20-22;Insular;5
11509;F;42;20240226;63000;Chocolate Blanco Helado;18-20;Pacífica;3
11510;M;94;20220618;117000;Chocolate Blanco Helado;10-12;Andina;3
11511;O;55;20240315;79000;Americano;10-12;Caribe;2
11512;F;59;20240120;114000;Chocolate Blanco;18-20;Pacífica;4
11513;F;42;20220824;93000;Caramel Macchiato;10-12;Insular;4
11514;F;89;20231126;39000;Latte Macchiato;20-22;Insular;2
11515;M;55;20200622;81000;Mocha Blanco Latte;20-22;Pacífica;2
11516;M;36;20190828;52000;Caramel Macchiato;20-22;Caribe;2
11517;M;69;20230915;102000;Caramel Macchiato;20-22;Caribe;5
11518;M;44;20220616;54000;Chocolate Blanco Helado;10-12;Pacífica;4
11519;F;28;20211224;53000;Espresso Sencillo;20-22;Caribe;2
11520;F;55;20220830;45000;Café del día;18-20;Andina;1
11521;M;74;20240523;39000;Latte Macchiato;14-16;Insular;5
11522;F;60;20230726;50000;Arequipe Latte;16-18;Insular;4
11523;M;38;20240217;39000;Espresso Sencillo;10-12;Caribe;1
11524;F;42;20230517;94000;Cappuccino;20-22;Andina;3
11525;M;67;20190909;59000;Espresso Doble;16-18;Insular;3
11526;;18;20230718;65400;Cappuccino;20-22;Caribe;4
11527;O;40;20240603;61000;Espresso Sencillo;14-16;Caribe;2
11528;F;60;20231011;110000;Chocolate Caliente;14-16;Andina;5
11529;F;48;20240613;47000;Mocha Latte;12-14;Orinoquía;2
11530;M;48;20231028;38000;Espresso Sencillo;16-18;Pacífica;1
11531;;18;20220521;65400;Flat White;18-20;Caribe;1
11532;F;62;20240629;40000;Cappuccino;14-16;Andina;1
11533;M;44;20230219;62000;Caramel Macchiato;16-18;Pacífica;2
11534;M;73;20221018;116000;Arequipe Latte;18-20;Pacífica;5
11535;M;31;20240610;73000;Chocolate Blanco Helado;16-18;Orinoquía;4
11536;M;36;20200820;62000;Café del día;16-18;Insular;1
11537;M;71;20240717;52000;Chocolate Helado;16-18;Caribe;4
11538;M;50;20210809;85000;Espresso Sencillo;20-22;Insular;3
11539;;18;20210809;65400;Espresso Doble;12-14;Caribe;2
11540;M;36;20230726;71000;Cappuccino;10-12;Caribe;3
11541;M;67;20240523;38000;Flat White;10-12;Orinoquía;5
11542;M;64;20210930;73000;Chocolate Blanco;20-22;Orinoquía;3
11543;;18;20200417;65400;Espresso Doble;14-16;Insular;3
11544;F;51;20230928;70000;Arequipe Latte;18-20;Insular;2
11545;M;54;20231220;113000;Cappuccino;18-20;Andina;4
11546;F;20;20231021;49000;Latte;20-22;Insular;4
11547;;18;20230824;65400;Mocha Latte;16-18;Caribe;2
11548;;18;20220503;65400;Espresso Doble;16-18;Caribe;4
11549;M;46;20230523;53000;Espresso Macchiato;10-12;Pacífica;2
11550;M;23;20231213;31000;Mocha Latte;10-12;Orinoquía;1
11551;F;76;20221214;72000;Latte;16-18;Insular;3
11552;F;63;20240121;53000;Cappuccino;18-20;Insular;3
11553;;18;20230725;65400;Cappuccino;20-22;Caribe;3
11554;;18;20231110;65400;Café del día;16-18;Pacífica;5
11555;O;58;20210903;74000;Latte Macchiato;18-20;Orinoquía;2
11556;M;25;20231231;63000;Espresso Macchiato;10-12;Andina;4
11557;F;29;20221021;60000;Espresso Doble;20-22;Pacífica;4
11558;F;56;20210815;80000;Arequipe Latte;20-22;Insular;5
11559;M;53;20230625;35000;Chocolate Blanco Helado;20-22;Andina;1
11560;M;54;20190828;38000;Arequipe Latte;18-20;Orinoquía;3
11561;F;71;20230722;60000;Flat White;10-12;Pacífica;4
11562;F;71;20231219;60000;Espresso Sencillo;18-20;Orinoquía;4
11563;M;64;20240524;52000;Chocolate Helado;14-16;Insular;4
11564;M;72;20240530;70000;Latte;20-22;Pacífica;1
11565;M;51;20230806;54000;Americano;18-20;Andina;5
11566;F;34;20240713;55000;Chocolate Helado;20-22;Insular;5
11567;F;43;20240316;85000;Chocolate Caliente;10-12;Orinoquía;4
11568;M;42;20221025;50000;Espresso Doble;14-16;Insular;3
11569;F;52;20240515;107000;Espresso Sencillo;20-22;Andina;2
11570;M;76;20230310;79000;Mocha Latte;20-22;Pacífica;5
11571;F;83;20240115;46000;Mocha Latte;20-22;Andina;3
11572;M;68;20220523;36000;Mocha Blanco Latte;18-20;Pacífica;5
11573;M;27;20211104;59000;Espresso Sencillo;12-14;Insular;5
11574;;18;20220113;65400;Latte;12-14;Pacífica;3
11575;F;72;20231209;73000;Latte;12-14;Orinoquía;5
11576;M;78;20200813;84000;Latte Macchiato;12-14;Insular;5
11577;M;69;20240706;61000;Latte;18-20;Orinoquía;5
11578;F;60;20210315;86000;Caramel Macchiato;12-14;Caribe;5
11579;M;52;20230921;36000;Espresso Sencillo;20-22;Orinoquía;1
11580;M;61;20231227;81000;Caramel Macchiato;18-20;Pacífica;3
11581;M;63;20230827;93000;Flat White;10-12;Orinoquía;2
11582;F;19;20231129;52000;Espresso Doble;20-22;Insular;4
11583;F;49;20220531;91000;Arequipe Latte;10-12;Insular;4
11584;F;52;20230121;87000;Chocolate Blanco;14-16;Andina;5
11585;M;54;20200222;79000;Mocha Latte;12-14;Pacífica;3
11586;M;60;20230525;84000;Chocolate Caliente;12-14;Insular;3
11587;M;39;20221009;83000;Latte;20-22;Insular;5
11588;F;44;20230330;55000;Chocolate Caliente;10-12;Insular;5
11589;;18;20240702;65400;Americano;16-18;Caribe;4
11590;M;81;20230524;68000;Latte;10-12;Pacífica;1
11591;M;47;20231225;36000;Latte;10-12;Insular;1
11592;M;45;20240309;59000;Café del día;16-18;Andina;4
11593;F;70;20230727;105000;Chocolate Blanco;18-20;Pacífica;5
11594;F;68;20240217;72000;Café del día;12-14;Orinoquía;1
11595;;18;20220219;65400;Arequipe Latte;10-12;Caribe;1
11596;F;65;20191207;59000;Espresso Macchiato;16-18;Insular;4
11597;F;41;20240521;38000;Flat White;14-16;Andina;4
11598;M;40;20240122;48000;Chocolate Blanco;14-16;Caribe;3
11599;;18;20220928;65400;Latte;20-22;Orinoquía;4
11600;M;68;20240108;36000;Mocha Latte;12-14;Andina;2
11601;F;71;20220905;113000;Cappuccino;12-14;Andina;4
11602;F;48;20200528;98000;Latte;16-18;Orinoquía;4
11603;M;50;20230829;88000;Café del día;10-12;Andina;1
11604;M;65;20231102;31000;Flat White;12-14;Insular;2
11605;M;51;20230810;54000;Mocha Blanco Latte;18-20;Pacífica;3
11606;M;70;20191024;58000;Espresso Doble;20-22;Pacífica;4
11607;F;67;20200725;54000;Espresso Macchiato;10-12;Pacífica;2
11608;F;31;20220330;58000;Cappuccino;16-18;Caribe;3
11609;F;63;20240129;36000;Mocha Latte;16-18;Caribe;2
11610;;18;20230326;65400;Latte Macchiato;18-20;Pacífica;5
11611;M;19;20220202;45000;Mocha Latte;14-16;Pacífica;4
11612;F;82;20221219;101000;Americano;20-22;Pacífica;4
11613;F;88;20231018;52000;Latte Macchiato;10-12;Caribe;1
11614;M;51;20230910;48000;Flat White;14-16;Insular;2
11615;M;56;20240423;37000;Chocolate Blanco Helado;18-20;Orinoquía;5
11616;F;88;20230812;50000;Americano;20-22;Caribe;4
11617;;18;20230912;65400;Latte Macchiato;10-12;Pacífica;2
11618;;18;20230801;65400;Chocolate Helado;18-20;Insular;1
11619;M;31;20240221;64000;Chocolate Blanco;16-18;Orinoquía;2
11620;M;75;20231023;99000;Mocha Latte;14-16;Caribe;2
11621;;18;20210817;65400;Café del día;20-22;Caribe;2
11622;M;69;20240325;59000;Latte Macchiato;16-18;Orinoquía;4
11623;M;68;20230513;93000;Café del día;18-20;Caribe;4
11624;;18;20231105;65400;Caramel Macchiato;16-18;Andina;1
11625;M;68;20220221;77000;Flat White;12-14;Orinoquía;2
11626;M;80;20240101;107000;Caramel Macchiato;14-16;Pacífica;2
11627;F;72;20231224;107000;Chocolate Caliente;12-14;Andina;3
11628;M;26;20210816;62000;Café del día;20-22;Pacífica;4
11629;F;70;20211012;90000;Espresso Sencillo;16-18;Caribe;2
11630;F;91;20231008;90000;Café del día;10-12;Insular;2
11631;F;78;20240102;71000;Caramel Macchiato;12-14;Orinoquía;2
11632;M;48;20210814;64000;Caramel Macchiato;16-18;Orinoquía;1
11633;M;55;20210212;61000;Flat White;10-12;Andina;1
11634;F;20;20231227;66000;Americano;12-14;Orinoquía;5
11635;F;66;20230514;96000;Cappuccino;12-14;Pacífica;2
11636;F;26;20220210;53000;Chocolate Caliente;16-18;Pacífica;2
11637;;18;20230330;65400;Espresso Sencillo;20-22;Insular;1
11638;;18;20230312;65400;Flat White;14-16;Orinoquía;3
11639;F;23;20240304;43000;Espresso Sencillo;14-16;Caribe;2
11640;F;69;20200415;45000;Mocha Latte;12-14;Caribe;2
11641;M;54;20240607;53000;Flat White;20-22;Caribe;1
11642;F;40;20240201;67000;Mocha Blanco Latte;12-14;Insular;4
11643;F;52;20220427;86000;Chocolate Helado;12-14;Pacífica;1
11644;M;55;20221221;73000;Chocolate Helado;12-14;Caribe;2
11645;M;54;20220327;55000;Flat White;18-20;Pacífica;1
11646;M;74;20220728;69000;Chocolate Blanco;12-14;Insular;5
11647;;18;20230324;65400;Latte;16-18;Caribe;2
11648;F;67;20230923;90000;Café del día;20-22;Insular;1
11649;F;52;20221104;101000;Espresso Doble;16-18;Andina;3
11650;M;38;20230225;36000;Caramel Macchiato;20-22;Caribe;2
11651;M;27;20240707;72000;Flat White;10-12;Caribe;4
11652;;18;20240308;65400;Latte Macchiato;10-12;Pacífica;4
11653;M;42;20211023;63000;Cappuccino;10-12;Pacífica;2
11654;F;74;20230905;113000;Chocolate Helado;18-20;Orinoquía;1
11655;;18;20240305;65400;Espresso Doble;12-14;Insular;5
11656;F;61;20230819;98000;Espresso Sencillo;20-22;Orinoquía;2
11657;;18;20240112;65400;Chocolate Caliente;12-14;Insular;3
11658;F;68;20220422;88000;Espresso Doble;16-18;Caribe;5
11659;;18;20240106;65400;Mocha Blanco Latte;12-14;Insular;1
11660;M;46;20220123;61000;Mocha Latte;12-14;Insular;4
11661;F;79;20240702;116000;Caramel Macchiato;14-16;Caribe;2
11662;F;66;20220108;114000;Latte Macchiato;20-22;Pacífica;3
11663;M;63;20231007;75000;Flat White;12-14;Insular;5
11664;F;74;20231121;75000;Chocolate Blanco Helado;16-18;Caribe;5
11665;;18;20231006;65400;Café del día;14-16;Pacífica;4
11666;;18;20230728;65400;Chocolate Caliente;14-16;Pacífica;2
11667;M;48;20230920;58000;Chocolate Caliente;10-12;Orinoquía;5
11668;M;61;20231019;73000;Espresso Macchiato;18-20;Andina;4
11669;M;60;20231024;54000;Caramel Macchiato;14-16;Insular;1
11670;M;26;20230514;49000;Chocolate Blanco Helado;16-18;Andina;2
11671;F;77;20220725;118000;Arequipe Latte;10-12;Pacífica;2
11672;M;43;20231023;52000;Chocolate Helado;14-16;Caribe;3
11673;M;38;20200602;48000;Flat White;18-20;Andina;1
11674;M;63;20190824;40000;Café del día;10-12;Caribe;1
11675;M;54;20231010;73000;Chocolate Helado;10-12;Andina;4
11676;F;45;20230518;57000;Chocolate Blanco;20-22;Pacífica;3
11677;F;76;20211107;84000;Chocolate Blanco;14-16;Insular;2
11678;F;39;20240311;35000;Flat White;14-16;Caribe;4
11679;M;62;20240320;94000;Flat White;12-14;Orinoquía;3
11680;F;59;20220106;74000;Caramel Macchiato;20-22;Pacífica;3
11681;F;51;20230314;95000;Latte Macchiato;20-22;Pacífica;3
11682;F;56;20230320;103000;Flat White;16-18;Orinoquía;3
11683;M;77;20240128;58000;Café del día;14-16;Andina;5
11684;F;59;20220802;115000;Caramel Macchiato;14-16;Andina;3
11685;M;31;20230923;35000;Espresso Macchiato;16-18;Caribe;4
11686;F;40;20220401;72000;Latte;12-14;Orinoquía;2
11687;F;39;20231207;71000;Americano;16-18;Insular;5
11688;M;53;20220108;97000;Café del día;20-22;Andina;4
11689;M;85;20230918;58000;Caramel Macchiato;12-14;Caribe;3
11690;M;52;20210608;71000;Chocolate Caliente;12-14;Insular;2
11691;F;59;20221018;75000;Mocha Latte;18-20;Insular;2
11692;M;46;20220926;64000;Chocolate Blanco;12-14;Orinoquía;2
11693;M;38;20200502;62000;Espresso Doble;20-22;Andina;2
11694;F;73;20220929;110000;Caramel Macchiato;18-20;Andina;1
11695;;18;20220315;65400;Americano;16-18;Insular;2
11696;M;47;20220915;52000;Chocolate Helado;10-12;Caribe;2
11697;M;53;20240425;67000;Flat White;16-18;Insular;5
11698;F;85;20220927;103000;Chocolate Blanco Helado;10-12;Orinoquía;3
11699;M;23;20200926;42000;Chocolate Blanco;18-20;Pacífica;4
11700;;18;20240409;65400;Americano;10-12;Caribe;3
11701;M;68;20240118;34000;Latte;16-18;Insular;3
11702;M;42;20221228;84000;Latte Macchiato;18-20;Insular;1
11703;F;22;20221206;52000;Latte Macchiato;18-20;Andina;4
11704;;18;20240608;65400;Chocolate Caliente;18-20;Caribe;2
11705;M;64;20231204;88000;Caramel Macchiato;16-18;Caribe;1
11706;M;52;20230403;38000;Cappuccino;20-22;Insular;4
11707;M;78;20220116;77000;Mocha Blanco Latte;18-20;Andina;4
11708;;18;20230101;65400;Café del día;18-20;Orinoquía;3
11709;F;24;20231024;39000;Americano;20-22;Caribe;3
11710;M;51;20220807;58000;Cappuccino;18-20;Orinoquía;5
11711;M;25;20240502;65000;Latte;14-16;Insular;2
11712;F;44;20240121;32000;Espresso Doble;18-20;Insular;5
11713;F;55;20240605;88000;Espresso Macchiato;10-12;Andina;4
11714;;18;20240502;65400;Latte;14-16;Andina;4
11715;F;34;20240106;50000;Mocha Latte;18-20;Andina;1
11716;M;71;20240425;45000;Mocha Blanco Latte;10-12;Caribe;1
11717;F;75;20240709;93000;Chocolate Blanco;16-18;Caribe;3
11718;M;58;20210613;60000;Latte Macchiato;16-18;Insular;2
11719;F;84;20221213;73000;Chocolate Blanco;16-18;Insular;4
11720;;18;20230929;65400;Chocolate Helado;12-14;Orinoquía;1
11721;F;69;20230923;32000;Espresso Macchiato;18-20;Andina;3
11722;M;59;20220503;79000;Espresso Macchiato;14-16;Orinoquía;5
11723;M;69;20240201;65000;Chocolate Helado;16-18;Andina;4
11724;F;83;20220616;109000;Mocha Latte;12-14;Andina;2
11725;;18;20220811;65400;Latte;18-20;Pacífica;4
11726;F;67;20221125;94000;Chocolate Caliente;20-22;Orinoquía;5
11727;F;59;20221209;72000;Flat White;20-22;Pacífica;5
11728;F;58;20220413;106000;Chocolate Blanco Helado;10-12;Andina;5
11729;F;32;20231206;42000;Mocha Blanco Latte;18-20;Pacífica;4
11730;F;46;20231122;52000;Latte Macchiato;18-20;Orinoquía;4
11731;M;25;20210226;59000;Cappuccino;20-22;Pacífica;3
11732;M;62;20220511;80000;Cappuccino;14-16;Caribe;3
11733;M;77;20211107;56000;Caramel Macchiato;12-14;Insular;2
11734;F;78;20240212;89000;Latte Macchiato;18-20;Andina;5
11735;M;55;20240311;118000;Mocha Blanco Latte;10-12;Insular;5
11736;M;51;20240310;43000;Espresso Sencillo;18-20;Orinoquía;5
11737;F;92;20230215;105000;Café del día;20-22;Orinoquía;1
11738;M;67;20231120;43000;Caramel Macchiato;16-18;Caribe;5
11739;F;71;20231101;99000;Flat White;20-22;Insular;5
11740;M;54;20240205;42000;Flat White;20-22;Pacífica;4
11741;;18;20231126;65400;Espresso Doble;16-18;Andina;5
11742;F;72;20220713;90000;Espresso Doble;20-22;Insular;2
11743;M;33;20221229;75000;Mocha Latte;12-14;Orinoquía;3
11744;M;24;20230110;59000;Café del día;16-18;Caribe;1
11745;;18;20240313;65400;Espresso Macchiato;12-14;Andina;1
11746;M;39;20230820;57000;Chocolate Blanco Helado;12-14;Pacífica;4
11747;;18;20230809;65400;Latte Macchiato;20-22;Orinoquía;5
11748;F;64;20240720;62000;Flat White;10-12;Insular;4
11749;M;43;20231026;48000;Americano;18-20;Caribe;5
11750;F;87;20230922;70000;Mocha Latte;14-16;Pacífica;5
11751;F;51;20230802;43000;Mocha Blanco Latte;20-22;Insular;2
11752;F;65;20230901;62000;Cappuccino;12-14;Pacífica;4
11753;M;84;20211001;70000;Espresso Macchiato;20-22;Andina;2
11754;M;51;20240430;75000;Chocolate Blanco;16-18;Orinoquía;3
11755;M;60;20220190;115000;Latte;18-20;Insular;2
11756;M;27;20240709;33000;Café del día;18-20;Andina;1
11757;M;77;20221217;37000;Espresso Sencillo;12-14;Insular;3
11758;M;23;20240321;38000;Latte;12-14;Caribe;3
11759;M;49;20220415;112000;Latte Macchiato;20-22;Caribe;2
11760;M;32;20221018;37000;Chocolate Blanco Helado;10-12;Orinoquía;5
11761;M;46;20230819;47000;Café del día;10-12;Pacífica;4
11762;F;56;20231001;73000;Espresso Macchiato;16-18;Insular;4
11763;M;65;20230924;82000;Chocolate Caliente;20-22;Pacífica;4
11764;M;45;20231014;51000;Arequipe Latte;10-12;Insular;5
11765;M;70;20191107;73000;Mocha Latte;20-22;Insular;1
11766;F;80;20240307;70000;Cappuccino;20-22;Pacífica;5
11767;M;56;20231106;35000;Cappuccino;16-18;Caribe;2
11768;M;40;20220506;61000;Mocha Blanco Latte;14-16;Orinoquía;3
11769;F;64;20231023;63000;Espresso Doble;14-16;Orinoquía;5
11770;M;51;20220807;73000;Espresso Sencillo;14-16;Caribe;4
11771;F;61;20220815;81000;Chocolate Blanco;20-22;Pacífica;1
11772;M;92;20240614;63000;Espresso Doble;14-16;Insular;5
11773;;18;20201111;65400;Mocha Blanco Latte;18-20;Orinoquía;5
11774;;18;20231122;65400;Cappuccino;14-16;Pacífica;1
11775;M;62;20240718;40000;Chocolate Helado;10-12;Andina;1
11776;M;39;20230901;46000;Cappuccino;18-20;Andina;5
11777;M;56;20221216;117000;Espresso Macchiato;18-20;Insular;3
11778;M;51;20240721;47000;Espresso Sencillo;18-20;Andina;4
11779;M;78;20240618;53000;Café del día;20-22;Pacífica;1
11780;M;62;20240107;96000;Latte;14-16;Pacífica;1
11781;F;49;20220207;101000;Arequipe Latte;18-20;Insular;3
11782;M;41;20240426;80000;Americano;14-16;Pacífica;5
11783;M;42;20231130;61000;Cappuccino;16-18;Orinoquía;5
11784;F;49;20230909;80000;Espresso Doble;12-14;Andina;1
11785;M;60;20230816;74000;Espresso Sencillo;12-14;Andina;1
11786;M;69;20211230;119000;Latte;16-18;Caribe;4
11787;M;55;20230508;100000;Espresso Macchiato;18-20;Insular;5
11788;M;50;20230930;47000;Caramel Macchiato;10-12;Insular;2
11789;M;21;20220628;38000;Chocolate Blanco Helado;10-12;Caribe;1
11790;;18;20220619;65400;Mocha Blanco Latte;20-22;Andina;2
11791;M;31;20240209;42000;Latte;18-20;Andina;4
11792;M;41;20240618;50000;Chocolate Helado;10-12;Andina;3
11793;M;77;20230504;31000;Espresso Doble;18-20;Insular;1
11794;F;48;20230627;72000;Arequipe Latte;16-18;Pacífica;3
11795;M;34;20240331;36000;Flat White;18-20;Orinoquía;4
11796;F;26;20231026;41000;Latte Macchiato;20-22;Caribe;2
11797;M;21;20200501;42000;Espresso Macchiato;12-14;Andina;4
11798;F;37;20240223;52000;Cappuccino;10-12;Caribe;3
11799;M;51;20240407;37000;Cappuccino;16-18;Andina;4
11800;M;63;20220220;50000;Americano;18-20;Orinoquía;4
11801;M;45;20230604;56000;Flat White;14-16;Pacífica;3
11802;F;86;20230604;96000;Chocolate Helado;16-18;Insular;3
11803;M;32;20240711;74000;Chocolate Helado;12-14;Andina;3
11804;M;60;20230424;71000;Mocha Blanco Latte;18-20;Andina;5
11805;M;66;20231119;86000;Caramel Macchiato;14-16;Caribe;2
11806;M;46;20230321;38000;Chocolate Blanco Helado;16-18;Orinoquía;1
11807;;18;20231206;65400;Espresso Doble;16-18;Andina;1
11808;F;57;20220115;86000;Espresso Sencillo;20-22;Caribe;4
11809;M;29;20231113;54000;Latte;10-12;Caribe;4
11810;F;63;20231206;72000;Cappuccino;18-20;Insular;3
11811;F;95;20231007;90000;Mocha Blanco Latte;10-12;Andina;5
11812;M;23;20230916;41000;Espresso Sencillo;18-20;Pacífica;4
11813;M;54;20220821;91000;Espresso Sencillo;18-20;Insular;4
11814;F;79;20231015;78000;Americano;12-14;Pacífica;3
11815;F;45;20240108;51000;Mocha Latte;10-12;Insular;5
11816;F;50;20240113;71000;Latte;16-18;Andina;3
11817;F;69;20231104;79000;Chocolate Caliente;16-18;Orinoquía;5
11818;F;75;20240704;105000;Chocolate Caliente;20-22;Andina;2
11819;M;53;20240202;58000;Mocha Blanco Latte;14-16;Orinoquía;4
11820;F;61;20220501;87000;Latte;16-18;Insular;5
11821;M;58;20191021;53000;Latte;16-18;Caribe;3
11822;F;53;20220430;108000;Chocolate Helado;12-14;Andina;4
11823;F;70;20240405;59000;Chocolate Helado;12-14;Caribe;2
11824;M;61;20240403;54000;Mocha Latte;10-12;Caribe;5
11825;M;45;20231208;40000;Espresso Macchiato;10-12;Caribe;4
11826;F;71;20240104;77000;Mocha Blanco Latte;12-14;Andina;2
11827;M;71;20240510;43000;Caramel Macchiato;10-12;Pacífica;4
11828;M;54;20220323;54000;Espresso Macchiato;12-14;Andina;4
11829;;18;20231023;65400;Chocolate Blanco;12-14;Andina;3
11830;M;70;20240430;37000;Mocha Blanco Latte;12-14;Orinoquía;2
11831;M;61;20240127;66000;Americano;18-20;Pacífica;3
11832;F;57;20220217;56000;Espresso Doble;16-18;Caribe;5
11833;M;78;20230501;74000;Espresso Macchiato;18-20;Orinoquía;5
11834;F;71;20230131;58000;Cappuccino;10-12;Andina;2
11835;;18;20230426;65400;Espresso Sencillo;14-16;Caribe;1
11836;F;74;20240412;89000;Chocolate Caliente;12-14;Pacífica;1
11837;F;76;20220526;80000;Cappuccino;18-20;Andina;5
11838;M;34;20230413;37000;Arequipe Latte;18-20;Caribe;2
11839;F;49;20221006;67000;Chocolate Blanco Helado;16-18;Andina;2
11840;F;67;20240218;50000;Chocolate Caliente;14-16;Insular;5
11841;F;69;20240724;97000;Caramel Macchiato;18-20;Pacífica;4
11842;F;58;20240622;33000;Chocolate Caliente;12-14;Orinoquía;5
11843;F;68;20211103;96000;Cappuccino;14-16;Orinoquía;4
11844;F;53;20230724;112000;Café del día;18-20;Andina;2
11845;F;25;20220312;52000;Mocha Blanco Latte;16-18;Insular;3
11846;F;50;20220609;106000;Latte Macchiato;18-20;Andina;2
11847;M;39;20240314;34000;Americano;14-16;Pacífica;3
11848;F;81;20231229;72000;Café del día;16-18;Orinoquía;3
11849;M;55;20211115;97000;Chocolate Blanco Helado;16-18;Pacífica;4
11850;M;66;20231125;30000;Arequipe Latte;10-12;Andina;4
11851;F;55;20231027;100000;Arequipe Latte;12-14;Insular;2
11852;M;41;20240527;52000;Americano;16-18;Insular;3
11853;M;62;20220519;77000;Chocolate Blanco;14-16;Pacífica;3
11854;M;49;20230819;85000;Espresso Macchiato;12-14;Orinoquía;5
11855;F;58;20230304;77000;Espresso Doble;12-14;Orinoquía;2
11856;F;46;20211209;68000;Mocha Latte;20-22;Andina;2
11857;M;67;20230529;91000;Arequipe Latte;14-16;Pacífica;5
11858;M;33;20220517;64000;Chocolate Blanco;20-22;Insular;2
11859;F;42;20221006;80000;Chocolate Caliente;20-22;Insular;2
11860;;18;20231104;65400;Arequipe Latte;14-16;Insular;4
11861;M;79;20200704;34000;Espresso Sencillo;10-12;Caribe;1
11862;F;56;20211217;76000;Espresso Sencillo;18-20;Caribe;5
11863;M;28;20231015;49000;Cappuccino;12-14;Insular;1
11864;M;45;20230826;89000;Arequipe Latte;14-16;Andina;3
11865;F;53;20220213;109000;Café del día;14-16;Caribe;2
11866;M;57;20220304;66000;Café del día;12-14;Andina;3
11867;M;58;20210126;47000;Flat White;20-22;Insular;2
11868;F;70;20230519;107000;Latte Macchiato;12-14;Pacífica;3
11869;M;54;20220430;77000;Flat White;20-22;Pacífica;5
11870;M;28;20230131;70000;Flat White;16-18;Insular;1
11871;M;43;20211212;85000;Arequipe Latte;14-16;Andina;1
11872;M;19;20190824;73000;Americano;12-14;Insular;4
11873;M;51;20210723;68000;Mocha Latte;18-20;Caribe;5
11874;;18;20230226;65400;Latte Macchiato;16-18;Orinoquía;4
11875;;18;20240323;65400;Americano;20-22;Caribe;4
11876;M;35;20231207;72000;Caramel Macchiato;16-18;Orinoquía;1
11877;F;61;20220316;90000;Espresso Macchiato;20-22;Andina;3
11878;M;45;20220528;84000;Espresso Macchiato;18-20;Caribe;1
11879;F;40;20210118;54000;Chocolate Caliente;12-14;Andina;5
11880;F;19;20240609;61000;Latte Macchiato;10-12;Orinoquía;4
11881;M;32;20231124;40000;Flat White;16-18;Insular;5
11882;M;56;20231211;64000;Chocolate Helado;12-14;Insular;2
11883;F;63;20240427;63000;Chocolate Helado;20-22;Caribe;5
11884;M;81;20231025;40000;Espresso Doble;10-12;Andina;2
11885;F;28;20240703;73000;Espresso Macchiato;14-16;Andina;4
11886;M;56;20200519;90000;Espresso Macchiato;16-18;Pacífica;4
11887;M;36;20221026;61000;Espresso Macchiato;16-18;Pacífica;4
11888;M;45;20240125;88000;Latte Macchiato;16-18;Caribe;4
11889;F;62;20230821;51000;Espresso Doble;10-12;Orinoquía;4
11890;;18;20230312;65400;Caramel Macchiato;14-16;Pacífica;4
11891;;18;20230908;65400;Café del día;20-22;Insular;1
11892;F;49;20230527;62000;Cappuccino;14-16;Insular;4
11893;M;41;20230822;81000;Mocha Blanco Latte;20-22;Pacífica;2
11894;F;58;20221217;116000;Chocolate Helado;12-14;Pacífica;5
11895;;18;20220105;65400;Latte;14-16;Caribe;5
11896;F;79;20240328;88000;Espresso Sencillo;14-16;Pacífica;5
11897;M;93;20231017;52000;Flat White;12-14;Insular;2
11898;F;68;20211223;82000;Mocha Latte;10-12;Orinoquía;5
11899;F;50;20220328;97000;Chocolate Blanco Helado;20-22;Orinoquía;1
11900;M;49;20230806;50000;Chocolate Helado;12-14;Andina;5
11901;F;68;20221016;104000;Americano;20-22;Orinoquía;2
11902;;18;20231002;65400;Flat White;12-14;Insular;1
11903;F;58;20221020;78000;Espresso Macchiato;14-16;Insular;1
11904;F;54;20230415;53000;Café del día;10-12;Orinoquía;1
11905;F;76;20230507;99000;Latte Macchiato;10-12;Orinoquía;4
11906;;18;20230223;65400;Caramel Macchiato;16-18;Caribe;1
11907;M;22;20240211;31000;Mocha Blanco Latte;18-20;Orinoquía;5
11908;;18;20210910;65400;Latte Macchiato;10-12;Pacífica;4
11909;M;62;20210319;75000;Chocolate Blanco Helado;14-16;Andina;2
11910;M;43;20240713;38000;Chocolate Blanco;14-16;Caribe;4
11911;F;49;20240618;95000;Cappuccino;18-20;Insular;3
11912;F;50;20231212;75000;Arequipe Latte;14-16;Andina;1
11913;M;71;20220212;66000;Mocha Blanco Latte;12-14;Andina;5
11914;M;60;20240317;46000;Latte Macchiato;18-20;Andina;4
11915;M;79;20220511;33000;Latte Macchiato;16-18;Orinoquía;5
11916;M;24;20200710;54000;Espresso Doble;12-14;Pacífica;5
11917;F;52;20230517;53000;Americano;12-14;Orinoquía;4
11918;F;20;20220824;30000;Arequipe Latte;20-22;Caribe;2
11919;O;25;20240201;32000;Chocolate Helado;16-18;Insular;3
11920;;18;20230305;65400;Latte;12-14;Pacífica;3
11921;M;19;20240126;37000;Latte;14-16;Pacífica;4
11922;F;78;20230910;30000;Café del día;16-18;Insular;1
11923;;18;20240303;65400;Espresso Doble;18-20;Caribe;4
11924;M;66;20200303;82000;Arequipe Latte;18-20;Pacífica;3
11925;M;46;20231004;65000;Flat White;18-20;Andina;4
11926;M;46;20220929;55000;Cappuccino;10-12;Pacífica;2
11927;F;64;20230611;111000;Chocolate Blanco Helado;18-20;Insular;3
11928;F;31;20211104;38000;Chocolate Helado;12-14;Caribe;2
11929;M;69;20201201;39000;Mocha Blanco Latte;18-20;Insular;3
11930;;18;20240528;65400;Chocolate Caliente;12-14;Caribe;3
11931;F;46;20230819;100000;Espresso Macchiato;16-18;Caribe;2
11932;;18;20240115;65400;Mocha Blanco Latte;18-20;Andina;2
11933;M;72;20220621;71000;Chocolate Helado;12-14;Orinoquía;2
11934;M;70;20231108;47000;Café del día;18-20;Caribe;5
11935;F;45;20230127;62000;Flat White;20-22;Insular;2
11936;M;60;20240210;49000;Chocolate Helado;20-22;Caribe;1
11937;F;54;20231125;62000;Espresso Sencillo;16-18;Caribe;2
11938;M;60;20240109;64000;Americano;14-16;Caribe;4
11939;F;75;20221003;58000;Chocolate Blanco;16-18;Pacífica;3
11940;M;23;20230321;56000;Caramel Macchiato;20-22;Pacífica;3
11941;F;68;20240724;54000;Chocolate Helado;18-20;Caribe;2
11942;F;19;20220909;60000;Chocolate Caliente;18-20;Pacífica;1
11943;M;68;20240128;79000;Chocolate Caliente;12-14;Orinoquía;1
11944;M;33;20230126;63000;Espresso Doble;20-22;Orinoquía;5
11945;;18;20240208;65400;Mocha Latte;18-20;Insular;3
11946;M;55;20240512;92000;Mocha Latte;16-18;Andina;3
11947;F;75;20231005;82000;Chocolate Helado;20-22;Caribe;1
11948;M;20;20210822;58000;Espresso Macchiato;16-18;Insular;5
11949;;18;20220625;65400;Espresso Doble;20-22;Andina;3
11950;M;49;20240331;61000;Chocolate Helado;10-12;Orinoquía;5
11951;M;72;20231101;71000;Espresso Sencillo;20-22;Andina;5
11952;F;35;20240531;65000;Chocolate Blanco Helado;12-14;Pacífica;5
11953;M;53;20220425;97000;Latte;14-16;Insular;4
11954;F;72;20210817;75000;Mocha Blanco Latte;18-20;Orinoquía;3
11955;F;60;20230803;35000;Latte Macchiato;10-12;Caribe;1
11956;M;38;20230912;73000;Chocolate Blanco;16-18;Orinoquía;1
11957;M;76;20220906;115000;Chocolate Caliente;10-12;Andina;3
11958;M;22;20240102;72000;Latte;20-22;Orinoquía;2
11959;F;55;20230701;75000;Chocolate Blanco;14-16;Orinoquía;2
11960;F;69;20230406;109000;Espresso Doble;16-18;Orinoquía;2
11961;;18;20230621;65400;Café del día;20-22;Caribe;4
11962;M;58;20221230;95000;Latte Macchiato;10-12;Andina;2
11963;M;55;20240709;43000;Chocolate Caliente;20-22;Andina;3
11964;M;35;20231022;40000;Espresso Macchiato;16-18;Caribe;1
11965;M;31;20240714;43000;Caramel Macchiato;14-16;Insular;3
11966;M;66;20220328;35000;Arequipe Latte;10-12;Insular;5
11967;;18;20211006;65400;Mocha Blanco Latte;10-12;Andina;3
11968;F;68;20220808;69000;Chocolate Blanco Helado;20-22;Insular;4
11969;F;42;20240324;96000;Americano;18-20;Caribe;1
11970;M;23;20231013;48000;Latte Macchiato;18-20;Andina;2
11971;F;42;20230912;50000;Flat White;16-18;Insular;1
11972;;18;20220813;65400;Latte;18-20;Insular;1
11973;F;74;20211211;79000;Latte;16-18;Insular;1
11974;F;54;20220612;48000;Chocolate Caliente;12-14;Pacífica;2
11975;M;68;20240621;80000;Espresso Doble;10-12;Orinoquía;1
11976;M;70;20231217;111000;Mocha Blanco Latte;18-20;Insular;4
11977;F;77;20230208;71000;Mocha Blanco Latte;20-22;Insular;5
11978;M;51;20220415;48000;Mocha Latte;12-14;Orinoquía;2
11979;;18;20230226;65400;Chocolate Blanco Helado;16-18;Insular;1
11980;M;52;20211108;73000;Espresso Doble;18-20;Caribe;1
11981;F;39;20221213;32000;Espresso Doble;12-14;Insular;5
11982;M;45;20221118;45000;Mocha Blanco Latte;16-18;Pacífica;3
11983;;18;20240504;65400;Mocha Blanco Latte;10-12;Caribe;1
11984;F;57;20220527;64000;Latte Macchiato;16-18;Pacífica;3
11985;F;47;20240326;79000;Chocolate Helado;12-14;Pacífica;2
11986;M;70;20230830;41000;Café del día;16-18;Insular;3
11987;M;56;20240219;52000;Chocolate Blanco Helado;18-20;Insular;2
11988;M;45;20220623;32000;Latte Macchiato;12-14;Caribe;5
11989;F;57;20220827;32000;Latte Macchiato;12-14;Andina;5
11990;F;41;20230801;68000;Americano;10-12;Pacífica;4
11991;M;47;20230507;77000;Chocolate Caliente;14-16;Orinoquía;2
11992;F;23;20220403;54000;Mocha Blanco Latte;10-12;Caribe;3
11993;F;80;20230930;79000;Arequipe Latte;20-22;Orinoquía;5
11994;F;85;20231209;77000;Cappuccino;10-12;Andina;5
11995;F;56;20240130;77000;Mocha Blanco Latte;20-22;Andina;2
11996;M;50;20231028;67000;Mocha Blanco Latte;12-14;Pacífica;1
11997;M;71;20230227;88000;Flat White;10-12;Insular;3
11998;M;55;20230327;64000;Espresso Macchiato;20-22;Caribe;5
11999;M;61;20230505;39000;Chocolate Caliente;20-22;Pacífica;1
12000;;18;20230223;65400;Café del día;18-20;Insular;4
12001;M;46;20230425;81000;Caramel Macchiato;20-22;Insular;5
12002;M;68;20210210;70000;Chocolate Blanco Helado;10-12;Andina;2
12003;;18;20211012;65400;Chocolate Helado;20-22;Orinoquía;4
12004;F;73;20240213;94000;Espresso Sencillo;10-12;Caribe;1
12005;F;84;20221006;97000;Café del día;20-22;Pacífica;4
12006;M;54;20240506;78000;Latte Macchiato;16-18;Andina;3
12007;M;72;20230701;50000;Mocha Blanco Latte;10-12;Caribe;4
12008;F;32;20240203;74000;Café del día;18-20;Insular;3
12009;M;46;20220406;41000;Chocolate Caliente;14-16;Caribe;4
12010;F;61;20240224;52000;Caramel Macchiato;18-20;Andina;3
12011;M;55;20220707;44000;Latte Macchiato;16-18;Andina;4
12012;F;71;20230529;95000;Café del día;12-14;Insular;3
12013;M;26;20231112;32000;Americano;12-14;Andina;1
12014;M;21;20220213;73000;Espresso Sencillo;14-16;Insular;1
12015;F;24;20191013;42000;Mocha Latte;14-16;Orinoquía;2
12016;M;19;20240208;45000;Espresso Doble;16-18;Pacífica;4
12017;M;44;20240531;71000;Americano;14-16;Pacífica;4
12018;M;57;20230415;80000;Chocolate Helado;12-14;Andina;1
12019;M;30;20191107;32000;Espresso Macchiato;12-14;Orinoquía;2
12020;M;41;20210816;60000;Espresso Doble;10-12;Andina;3
12021;;18;20210815;65400;Mocha Latte;16-18;Caribe;5
12022;;18;20230928;65400;Chocolate Helado;18-20;Caribe;5
12023;F;65;20220524;116000;Espresso Sencillo;14-16;Andina;2
12024;;18;20220111;65400;Latte;20-22;Orinoquía;4
12025;F;52;20221003;66000;Espresso Doble;16-18;Andina;1
12026;F;63;20191005;100000;Espresso Doble;18-20;Caribe;4
12027;M;64;20211224;89000;Espresso Macchiato;20-22;Caribe;1
12028;;18;20230906;65400;Café del día;14-16;Orinoquía;3
12029;M;73;20211220;80000;Chocolate Helado;20-22;Pacífica;4
12030;;18;20211226;65400;Latte Macchiato;16-18;Orinoquía;3
12031;F;73;20240426;56000;Café del día;14-16;Andina;2
12032;F;62;20221223;56000;Flat White;10-12;Andina;4
12033;M;52;20210718;71000;Chocolate Blanco Helado;20-22;Orinoquía;2
12034;F;64;20240118;112000;Espresso Doble;10-12;Orinoquía;1
12035;M;73;20231014;63000;Flat White;20-22;Pacífica;5
12036;F;82;20230914;88000;Flat White;14-16;Orinoquía;5
12037;F;80;20220207;95000;Espresso Sencillo;14-16;Andina;1
12038;M;49;20220418;32000;Americano;20-22;Orinoquía;2
12039;F;43;20231208;68000;Café del día;12-14;Orinoquía;3
12040;M;42;20231130;48000;Flat White;18-20;Caribe;3
12041;M;54;20240317;83000;Mocha Latte;14-16;Andina;4
12042;M;33;20240317;37000;Flat White;10-12;Orinoquía;1
12043;M;33;20240310;39000;Chocolate Blanco Helado;16-18;Pacífica;2
12044;M;79;20221005;77000;Americano;14-16;Caribe;3
12045;F;43;20220719;95000;Espresso Doble;10-12;Insular;1
12046;F;64;20240529;59000;Chocolate Helado;16-18;Orinoquía;3
12047;F;61;20230428;34000;Chocolate Caliente;16-18;Andina;4
12048;F;48;20240212;79000;Café del día;20-22;Orinoquía;2
12049;M;67;20240402;52000;Mocha Blanco Latte;14-16;Caribe;2
12050;F;45;20240709;47000;Espresso Macchiato;10-12;Orinoquía;2
12051;M;71;20231013;67000;Chocolate Blanco;18-20;Insular;5
12052;M;60;20240204;74000;Arequipe Latte;10-12;Pacífica;5
12053;M;89;20220509;52000;Chocolate Caliente;10-12;Caribe;1
12054;F;71;20220705;34000;Latte;10-12;Andina;4
12055;F;73;20230930;71000;Café del día;16-18;Caribe;5
12056;M;62;20191017;58000;Cappuccino;12-14;Pacífica;1
12057;M;18;20231208;51000;Chocolate Blanco;20-22;Orinoquía;4
12058;M;38;20230827;66000;Caramel Macchiato;18-20;Insular;3
12059;;18;20231229;65400;Espresso Sencillo;10-12;Orinoquía;5
12060;M;51;20220314;84000;Mocha Blanco Latte;16-18;Caribe;3
12061;F;62;20231128;66000;Espresso Doble;18-20;Insular;5
12062;;18;20231107;65400;Caramel Macchiato;20-22;Pacífica;3
12063;;18;20231002;65400;Mocha Blanco Latte;16-18;Insular;5
12064;F;77;20230807;58000;Cappuccino;20-22;Pacífica;3
12065;M;24;20220622;57000;Americano;14-16;Pacífica;3
12066;F;87;20240717;77000;Arequipe Latte;10-12;Andina;5
12067;F;56;20231210;55000;Espresso Doble;14-16;Pacífica;3
12068;F;32;20220703;36000;Chocolate Blanco;12-14;Orinoquía;5
12069;M;58;20230720;104000;Chocolate Caliente;16-18;Pacífica;1
12070;M;27;20220119;51000;Americano;16-18;Andina;2
12071;M;44;20230925;67000;Chocolate Helado;16-18;Caribe;1
12072;M;24;20240117;57000;Flat White;16-18;Orinoquía;1
12073;M;23;20230112;40000;Mocha Blanco Latte;10-12;Insular;3
12074;F;42;20231225;52000;Espresso Sencillo;12-14;Caribe;4
12075;M;63;20230618;41000;Café del día;20-22;Pacífica;5
12076;M;53;20240329;50000;Mocha Latte;10-12;Insular;1
12077;F;92;20240615;61000;Latte Macchiato;14-16;Orinoquía;2
12078;M;64;20230919;52000;Espresso Macchiato;10-12;Insular;2
12079;M;51;20230103;78000;Latte Macchiato;10-12;Insular;5
12080;M;66;20221105;55000;Arequipe Latte;18-20;Andina;2
12081;F;71;20220729;75000;Café del día;16-18;Andina;5
12082;F;78;20220407;51000;Chocolate Helado;10-12;Orinoquía;5
12083;M;54;20230901;55000;Americano;14-16;Caribe;1
12084;M;60;20230923;35000;Mocha Blanco Latte;10-12;Pacífica;5
12085;F;42;20240312;45000;Chocolate Blanco;12-14;Andina;1
12086;F;52;20220725;84000;Latte Macchiato;18-20;Orinoquía;4
12087;M;54;20230115;76000;Chocolate Blanco;10-12;Pacífica;5
12088;M;44;20220501;73000;Latte;14-16;Insular;2
12089;;18;20220730;65400;Espresso Doble;12-14;Pacífica;5
12090;M;66;20240109;44000;Espresso Macchiato;14-16;Pacífica;4
12091;M;57;20230901;86000;Chocolate Blanco;16-18;Caribe;5
12092;F;50;20231125;36000;Caramel Macchiato;16-18;Caribe;5
12093;M;79;20240406;89000;Flat White;18-20;Orinoquía;3
12094;F;62;20231120;87000;Chocolate Caliente;14-16;Orinoquía;5
12095;M;28;20231020;44000;Flat White;16-18;Orinoquía;3
12096;M;30;20230912;68000;Americano;16-18;Pacífica;1
12097;F;55;20220314;119000;Latte Macchiato;18-20;Caribe;3
12098;M;53;20240211;81000;Mocha Latte;20-22;Insular;5
12099;M;77;20220127;84000;Latte Macchiato;16-18;Andina;4
12100;F;36;20230121;52000;Chocolate Blanco;12-14;Insular;4
12101;M;51;20240425;79000;Latte;12-14;Caribe;2
12102;F;55;20240726;65000;Cappuccino;10-12;Pacífica;2
12103;F;45;20210226;87000;Mocha Blanco Latte;16-18;Orinoquía;2
12104;M;75;20231017;48000;Latte Macchiato;16-18;Orinoquía;4
12105;M;61;20240220;52000;Espresso Doble;14-16;Andina;5
12106;F;35;20230908;52000;Arequipe Latte;20-22;Orinoquía;1
12107;M;29;20240111;65000;Chocolate Blanco;12-14;Andina;3
12108;M;73;20240531;87000;Chocolate Helado;10-12;Caribe;1
12109;M;52;20230302;103000;Café del día;20-22;Insular;5
12110;F;68;20211124;59000;Espresso Doble;16-18;Orinoquía;3
12111;F;58;20230423;111000;Chocolate Caliente;20-22;Orinoquía;1
12112;;18;20240207;65400;Latte Macchiato;14-16;Caribe;3
12113;F;58;20190916;57000;Café del día;12-14;Pacífica;4
12114;M;20;20240411;42000;Cappuccino;12-14;Pacífica;5
12115;F;75;20230907;98000;Americano;16-18;Andina;4
12116;M;51;20200812;36000;Chocolate Helado;10-12;Caribe;1
12117;F;45;20230416;56000;Espresso Sencillo;18-20;Orinoquía;1
12118;M;25;20230911;73000;Flat White;18-20;Pacífica;1
12119;M;28;20240223;65000;Espresso Macchiato;18-20;Pacífica;3
12120;F;72;20230923;77000;Chocolate Helado;12-14;Insular;3
12121;F;41;20230703;44000;Mocha Blanco Latte;18-20;Insular;1
12122;M;56;20220416;90000;Latte;12-14;Orinoquía;5
12123;;18;20220711;65400;Arequipe Latte;10-12;Orinoquía;2
12124;M;53;20230919;57000;Chocolate Blanco;14-16;Andina;5
12125;M;68;20220606;78000;Chocolate Helado;12-14;Andina;4
12126;M;50;20230415;90000;Cappuccino;14-16;Insular;4
12127;M;55;20221221;109000;Mocha Blanco Latte;14-16;Insular;1
12128;F;64;20231201;36000;Latte;10-12;Insular;1
12129;F;78;20230224;78000;Chocolate Caliente;10-12;Orinoquía;5
12130;;18;20240309;65400;Mocha Blanco Latte;18-20;Caribe;5
12131;M;55;20230603;72000;Flat White;18-20;Insular;1
12132;F;91;20231218;80000;Café del día;10-12;Andina;5
12133;M;27;20210731;61000;Café del día;10-12;Caribe;5
12134;F;73;20210929;87000;Arequipe Latte;10-12;Orinoquía;3
12135;;18;20210320;65400;Mocha Latte;12-14;Orinoquía;5
12136;M;34;20231218;62000;Cappuccino;14-16;Insular;2
12137;M;55;20240421;41000;Mocha Blanco Latte;14-16;Orinoquía;1
12138;M;45;20240408;50000;Latte Macchiato;14-16;Andina;5
12139;M;68;20190906;93000;Cappuccino;12-14;Caribe;2
12140;M;34;20231121;47000;Chocolate Caliente;12-14;Orinoquía;1
12141;M;39;20220217;61000;Chocolate Blanco Helado;10-12;Andina;1
12142;M;58;20210817;72000;Mocha Latte;18-20;Insular;1
12143;M;20;20191118;37000;Flat White;10-12;Orinoquía;1
12144;F;70;20230407;103000;Latte Macchiato;10-12;Orinoquía;5
12145;F;55;20240111;32000;Mocha Latte;16-18;Pacífica;4
12146;F;70;20210714;96000;Chocolate Blanco;14-16;Orinoquía;4
12147;F;64;20240331;56000;Cappuccino;16-18;Caribe;3
12148;F;63;20230813;61000;Mocha Latte;14-16;Pacífica;3
12149;F;63;20210823;88000;Espresso Sencillo;10-12;Caribe;1
12150;F;19;20220721;32000;Chocolate Caliente;16-18;Orinoquía;4
12151;F;50;20231014;99000;Caramel Macchiato;16-18;Pacífica;3
12152;F;39;20200415;35000;Espresso Doble;20-22;Pacífica;5
12153;M;75;20230420;72000;Espresso Macchiato;12-14;Orinoquía;2
12154;O;44;20231031;44000;Chocolate Helado;10-12;Orinoquía;5
12155;F;70;20240619;93000;Americano;14-16;Andina;2
12156;M;71;20220605;92000;Chocolate Blanco Helado;20-22;Andina;2
12157;M;32;20240526;60000;Chocolate Helado;16-18;Insular;4
12158;M;58;20220222;65000;Espresso Macchiato;10-12;Orinoquía;1
12159;F;23;20230703;34000;Chocolate Blanco Helado;12-14;Insular;4
12160;F;59;20240429;115000;Arequipe Latte;12-14;Orinoquía;1
12161;M;53;20210103;68000;Chocolate Blanco;10-12;Insular;5
12162;;18;20230303;65400;Americano;12-14;Pacífica;3
12163;M;62;20220207;72000;Mocha Latte;12-14;Pacífica;1
12164;F;62;20240127;77000;Espresso Macchiato;12-14;Andina;2
12165;F;43;20240516;60000;Espresso Doble;14-16;Pacífica;2
12166;M;27;20230709;62000;Mocha Latte;12-14;Caribe;3
12167;F;67;20220831;96000;Arequipe Latte;12-14;Orinoquía;4
12168;M;49;20231211;67000;Espresso Sencillo;10-12;Caribe;4
12169;M;51;20200913;79000;Flat White;14-16;Pacífica;2
12170;M;50;20211219;62000;Espresso Doble;18-20;Caribe;3
12171;M;60;20240111;31000;Latte;10-12;Orinoquía;1
12172;F;37;20230302;83000;Chocolate Helado;16-18;Insular;5
12173;M;38;20230727;40000;Chocolate Helado;12-14;Orinoquía;4
12174;F;28;20231120;64000;Espresso Sencillo;14-16;Orinoquía;4
12175;M;64;20230605;108000;Americano;10-12;Insular;3
12176;;18;20231015;65400;Caramel Macchiato;20-22;Caribe;3
12177;;18;20221210;65400;Espresso Sencillo;20-22;Caribe;3
12178;M;37;20210304;49000;Café del día;18-20;Pacífica;2
12179;;18;20221221;65400;Latte;14-16;Andina;3
12180;F;25;20240527;68000;Café del día;12-14;Pacífica;1
12181;F;66;20240205;96000;Chocolate Blanco Helado;12-14;Caribe;1
12182;F;74;20220813;112000;Mocha Latte;20-22;Orinoquía;5
12183;F;32;20240624;45000;Café del día;14-16;Orinoquía;3
12184;F;57;20211202;56000;Cappuccino;14-16;Caribe;1
12185;M;92;20220908;53000;Espresso Macchiato;16-18;Insular;4
12186;M;24;20221021;57000;Caramel Macchiato;18-20;Orinoquía;1
12187;M;55;20211125;100000;Chocolate Helado;16-18;Caribe;3
12188;M;56;20200911;66000;Espresso Macchiato;12-14;Caribe;2
12189;F;64;20221102;70000;Café del día;16-18;Andina;1
12190;;18;20210612;65400;Café del día;10-12;Andina;2
12191;F;58;20220228;51000;Latte;10-12;Caribe;5
12192;;18;20240424;65400;Chocolate Caliente;18-20;Andina;2
12193;M;73;20240701;36000;Chocolate Caliente;18-20;Pacífica;4
12194;M;78;20220512;94000;Caramel Macchiato;16-18;Pacífica;1
12195;M;39;20240113;48000;Chocolate Blanco Helado;18-20;Andina;3
12196;M;67;20211108;55000;Chocolate Helado;20-22;Andina;1
12197;O;67;20230710;99000;Café del día;18-20;Andina;3
12198;M;21;20240222;58000;Cappuccino;10-12;Orinoquía;2
12199;M;20;20240623;52000;Latte;14-16;Orinoquía;5
12200;M;54;20240712;81000;Flat White;20-22;Caribe;3
12201;M;61;20220718;96000;Café del día;14-16;Insular;4
12202;M;63;20240102;88000;Mocha Blanco Latte;18-20;Andina;3
12203;M;45;20230901;41000;Americano;12-14;Orinoquía;1
12204;F;50;20230830;60000;Café del día;12-14;Insular;4
12205;;18;20220328;65400;Latte Macchiato;12-14;Caribe;1
12206;M;42;20240715;30000;Latte Macchiato;12-14;Insular;5
12207;F;64;20240624;33000;Chocolate Blanco Helado;12-14;Andina;5
12208;M;19;20230506;31000;Caramel Macchiato;20-22;Pacífica;4
12209;F;48;20230401;60000;Caramel Macchiato;14-16;Andina;3
12210;O;56;20240228;72000;Chocolate Blanco Helado;20-22;Pacífica;3
12211;M;36;20190813;51000;Americano;20-22;Orinoquía;2
12212;;18;20220602;65400;Espresso Sencillo;12-14;Insular;2
12213;;18;20230901;65400;Latte;10-12;Caribe;3
12214;F;20;20231011;46000;Arequipe Latte;16-18;Orinoquía;1
12215;F;41;20231207;53000;Mocha Latte;18-20;Andina;1
12216;;18;20231110;65400;Café del día;20-22;Caribe;4
12217;M;56;20220521;106000;Espresso Doble;12-14;Orinoquía;5
12218;M;57;20200211;66000;Caramel Macchiato;12-14;Pacífica;4
12219;M;55;20230515;60000;Cappuccino;14-16;Caribe;2
12220;F;63;20220619;97000;Mocha Latte;16-18;Andina;2
12221;F;90;20221014;104000;Café del día;14-16;Orinoquía;3
12222;M;19;20231028;39000;Espresso Sencillo;10-12;Caribe;5
12223;M;68;20201211;54000;Chocolate Blanco Helado;10-12;Andina;2
12224;M;52;20240711;70000;Latte Macchiato;18-20;Insular;5
12225;M;76;20240315;62000;Espresso Sencillo;18-20;Insular;5
12226;F;64;20240330;100000;Chocolate Caliente;16-18;Andina;4
12227;M;59;20240224;40000;Caramel Macchiato;20-22;Orinoquía;5
12228;F;48;20240523;37000;Chocolate Blanco;14-16;Andina;1
12229;M;68;20221002;55000;Espresso Sencillo;12-14;Pacífica;5
12230;;18;20240526;65400;Flat White;18-20;Insular;1
12231;F;25;20230104;39000;Café del día;12-14;Caribe;3
12232;M;56;20240308;93000;Espresso Sencillo;18-20;Orinoquía;2
12233;F;73;20230808;113000;Chocolate Blanco;10-12;Orinoquía;2
12234;M;72;20220503;96000;Mocha Latte;14-16;Andina;1
12235;M;27;20201002;38000;Chocolate Helado;16-18;Pacífica;1
12236;M;27;20240125;37000;Chocolate Helado;20-22;Caribe;2
12237;M;73;20230205;43000;Latte;10-12;Pacífica;5
12238;M;50;20221123;53000;Flat White;18-20;Insular;4
12239;M;19;20220626;39000;Mocha Latte;16-18;Orinoquía;4
12240;;18;20240118;65400;Arequipe Latte;18-20;Orinoquía;2
12241;M;67;20191115;52000;Americano;18-20;Pacífica;3
12242;M;27;20220614;41000;Latte Macchiato;12-14;Insular;2
12243;M;20;20211011;55000;Americano;16-18;Orinoquía;5
12244;M;34;20240301;48000;Americano;20-22;Caribe;5
12245;M;54;20230826;84000;Latte;20-22;Caribe;3
12246;M;44;20231228;51000;Espresso Macchiato;16-18;Andina;2
12247;M;59;20221225;34000;Caramel Macchiato;18-20;Andina;2
12248;M;63;20230926;89000;Espresso Doble;10-12;Caribe;4
12249;F;55;20220715;91000;Espresso Macchiato;10-12;Caribe;5
12250;;18;20231117;65400;Latte Macchiato;10-12;Insular;4
12251;F;48;20221009;53000;Cappuccino;20-22;Andina;1
12252;M;28;20220227;48000;Café del día;18-20;Pacífica;4
12253;F;36;20231202;91000;Espresso Doble;12-14;Caribe;1
12254;M;46;20231016;71000;Café del día;20-22;Andina;4
12255;F;87;20230325;61000;Espresso Macchiato;20-22;Pacífica;2
12256;M;56;20220325;88000;Chocolate Caliente;20-22;Andina;4
12257;M;69;20231128;58000;Mocha Blanco Latte;18-20;Andina;1
12258;F;47;20210922;57000;Mocha Latte;18-20;Insular;3
12259;F;54;20220428;110000;Chocolate Caliente;18-20;Andina;2
12260;F;56;20240430;68000;Flat White;12-14;Insular;5
12261;M;20;20240220;31000;Americano;18-20;Insular;1
12262;O;49;20210410;64000;Chocolate Blanco;10-12;Pacífica;4
12263;F;89;20230918;107000;Chocolate Helado;12-14;Orinoquía;2
12264;F;74;20230312;66000;Chocolate Caliente;16-18;Orinoquía;5
12265;M;54;20230915;63000;Chocolate Caliente;14-16;Insular;3
12266;;18;20240129;65400;Espresso Macchiato;20-22;Caribe;4
12267;F;78;20220318;57000;Latte Macchiato;18-20;Pacífica;5
12268;;18;20231115;65400;Latte;12-14;Andina;3
12269;F;55;20240225;75000;Espresso Macchiato;18-20;Pacífica;5
12270;M;45;20200609;94000;Chocolate Blanco;12-14;Andina;5
12271;M;27;20240410;60000;Latte;12-14;Andina;5
12272;M;19;20200619;61000;Espresso Sencillo;10-12;Caribe;3
12273;;18;20231027;65400;Arequipe Latte;18-20;Andina;4
12274;F;63;20220610;103000;Chocolate Helado;18-20;Insular;1
12275;M;55;20231007;99000;Mocha Blanco Latte;10-12;Orinoquía;1
12276;M;59;20220129;64000;Latte;14-16;Orinoquía;1
12277;M;26;20200227;42000;Mocha Blanco Latte;16-18;Insular;3
12278;F;70;20240429;97000;Latte;16-18;Insular;5
12279;M;44;20240112;41000;Chocolate Helado;20-22;Orinoquía;2
12280;F;61;20230611;86000;Espresso Doble;18-20;Caribe;4
12281;M;29;20231115;45000;Espresso Macchiato;18-20;Orinoquía;4
12282;;18;20231031;65400;Chocolate Caliente;12-14;Andina;1
12283;M;37;20201020;69000;Latte;14-16;Andina;5
12284;M;81;20240115;98000;Caramel Macchiato;18-20;Pacífica;2
12285;;18;20230903;65400;Chocolate Blanco;18-20;Pacífica;4
12286;F;92;20240602;94000;Café del día;10-12;Pacífica;3
12287;M;56;20240521;50000;Espresso Doble;10-12;Pacífica;2
12288;F;66;20221201;85000;Flat White;16-18;Andina;4
12289;M;56;20230212;48000;Chocolate Caliente;16-18;Pacífica;3
12290;M;61;20220322;73000;Arequipe Latte;14-16;Orinoquía;1
12291;F;50;20220529;108000;Espresso Doble;18-20;Insular;3
12292;F;95;20220319;52000;Espresso Doble;10-12;Orinoquía;2
12293;F;74;20240408;34000;Café del día;10-12;Caribe;1
12294;F;36;20221122;73000;Chocolate Blanco Helado;16-18;Caribe;3
12295;M;56;20230410;82000;Flat White;10-12;Insular;5
12296;F;50;20211226;37000;Arequipe Latte;10-12;Caribe;5
12297;F;58;20240228;91000;Mocha Latte;16-18;Caribe;5
12298;F;83;20220719;86000;Mocha Blanco Latte;18-20;Caribe;4
12299;M;93;20240123;52000;Caramel Macchiato;10-12;Andina;2
12300;;18;20220824;65400;Espresso Doble;12-14;Orinoquía;4
12301;M;56;20190804;31000;Caramel Macchiato;16-18;Pacífica;4
12302;M;43;20230517;74000;Flat White;10-12;Orinoquía;2
12303;F;79;20221124;47000;Chocolate Caliente;16-18;Andina;4
12304;F;52;20221011;75000;Latte Macchiato;16-18;Pacífica;2
12305;M;49;20230602;96000;Arequipe Latte;14-16;Orinoquía;1
12306;F;35;20230811;60000;Americano;16-18;Andina;3
12307;F;73;20211030;74000;Espresso Sencillo;10-12;Orinoquía;3
12308;O;47;20230417;30000;Mocha Latte;10-12;Insular;2
12309;F;71;20231219;73000;Flat White;18-20;Andina;5
12310;M;48;20201111;71000;Chocolate Blanco;14-16;Orinoquía;1
12311;F;53;20221028;103000;Espresso Macchiato;18-20;Orinoquía;4
12312;F;50;20220713;85000;Espresso Doble;16-18;Orinoquía;2
12313;F;63;20220522;77000;Chocolate Blanco;16-18;Andina;2
12314;F;75;20230322;35000;Chocolate Blanco;18-20;Andina;1
12315;M;51;20231029;78000;Chocolate Blanco Helado;12-14;Pacífica;2
12316;M;51;20240101;70000;Chocolate Caliente;20-22;Pacífica;1
12317;F;79;20230618;78000;Chocolate Blanco Helado;16-18;Caribe;4
12318;;18;20221208;65400;Espresso Macchiato;18-20;Orinoquía;2
12319;M;64;20240528;32000;Chocolate Blanco;14-16;Insular;5
12320;M;69;20240424;96000;Chocolate Blanco Helado;12-14;Insular;1
12321;F;49;20230628;81000;Chocolate Blanco;10-12;Pacífica;2
12322;F;74;20230211;104000;Caramel Macchiato;16-18;Caribe;2
12323;F;53;20210912;83000;Flat White;18-20;Pacífica;5
12324;M;56;20210702;63000;Chocolate Blanco;14-16;Andina;2
12325;M;40;20230131;86000;Espresso Sencillo;16-18;Insular;5
12326;F;59;20240726;88000;Cappuccino;16-18;Andina;3
12327;F;55;20210730;87000;Chocolate Blanco;18-20;Caribe;3
12328;F;80;20230126;61000;Americano;18-20;Pacífica;4
12329;M;32;20240503;53000;Espresso Sencillo;18-20;Pacífica;2
12330;F;48;20230609;114000;Mocha Latte;12-14;Insular;3
12331;M;58;20231122;99000;Espresso Doble;10-12;Caribe;5
12332;M;79;20220711;76000;Chocolate Blanco;16-18;Andina;1
12333;;18;20240124;65400;Chocolate Blanco Helado;10-12;Insular;1
12334;M;37;20240223;67000;Chocolate Blanco;18-20;Pacífica;5
12335;M;69;20230107;67000;Latte;18-20;Pacífica;2
12336;M;70;20220827;59000;Mocha Latte;14-16;Pacífica;5
12337;M;66;20201021;66000;Cappuccino;12-14;Insular;1
12338;M;34;20220922;31000;Café del día;16-18;Caribe;2
12339;F;63;20230413;70000;Latte;18-20;Orinoquía;2
12340;;18;20231113;65400;Espresso Doble;16-18;Andina;1
12341;F;21;20240621;40000;Caramel Macchiato;18-20;Pacífica;2
12342;F;51;20230508;90000;Latte Macchiato;16-18;Insular;3
12343;;18;20230402;65400;Mocha Blanco Latte;14-16;Andina;5
12344;;18;20240324;65400;Espresso Sencillo;16-18;Caribe;3
12345;M;55;20230924;113000;Arequipe Latte;14-16;Andina;5
12346;F;47;20240505;59000;Caramel Macchiato;14-16;Orinoquía;4
12347;M;23;20200525;73000;Latte Macchiato;12-14;Insular;4
12348;M;46;20240531;78000;Cappuccino;12-14;Andina;5
12349;F;93;20230914;73000;Americano;18-20;Pacífica;4
12350;F;69;20220316;78000;Caramel Macchiato;14-16;Orinoquía;4
12351;F;58;20240705;50000;Chocolate Helado;20-22;Orinoquía;5
12352;F;55;20231201;76000;Chocolate Caliente;16-18;Pacífica;5
12353;F;43;20221122;36000;Cappuccino;18-20;Pacífica;2
12354;F;59;20240327;74000;Chocolate Blanco;10-12;Andina;4
12355;;18;20230322;65400;Espresso Macchiato;14-16;Andina;3
12356;F;51;20230104;58000;Mocha Blanco Latte;20-22;Insular;4
12357;M;43;20231002;64000;Espresso Doble;10-12;Caribe;1
12358;F;59;20231013;55000;Americano;18-20;Andina;4
12359;;18;20240419;65400;Cappuccino;14-16;Insular;3
12360;F;57;20230808;54000;Flat White;20-22;Andina;2
12361;M;23;20221223;69000;Chocolate Blanco;18-20;Pacífica;1
12362;F;70;20231129;72000;Chocolate Blanco Helado;18-20;Caribe;2
12363;F;62;20230531;62000;Espresso Sencillo;14-16;Insular;3
12364;M;64;20230723;57000;Chocolate Caliente;20-22;Pacífica;1
12365;F;87;20230315;47000;Latte;18-20;Insular;1
12366;F;69;20211216;50000;Espresso Macchiato;14-16;Pacífica;5
12367;M;46;20230421;61000;Chocolate Blanco;14-16;Pacífica;3
12368;M;18;20210831;67000;Caramel Macchiato;18-20;Pacífica;5
12369;F;94;20230326;85000;Americano;18-20;Pacífica;2
12370;M;31;20230923;54000;Arequipe Latte;14-16;Orinoquía;3
12371;F;61;20230709;88000;Chocolate Blanco Helado;10-12;Orinoquía;2
12372;M;58;20201030;60000;Arequipe Latte;12-14;Andina;4
12373;M;24;20231017;72000;Mocha Blanco Latte;16-18;Orinoquía;2
12374;M;52;20240629;67000;Chocolate Caliente;10-12;Pacífica;1
12375;F;53;20221029;61000;Latte Macchiato;16-18;Caribe;4
12376;M;45;20230621;49000;Espresso Doble;18-20;Insular;1
12377;M;26;20200924;68000;Chocolate Helado;20-22;Andina;3
12378;M;47;20230923;59000;Chocolate Blanco;18-20;Andina;4
12379;M;62;20240626;33000;Arequipe Latte;12-14;Pacífica;2
12380;F;58;20240111;62000;Espresso Sencillo;16-18;Insular;2
12381;M;50;20240107;60000;Chocolate Caliente;16-18;Orinoquía;3
12382;F;34;20240515;45000;Espresso Sencillo;14-16;Pacífica;3
12383;;18;20210910;65400;Chocolate Helado;10-12;Insular;1
12384;M;27;20240323;42000;Flat White;20-22;Insular;4
12385;F;53;20231113;94000;Americano;10-12;Orinoquía;4
12386;M;79;20230520;93000;Chocolate Caliente;16-18;Andina;4
12387;M;33;20230709;73000;Espresso Macchiato;20-22;Andina;2
12388;F;75;20220407;67000;Chocolate Blanco Helado;14-16;Orinoquía;1
12389;M;50;20210927;51000;Espresso Sencillo;12-14;Caribe;5
12390;M;30;20240223;71000;Latte;14-16;Pacífica;2
12391;M;62;20230926;30000;Mocha Latte;12-14;Orinoquía;2
12392;;18;20240630;65400;Mocha Latte;20-22;Insular;2
12393;F;86;20240428;99000;Latte;20-22;Andina;2
12394;M;58;20230501;57000;Espresso Doble;12-14;Orinoquía;2
12395;M;64;20230924;38000;Espresso Sencillo;10-12;Andina;3
12396;;18;20231019;65400;Latte;14-16;Andina;1
12397;F;60;20220422;90000;Espresso Doble;16-18;Andina;1
12398;F;65;20230805;73000;Chocolate Helado;14-16;Caribe;2
12399;M;54;20240121;35000;Arequipe Latte;20-22;Orinoquía;3
12400;F;59;20230915;36000;Chocolate Helado;10-12;Caribe;1
12401;F;52;20221111;108000;Espresso Doble;14-16;Pacífica;2
12402;M;66;20220804;52000;Espresso Macchiato;14-16;Caribe;5
12403;;18;20240303;65400;Arequipe Latte;16-18;Andina;5
12404;M;56;20211018;113000;Chocolate Blanco Helado;18-20;Andina;1
12405;F;86;20220828;75000;Mocha Latte;14-16;Insular;4
12406;M;33;20240125;45000;Café del día;18-20;Andina;3
12407;F;91;20221217;39000;Cappuccino;16-18;Pacífica;5
12408;F;43;20230325;31000;Caramel Macchiato;14-16;Insular;5
12409;M;40;20240130;40000;Chocolate Helado;10-12;Orinoquía;3
12410;;18;20230910;65400;Caramel Macchiato;10-12;Insular;4
12411;M;52;20230616;41000;Latte;14-16;Caribe;3
12412;F;58;20211211;71000;Latte Macchiato;10-12;Insular;2
12413;F;62;20220729;95000;Arequipe Latte;20-22;Andina;4
12414;F;61;20220704;112000;Espresso Sencillo;16-18;Pacífica;2
12415;F;67;20211123;50000;Espresso Macchiato;10-12;Pacífica;1
12416;M;30;20230729;31000;Chocolate Blanco;12-14;Insular;2
12417;M;24;20231116;35000;Café del día;10-12;Orinoquía;4
12418;F;42;20201210;81000;Chocolate Blanco;18-20;Andina;4
12419;F;43;20240129;72000;Café del día;10-12;Caribe;3
12420;M;56;20230825;50000;Espresso Sencillo;18-20;Andina;4
12421;F;53;20240724;41000;Mocha Blanco Latte;10-12;Orinoquía;4
12422;F;76;20240318;79000;Mocha Blanco Latte;20-22;Pacífica;5
12423;;18;20220627;65400;Café del día;12-14;Orinoquía;4
12424;M;38;20230411;71000;Cappuccino;16-18;Pacífica;2
12425;;18;20240305;65400;Cappuccino;12-14;Pacífica;1
12426;M;44;20230730;45000;Mocha Blanco Latte;20-22;Caribe;2
12427;F;59;20220509;112000;Café del día;18-20;Insular;4
12428;M;49;20231123;84000;Espresso Sencillo;12-14;Orinoquía;3
12429;F;47;20230920;48000;Americano;10-12;Orinoquía;3
12430;M;53;20230101;73000;Chocolate Caliente;16-18;Orinoquía;2
12431;F;51;20231108;72000;Arequipe Latte;18-20;Orinoquía;4
12432;;18;20210831;65400;Caramel Macchiato;12-14;Pacífica;4
12433;F;54;20220210;99000;Chocolate Helado;10-12;Insular;3
12434;F;43;20211016;51000;Chocolate Blanco;10-12;Pacífica;4
12435;M;78;20240414;36000;Espresso Sencillo;14-16;Insular;1
12436;F;28;20230708;50000;Cappuccino;14-16;Orinoquía;2
12437;M;59;20201027;51000;Espresso Macchiato;18-20;Andina;2
12438;F;48;20231205;90000;Chocolate Helado;18-20;Orinoquía;4
12439;F;60;20240511;100000;Caramel Macchiato;16-18;Andina;3
12440;M;58;20220716;61000;Chocolate Blanco;16-18;Andina;1
12441;M;24;20230709;59000;Mocha Blanco Latte;10-12;Andina;5
12442;M;55;20230404;67000;Espresso Sencillo;12-14;Insular;1
12443;F;57;20240328;99000;Espresso Sencillo;10-12;Caribe;4
12444;M;51;20230212;42000;Chocolate Helado;18-20;Pacífica;4
12445;M;45;20240503;42000;Mocha Latte;20-22;Orinoquía;1
12446;M;50;20211004;111000;Chocolate Blanco Helado;10-12;Caribe;5
12447;M;66;20240627;50000;Café del día;14-16;Pacífica;4
12448;F;48;20220201;85000;Espresso Sencillo;10-12;Orinoquía;1
12449;M;56;20200204;51000;Chocolate Blanco Helado;18-20;Pacífica;2
12450;F;53;20230330;85000;Chocolate Caliente;18-20;Orinoquía;5
12451;F;45;20231209;60000;Chocolate Blanco;14-16;Caribe;2
12452;F;33;20240119;67000;Latte;12-14;Insular;5
12453;F;70;20220710;57000;Latte;16-18;Pacífica;1
12454;F;65;20210809;34000;Café del día;18-20;Insular;2
12455;M;63;20231223;45000;Café del día;18-20;Andina;2
12456;M;70;20240121;76000;Chocolate Blanco;16-18;Caribe;5
12457;M;67;20211220;97000;Chocolate Blanco;10-12;Insular;2
12458;;18;20240313;65400;Cappuccino;10-12;Andina;5
12459;F;82;20240630;109000;Latte;10-12;Orinoquía;3
12460;M;58;20211019;68000;Espresso Macchiato;20-22;Insular;4
12461;M;68;20221229;60000;Mocha Latte;14-16;Pacífica;3
12462;F;73;20211128;74000;Americano;18-20;Orinoquía;3
12463;F;81;20201108;50000;Cappuccino;16-18;Pacífica;3
12464;F;64;20240524;61000;Latte;16-18;Pacífica;4
12465;F;67;20210909;81000;Cappuccino;20-22;Andina;1
12466;F;75;20231109;70000;Arequipe Latte;10-12;Caribe;4
12467;M;58;20240116;76000;Espresso Doble;20-22;Andina;1
12468;M;67;20240226;77000;Café del día;18-20;Andina;4
12469;M;21;20240320;31000;Chocolate Helado;16-18;Insular;3
12470;M;77;20221225;56000;Mocha Latte;10-12;Andina;1
12471;F;47;20210910;80000;Caramel Macchiato;10-12;Pacífica;3
12472;M;48;20240506;35000;Latte;12-14;Insular;3
12473;F;64;20231003;111000;Cappuccino;16-18;Orinoquía;1
12474;M;29;20230903;41000;Chocolate Blanco;16-18;Andina;4
12475;F;56;20240617;104000;Chocolate Blanco;18-20;Caribe;4
12476;M;59;20230820;44000;Chocolate Blanco;12-14;Orinoquía;3
12477;M;73;20240511;57000;Chocolate Blanco Helado;20-22;Pacífica;5
12478;F;42;20240722;33000;Arequipe Latte;20-22;Orinoquía;4
12479;F;91;20231225;118000;Latte Macchiato;12-14;Insular;2
12480;F;83;20230422;90000;Chocolate Helado;16-18;Caribe;4
12481;F;60;20220928;73000;Mocha Blanco Latte;18-20;Caribe;4
12482;M;40;20220624;74000;Espresso Sencillo;12-14;Insular;3
12483;F;49;20230318;100000;Chocolate Blanco Helado;14-16;Andina;5
12484;;18;20220727;65400;Americano;16-18;Insular;1
12485;F;60;20240317;70000;Chocolate Blanco Helado;14-16;Insular;5
12486;F;65;20231129;71000;Flat White;12-14;Caribe;2
12487;M;57;20220628;72000;Espresso Doble;12-14;Pacífica;4
12488;M;24;20230706;54000;Flat White;14-16;Pacífica;3
12489;F;81;20220313;40000;Americano;10-12;Andina;4
12490;F;51;20230404;55000;Chocolate Blanco;10-12;Insular;4
12491;M;73;20230711;84000;Americano;20-22;Orinoquía;1
12492;M;53;20240529;56000;Espresso Macchiato;12-14;Caribe;3
12493;F;68;20210805;108000;Caramel Macchiato;12-14;Andina;2
12494;M;48;20231019;96000;Chocolate Helado;12-14;Caribe;3
12495;M;81;20220928;85000;Espresso Doble;18-20;Pacífica;3
12496;F;75;20240425;87000;Chocolate Caliente;14-16;Andina;5
12497;F;36;20200909;70000;Café del día;12-14;Caribe;5
12498;M;48;20231122;40000;Americano;16-18;Caribe;2
12499;M;53;20231224;54000;Caramel Macchiato;16-18;Insular;5
12500;F;68;20240513;62000;Mocha Latte;16-18;Andina;2
12501;F;56;20211018;93000;Latte;12-14;Pacífica;5
12502;;18;20230520;65400;Espresso Sencillo;16-18;Andina;3
12503;M;87;20231108;45000;Chocolate Caliente;18-20;Orinoquía;1
12504;F;62;20220423;76000;Espresso Macchiato;14-16;Orinoquía;3
12505;F;62;20220126;98000;Espresso Macchiato;18-20;Orinoquía;4
12506;M;55;20231204;38000;Flat White;10-12;Pacífica;5
12507;M;57;20230812;90000;Chocolate Blanco;10-12;Pacífica;3
12508;F;45;20220101;69000;Café del día;10-12;Andina;2
12509;F;48;20230902;85000;Americano;10-12;Pacífica;5
12510;F;24;20210227;67000;Espresso Doble;20-22;Orinoquía;4
12511;M;59;20230812;63000;Mocha Blanco Latte;12-14;Orinoquía;3
12512;F;55;20221112;50000;Latte Macchiato;16-18;Pacífica;4
12513;;18;20231017;65400;Latte Macchiato;18-20;Insular;4
12514;F;82;20231201;65000;Espresso Doble;12-14;Andina;4
12515;;18;20220512;65400;Espresso Macchiato;18-20;Insular;3
12516;M;30;20220910;40000;Mocha Latte;18-20;Insular;1
12517;;18;20240619;65400;Chocolate Blanco;20-22;Caribe;3
12518;;18;20230416;65400;Mocha Blanco Latte;20-22;Insular;1
12519;F;72;20230730;49000;Latte Macchiato;14-16;Pacífica;2
12520;M;42;20220629;84000;Mocha Blanco Latte;16-18;Pacífica;3
12521;F;61;20221018;56000;Cappuccino;16-18;Insular;4
12522;;18;20211028;65400;Chocolate Caliente;18-20;Orinoquía;5
12523;F;65;20231212;46000;Chocolate Blanco Helado;12-14;Insular;5
12524;F;53;20240314;54000;Chocolate Helado;20-22;Pacífica;2
12525;;18;20231201;65400;Latte;10-12;Insular;1
12526;M;49;20211122;75000;Arequipe Latte;16-18;Caribe;3
12527;;18;20230707;65400;Latte Macchiato;18-20;Insular;4
12528;F;68;20231111;100000;Mocha Latte;10-12;Pacífica;3
12529;F;78;20211222;92000;Espresso Doble;18-20;Andina;2
12530;M;41;20240712;57000;Café del día;18-20;Orinoquía;3
12531;F;56;20220715;118000;Cappuccino;12-14;Andina;4
12532;M;49;20201002;62000;Latte;10-12;Orinoquía;2
12533;M;23;20230614;53000;Chocolate Caliente;10-12;Pacífica;4
12534;M;51;20231010;39000;Americano;16-18;Pacífica;2
12535;;18;20240624;65400;Cappuccino;16-18;Insular;4
12536;M;48;20200630;56000;Chocolate Blanco Helado;10-12;Andina;5
12537;M;44;20230802;64000;Espresso Doble;20-22;Orinoquía;2
12538;M;54;20220416;113000;Cappuccino;20-22;Andina;2
12539;M;83;20220103;99000;Chocolate Helado;12-14;Pacífica;1
12540;F;51;20240123;67000;Latte;18-20;Insular;2
12541;F;63;20231220;76000;Arequipe Latte;18-20;Insular;2
12542;;18;20200127;65400;Mocha Latte;14-16;Andina;4
12543;M;53;20231016;32000;Cappuccino;18-20;Caribe;2
12544;F;66;20220330;95000;Flat White;12-14;Pacífica;3
12545;F;87;20230315;62000;Espresso Doble;18-20;Caribe;4
12546;M;48;20240412;60000;Caramel Macchiato;16-18;Caribe;4
12547;M;69;20240117;83000;Espresso Sencillo;18-20;Andina;3
12548;F;67;20231029;61000;Chocolate Blanco Helado;20-22;Andina;4
12549;F;59;20221105;93000;Arequipe Latte;12-14;Pacífica;4
12550;M;41;20240603;88000;Arequipe Latte;20-22;Caribe;3
12551;;18;20230726;65400;Latte Macchiato;20-22;Caribe;4
12552;F;60;20240520;45000;Espresso Sencillo;16-18;Caribe;1
12553;M;62;20240104;71000;Chocolate Helado;18-20;Orinoquía;4
12554;F;54;20230713;30000;Cappuccino;12-14;Caribe;1
12555;M;62;20230912;44000;Chocolate Caliente;20-22;Insular;1
12556;;18;20230414;65400;Mocha Blanco Latte;20-22;Caribe;2
12557;M;64;20231017;65000;Chocolate Caliente;16-18;Andina;1
12558;F;33;20240517;44000;Mocha Latte;20-22;Orinoquía;4
12559;F;20;20231003;73000;Chocolate Blanco;16-18;Caribe;2
12560;F;49;20240726;50000;Mocha Latte;10-12;Orinoquía;5
12561;M;46;20190917;72000;Chocolate Blanco;14-16;Pacífica;2
12562;M;23;20231118;41000;Chocolate Blanco Helado;16-18;Insular;4
12563;M;71;20240107;33000;Flat White;10-12;Pacífica;5
12564;;18;20220321;65400;Espresso Sencillo;14-16;Pacífica;1
12565;;18;20210824;65400;Chocolate Helado;16-18;Insular;5
12566;M;72;20240202;67000;Latte Macchiato;12-14;Pacífica;2
12567;;18;20240305;65400;Chocolate Blanco Helado;20-22;Pacífica;5
12568;F;72;20240306;76000;Cappuccino;12-14;Andina;4
12569;F;56;20231009;30000;Arequipe Latte;18-20;Orinoquía;3
12570;;18;20211024;65400;Latte Macchiato;20-22;Pacífica;1
12571;F;90;20220801;57000;Cappuccino;20-22;Andina;1
12572;;18;20221021;65400;Café del día;10-12;Orinoquía;2
12573;M;53;20210528;56000;Chocolate Helado;14-16;Insular;3
12574;;18;20240105;65400;Latte Macchiato;12-14;Pacífica;5
12575;M;58;20240323;75000;Americano;12-14;Andina;4
12576;F;54;20230218;118000;Chocolate Helado;16-18;Insular;4
12577;F;39;20211009;99000;Mocha Latte;20-22;Caribe;3
12578;M;52;20240405;45000;Cappuccino;10-12;Insular;2
12579;M;57;20230912;101000;Latte;12-14;Caribe;3
12580;;18;20230213;65400;Caramel Macchiato;16-18;Andina;3
12581;M;47;20230828;73000;Latte;12-14;Insular;2
12582;M;73;20231115;32000;Chocolate Helado;14-16;Orinoquía;4
12583;M;51;20210227;68000;Chocolate Blanco;10-12;Orinoquía;2
12584;F;62;20230821;49000;Chocolate Helado;18-20;Pacífica;4
12585;;18;20220713;65400;Espresso Doble;14-16;Caribe;1
12586;F;33;20230806;37000;Mocha Latte;14-16;Andina;4
12587;M;68;20231227;39000;Espresso Macchiato;10-12;Pacífica;2
12588;M;57;20231114;109000;Mocha Blanco Latte;16-18;Caribe;1
12589;M;66;20230826;60000;Mocha Blanco Latte;14-16;Andina;3
12590;F;51;20231211;105000;Caramel Macchiato;18-20;Insular;2
12591;M;73;20231107;62000;Americano;10-12;Caribe;4
12592;M;58;20231026;108000;Arequipe Latte;18-20;Pacífica;2
12593;M;31;20190827;50000;Chocolate Blanco;12-14;Caribe;5
12594;M;41;20211114;69000;Mocha Latte;10-12;Pacífica;3
12595;F;55;20231215;113000;Chocolate Caliente;10-12;Pacífica;1
12596;M;62;20230802;54000;Chocolate Blanco;10-12;Insular;1
12597;M;69;20230713;57000;Latte;20-22;Orinoquía;3
12598;F;91;20230804;64000;Mocha Latte;20-22;Insular;3
12599;;18;20220223;65400;Chocolate Blanco Helado;18-20;Caribe;5
12600;F;94;20230128;44000;Chocolate Blanco Helado;10-12;Orinoquía;5
12601;M;54;20230118;71000;Americano;14-16;Caribe;5
12602;M;77;20240113;96000;Espresso Macchiato;16-18;Pacífica;1
12603;F;53;20231025;40000;Latte;10-12;Caribe;2
12604;F;52;20240219;78000;Caramel Macchiato;20-22;Orinoquía;3
12605;M;43;20211105;69000;Chocolate Caliente;20-22;Pacífica;2
12606;;18;20240427;65400;Flat White;20-22;Pacífica;1
12607;F;49;20231105;80000;Flat White;12-14;Caribe;2
12608;M;33;20231104;51000;Café del día;10-12;Caribe;2
12609;F;62;20220312;56000;Chocolate Blanco;16-18;Pacífica;2
12610;F;59;20221228;62000;Chocolate Helado;10-12;Pacífica;5
12611;F;49;20220418;83000;Mocha Latte;10-12;Orinoquía;3
12612;M;77;20231224;109000;Espresso Doble;18-20;Orinoquía;4
12613;M;47;20220324;37000;Mocha Blanco Latte;18-20;Pacífica;1
12614;;18;20221014;65400;Café del día;16-18;Orinoquía;1
12615;M;19;20240523;36000;Espresso Sencillo;18-20;Andina;5
12616;F;31;20230928;59000;Espresso Doble;18-20;Pacífica;1
12617;F;61;20240504;64000;Chocolate Caliente;14-16;Andina;4
12618;M;33;20201124;62000;Chocolate Helado;18-20;Orinoquía;2
12619;;18;20230929;65400;Espresso Macchiato;16-18;Caribe;2
12620;F;70;20240715;113000;Chocolate Caliente;20-22;Insular;1
12621;M;56;20240427;40000;Latte Macchiato;16-18;Caribe;3
12622;F;45;20200317;99000;Americano;14-16;Insular;3
12623;;18;20221215;65400;Espresso Sencillo;10-12;Andina;4
12624;M;50;20240604;38000;Chocolate Blanco Helado;16-18;Andina;4
12625;F;73;20230321;73000;Arequipe Latte;12-14;Caribe;3
12626;;18;20220409;65400;Mocha Latte;14-16;Pacífica;1
12627;F;71;20220216;117000;Americano;10-12;Orinoquía;1
12628;F;70;20230822;47000;Latte;10-12;Pacífica;3
12629;F;53;20230420;96000;Caramel Macchiato;20-22;Pacífica;5
12630;;18;20231005;65400;Espresso Macchiato;10-12;Orinoquía;4
12631;;18;20230711;65400;Café del día;18-20;Caribe;1
12632;M;20;20230630;72000;Cappuccino;10-12;Caribe;4
12633;M;61;20211102;79000;Flat White;12-14;Insular;3
12634;F;50;20230903;100000;Café del día;14-16;Caribe;1
12635;M;39;20230817;63000;Chocolate Blanco Helado;12-14;Andina;2
12636;M;18;20210730;68000;Latte;10-12;Caribe;1
12637;F;66;20230727;57000;Mocha Latte;12-14;Insular;1
12638;F;50;20240526;93000;Espresso Doble;16-18;Insular;5
12639;;18;20230728;65400;Latte Macchiato;10-12;Andina;4
12640;M;64;20230729;76000;Americano;14-16;Caribe;2
12641;;18;20240423;65400;Café del día;20-22;Pacífica;3
12642;F;56;20211209;74000;Cappuccino;18-20;Orinoquía;1
12643;O;54;20231109;52000;Chocolate Blanco;14-16;Orinoquía;3
12644;F;66;20231124;33000;Americano;12-14;Caribe;4
12645;M;53;20230820;45000;Espresso Macchiato;18-20;Andina;5
12646;F;51;20231213;71000;Chocolate Blanco;18-20;Orinoquía;1
12647;M;52;20240226;74000;Arequipe Latte;20-22;Insular;2
12648;F;52;20240630;80000;Espresso Doble;10-12;Pacífica;3
12649;M;92;20220929;106000;Chocolate Blanco;18-20;Insular;2
12650;M;26;20240510;53000;Chocolate Caliente;18-20;Caribe;5
12651;M;59;20220429;69000;Caramel Macchiato;10-12;Caribe;3
12652;M;55;20230425;35000;Espresso Sencillo;14-16;Andina;5
12653;M;57;20220709;61000;Latte Macchiato;14-16;Caribe;2
12654;M;62;20240114;60000;Espresso Doble;12-14;Orinoquía;1
12655;F;64;20221201;69000;Espresso Macchiato;14-16;Andina;4
12656;;18;20220803;65400;Cappuccino;14-16;Caribe;5
12657;F;61;20231214;56000;Espresso Sencillo;14-16;Orinoquía;1
12658;M;26;20231008;31000;Arequipe Latte;14-16;Caribe;2
12659;M;22;20210915;41000;Chocolate Caliente;20-22;Andina;5
12660;F;65;20211220;114000;Caramel Macchiato;20-22;Pacífica;2
12661;M;50;20210125;82000;Mocha Blanco Latte;14-16;Andina;5
12662;M;71;20240127;64000;Espresso Doble;10-12;Pacífica;5
12663;M;39;20240619;63000;Chocolate Helado;10-12;Andina;2
12664;F;40;20220228;42000;Chocolate Blanco;16-18;Caribe;2
12665;F;60;20230601;96000;Cappuccino;10-12;Caribe;1
12666;M;71;20210316;31000;Arequipe Latte;18-20;Andina;4
12667;M;46;20240511;65000;Chocolate Helado;16-18;Insular;3
12668;M;59;20211207;110000;Espresso Doble;16-18;Andina;4
12669;F;72;20210202;55000;Chocolate Blanco Helado;16-18;Pacífica;2
12670;M;53;20230916;33000;Latte Macchiato;10-12;Pacífica;1
12671;M;73;20230225;66000;Latte Macchiato;18-20;Andina;4
12672;M;23;20200225;39000;Espresso Macchiato;12-14;Orinoquía;5
12673;F;64;20240224;60000;Espresso Macchiato;20-22;Andina;4
12674;F;56;20240501;47000;Arequipe Latte;12-14;Insular;2
12675;M;57;20230821;55000;Espresso Macchiato;18-20;Pacífica;1
12676;M;64;20231105;55000;Arequipe Latte;20-22;Caribe;1
12677;F;39;20240512;37000;Flat White;20-22;Insular;3
12678;F;79;20230628;105000;Flat White;20-22;Caribe;1
12679;F;76;20221011;47000;Arequipe Latte;20-22;Orinoquía;1
12680;M;22;20240508;56000;Arequipe Latte;12-14;Pacífica;3
12681;M;39;20231224;37000;Espresso Sencillo;10-12;Orinoquía;2
12682;F;55;20240413;54000;Café del día;20-22;Insular;1
12683;M;28;20220119;37000;Caramel Macchiato;14-16;Andina;2
12684;M;51;20240119;84000;Chocolate Helado;18-20;Andina;5
12685;M;41;20220109;77000;Espresso Macchiato;18-20;Caribe;4
12686;M;74;20230629;80000;Chocolate Caliente;14-16;Pacífica;4
12687;M;35;20231224;60000;Chocolate Blanco Helado;14-16;Andina;1
12688;M;57;20231025;97000;Latte Macchiato;20-22;Andina;2
12689;O;68;20231211;43000;Cappuccino;20-22;Orinoquía;5
12690;M;79;20211007;66000;Chocolate Caliente;20-22;Insular;4
12691;F;62;20230828;97000;Latte Macchiato;12-14;Pacífica;4
12692;F;68;20230224;93000;Mocha Latte;18-20;Orinoquía;2
12693;F;39;20230909;32000;Flat White;12-14;Insular;3
12694;;18;20201111;65400;Americano;12-14;Orinoquía;4
12695;;18;20221216;65400;Espresso Macchiato;18-20;Orinoquía;3
12696;;18;20230928;65400;Espresso Sencillo;20-22;Andina;4
12697;M;44;20240116;89000;Americano;20-22;Orinoquía;1
12698;M;63;20200131;68000;Latte;16-18;Andina;3
12699;M;56;20240212;87000;Espresso Sencillo;14-16;Andina;2
12700;F;41;20230329;33000;Espresso Macchiato;16-18;Pacífica;3
12701;M;56;20211106;79000;Cappuccino;12-14;Insular;4
12702;M;66;20240125;56000;Arequipe Latte;18-20;Pacífica;1
12703;M;82;20240326;81000;Arequipe Latte;10-12;Pacífica;2
12704;F;44;20220407;64000;Espresso Sencillo;14-16;Caribe;2
12705;M;36;20220528;56000;Chocolate Caliente;16-18;Insular;4
12706;M;67;20190929;35000;Arequipe Latte;12-14;Andina;1
12707;M;55;20230806;58000;Latte;16-18;Insular;1
12708;F;58;20230220;81000;Espresso Macchiato;16-18;Insular;3
12709;F;82;20231214;82000;Cappuccino;14-16;Caribe;1
12710;M;25;20231025;34000;Caramel Macchiato;20-22;Caribe;2
12711;F;75;20231031;64000;Mocha Blanco Latte;14-16;Caribe;4
12712;M;53;20190822;74000;Latte Macchiato;12-14;Andina;3
12713;M;37;20231215;49000;Chocolate Blanco;14-16;Pacífica;1
12714;M;67;20220807;57000;Espresso Macchiato;14-16;Caribe;1
12715;F;26;20220830;44000;Chocolate Caliente;18-20;Andina;5
12716;F;65;20240502;72000;Chocolate Blanco Helado;14-16;Insular;2
12717;M;67;20231127;51000;Mocha Latte;20-22;Caribe;1
12718;F;23;20240427;73000;Chocolate Helado;16-18;Pacífica;3
12719;;18;20220924;65400;Caramel Macchiato;16-18;Andina;5
12720;M;86;20240615;66000;Cappuccino;18-20;Insular;2
12721;M;48;20200515;66000;Americano;18-20;Caribe;1
12722;F;59;20220407;68000;Cappuccino;16-18;Andina;4
12723;M;64;20210922;80000;Chocolate Caliente;12-14;Orinoquía;1
12724;M;55;20220307;34000;Flat White;16-18;Orinoquía;1
12725;F;88;20230221;80000;Flat White;10-12;Insular;4
12726;;18;20230301;65400;Chocolate Blanco;10-12;Pacífica;1
12727;F;64;20210130;60000;Espresso Doble;20-22;Orinoquía;2
12728;M;64;20231002;98000;Americano;18-20;Insular;5
12729;F;80;20231011;31000;Chocolate Helado;10-12;Pacífica;1
12730;M;77;20210930;81000;Arequipe Latte;20-22;Andina;2
12731;;18;20231129;65400;Mocha Latte;18-20;Andina;2
12732;;18;20240519;65400;Chocolate Blanco Helado;12-14;Insular;5
12733;M;32;20240325;32000;Arequipe Latte;16-18;Andina;5
12734;F;52;20231013;73000;Chocolate Helado;14-16;Andina;4
12735;M;61;20211205;31000;Chocolate Caliente;14-16;Pacífica;1
12736;M;57;20220103;83000;Latte Macchiato;12-14;Pacífica;5
12737;;18;20220324;65400;Mocha Latte;10-12;Insular;4
12738;M;76;20221215;54000;Chocolate Caliente;18-20;Orinoquía;1
12739;M;57;20240531;42000;Flat White;18-20;Andina;4
12740;M;20;20240705;72000;Latte Macchiato;18-20;Insular;3
12741;M;69;20231010;67000;Espresso Macchiato;16-18;Andina;1
12742;F;78;20240605;73000;Mocha Blanco Latte;14-16;Andina;4
12743;M;63;20240125;51000;Espresso Macchiato;14-16;Pacífica;1
12744;;18;20210828;65400;Flat White;20-22;Caribe;1
12745;O;39;20221117;89000;Chocolate Helado;10-12;Insular;1
12746;F;43;20220401;58000;Chocolate Blanco Helado;10-12;Caribe;4
12747;M;20;20240605;39000;Chocolate Blanco;20-22;Andina;5
12748;M;40;20230728;61000;Mocha Latte;20-22;Pacífica;4
12749;M;62;20220825;80000;Mocha Latte;16-18;Andina;5
12750;M;57;20240106;66000;Chocolate Caliente;16-18;Pacífica;2
12751;F;50;20230408;107000;Café del día;14-16;Andina;3
12752;F;54;20240624;79000;Flat White;16-18;Orinoquía;2
12753;;18;20211012;65400;Chocolate Caliente;12-14;Andina;4
12754;M;45;20221106;52000;Espresso Doble;16-18;Pacífica;5
12755;M;32;20210216;38000;Flat White;14-16;Pacífica;5
12756;M;54;20240325;36000;Caramel Macchiato;18-20;Orinoquía;4
12757;M;45;20231121;32000;Latte;16-18;Caribe;1
12758;M;62;20240419;116000;Americano;18-20;Orinoquía;1
12759;;18;20220817;65400;Flat White;10-12;Orinoquía;4
12760;M;61;20220608;36000;Mocha Latte;10-12;Orinoquía;3
12761;M;68;20240206;95000;Café del día;14-16;Caribe;2
12762;F;44;20221023;53000;Arequipe Latte;10-12;Insular;3
12763;M;66;20210905;39000;Mocha Blanco Latte;12-14;Caribe;2
12764;F;65;20230621;70000;Chocolate Blanco Helado;18-20;Orinoquía;5
12765;M;58;20240708;41000;Chocolate Blanco Helado;14-16;Caribe;1
12766;;18;20230502;65400;Cappuccino;18-20;Insular;2
12767;M;55;20200920;65000;Espresso Sencillo;18-20;Andina;1
12768;M;58;20230306;42000;Chocolate Blanco Helado;18-20;Caribe;5
12769;M;51;20200725;39000;Café del día;14-16;Pacífica;2
12770;F;56;20240614;40000;Arequipe Latte;14-16;Andina;5
12771;;18;20240125;65400;Americano;18-20;Pacífica;1
12772;F;21;20220819;45000;Flat White;16-18;Caribe;2
12773;F;65;20220118;74000;Latte Macchiato;10-12;Caribe;1
12774;;18;20211006;65400;Espresso Sencillo;14-16;Pacífica;1
12775;;18;20230702;65400;Latte;16-18;Andina;1
12776;F;40;20230801;61000;Café del día;10-12;Insular;2
12777;M;29;20240317;61000;Espresso Macchiato;14-16;Caribe;2
12778;M;68;20230910;31000;Chocolate Caliente;18-20;Caribe;5
12779;M;29;20231007;45000;Chocolate Helado;10-12;Pacífica;5
12780;F;27;20211222;65000;Arequipe Latte;18-20;Andina;3
12781;M;18;20231226;43000;Espresso Doble;16-18;Orinoquía;4
12782;M;73;20230725;97000;Espresso Sencillo;14-16;Andina;1
12783;M;42;20240708;47000;Arequipe Latte;18-20;Pacífica;1
12784;F;56;20240716;52000;Café del día;16-18;Andina;4
12785;;18;20221021;65400;Arequipe Latte;14-16;Pacífica;3
12786;;18;20240317;65400;Latte Macchiato;20-22;Andina;4
12787;M;67;20230313;71000;Chocolate Helado;18-20;Caribe;3
12788;M;60;20230904;52000;Mocha Blanco Latte;20-22;Andina;4
12789;F;57;20211104;75000;Cappuccino;10-12;Caribe;3
12790;F;91;20220215;74000;Chocolate Helado;16-18;Andina;2
12791;M;56;20221019;52000;Latte Macchiato;12-14;Andina;5
12792;F;64;20231030;73000;Chocolate Blanco Helado;16-18;Andina;3
12793;;18;20220301;65400;Flat White;14-16;Orinoquía;4
12794;M;55;20231025;45000;Chocolate Blanco Helado;10-12;Pacífica;2
12795;M;95;20240725;51000;Chocolate Caliente;20-22;Insular;3
12796;;18;20231207;65400;Americano;20-22;Caribe;2
12797;F;53;20240228;72000;Arequipe Latte;12-14;Caribe;5
12798;M;26;20200811;45000;Latte Macchiato;16-18;Pacífica;4
12799;M;48;20230901;47000;Chocolate Blanco Helado;16-18;Insular;1
12800;M;71;20231215;68000;Latte;16-18;Insular;1
12801;M;53;20230406;118000;Chocolate Helado;10-12;Orinoquía;3
12802;M;53;20231105;74000;Flat White;14-16;Insular;2
12803;M;67;20231123;53000;Americano;16-18;Insular;4
12804;F;72;20240603;56000;Mocha Blanco Latte;18-20;Orinoquía;2
12805;;18;20231027;65400;Espresso Sencillo;18-20;Orinoquía;4
12806;M;35;20220326;66000;Chocolate Blanco Helado;20-22;Caribe;4
12807;M;48;20210216;43000;Flat White;14-16;Pacífica;4
12808;M;54;20240626;82000;Café del día;14-16;Caribe;3
12809;M;45;20230620;63000;Chocolate Helado;16-18;Andina;1
12810;M;61;20240214;37000;Cappuccino;20-22;Caribe;4
12811;M;81;20240214;63000;Mocha Blanco Latte;10-12;Caribe;5
12812;F;47;20230730;70000;Espresso Sencillo;20-22;Caribe;3
12813;M;71;20231212;74000;Latte Macchiato;16-18;Insular;4
12814;F;64;20220507;61000;Chocolate Caliente;16-18;Insular;1
12815;M;62;20240124;85000;Espresso Macchiato;18-20;Caribe;4
12816;F;37;20231219;46000;Espresso Macchiato;16-18;Andina;2
12817;F;68;20230419;42000;Arequipe Latte;16-18;Andina;3
12818;M;31;20231122;63000;Mocha Latte;12-14;Andina;3
12819;M;58;20231126;55000;Chocolate Caliente;16-18;Insular;1
12820;M;74;20230510;96000;Arequipe Latte;20-22;Orinoquía;4
12821;M;64;20210915;70000;Chocolate Blanco;14-16;Orinoquía;5
12822;M;70;20240112;99000;Americano;10-12;Insular;2
12823;;18;20220715;65400;Chocolate Blanco Helado;16-18;Insular;2
12824;F;52;20211029;85000;Espresso Doble;20-22;Caribe;4
12825;M;25;20220512;47000;Caramel Macchiato;10-12;Andina;4
12826;M;55;20231114;81000;Espresso Macchiato;16-18;Caribe;3
12827;M;51;20240717;56000;Café del día;16-18;Pacífica;3
12828;M;38;20210530;37000;Chocolate Caliente;12-14;Insular;5
12829;M;52;20240509;75000;Latte;18-20;Orinoquía;3
12830;F;29;20230926;31000;Arequipe Latte;10-12;Orinoquía;1
12831;F;63;20220214;71000;Cappuccino;10-12;Caribe;5
12832;F;78;20220620;112000;Chocolate Blanco;16-18;Caribe;4
12833;F;85;20230226;112000;Arequipe Latte;20-22;Orinoquía;3
12834;M;51;20231108;58000;Espresso Macchiato;12-14;Insular;2
12835;F;92;20221025;41000;Espresso Doble;20-22;Pacífica;3
12836;F;56;20220915;108000;Chocolate Caliente;14-16;Insular;3
12837;F;59;20231111;81000;Chocolate Blanco Helado;20-22;Orinoquía;5
12838;M;67;20240609;113000;Chocolate Blanco Helado;14-16;Caribe;2
12839;;18;20240427;65400;Mocha Latte;10-12;Orinoquía;4
12840;F;33;20230802;40000;Latte;18-20;Andina;2
12841;M;33;20240405;37000;Chocolate Helado;18-20;Andina;2
12842;M;52;20230925;34000;Arequipe Latte;20-22;Insular;5
12843;O;55;20230803;33000;Mocha Blanco Latte;14-16;Insular;1
12844;F;27;20240223;36000;Chocolate Caliente;10-12;Orinoquía;4
12845;M;24;20230628;60000;Arequipe Latte;16-18;Pacífica;3
12846;F;19;20231223;41000;Latte Macchiato;10-12;Orinoquía;1
12847;;18;20211121;65400;Caramel Macchiato;12-14;Insular;5
12848;F;53;20211127;66000;Latte Macchiato;16-18;Pacífica;3
12849;M;32;20200402;68000;Chocolate Caliente;10-12;Andina;2
12850;F;57;20230617;75000;Cappuccino;12-14;Insular;3
12851;M;64;20200424;80000;Latte;20-22;Orinoquía;1
12852;F;83;20190819;51000;Flat White;16-18;Caribe;2
12853;M;80;20200126;89000;Chocolate Caliente;18-20;Insular;4
12854;M;50;20230730;59000;Espresso Sencillo;18-20;Caribe;5
12855;M;70;20220320;37000;Flat White;20-22;Caribe;2
12856;F;48;20240506;41000;Caramel Macchiato;12-14;Caribe;2
12857;F;71;20211014;31000;Americano;18-20;Andina;2
12858;M;78;20230607;50000;Latte Macchiato;20-22;Pacífica;4
12859;M;55;20240130;67000;Chocolate Helado;12-14;Caribe;1
12860;F;29;20240104;43000;Chocolate Blanco;20-22;Andina;5
12861;;18;20230822;65400;Flat White;14-16;Orinoquía;5
12862;F;80;20240112;73000;Chocolate Caliente;12-14;Pacífica;1
12863;F;73;20220921;57000;Latte Macchiato;18-20;Orinoquía;5
12864;F;43;20220516;66000;Latte;18-20;Pacífica;1
12865;M;31;20240222;38000;Latte Macchiato;18-20;Caribe;3
12866;;18;20240621;65400;Americano;12-14;Caribe;3
12867;F;70;20231009;42000;Chocolate Blanco Helado;10-12;Pacífica;4
12868;F;84;20231014;74000;Latte;10-12;Insular;2
12869;;18;20220831;65400;Espresso Macchiato;14-16;Caribe;1
12870;;18;20240723;65400;Latte;14-16;Caribe;1
12871;M;44;20240620;58000;Chocolate Helado;16-18;Pacífica;1
12872;;18;20240705;65400;Mocha Latte;10-12;Andina;1
12873;F;34;20230722;37000;Chocolate Helado;14-16;Caribe;5
12874;F;61;20230930;64000;Espresso Macchiato;14-16;Pacífica;2
12875;F;84;20220806;62000;Latte Macchiato;14-16;Insular;5
12876;F;87;20210829;86000;Latte;14-16;Andina;3
12877;F;40;20231103;53000;Caramel Macchiato;20-22;Andina;4
12878;F;41;20211006;39000;Mocha Latte;10-12;Pacífica;1
12879;F;53;20230318;71000;Mocha Blanco Latte;12-14;Insular;4
12880;;18;20221004;65400;Mocha Blanco Latte;14-16;Insular;1
12881;;18;20231206;65400;Mocha Blanco Latte;20-22;Orinoquía;5
12882;M;51;20231123;41000;Americano;10-12;Orinoquía;2
12883;M;53;20210716;50000;Latte Macchiato;18-20;Andina;1
12884;F;74;20211216;94000;Café del día;16-18;Orinoquía;3
12885;M;27;20231222;73000;Espresso Doble;18-20;Andina;3
12886;F;21;20220623;44000;Arequipe Latte;12-14;Orinoquía;2
12887;M;37;20220717;72000;Mocha Blanco Latte;20-22;Pacífica;4
12888;M;57;20220618;111000;Espresso Sencillo;16-18;Insular;1
12889;F;65;20231029;120000;Espresso Doble;20-22;Orinoquía;4
12890;O;89;20220909;81000;Café del día;18-20;Orinoquía;4
12891;M;79;20231124;39000;Espresso Macchiato;10-12;Andina;4
12892;F;37;20221107;52000;Mocha Blanco Latte;20-22;Orinoquía;1
12893;M;51;20240223;43000;Mocha Latte;14-16;Orinoquía;3
12894;M;40;20240115;41000;Flat White;12-14;Pacífica;3
12895;M;60;20231209;100000;Café del día;16-18;Insular;4
12896;F;27;20240126;62000;Latte;18-20;Insular;4
12897;M;43;20240122;72000;Café del día;12-14;Orinoquía;2
12898;M;53;20221117;49000;Espresso Doble;20-22;Caribe;4
12899;M;33;20230123;50000;Flat White;12-14;Pacífica;5
12900;M;36;20240326;60000;Latte;12-14;Insular;1
12901;F;66;20230715;74000;Mocha Blanco Latte;20-22;Caribe;3
12902;M;85;20240726;45000;Chocolate Blanco Helado;14-16;Andina;1
12903;M;23;20230501;36000;Latte Macchiato;12-14;Insular;3
12904;F;81;20230830;36000;Mocha Latte;20-22;Orinoquía;4
12905;M;75;20240127;42000;Espresso Sencillo;12-14;Andina;1
12906;M;59;20220502;98000;Flat White;16-18;Andina;5
12907;F;72;20220709;87000;Arequipe Latte;16-18;Insular;5
12908;F;54;20230507;86000;Caramel Macchiato;14-16;Orinoquía;5
12909;;18;20240502;65400;Mocha Latte;10-12;Insular;4
12910;M;58;20230929;82000;Café del día;16-18;Andina;5
12911;F;52;20230312;88000;Flat White;18-20;Andina;2
12912;F;48;20230806;93000;Café del día;20-22;Pacífica;5
12913;F;61;20220808;105000;Flat White;12-14;Caribe;1
12914;F;89;20220331;82000;Espresso Sencillo;12-14;Caribe;3
12915;F;72;20220125;72000;Latte Macchiato;10-12;Orinoquía;1
12916;F;67;20240625;74000;Caramel Macchiato;10-12;Pacífica;3
12917;M;67;20201229;64000;Chocolate Blanco;18-20;Pacífica;2
12918;M;42;20240522;42000;Americano;10-12;Caribe;2
12919;F;81;20211227;89000;Americano;14-16;Andina;1
12920;M;91;20230425;59000;Espresso Doble;14-16;Orinoquía;2
12921;F;59;20220411;74000;Chocolate Helado;18-20;Orinoquía;2
12922;M;67;20230222;71000;Espresso Sencillo;14-16;Caribe;2
12923;;18;20230617;65400;Espresso Sencillo;18-20;Pacífica;5
12924;M;74;20240302;43000;Caramel Macchiato;12-14;Caribe;4
12925;F;53;20211216;76000;Arequipe Latte;18-20;Pacífica;4
12926;M;53;20230624;80000;Americano;18-20;Insular;5
12927;F;80;20240416;105000;Espresso Macchiato;14-16;Pacífica;5
12928;M;53;20240315;54000;Mocha Latte;12-14;Caribe;4
12929;F;76;20240411;52000;Espresso Macchiato;16-18;Insular;4
12930;M;71;20240324;50000;Café del día;20-22;Orinoquía;1
12931;F;75;20231102;89000;Espresso Macchiato;12-14;Orinoquía;4
12932;M;51;20211026;66000;Chocolate Blanco Helado;14-16;Insular;2
12933;M;88;20231025;49000;Americano;12-14;Orinoquía;3
12934;M;37;20240423;97000;Cappuccino;14-16;Orinoquía;4
12935;M;47;20231207;43000;Café del día;10-12;Andina;5
12936;M;57;20240116;62000;Chocolate Helado;10-12;Pacífica;3
12937;M;19;20240219;74000;Americano;12-14;Orinoquía;1
12938;M;85;20231110;79000;Caramel Macchiato;20-22;Andina;4
12939;M;90;20240622;108000;Espresso Doble;10-12;Orinoquía;5
12940;F;57;20220813;40000;Chocolate Helado;12-14;Pacífica;4
12941;M;49;20200527;71000;Chocolate Caliente;16-18;Pacífica;5
12942;M;70;20230921;42000;Arequipe Latte;10-12;Orinoquía;4
12943;M;70;20230407;48000;Mocha Blanco Latte;12-14;Insular;3
12944;M;35;20240318;42000;Chocolate Caliente;18-20;Pacífica;2
12945;M;61;20240423;73000;Caramel Macchiato;14-16;Orinoquía;2
12946;M;43;20240208;36000;Chocolate Blanco;20-22;Caribe;3
12947;M;18;20210914;60000;Caramel Macchiato;14-16;Insular;4
12948;F;52;20220412;114000;Mocha Latte;12-14;Andina;4
12949;M;67;20230916;37000;Espresso Doble;12-14;Caribe;4
12950;;18;20220706;65400;Mocha Latte;16-18;Pacífica;1
12951;M;59;20211208;48000;Cappuccino;18-20;Caribe;1
12952;;18;20231014;65400;Chocolate Caliente;20-22;Andina;4
12953;F;84;20221024;64000;Chocolate Blanco Helado;10-12;Andina;2
12954;M;57;20230607;47000;Chocolate Caliente;14-16;Insular;1
12955;F;58;20240329;60000;Chocolate Blanco;18-20;Caribe;2
12956;M;65;20220127;34000;Latte;16-18;Pacífica;2
12957;M;94;20231025;110000;Chocolate Caliente;10-12;Caribe;5
12958;M;39;20220503;44000;Espresso Doble;12-14;Andina;3
12959;M;48;20240628;40000;Latte Macchiato;12-14;Pacífica;5
12960;;18;20240401;65400;Latte Macchiato;20-22;Pacífica;4
12961;M;48;20211002;31000;Caramel Macchiato;10-12;Pacífica;2
12962;M;47;20220529;93000;Chocolate Blanco;10-12;Caribe;5
12963;M;24;20240207;53000;Latte Macchiato;10-12;Orinoquía;1
12964;M;53;20231008;46000;Cappuccino;12-14;Caribe;1
12965;M;40;20210224;91000;Cappuccino;16-18;Andina;2
12966;M;18;20240411;55000;Café del día;18-20;Andina;2
12967;F;67;20221105;91000;Americano;14-16;Caribe;4
12968;M;64;20240125;95000;Mocha Blanco Latte;12-14;Insular;4
12969;M;63;20200419;51000;Arequipe Latte;18-20;Orinoquía;4
12970;M;48;20240504;77000;Arequipe Latte;10-12;Pacífica;5
12971;F;50;20230817;65000;Latte;12-14;Insular;5
12972;M;56;20240115;76000;Arequipe Latte;20-22;Orinoquía;4
12973;M;18;20230705;54000;Espresso Macchiato;12-14;Orinoquía;3
12974;F;31;20220403;60000;Chocolate Blanco Helado;18-20;Caribe;1
12975;F;41;20240101;37000;Café del día;14-16;Andina;3
12976;M;59;20240301;94000;Chocolate Caliente;18-20;Pacífica;3
12977;M;53;20220603;55000;Mocha Blanco Latte;14-16;Andina;5
12978;M;20;20231203;67000;Espresso Doble;12-14;Pacífica;1
12979;F;75;20240329;66000;Chocolate Caliente;14-16;Orinoquía;1
12980;F;32;20220303;48000;Espresso Macchiato;20-22;Caribe;2
12981;M;28;20230317;38000;Chocolate Caliente;18-20;Orinoquía;5
12982;M;44;20190908;59000;Espresso Macchiato;14-16;Caribe;2
12983;M;48;20211024;93000;Chocolate Helado;18-20;Insular;3
12984;O;66;20211109;70000;Americano;16-18;Pacífica;4
12985;M;58;20240422;40000;Mocha Latte;12-14;Orinoquía;4
12986;F;50;20210824;84000;Mocha Blanco Latte;10-12;Insular;5
12987;;18;20210927;65400;Mocha Latte;16-18;Caribe;1
12988;M;56;20231214;76000;Chocolate Helado;14-16;Andina;3
12989;M;23;20240405;37000;Latte Macchiato;14-16;Andina;4
12990;M;46;20190921;56000;Espresso Macchiato;20-22;Orinoquía;4
12991;F;65;20220813;84000;Chocolate Helado;16-18;Caribe;2
12992;O;53;20200629;70000;Latte;14-16;Caribe;1
12993;F;87;20210803;61000;Espresso Macchiato;12-14;Andina;3
12994;M;47;20230615;75000;Caramel Macchiato;12-14;Andina;4
12995;F;65;20220529;73000;Chocolate Blanco;16-18;Andina;5
12996;M;53;20230702;56000;Chocolate Caliente;10-12;Orinoquía;4
12997;F;57;20240617;115000;Chocolate Blanco;20-22;Insular;4
12998;F;93;20240228;38000;Espresso Sencillo;14-16;Orinoquía;1
12999;F;58;20231223;92000;Latte;20-22;Caribe;2
13000;M;70;20190829;92000;Mocha Blanco Latte;16-18;Insular;4
13001;F;81;20231212;69000;Espresso Sencillo;12-14;Andina;1
13002;M;63;20240622;117000;Mocha Blanco Latte;12-14;Pacífica;5
13003;M;32;20220623;31000;Arequipe Latte;16-18;Andina;3
13004;F;66;20210916;88000;Americano;18-20;Pacífica;5
13005;;18;20220314;65400;Americano;14-16;Pacífica;5
13006;M;27;20230830;31000;Chocolate Blanco;12-14;Caribe;2
13007;F;22;20230402;53000;Americano;14-16;Orinoquía;5
13008;;18;20240612;65400;Chocolate Blanco Helado;12-14;Pacífica;4
13009;M;53;20240226;50000;Espresso Doble;10-12;Pacífica;3
13010;F;45;20240318;48000;Espresso Sencillo;18-20;Pacífica;2
13011;M;32;20230420;45000;Latte;18-20;Pacífica;3
13012;M;24;20240522;56000;Espresso Macchiato;18-20;Orinoquía;5
13013;M;59;20220310;60000;Latte;18-20;Caribe;2
13014;M;42;20230813;50000;Cappuccino;14-16;Insular;4
13015;M;59;20200705;40000;Mocha Latte;10-12;Orinoquía;4
13016;M;29;20240119;45000;Espresso Macchiato;12-14;Pacífica;3
13017;M;44;20240629;54000;Mocha Latte;20-22;Caribe;4
13018;F;59;20200617;55000;Cappuccino;16-18;Insular;2
13019;M;75;20230303;110000;Flat White;10-12;Andina;5
13020;M;43;20231004;47000;Chocolate Blanco;10-12;Caribe;4
13021;M;34;20240116;50000;Chocolate Helado;12-14;Insular;2
13022;M;60;20230718;83000;Café del día;10-12;Orinoquía;2
13023;M;69;20240601;54000;Espresso Doble;10-12;Caribe;2
13024;M;54;20240116;55000;Chocolate Caliente;10-12;Insular;2
13025;F;60;20230315;86000;Latte;16-18;Orinoquía;1
13026;M;33;20191026;74000;Espresso Macchiato;16-18;Caribe;1
13027;F;52;20231026;58000;Chocolate Caliente;10-12;Orinoquía;5
13028;M;74;20231112;89000;Espresso Doble;18-20;Andina;1
13029;M;55;20231217;62000;Espresso Sencillo;10-12;Andina;3
13030;M;59;20231212;32000;Americano;20-22;Pacífica;2
13031;M;58;20240109;76000;Cappuccino;20-22;Andina;2
13032;F;66;20240429;46000;Café del día;14-16;Caribe;3
13033;M;29;20231121;38000;Americano;14-16;Andina;5
13034;M;45;20220817;53000;Caramel Macchiato;14-16;Andina;1
13035;M;49;20240120;51000;Mocha Latte;18-20;Caribe;5
13036;M;58;20220502;110000;Latte;16-18;Pacífica;2
13037;F;44;20230729;47000;Chocolate Helado;10-12;Andina;4
13038;F;67;20240314;95000;Arequipe Latte;10-12;Caribe;1
13039;;18;20210927;65400;Chocolate Caliente;16-18;Pacífica;1
13040;;18;20210827;65400;Chocolate Blanco Helado;12-14;Insular;1
13041;M;58;20240212;89000;Espresso Sencillo;16-18;Andina;2
13042;F;73;20240306;60000;Flat White;10-12;Insular;4
13043;M;55;20240611;54000;Espresso Doble;18-20;Orinoquía;4
13044;;18;20220721;65400;Flat White;12-14;Caribe;1
13045;F;66;20240701;95000;Espresso Macchiato;14-16;Insular;1
13046;;18;20230922;65400;Latte;12-14;Orinoquía;4
13047;F;75;20240226;31000;Latte Macchiato;16-18;Pacífica;3
13048;M;44;20240406;37000;Cappuccino;16-18;Orinoquía;4
13049;M;58;20230226;39000;Espresso Sencillo;16-18;Insular;1
13050;F;73;20240501;65000;Espresso Sencillo;12-14;Orinoquía;3
13051;M;26;20220619;66000;Chocolate Blanco Helado;12-14;Orinoquía;3
13052;M;54;20240217;53000;Espresso Macchiato;18-20;Pacífica;3
13053;F;60;20240414;64000;Latte;16-18;Insular;1
13054;F;28;20231119;66000;Espresso Doble;20-22;Pacífica;1
13055;F;72;20221129;115000;Latte Macchiato;10-12;Caribe;3
13056;M;53;20190809;67000;Latte Macchiato;10-12;Insular;4
13057;;31;20231105;65400;Espresso Doble;20-22;Andina;5
13058;F;79;20240113;96000;Mocha Blanco Latte;12-14;Pacífica;3
13059;;31;20240529;65400;Caramel Macchiato;14-16;Insular;5
13060;M;67;20210617;71000;Flat White;20-22;Pacífica;3
13061;M;54;20240511;60000;Chocolate Helado;16-18;Caribe;5
13062;F;64;20210806;66000;Caramel Macchiato;18-20;Caribe;1
13063;F;94;20211003;84000;Café del día;10-12;Caribe;5
13064;;31;20220117;65400;Chocolate Caliente;14-16;Orinoquía;4
13065;F;59;20231128;52000;Latte Macchiato;20-22;Orinoquía;3
13066;F;83;20240105;99000;Espresso Doble;20-22;Pacífica;3
13067;F;59;20210905;52000;Cappuccino;18-20;Orinoquía;4
13068;F;78;20240726;55000;Mocha Blanco Latte;14-16;Insular;1
13069;F;67;20211022;60000;Latte;10-12;Orinoquía;1
13070;F;54;20220805;50000;Latte;16-18;Pacífica;3
13071;M;49;20220321;32000;Espresso Doble;12-14;Orinoquía;3
13072;O;59;20230723;40000;Americano;20-22;Insular;5
13073;M;48;20231015;36000;Caramel Macchiato;12-14;Andina;1
13074;;31;20240519;65400;Chocolate Caliente;10-12;Insular;4
13075;M;31;20240607;67000;Mocha Blanco Latte;12-14;Andina;3
13076;M;66;20211001;50000;Chocolate Caliente;18-20;Orinoquía;4
13077;M;56;20231209;47000;Cappuccino;18-20;Pacífica;4
13078;M;56;20221014;70000;Espresso Macchiato;18-20;Pacífica;3
13079;M;31;20240103;32000;Espresso Macchiato;20-22;Caribe;1
13080;M;39;20240125;55000;Arequipe Latte;16-18;Insular;5
13081;M;55;20220529;55000;Espresso Sencillo;20-22;Orinoquía;1
13082;F;55;20210724;57000;Chocolate Blanco;16-18;Pacífica;3
13083;F;64;20211024;95000;Chocolate Blanco;10-12;Caribe;1
13084;F;62;20221227;91000;Flat White;14-16;Pacífica;2
13085;F;45;20210924;53000;Espresso Macchiato;14-16;Insular;2
13086;F;64;20230822;70000;Caramel Macchiato;20-22;Caribe;3
13087;M;72;20231208;50000;Espresso Sencillo;18-20;Caribe;1
13088;M;72;20220612;71000;Chocolate Blanco Helado;18-20;Andina;3
13089;F;50;20220604;111000;Chocolate Blanco Helado;10-12;Insular;2
13090;F;64;20231014;63000;Flat White;20-22;Pacífica;3
13091;M;45;20231025;48000;Espresso Sencillo;14-16;Andina;1
13092;F;38;20220905;36000;Americano;16-18;Insular;4
13093;M;41;20240517;85000;Americano;20-22;Insular;5
13094;M;59;20230525;48000;Café del día;14-16;Andina;5
13095;;31;20231002;65400;Cappuccino;10-12;Orinoquía;5
13096;M;32;20210124;37000;Mocha Blanco Latte;14-16;Caribe;1
13097;M;76;20200419;64000;Americano;14-16;Pacífica;5
13098;;31;20230819;65400;Arequipe Latte;12-14;Andina;5
13099;M;56;20200922;80000;Chocolate Helado;16-18;Insular;5
13100;F;28;20220217;43000;Mocha Blanco Latte;10-12;Pacífica;5
13101;M;67;20230216;98000;Chocolate Blanco;16-18;Caribe;4
13102;F;71;20220617;103000;Arequipe Latte;10-12;Caribe;1
13103;M;36;20230808;31000;Espresso Doble;12-14;Orinoquía;2
13104;;31;20220628;65400;Cappuccino;10-12;Insular;5
13105;F;72;20211204;55000;Espresso Macchiato;16-18;Insular;4
13106;;31;20240124;65400;Espresso Doble;12-14;Orinoquía;5
13107;M;76;20191230;53000;Americano;12-14;Insular;2
13108;M;91;20200418;58000;Americano;10-12;Orinoquía;3
13109;F;37;20230315;53000;Latte Macchiato;12-14;Insular;4
13110;M;50;20240324;81000;Espresso Macchiato;18-20;Insular;2
13111;M;25;20210615;52000;Espresso Sencillo;14-16;Insular;1
13112;F;62;20231212;58000;Cappuccino;14-16;Caribe;2
13113;F;65;20230609;119000;Chocolate Blanco Helado;20-22;Caribe;1
13114;M;69;20240412;73000;Caramel Macchiato;12-14;Insular;1
13115;F;37;20220211;79000;Flat White;18-20;Pacífica;2
13116;M;56;20230925;32000;Espresso Doble;10-12;Caribe;5
13117;M;56;20230831;73000;Americano;20-22;Pacífica;2
13118;O;60;20240515;72000;Caramel Macchiato;14-16;Insular;2
13119;F;79;20240712;64000;Chocolate Blanco;20-22;Orinoquía;2
13120;F;100;20230507;71000;Café del día;16-18;Pacífica;3
13121;M;40;20231002;72000;Latte Macchiato;12-14;Insular;1
13122;F;85;20231224;89000;Latte;16-18;Pacífica;3
13123;F;51;20220804;49000;Chocolate Caliente;18-20;Pacífica;3
13124;M;24;20231222;64000;Arequipe Latte;12-14;Pacífica;1
13125;;31;20240125;65400;Flat White;20-22;Andina;4
13126;F;60;20231215;84000;Café del día;10-12;Caribe;2
13127;M;66;20231116;31000;Mocha Blanco Latte;14-16;Insular;1
13128;M;33;20231104;74000;Mocha Blanco Latte;18-20;Pacífica;5
13129;F;63;20221217;103000;Americano;20-22;Pacífica;2
13130;M;57;20220918;52000;Latte;18-20;Insular;2
13131;M;86;20220190;97000;Latte Macchiato;12-14;Orinoquía;4
13132;M;37;20220404;74000;Espresso Doble;14-16;Pacífica;2
13133;M;38;20230708;56000;Espresso Doble;10-12;Orinoquía;2
13134;M;49;20210531;43000;Chocolate Blanco Helado;14-16;Andina;3
13135;F;36;20230824;38000;Mocha Blanco Latte;20-22;Insular;4
13136;;31;20240201;65400;Espresso Sencillo;14-16;Caribe;2
13137;;31;20231023;65400;Chocolate Caliente;20-22;Andina;2
13138;;31;20230728;65400;Espresso Sencillo;12-14;Andina;5
13139;M;28;20200208;53000;Mocha Blanco Latte;20-22;Insular;1
13140;;31;20230811;65400;Chocolate Blanco;10-12;Orinoquía;4
13141;M;62;20231019;37000;Americano;16-18;Andina;5
13142;M;63;20221213;50000;Café del día;18-20;Orinoquía;1
13143;M;57;20240502;34000;Espresso Macchiato;20-22;Orinoquía;3
13144;M;63;20240725;56000;Chocolate Blanco;16-18;Orinoquía;4
13145;M;30;20230822;32000;Mocha Blanco Latte;18-20;Andina;2
13146;F;49;20231027;32000;Chocolate Helado;16-18;Andina;2
13147;M;48;20220202;93000;Chocolate Helado;16-18;Caribe;5
13148;M;84;20220191;57000;Chocolate Caliente;10-12;Andina;3
13149;;31;20230829;65400;Americano;10-12;Pacífica;3
13150;M;33;20220128;30000;Espresso Doble;20-22;Andina;4
13151;F;67;20221226;71000;Caramel Macchiato;12-14;Insular;2
13152;;31;20240618;65400;Espresso Macchiato;18-20;Andina;5
13153;;31;20230928;65400;Espresso Macchiato;20-22;Orinoquía;4
13154;M;36;20201207;70000;Cappuccino;14-16;Insular;1
13155;F;46;20230707;82000;Caramel Macchiato;16-18;Caribe;1
13156;M;73;20240420;32000;Café del día;20-22;Andina;4
13157;F;48;20230326;82000;Chocolate Helado;14-16;Pacífica;1
13158;M;43;20210913;79000;Espresso Doble;12-14;Pacífica;2
13159;M;41;20230603;31000;Chocolate Helado;18-20;Insular;3
13160;M;51;20240410;53000;Latte;18-20;Pacífica;2
13161;M;41;20230730;59000;Chocolate Blanco;16-18;Pacífica;1
13162;M;43;20240121;52000;Espresso Sencillo;12-14;Orinoquía;2
13163;M;67;20240611;79000;Chocolate Blanco;14-16;Pacífica;3
13164;M;61;20230817;52000;Chocolate Blanco Helado;12-14;Andina;1
13165;;31;20231102;65400;Latte Macchiato;16-18;Insular;4
13166;M;84;20231120;86000;Flat White;10-12;Pacífica;1
13167;F;36;20231109;50000;Chocolate Caliente;12-14;Orinoquía;2
13168;F;74;20231111;101000;Cappuccino;12-14;Caribe;1
13169;M;47;20211120;50000;Café del día;12-14;Orinoquía;5
13170;M;39;20240706;52000;Chocolate Helado;16-18;Caribe;4
13171;;31;20240101;65400;Americano;20-22;Insular;1
13172;M;23;20240705;75000;Espresso Sencillo;20-22;Andina;1
13173;M;36;20220620;56000;Americano;20-22;Pacífica;3
13174;F;49;20211128;61000;Chocolate Caliente;14-16;Orinoquía;4
13175;F;52;20240412;99000;Latte;12-14;Orinoquía;5
13176;M;66;20231024;52000;Espresso Doble;16-18;Caribe;3
13177;;31;20240224;65400;Espresso Sencillo;20-22;Pacífica;5
13178;M;38;20240117;31000;Caramel Macchiato;20-22;Insular;5
13179;M;34;20240403;65000;Latte Macchiato;18-20;Andina;3
13180;M;23;20230126;40000;Chocolate Helado;20-22;Insular;3
13181;F;44;20210716;55000;Chocolate Caliente;10-12;Andina;1
13182;M;65;20230612;62000;Chocolate Blanco;20-22;Orinoquía;2
13183;F;71;20240114;77000;Flat White;14-16;Caribe;1
13184;;31;20231003;65400;Arequipe Latte;12-14;Insular;3
13185;;31;20230109;65400;Latte;16-18;Andina;2
13186;M;81;20240408;50000;Chocolate Caliente;10-12;Insular;2
13187;M;70;20240502;59000;Mocha Latte;18-20;Orinoquía;2
13188;F;35;20240712;55000;Chocolate Blanco Helado;10-12;Pacífica;5
13189;F;46;20230222;63000;Arequipe Latte;16-18;Caribe;5
13190;M;49;20230831;82000;Espresso Macchiato;12-14;Caribe;5
13191;M;53;20230501;96000;Arequipe Latte;10-12;Caribe;3
13192;F;26;20240428;30000;Americano;20-22;Insular;4
13193;M;30;20220204;56000;Espresso Doble;10-12;Caribe;4
13194;M;26;20240407;66000;Chocolate Caliente;16-18;Pacífica;2
13195;M;51;20230806;73000;Mocha Blanco Latte;16-18;Caribe;2
13196;M;26;20210809;63000;Latte;10-12;Insular;1
13197;F;68;20230524;79000;Americano;20-22;Pacífica;4
13198;M;39;20220102;56000;Arequipe Latte;18-20;Pacífica;1
13199;F;70;20201005;64000;Arequipe Latte;16-18;Andina;5
13200;M;37;20220610;56000;Arequipe Latte;10-12;Orinoquía;4
13201;M;22;20230122;35000;Mocha Blanco Latte;20-22;Orinoquía;5
13202;M;21;20240306;68000;Café del día;10-12;Caribe;3
13203;M;21;20230928;39000;Latte;20-22;Caribe;2
13204;F;53;20230829;69000;Americano;20-22;Caribe;2
13205;;31;20210912;65400;Café del día;20-22;Caribe;3
13206;M;54;20240408;41000;Chocolate Blanco;10-12;Andina;4
13207;F;49;20220304;60000;Latte Macchiato;12-14;Insular;4
13208;M;46;20240616;51000;Espresso Sencillo;12-14;Andina;5
13209;M;52;20231010;37000;Arequipe Latte;20-22;Andina;1
13210;F;33;20231011;74000;Americano;16-18;Insular;4
13211;M;55;20221220;111000;Arequipe Latte;10-12;Andina;2
13212;;31;20240105;65400;Mocha Latte;10-12;Orinoquía;1
13213;M;34;20240108;47000;Americano;14-16;Pacífica;4
13214;F;98;20240104;65000;Mocha Blanco Latte;18-20;Pacífica;5
13215;M;57;20240305;88000;Chocolate Helado;18-20;Orinoquía;3
13216;M;19;20230727;34000;Latte Macchiato;14-16;Orinoquía;3
13217;M;60;20220928;32000;Chocolate Blanco;18-20;Orinoquía;4
13218;M;62;20201105;44000;Café del día;10-12;Andina;3
13219;M;53;20210630;69000;Chocolate Blanco Helado;14-16;Andina;3
13220;M;74;20240213;71000;Mocha Blanco Latte;12-14;Insular;3
13221;M;50;20240610;63000;Latte;10-12;Caribe;2
13222;F;49;20240131;112000;Chocolate Blanco;12-14;Insular;5
13223;;31;20240602;65400;Latte Macchiato;16-18;Andina;3
13224;F;95;20231012;65000;Chocolate Blanco Helado;16-18;Insular;3
13225;M;51;20220504;78000;Café del día;10-12;Caribe;1
13226;F;53;20220311;90000;Americano;14-16;Insular;5
13227;M;78;20230325;44000;Chocolate Blanco;10-12;Andina;4
13228;M;39;20220831;51000;Chocolate Caliente;14-16;Orinoquía;1
13229;;31;20220813;65400;Chocolate Blanco;10-12;Andina;2
13230;M;73;20230422;112000;Espresso Doble;10-12;Insular;1
13231;O;56;20210104;53000;Mocha Blanco Latte;16-18;Insular;2
13232;M;55;20220926;73000;Café del día;18-20;Orinoquía;5
13233;;31;20230118;65400;Café del día;10-12;Pacífica;3
13234;M;56;20240605;39000;Chocolate Blanco Helado;16-18;Pacífica;3
13235;M;34;20231004;46000;Chocolate Caliente;12-14;Caribe;5
13236;M;54;20230124;71000;Arequipe Latte;16-18;Caribe;4
13237;F;86;20221003;116000;Chocolate Blanco Helado;10-12;Orinoquía;1
13238;M;77;20230915;57000;Flat White;18-20;Orinoquía;4
13239;F;37;20230707;72000;Flat White;16-18;Orinoquía;4
13240;M;33;20230830;41000;Americano;14-16;Pacífica;1
13241;F;64;20230413;72000;Chocolate Blanco;18-20;Orinoquía;5
13242;F;41;20230914;55000;Chocolate Helado;10-12;Insular;1
13243;M;69;20220527;99000;Americano;18-20;Caribe;3
13244;M;54;20230721;63000;Latte;18-20;Andina;4
13245;M;70;20240304;98000;Chocolate Blanco;16-18;Pacífica;4
13246;F;88;20211024;54000;Caramel Macchiato;16-18;Pacífica;1
13247;M;31;20231215;68000;Flat White;12-14;Pacífica;3
13248;F;63;20230914;55000;Latte Macchiato;16-18;Caribe;2
13249;F;45;20240726;70000;Latte;20-22;Orinoquía;2
13250;;31;20240201;65400;Latte;18-20;Andina;5
13251;M;34;20210909;40000;Café del día;12-14;Pacífica;3
13252;F;87;20240609;58000;Latte Macchiato;20-22;Andina;2
13253;F;46;20211117;34000;Arequipe Latte;18-20;Andina;5
13254;F;71;20231117;98000;Espresso Sencillo;16-18;Insular;1
13255;;31;20230815;65400;Espresso Sencillo;12-14;Orinoquía;2
13256;M;85;20240225;75000;Flat White;18-20;Caribe;2
13257;M;34;20240108;36000;Espresso Macchiato;18-20;Pacífica;3
13258;M;45;20201230;40000;Arequipe Latte;14-16;Pacífica;4
13259;M;32;20210822;30000;Espresso Sencillo;12-14;Orinoquía;1
13260;M;58;20220622;75000;Espresso Sencillo;12-14;Pacífica;2
13261;F;73;20231231;60000;Cappuccino;10-12;Insular;2
13262;;31;20230106;65400;Espresso Doble;12-14;Pacífica;4
13263;M;55;20231227;66000;Latte;20-22;Orinoquía;4
13264;F;51;20211026;51000;Caramel Macchiato;16-18;Andina;1
13265;M;66;20240403;44000;Chocolate Caliente;14-16;Andina;3
13266;F;62;20231201;81000;Latte Macchiato;10-12;Andina;2
13267;;31;20210325;65400;Caramel Macchiato;10-12;Insular;1
13268;M;27;20211212;58000;Americano;14-16;Orinoquía;4
13269;M;51;20230211;95000;Mocha Latte;18-20;Insular;2
13270;M;58;20221011;77000;Americano;18-20;Pacífica;4
13271;F;45;20231026;54000;Espresso Macchiato;12-14;Orinoquía;3
13272;M;39;20230912;57000;Chocolate Blanco Helado;18-20;Pacífica;5
13273;;31;20220730;65400;Espresso Sencillo;14-16;Pacífica;5
13274;F;65;20220220;87000;Chocolate Blanco;12-14;Andina;1
13275;O;39;20240325;59000;Café del día;18-20;Caribe;1
13276;F;33;20230214;48000;Café del día;16-18;Orinoquía;3
13277;M;75;20230219;54000;Espresso Macchiato;14-16;Orinoquía;2
13278;M;76;20240624;35000;Arequipe Latte;12-14;Insular;5
13279;F;52;20230505;34000;Mocha Blanco Latte;10-12;Orinoquía;2
13280;M;43;20230928;63000;Flat White;18-20;Caribe;1
13281;;31;20240613;65400;Caramel Macchiato;14-16;Pacífica;5
13282;F;73;20231209;74000;Mocha Latte;10-12;Caribe;3
13283;F;81;20230512;97000;Espresso Macchiato;16-18;Caribe;3
13284;M;37;20230509;70000;Mocha Latte;18-20;Insular;3
13285;;31;20230218;65400;Chocolate Caliente;14-16;Orinoquía;1
13286;M;67;20240606;43000;Americano;20-22;Andina;3
13287;;31;20230905;65400;Flat White;12-14;Insular;3
13288;F;89;20230313;32000;Espresso Doble;14-16;Andina;1
13289;F;38;20240716;39000;Americano;12-14;Caribe;3
13290;F;82;20240524;76000;Café del día;18-20;Andina;3
13291;;31;20240619;65400;Chocolate Helado;12-14;Pacífica;3
13292;;31;20240416;65400;Mocha Latte;12-14;Caribe;4
13293;F;52;20220117;86000;Latte;10-12;Insular;3
13294;F;60;20240109;55000;Latte;18-20;Pacífica;5
13295;F;46;20230918;80000;Chocolate Caliente;18-20;Pacífica;1
13296;M;50;20220409;53000;Espresso Doble;20-22;Insular;3
13297;F;53;20220608;68000;Mocha Blanco Latte;20-22;Caribe;1
13298;O;32;20231210;33000;Caramel Macchiato;16-18;Caribe;3
13299;M;61;20240608;43000;Espresso Sencillo;12-14;Caribe;2
13300;F;82;20231114;103000;Chocolate Helado;12-14;Pacífica;3
13301;M;46;20200406;31000;Chocolate Blanco Helado;18-20;Orinoquía;1
13302;;31;20240626;65400;Chocolate Blanco;20-22;Orinoquía;3
13303;;31;20230813;65400;Chocolate Blanco;12-14;Orinoquía;2
13304;M;52;20211211;105000;Espresso Macchiato;18-20;Andina;3
13305;M;40;20240131;47000;Chocolate Caliente;20-22;Caribe;4
13306;M;51;20211216;81000;Chocolate Helado;18-20;Caribe;2
13307;M;71;20200809;38000;Chocolate Blanco;18-20;Caribe;4
13308;;31;20231201;65400;Espresso Macchiato;18-20;Insular;4
13309;M;84;20220428;67000;Chocolate Blanco Helado;14-16;Insular;3
13310;M;81;20200221;96000;Espresso Sencillo;14-16;Orinoquía;5
13311;;31;20230420;65400;Mocha Blanco Latte;16-18;Caribe;3
13312;F;89;20231014;109000;Americano;16-18;Insular;1
13313;M;87;20240426;87000;Latte;14-16;Orinoquía;5
13314;M;47;20200711;65000;Latte;12-14;Orinoquía;1
13315;M;86;20240207;36000;Americano;10-12;Insular;5
13316;M;76;20240211;54000;Latte Macchiato;16-18;Insular;2
13317;;31;20240606;65400;Espresso Sencillo;14-16;Orinoquía;4
13318;M;44;20231017;74000;Arequipe Latte;16-18;Insular;5
13319;M;73;20191115;63000;Chocolate Blanco Helado;10-12;Andina;5
13320;M;51;20230228;48000;Chocolate Blanco Helado;16-18;Insular;4
13321;M;27;20230411;69000;Mocha Latte;16-18;Insular;3
13322;M;93;20230218;90000;Mocha Blanco Latte;12-14;Pacífica;5
13323;F;55;20231208;81000;Flat White;20-22;Andina;1
13324;M;60;20230928;69000;Arequipe Latte;14-16;Insular;3
13325;F;63;20230511;99000;Latte Macchiato;14-16;Caribe;5
13326;M;22;20240207;48000;Café del día;18-20;Caribe;1
13327;F;66;20231003;64000;Mocha Latte;14-16;Insular;5
13328;M;23;20191024;53000;Caramel Macchiato;14-16;Andina;1
13329;M;52;20240725;47000;Arequipe Latte;16-18;Orinoquía;5
13330;F;31;20240214;69000;Espresso Macchiato;18-20;Andina;1
13331;M;72;20231015;40000;Espresso Doble;10-12;Andina;3
13332;F;47;20240429;97000;Espresso Macchiato;16-18;Orinoquía;5
13333;M;74;20210908;89000;Chocolate Helado;10-12;Orinoquía;2
13334;F;57;20220527;56000;Chocolate Blanco Helado;10-12;Caribe;3
13335;M;42;20240526;64000;Arequipe Latte;18-20;Andina;3
13336;M;42;20240116;74000;Arequipe Latte;10-12;Orinoquía;1
13337;;31;20200829;65400;Chocolate Helado;16-18;Insular;3
13338;M;62;20230907;66000;Flat White;18-20;Andina;1
13339;F;70;20190906;77000;Chocolate Helado;14-16;Orinoquía;3
13340;M;38;20240310;73000;Café del día;20-22;Pacífica;5
13341;M;61;20240628;66000;Mocha Blanco Latte;16-18;Orinoquía;5
13342;F;25;20240630;71000;Flat White;10-12;Caribe;1
13343;M;55;20240127;48000;Mocha Blanco Latte;12-14;Orinoquía;4
13344;;31;20190824;65400;Espresso Doble;16-18;Caribe;4
13345;M;42;20231104;69000;Flat White;12-14;Andina;5
13346;F;40;20230613;67000;Chocolate Blanco Helado;12-14;Orinoquía;5
13347;F;50;20220402;82000;Flat White;20-22;Caribe;2
13348;M;72;20231005;61000;Espresso Sencillo;12-14;Orinoquía;1
13349;M;70;20240505;75000;Chocolate Blanco Helado;10-12;Orinoquía;5
13350;F;56;20230305;116000;Flat White;10-12;Pacífica;2
13351;M;81;20220116;117000;Arequipe Latte;10-12;Pacífica;5
13352;M;54;20210816;42000;Chocolate Caliente;12-14;Caribe;1
13353;F;66;20221029;32000;Espresso Doble;12-14;Caribe;2
13354;F;23;20240209;46000;Caramel Macchiato;20-22;Orinoquía;5
13355;M;23;20210831;51000;Cappuccino;20-22;Orinoquía;4
13356;M;70;20230601;54000;Mocha Blanco Latte;16-18;Caribe;1
13357;M;33;20240718;59000;Cappuccino;10-12;Orinoquía;1
13358;F;60;20230917;54000;Arequipe Latte;12-14;Andina;4
13359;F;32;20240717;40000;Espresso Sencillo;10-12;Pacífica;5
13360;F;95;20231223;55000;Café del día;20-22;Insular;4
13361;;31;20230330;65400;Chocolate Caliente;14-16;Pacífica;2
13362;F;46;20240421;71000;Americano;18-20;Andina;5
13363;O;40;20230519;57000;Espresso Sencillo;12-14;Pacífica;2
13364;M;41;20220216;71000;Latte;18-20;Orinoquía;5
13365;;31;20211025;65400;Mocha Latte;12-14;Insular;4
13366;F;24;20220120;54000;Chocolate Blanco;18-20;Caribe;5
13367;F;55;20240319;46000;Espresso Macchiato;14-16;Orinoquía;3
13368;F;71;20230323;75000;Chocolate Caliente;16-18;Andina;3
13369;M;71;20240320;47000;Caramel Macchiato;16-18;Pacífica;5
13370;M;94;20240129;33000;Chocolate Caliente;18-20;Pacífica;4
13371;M;71;20221228;72000;Americano;16-18;Pacífica;3
13372;M;71;20231023;41000;Espresso Doble;16-18;Caribe;4
13373;M;57;20220608;74000;Arequipe Latte;16-18;Insular;3
13374;;31;20240414;65400;Café del día;20-22;Insular;3
13375;M;59;20191026;39000;Café del día;14-16;Pacífica;5
13376;F;69;20230803;116000;Espresso Sencillo;12-14;Caribe;1
13377;;31;20210901;65400;Espresso Macchiato;12-14;Andina;3
13378;M;50;20230204;82000;Espresso Doble;18-20;Andina;3
13379;F;83;20220713;93000;Flat White;10-12;Insular;1
13380;F;56;20210914;92000;Caramel Macchiato;18-20;Pacífica;1
13381;M;46;20230116;57000;Chocolate Blanco Helado;20-22;Caribe;2
13382;M;51;20220316;53000;Mocha Latte;10-12;Orinoquía;4
13383;M;44;20200324;65000;Caramel Macchiato;14-16;Insular;3
13384;F;36;20231208;79000;Mocha Latte;12-14;Andina;3
13385;M;67;20240724;35000;Chocolate Blanco Helado;16-18;Andina;5
13386;F;51;20220520;118000;Flat White;14-16;Caribe;3
13387;F;40;20230807;36000;Mocha Blanco Latte;16-18;Andina;1
13388;M;61;20231112;33000;Latte Macchiato;20-22;Orinoquía;1
13389;;31;20230901;65400;Espresso Doble;14-16;Orinoquía;2
13390;;31;20240703;65400;Flat White;16-18;Pacífica;4
13391;F;39;20240515;85000;Arequipe Latte;20-22;Insular;2
13392;M;59;20230820;88000;Chocolate Helado;16-18;Insular;3
13393;M;49;20220826;70000;Caramel Macchiato;10-12;Andina;4
13394;F;36;20231019;53000;Chocolate Blanco Helado;18-20;Pacífica;3
13395;O;58;20211010;86000;Mocha Blanco Latte;16-18;Insular;1
13396;F;55;20220311;81000;Chocolate Blanco;16-18;Orinoquía;3
13397;;31;20230228;65400;Latte;16-18;Insular;4
13398;M;47;20230212;37000;Chocolate Helado;16-18;Insular;1
13399;F;89;20220408;78000;Arequipe Latte;14-16;Orinoquía;3
13400;F;70;20231211;119000;Chocolate Caliente;18-20;Pacífica;1
13401;F;28;20220804;71000;Chocolate Blanco Helado;12-14;Pacífica;3
13402;M;44;20230116;77000;Arequipe Latte;20-22;Orinoquía;2
13403;M;56;20201027;47000;Cappuccino;12-14;Caribe;1
13404;M;19;20200616;31000;Espresso Sencillo;20-22;Pacífica;5
13405;F;44;20230409;62000;Americano;10-12;Caribe;3
13406;F;71;20240312;32000;Flat White;16-18;Andina;3
13407;M;41;20231112;60000;Mocha Blanco Latte;16-18;Insular;2
13408;F;53;20230121;50000;Caramel Macchiato;20-22;Insular;2
13409;M;45;20191213;49000;Chocolate Blanco;10-12;Pacífica;1
13410;M;41;20210806;55000;Caramel Macchiato;18-20;Insular;5
13411;M;64;20231130;100000;Flat White;20-22;Andina;3
13412;M;43;20240422;30000;Arequipe Latte;18-20;Andina;5
13413;;31;20230302;65400;Mocha Latte;18-20;Andina;3
13414;M;63;20201010;61000;Chocolate Blanco;10-12;Orinoquía;4
13415;F;86;20220216;115000;Chocolate Blanco;10-12;Andina;1
13416;F;61;20231230;74000;Chocolate Caliente;18-20;Caribe;2
13417;M;40;20200521;38000;Caramel Macchiato;16-18;Caribe;4
13418;F;84;20230401;31000;Latte;10-12;Insular;4
13419;F;60;20240209;30000;Caramel Macchiato;10-12;Orinoquía;2
13420;;31;20211130;65400;Mocha Blanco Latte;16-18;Caribe;4
13421;F;73;20230628;76000;Flat White;10-12;Caribe;2
13422;F;69;20231217;58000;Cappuccino;20-22;Andina;1
13423;;31;20230615;65400;Chocolate Caliente;18-20;Caribe;5
13424;M;42;20220722;75000;Chocolate Caliente;12-14;Pacífica;5
13425;F;50;20231205;118000;Latte Macchiato;14-16;Pacífica;5
13426;M;48;20240723;44000;Latte Macchiato;16-18;Insular;4
13427;M;45;20240414;33000;Latte Macchiato;18-20;Pacífica;5
13428;F;35;20230801;39000;Flat White;16-18;Orinoquía;3
13429;M;30;20231201;47000;Chocolate Blanco;16-18;Pacífica;4
13430;M;61;20211209;66000;Espresso Sencillo;14-16;Pacífica;3
13431;F;88;20230518;53000;Latte Macchiato;16-18;Andina;2
13432;F;84;20230719;61000;Espresso Doble;20-22;Insular;3
13433;F;59;20240624;58000;Espresso Macchiato;14-16;Insular;1
13434;F;60;20240413;69000;Mocha Blanco Latte;10-12;Andina;2
13435;M;75;20211223;86000;Mocha Blanco Latte;12-14;Insular;3
13436;F;63;20240712;64000;Mocha Latte;18-20;Pacífica;2
13437;;31;20221221;65400;Mocha Latte;16-18;Andina;5
13438;F;70;20240419;75000;Americano;16-18;Pacífica;1
13439;;31;20240615;65400;Espresso Sencillo;10-12;Caribe;1
13440;F;53;20240523;64000;Americano;16-18;Insular;2
13441;F;29;20240519;62000;Latte Macchiato;18-20;Caribe;1
13442;;31;20230329;65400;Chocolate Blanco Helado;16-18;Pacífica;1
13443;M;67;20240607;41000;Espresso Sencillo;18-20;Andina;5
13444;M;52;20230905;98000;Chocolate Caliente;14-16;Orinoquía;1
13445;F;39;20221226;65000;Caramel Macchiato;16-18;Orinoquía;3
13446;M;71;20240708;99000;Espresso Sencillo;10-12;Orinoquía;4
13447;M;43;20231223;59000;Chocolate Caliente;18-20;Insular;1
13448;M;38;20230817;69000;Flat White;16-18;Pacífica;1
13449;M;69;20220522;88000;Mocha Latte;18-20;Pacífica;2
13450;M;44;20230314;32000;Americano;20-22;Orinoquía;3
13451;;31;20240316;65400;Latte Macchiato;16-18;Orinoquía;3
13452;M;82;20240630;37000;Latte;14-16;Andina;4
13453;M;20;20240131;50000;Chocolate Blanco Helado;18-20;Andina;5
13454;M;23;20210215;42000;Chocolate Helado;10-12;Andina;5
13455;M;57;20220212;80000;Caramel Macchiato;18-20;Insular;3
13456;;31;20230418;65400;Flat White;20-22;Pacífica;2
13457;M;36;20210930;54000;Chocolate Blanco Helado;20-22;Insular;3
13458;M;45;20231014;73000;Mocha Blanco Latte;14-16;Orinoquía;3
13459;M;51;20230929;54000;Mocha Blanco Latte;20-22;Andina;3
13460;F;60;20230923;112000;Americano;18-20;Insular;4
13461;M;80;20221024;116000;Mocha Blanco Latte;18-20;Andina;2
13462;M;54;20240105;35000;Espresso Sencillo;18-20;Orinoquía;3
13463;F;57;20240429;38000;Flat White;16-18;Insular;5
13464;M;71;20211101;51000;Espresso Sencillo;12-14;Caribe;3
13465;M;64;20221210;76000;Chocolate Blanco Helado;16-18;Andina;1
13466;M;49;20231123;106000;Latte;14-16;Caribe;3
13467;M;61;20240517;56000;Arequipe Latte;20-22;Insular;4
13468;M;26;20231004;46000;Arequipe Latte;16-18;Orinoquía;5
13469;M;21;20230729;72000;Flat White;14-16;Orinoquía;2
13470;F;54;20240721;38000;Arequipe Latte;12-14;Insular;3
13471;M;33;20230323;60000;Espresso Doble;12-14;Insular;5
13472;M;53;20230407;64000;Espresso Sencillo;12-14;Caribe;3
13473;M;69;20221231;95000;Chocolate Helado;20-22;Insular;2
13474;M;83;20231020;43000;Chocolate Caliente;18-20;Caribe;4
13475;M;32;20240619;64000;Cappuccino;12-14;Andina;4
13476;M;31;20240429;45000;Arequipe Latte;16-18;Andina;4
13477;F;47;20210423;61000;Cappuccino;20-22;Caribe;4
13478;F;60;20240611;43000;Chocolate Caliente;10-12;Pacífica;2
13479;F;72;20240701;77000;Chocolate Helado;14-16;Orinoquía;2
13480;F;87;20220514;76000;Latte;20-22;Caribe;4
13481;M;25;20240504;72000;Espresso Sencillo;20-22;Insular;5
13482;M;25;20200914;59000;Arequipe Latte;10-12;Andina;2
13483;M;69;20211110;47000;Espresso Macchiato;10-12;Pacífica;1
13484;O;77;20231218;92000;Mocha Blanco Latte;18-20;Orinoquía;3
13485;F;53;20230526;74000;Espresso Sencillo;12-14;Pacífica;3
13486;F;58;20220605;54000;Latte Macchiato;14-16;Andina;1
13487;;31;20230830;65400;Espresso Sencillo;18-20;Caribe;5
13488;M;75;20220607;97000;Arequipe Latte;10-12;Caribe;1
13489;;31;20220402;65400;Chocolate Caliente;16-18;Pacífica;3
13490;M;49;20230806;64000;Mocha Blanco Latte;10-12;Pacífica;5
13491;M;70;20231001;107000;Espresso Sencillo;16-18;Caribe;2
13492;M;37;20220109;42000;Mocha Blanco Latte;12-14;Pacífica;1
13493;M;27;20230804;65000;Latte Macchiato;16-18;Pacífica;3
13494;M;60;20240115;77000;Caramel Macchiato;14-16;Caribe;3
13495;M;57;20240113;56000;Cappuccino;20-22;Andina;3
13496;M;51;20240220;86000;Espresso Macchiato;12-14;Pacífica;3
13497;F;53;20220525;98000;Mocha Latte;18-20;Insular;1
13498;M;51;20220530;58000;Chocolate Caliente;10-12;Caribe;2
13499;M;73;20220113;73000;Espresso Macchiato;18-20;Caribe;3
13500;M;59;20240111;73000;Latte Macchiato;10-12;Andina;5
13501;F;39;20210915;44000;Flat White;16-18;Andina;2
13502;M;19;20230803;74000;Mocha Latte;14-16;Andina;2
13503;M;40;20240509;71000;Arequipe Latte;16-18;Caribe;2
13504;M;22;20231228;33000;Espresso Sencillo;14-16;Pacífica;3
13505;M;65;20231215;34000;Latte;12-14;Insular;3
13506;M;58;20240223;54000;Chocolate Blanco;18-20;Caribe;1
13507;F;36;20231102;61000;Latte;12-14;Andina;5
13508;F;44;20230805;57000;Chocolate Caliente;18-20;Andina;1
13509;;31;20210907;65400;Chocolate Blanco;18-20;Insular;1
13510;;31;20220119;65400;Cappuccino;16-18;Pacífica;4
13511;F;44;20220519;87000;Cappuccino;16-18;Andina;4
13512;M;23;20230909;54000;Caramel Macchiato;18-20;Insular;5
13513;F;74;20210831;64000;Cappuccino;18-20;Andina;4
13514;F;33;20211114;53000;Espresso Macchiato;20-22;Caribe;3
13515;M;37;20220123;98000;Chocolate Caliente;20-22;Andina;3
13516;M;51;20200110;49000;Caramel Macchiato;10-12;Andina;1
13517;F;46;20230914;44000;Caramel Macchiato;10-12;Caribe;2
13518;M;53;20191110;66000;Chocolate Blanco Helado;20-22;Insular;4
13519;M;62;20230923;84000;Espresso Doble;10-12;Andina;1
13520;O;52;20220306;80000;Cappuccino;10-12;Insular;5
13521;M;43;20221201;35000;Chocolate Blanco;18-20;Caribe;1
13522;M;28;20221019;54000;Chocolate Blanco;20-22;Andina;1
13523;F;59;20230131;95000;Café del día;14-16;Caribe;1
13524;F;80;20220717;81000;Chocolate Blanco Helado;16-18;Andina;3
13525;;31;20220819;65400;Americano;20-22;Orinoquía;2
13526;M;32;20240414;55000;Flat White;14-16;Insular;3
13527;F;89;20240111;110000;Chocolate Blanco Helado;14-16;Orinoquía;5
13528;M;24;20240720;47000;Latte;14-16;Insular;4
13529;M;75;20211006;81000;Espresso Macchiato;16-18;Insular;2
13530;;31;20240217;65400;Mocha Blanco Latte;12-14;Insular;3
13531;F;56;20221130;107000;Latte Macchiato;14-16;Andina;1
13532;F;50;20240329;80000;Chocolate Blanco Helado;10-12;Insular;3
13533;M;22;20211224;32000;Espresso Doble;20-22;Insular;5
13534;F;59;20240627;99000;Espresso Sencillo;16-18;Andina;5
13535;M;42;20220422;55000;Cappuccino;10-12;Pacífica;4
13536;;31;20200610;65400;Latte;12-14;Insular;5
13537;F;33;20240305;74000;Americano;12-14;Insular;3
13538;M;66;20220917;101000;Cappuccino;12-14;Orinoquía;5
13539;M;25;20240111;73000;Chocolate Caliente;10-12;Orinoquía;5
13540;M;49;20230708;55000;Latte Macchiato;16-18;Caribe;4
13541;;31;20190802;65400;Chocolate Blanco;18-20;Insular;2
13542;F;60;20230920;76000;Caramel Macchiato;10-12;Caribe;4
13543;F;48;20240211;49000;Caramel Macchiato;12-14;Andina;2
13544;F;75;20240715;59000;Café del día;20-22;Insular;1
13545;M;50;20220125;73000;Arequipe Latte;14-16;Caribe;4
13546;F;66;20211106;67000;Chocolate Blanco Helado;12-14;Andina;5
13547;M;48;20231206;93000;Caramel Macchiato;12-14;Andina;5
13548;F;81;20221223;87000;Caramel Macchiato;18-20;Andina;1
13549;F;80;20211116;98000;Chocolate Blanco;18-20;Orinoquía;5
13550;M;55;20230323;85000;Café del día;16-18;Andina;2
13551;F;55;20211019;90000;Mocha Latte;10-12;Caribe;4
13552;M;33;20230822;42000;Espresso Sencillo;20-22;Pacífica;1
13553;M;65;20240717;36000;Latte;14-16;Andina;5
13554;M;71;20240629;36000;Latte;10-12;Andina;2
13555;F;42;20240501;66000;Americano;16-18;Andina;5
13556;;31;20240211;65400;Espresso Doble;16-18;Andina;3
13557;M;80;20230830;89000;Latte;16-18;Orinoquía;4
13558;M;49;20240402;72000;Chocolate Blanco;16-18;Andina;3
13559;F;38;20191119;39000;Chocolate Helado;18-20;Insular;1
13560;M;77;20220209;46000;Caramel Macchiato;14-16;Caribe;5
13561;M;57;20210514;82000;Chocolate Blanco;14-16;Orinoquía;1
13562;M;32;20240421;42000;Cappuccino;18-20;Orinoquía;1
13563;M;33;20231016;63000;Espresso Macchiato;12-14;Orinoquía;5
13564;M;72;20221028;33000;Latte;10-12;Caribe;4
13565;M;51;20211010;51000;Café del día;14-16;Orinoquía;4
13566;F;68;20221026;68000;Espresso Macchiato;16-18;Insular;2
13567;M;58;20240629;63000;Espresso Doble;20-22;Pacífica;1
13568;F;60;20230909;81000;Latte;10-12;Insular;5
13569;M;28;20210417;73000;Chocolate Blanco Helado;18-20;Pacífica;1
13570;M;55;20230826;42000;Cappuccino;20-22;Pacífica;2
13571;;31;20210807;65400;Flat White;20-22;Pacífica;4
13572;M;72;20240101;54000;Espresso Sencillo;14-16;Pacífica;3
13573;;31;20230805;65400;Mocha Blanco Latte;18-20;Pacífica;3
13574;F;47;20231127;54000;Espresso Sencillo;20-22;Orinoquía;5
13575;F;87;20221012;77000;Arequipe Latte;10-12;Orinoquía;4
13576;;31;20240528;65400;Latte Macchiato;10-12;Insular;5
13577;F;50;20230805;50000;Latte;18-20;Pacífica;2
13578;F;73;20220704;37000;Espresso Macchiato;20-22;Insular;3
13579;M;43;20220401;34000;Espresso Macchiato;16-18;Insular;4
13580;M;33;20231019;56000;Arequipe Latte;12-14;Orinoquía;1
13581;F;48;20210905;57000;Arequipe Latte;10-12;Pacífica;5
13582;M;21;20220903;54000;Cappuccino;10-12;Caribe;4
13583;F;64;20221209;91000;Flat White;18-20;Insular;3
13584;M;38;20230902;55000;Chocolate Blanco;18-20;Insular;5
13585;M;70;20230910;47000;Chocolate Blanco;10-12;Pacífica;4
13586;M;42;20230316;34000;Flat White;10-12;Andina;4
13587;;31;20230618;65400;Cappuccino;18-20;Andina;1
13588;F;20;20231009;45000;Cappuccino;18-20;Caribe;3
13589;M;46;20240406;48000;Americano;12-14;Pacífica;5
13590;F;55;20211107;109000;Latte Macchiato;10-12;Caribe;5
13591;M;23;20220904;65000;Espresso Sencillo;18-20;Insular;2
13592;M;43;20240110;39000;Espresso Macchiato;16-18;Insular;5
13593;;31;20211005;65400;Flat White;12-14;Insular;5
13594;M;44;20240411;74000;Cappuccino;12-14;Orinoquía;3
13595;M;66;20210811;37000;Mocha Blanco Latte;16-18;Pacífica;2
13596;;31;20221203;65400;Latte Macchiato;20-22;Insular;5
13597;F;63;20231208;91000;Cappuccino;10-12;Andina;3
13598;F;57;20231124;64000;Caramel Macchiato;10-12;Caribe;5
13599;F;22;20220620;55000;Chocolate Blanco Helado;16-18;Orinoquía;4
13600;F;60;20240303;74000;Cappuccino;18-20;Caribe;2
13601;F;79;20240626;93000;Chocolate Blanco;18-20;Caribe;3
13602;;31;20220621;65400;Café del día;10-12;Orinoquía;5
13603;F;77;20231219;92000;Latte;20-22;Insular;3
13604;F;38;20240406;49000;Americano;12-14;Insular;4
13605;M;79;20240605;67000;Chocolate Blanco Helado;12-14;Pacífica;2
13606;M;76;20211008;40000;Americano;14-16;Pacífica;5
13607;M;45;20230902;75000;Chocolate Blanco Helado;16-18;Pacífica;3
13608;F;63;20231227;78000;Chocolate Helado;14-16;Orinoquía;4
13609;M;43;20240613;72000;Espresso Sencillo;16-18;Pacífica;4
13610;M;56;20240114;88000;Chocolate Caliente;14-16;Andina;5
13611;F;74;20240713;57000;Americano;10-12;Caribe;4
13612;M;25;20230413;30000;Espresso Sencillo;10-12;Orinoquía;1
13613;M;56;20230320;90000;Espresso Sencillo;10-12;Insular;1
13614;M;86;20230109;92000;Café del día;20-22;Orinoquía;3
13615;F;52;20240402;89000;Chocolate Blanco;16-18;Insular;3
13616;M;59;20230909;78000;Latte Macchiato;14-16;Andina;5
13617;F;25;20211110;70000;Chocolate Caliente;12-14;Orinoquía;5
13618;F;68;20240508;57000;Latte Macchiato;20-22;Insular;2
13619;M;41;20240515;88000;Latte;14-16;Andina;3
13620;M;29;20230425;73000;Mocha Latte;14-16;Orinoquía;2
13621;F;39;20230727;60000;Chocolate Caliente;16-18;Orinoquía;4
13622;;31;20240615;65400;Chocolate Blanco Helado;12-14;Andina;4
13623;F;41;20220507;57000;Chocolate Helado;16-18;Caribe;2
13624;M;97;20230202;85000;Mocha Blanco Latte;12-14;Andina;2
13625;M;53;20191020;68000;Espresso Macchiato;16-18;Pacífica;3
13626;M;75;20221024;76000;Espresso Sencillo;14-16;Insular;3
13627;M;70;20230713;45000;Espresso Sencillo;14-16;Insular;1
13628;M;45;20231123;58000;Chocolate Blanco Helado;12-14;Caribe;2
13629;;31;20240714;65400;Flat White;14-16;Pacífica;1
13630;M;71;20240720;54000;Latte;18-20;Orinoquía;4
13631;M;59;20240322;65000;Chocolate Blanco Helado;14-16;Andina;2
13632;M;51;20230809;114000;Chocolate Blanco;20-22;Andina;5
13633;F;70;20220928;98000;Arequipe Latte;18-20;Orinoquía;1
13634;M;37;20231028;87000;Americano;14-16;Pacífica;5
13635;M;55;20211230;83000;Chocolate Helado;20-22;Pacífica;1
13636;M;54;20240408;42000;Café del día;18-20;Pacífica;4
13637;;31;20230222;65400;Chocolate Helado;12-14;Insular;3
13638;M;55;20230827;66000;Café del día;20-22;Insular;1
13639;;31;20230409;65400;Espresso Macchiato;10-12;Andina;2
13640;M;57;20221122;77000;Americano;10-12;Andina;2
13641;M;79;20240724;30000;Café del día;10-12;Caribe;2
13642;M;28;20240702;66000;Espresso Doble;14-16;Caribe;2
13643;F;47;20230917;89000;Latte;16-18;Caribe;1
13644;;31;20220521;65400;Espresso Sencillo;18-20;Pacífica;2
13645;M;33;20231027;33000;Cappuccino;12-14;Insular;5
13646;F;21;20240123;46000;Mocha Latte;12-14;Insular;5
13647;F;66;20220124;73000;Americano;12-14;Andina;1
13648;M;27;20230812;37000;Cappuccino;14-16;Andina;2
13649;M;57;20231114;59000;Espresso Sencillo;16-18;Caribe;3
13650;M;27;20240217;56000;Americano;16-18;Pacífica;2
13651;F;78;20231227;71000;Espresso Sencillo;20-22;Insular;2
13652;M;54;20230729;56000;Caramel Macchiato;14-16;Pacífica;3
13653;M;70;20220727;48000;Americano;18-20;Caribe;5
13654;F;68;20230725;116000;Flat White;16-18;Andina;4
13655;M;52;20220317;73000;Latte;16-18;Pacífica;3
13656;F;38;20201218;42000;Chocolate Blanco;10-12;Insular;4
13657;F;73;20211201;90000;Chocolate Helado;18-20;Insular;2
13658;M;20;20240107;34000;Latte Macchiato;18-20;Pacífica;3
13659;F;67;20230807;41000;Arequipe Latte;20-22;Insular;3
13660;F;49;20230808;82000;Americano;14-16;Andina;5
13661;M;19;20240429;63000;Espresso Macchiato;12-14;Pacífica;1
13662;M;54;20221109;61000;Chocolate Blanco Helado;20-22;Insular;3
13663;M;44;20200520;94000;Latte;12-14;Pacífica;3
13664;F;99;20230829;111000;Chocolate Blanco;12-14;Andina;1
13665;F;31;20210227;43000;Arequipe Latte;18-20;Insular;4
13666;M;64;20230525;63000;Americano;10-12;Orinoquía;5
13667;F;59;20231218;78000;Flat White;10-12;Caribe;2
13668;M;48;20230819;76000;Mocha Blanco Latte;20-22;Insular;3
13669;F;84;20230426;61000;Espresso Sencillo;20-22;Orinoquía;5
13670;F;56;20231231;76000;Espresso Macchiato;12-14;Caribe;3
13671;F;77;20231215;82000;Mocha Latte;16-18;Caribe;1
13672;M;29;20230814;44000;Latte;10-12;Insular;1
13673;;31;20220818;65400;Latte;12-14;Caribe;4
13674;F;35;20240501;31000;Cappuccino;18-20;Caribe;4
13675;M;38;20211101;64000;Mocha Latte;16-18;Pacífica;2
13676;;31;20230310;65400;Espresso Sencillo;16-18;Insular;4
13677;M;52;20240625;78000;Latte Macchiato;10-12;Orinoquía;4
13678;F;73;20240712;94000;Latte;14-16;Pacífica;3
13679;F;56;20190818;38000;Flat White;14-16;Insular;5
13680;M;57;20240205;52000;Mocha Latte;10-12;Orinoquía;2
13681;M;49;20230901;73000;Chocolate Helado;12-14;Pacífica;5
13682;F;58;20220331;63000;Chocolate Helado;12-14;Andina;2
13683;;31;20221029;65400;Arequipe Latte;18-20;Andina;1
13684;M;55;20240320;48000;Arequipe Latte;10-12;Pacífica;5
13685;M;60;20240310;87000;Latte Macchiato;12-14;Pacífica;3
13686;;31;20220721;65400;Americano;14-16;Caribe;4
13687;F;62;20220616;71000;Espresso Sencillo;20-22;Insular;4
13688;F;78;20200923;54000;Americano;18-20;Orinoquía;1
13689;F;59;20220201;114000;Chocolate Helado;10-12;Andina;1
13690;F;46;20230124;68000;Mocha Latte;14-16;Caribe;1
13691;M;26;20240707;73000;Chocolate Blanco;12-14;Andina;2
13692;F;59;20211008;96000;Café del día;20-22;Caribe;5
13693;M;49;20240515;36000;Mocha Latte;14-16;Pacífica;5
13694;M;22;20240518;63000;Caramel Macchiato;10-12;Orinoquía;3
13695;M;42;20240510;33000;Caramel Macchiato;20-22;Orinoquía;5
13696;F;58;20231005;88000;Espresso Macchiato;12-14;Pacífica;3
13697;;31;20230601;65400;Mocha Blanco Latte;20-22;Insular;1
13698;M;33;20210816;39000;Espresso Macchiato;20-22;Pacífica;5
13699;;31;20240112;65400;Mocha Blanco Latte;18-20;Andina;4
13700;;31;20231014;65400;Espresso Sencillo;12-14;Orinoquía;1
13701;M;20;20230906;71000;Latte Macchiato;14-16;Insular;3
13702;F;33;20211221;37000;Caramel Macchiato;12-14;Insular;1
13703;;31;20231221;65400;Chocolate Blanco Helado;10-12;Caribe;2
13704;;31;20230831;65400;Mocha Latte;10-12;Orinoquía;4
13705;M;48;20230506;83000;Chocolate Blanco Helado;18-20;Caribe;4
13706;M;37;20230921;61000;Arequipe Latte;20-22;Orinoquía;2
13707;F;69;20231117;88000;Mocha Latte;18-20;Insular;4
13708;F;63;20200727;81000;Arequipe Latte;14-16;Insular;3
13709;F;61;20220329;51000;Espresso Macchiato;18-20;Orinoquía;5
13710;F;26;20240220;56000;Chocolate Blanco;16-18;Andina;1
13711;M;76;20220508;88000;Café del día;18-20;Insular;2
13712;F;22;20220812;61000;Espresso Macchiato;12-14;Pacífica;1
13713;F;78;20240129;104000;Café del día;12-14;Orinoquía;2
13714;F;41;20220430;77000;Latte Macchiato;20-22;Orinoquía;4
13715;M;38;20240613;50000;Espresso Doble;18-20;Andina;5
13716;;31;20240525;65400;Chocolate Blanco Helado;16-18;Orinoquía;4
13717;M;42;20230705;54000;Espresso Doble;10-12;Pacífica;1
13718;F;68;20230528;98000;Mocha Blanco Latte;18-20;Andina;5
13719;M;54;20240702;37000;Caramel Macchiato;20-22;Insular;4
13720;;31;20230112;65400;Espresso Sencillo;12-14;Insular;5
13721;M;54;20231210;65000;Espresso Macchiato;14-16;Orinoquía;1
13722;M;79;20220917;53000;Espresso Macchiato;20-22;Andina;5
13723;M;48;20220426;67000;Espresso Macchiato;16-18;Orinoquía;3
13724;;31;20240419;65400;Chocolate Blanco Helado;16-18;Orinoquía;1
13725;F;42;20230809;71000;Chocolate Blanco Helado;14-16;Caribe;3
13726;M;45;20221111;56000;Latte;20-22;Orinoquía;3
13727;O;54;20221013;59000;Flat White;18-20;Andina;2
13728;M;59;20201220;47000;Espresso Sencillo;10-12;Insular;5
13729;;31;20220825;65400;Chocolate Blanco Helado;12-14;Caribe;2
13730;;31;20220411;65400;Americano;18-20;Caribe;5
13731;;31;20240721;65400;Caramel Macchiato;16-18;Orinoquía;4
13732;M;50;20230202;59000;Caramel Macchiato;14-16;Andina;5
13733;M;67;20230813;67000;Chocolate Helado;18-20;Andina;1
13734;F;59;20230909;80000;Chocolate Caliente;10-12;Pacífica;5
13735;F;54;20220523;93000;Americano;16-18;Andina;3
13736;M;78;20230914;66000;Café del día;18-20;Pacífica;4
13737;M;72;20221121;104000;Mocha Latte;20-22;Orinoquía;2
13738;M;55;20220828;37000;Espresso Sencillo;16-18;Pacífica;5
13739;F;64;20240209;48000;Cappuccino;10-12;Orinoquía;1
13740;F;78;20230911;72000;Chocolate Blanco;14-16;Caribe;3
13741;F;38;20220604;51000;Americano;20-22;Orinoquía;3
13742;M;40;20200912;41000;Arequipe Latte;12-14;Caribe;1
13743;M;39;20210403;56000;Flat White;12-14;Caribe;5
13744;M;61;20240330;60000;Espresso Macchiato;20-22;Caribe;1
13745;;31;20221001;65400;Mocha Latte;20-22;Caribe;1
13746;M;76;20230618;107000;Arequipe Latte;10-12;Pacífica;1
13747;;31;20240225;65400;Arequipe Latte;16-18;Andina;2
13748;;31;20211224;65400;Arequipe Latte;16-18;Insular;1
13749;M;54;20240418;72000;Latte Macchiato;16-18;Insular;2
13750;F;40;20220208;53000;Mocha Blanco Latte;12-14;Pacífica;4
13751;M;81;20211012;41000;Latte Macchiato;10-12;Pacífica;1
13752;M;80;20240529;72000;Espresso Doble;20-22;Orinoquía;5
13753;M;46;20230907;59000;Mocha Latte;20-22;Insular;1
13754;F;55;20220902;119000;Espresso Sencillo;16-18;Pacífica;2
13755;M;25;20200416;75000;Espresso Doble;12-14;Insular;2
13756;M;54;20240522;69000;Latte Macchiato;10-12;Caribe;2
13757;M;68;20231119;32000;Americano;16-18;Orinoquía;2
13758;;31;20231027;65400;Chocolate Blanco;18-20;Orinoquía;2
13759;M;88;20210129;50000;Espresso Sencillo;14-16;Caribe;5
13760;M;66;20220515;56000;Americano;18-20;Caribe;3
13761;M;49;20240327;52000;Espresso Macchiato;18-20;Caribe;3
13762;F;34;20240221;74000;Mocha Blanco Latte;18-20;Andina;4
13763;F;74;20240501;60000;Chocolate Helado;10-12;Orinoquía;4
13764;M;28;20231031;65000;Chocolate Blanco Helado;18-20;Pacífica;3
13765;F;52;20210927;53000;Mocha Latte;20-22;Orinoquía;3
13766;M;34;20200301;32000;Espresso Doble;14-16;Pacífica;2
13767;F;62;20220907;64000;Mocha Latte;12-14;Orinoquía;3
13768;M;51;20230907;30000;Chocolate Caliente;12-14;Insular;3
13769;M;35;20230705;69000;Latte Macchiato;14-16;Pacífica;4
13770;M;47;20231206;32000;Latte;14-16;Orinoquía;4
13771;M;46;20231013;67000;Mocha Latte;14-16;Insular;1
13772;M;63;20211002;84000;Chocolate Blanco Helado;14-16;Pacífica;2
13773;M;76;20231215;103000;Latte;14-16;Insular;2
13774;M;34;20231121;51000;Espresso Doble;20-22;Insular;5
13775;M;79;20220729;102000;Espresso Doble;12-14;Pacífica;4
13776;F;73;20230713;58000;Mocha Latte;20-22;Caribe;5
13777;F;53;20230927;55000;Arequipe Latte;10-12;Andina;5
13778;F;66;20240708;56000;Arequipe Latte;20-22;Pacífica;3
13779;M;74;20230804;52000;Mocha Blanco Latte;20-22;Orinoquía;2
13780;F;39;20240116;55000;Americano;12-14;Caribe;1
13781;O;21;20231006;59000;Caramel Macchiato;14-16;Orinoquía;1
13782;;31;20230613;65400;Espresso Sencillo;10-12;Orinoquía;2
13783;M;52;20231009;99000;Flat White;18-20;Pacífica;1
13784;F;49;20220616;102000;Café del día;16-18;Pacífica;2
13785;F;20;20240717;75000;Espresso Doble;12-14;Pacífica;1
13786;F;45;20230417;64000;Arequipe Latte;10-12;Caribe;5
13787;F;80;20230623;61000;Espresso Sencillo;20-22;Insular;1
13788;M;42;20231020;38000;Latte Macchiato;16-18;Andina;1
13789;M;51;20210831;70000;Latte Macchiato;20-22;Andina;4
13790;M;42;20240719;79000;Latte Macchiato;12-14;Andina;2
13791;M;18;20240112;31000;Cappuccino;16-18;Orinoquía;1
13792;M;46;20230819;62000;Cappuccino;12-14;Caribe;1
13793;F;67;20240125;68000;Mocha Blanco Latte;16-18;Caribe;5
13794;F;19;20231208;42000;Americano;10-12;Caribe;1
13795;M;51;20221121;65000;Chocolate Blanco Helado;14-16;Insular;3
13796;F;82;20220515;81000;Chocolate Helado;10-12;Caribe;1
13797;M;24;20240310;44000;Mocha Latte;10-12;Pacífica;2
13798;M;34;20240528;34000;Espresso Macchiato;18-20;Pacífica;4
13799;F;76;20230922;64000;Chocolate Blanco;18-20;Pacífica;1
13800;F;80;20231107;52000;Chocolate Helado;10-12;Caribe;3
13801;M;69;20240704;85000;Espresso Doble;10-12;Pacífica;3
13802;;31;20231120;65400;Flat White;14-16;Orinoquía;2
13803;M;90;20190808;65000;Espresso Sencillo;12-14;Insular;3
13804;F;61;20200706;45000;Latte;14-16;Insular;5
13805;M;92;20211230;71000;Chocolate Helado;18-20;Orinoquía;5
13806;M;70;20211026;45000;Espresso Doble;16-18;Orinoquía;1
13807;M;96;20231002;89000;Americano;18-20;Orinoquía;1
13808;F;55;20230112;96000;Chocolate Blanco;12-14;Orinoquía;1
13809;F;87;20230507;94000;Mocha Latte;14-16;Insular;3
13810;F;75;20231019;87000;Mocha Blanco Latte;12-14;Andina;3
13811;F;66;20240308;53000;Chocolate Blanco;16-18;Caribe;5
13812;M;35;20240217;33000;Espresso Sencillo;18-20;Caribe;5
13813;F;58;20230220;64000;Arequipe Latte;12-14;Andina;2
13814;;31;20201111;65400;Mocha Blanco Latte;12-14;Orinoquía;1
13815;M;37;20230731;38000;Café del día;10-12;Insular;3
13816;;31;20230827;65400;Americano;14-16;Pacífica;4
13817;M;75;20240423;65000;Latte Macchiato;12-14;Insular;3
13818;F;84;20230818;109000;Mocha Latte;16-18;Pacífica;2
13819;M;44;20211223;83000;Espresso Doble;16-18;Caribe;2
13820;;31;20221114;65400;Flat White;18-20;Andina;4
13821;;31;20221228;65400;Americano;18-20;Andina;2
13822;M;69;20240604;62000;Latte;16-18;Orinoquía;4
13823;M;18;20240630;46000;Chocolate Blanco;10-12;Pacífica;5
13824;M;52;20230821;53000;Flat White;16-18;Pacífica;2
13825;F;43;20240619;56000;Espresso Macchiato;20-22;Caribe;3
13826;M;87;20211208;46000;Café del día;14-16;Caribe;1
13827;F;23;20231018;34000;Mocha Blanco Latte;20-22;Pacífica;1
13828;M;48;20200627;48000;Chocolate Blanco Helado;14-16;Orinoquía;5
13829;M;28;20230918;69000;Arequipe Latte;10-12;Orinoquía;2
13830;F;81;20211028;78000;Espresso Sencillo;20-22;Caribe;2
13831;;31;20230818;65400;Cappuccino;14-16;Caribe;2
13832;M;20;20231031;43000;Espresso Doble;16-18;Andina;4
13833;M;62;20220105;54000;Espresso Sencillo;10-12;Andina;5
13834;;31;20231219;65400;Mocha Blanco Latte;10-12;Insular;2
13835;F;49;20240417;57000;Chocolate Blanco Helado;20-22;Caribe;2
13836;F;57;20230819;74000;Flat White;10-12;Caribe;2
13837;F;57;20210902;118000;Latte;14-16;Caribe;2
13838;;31;20231226;65400;Espresso Macchiato;14-16;Caribe;3
13839;M;75;20230301;35000;Espresso Doble;14-16;Pacífica;1
13840;M;67;20210808;86000;Chocolate Helado;20-22;Pacífica;4
13841;M;46;20220817;36000;Café del día;10-12;Caribe;3
13842;M;56;20210901;95000;Espresso Sencillo;10-12;Andina;2
13843;F;31;20230730;73000;Mocha Latte;10-12;Insular;3
13844;M;21;20200225;60000;Arequipe Latte;18-20;Orinoquía;2
13845;F;63;20230723;86000;Chocolate Helado;20-22;Pacífica;3
13846;M;35;20220320;35000;Chocolate Caliente;14-16;Orinoquía;5
13847;;31;20220202;65400;Caramel Macchiato;14-16;Insular;4
13848;M;20;20230823;37000;Café del día;14-16;Pacífica;4
13849;;31;20230708;65400;Latte;16-18;Orinoquía;4
13850;M;48;20201108;53000;Flat White;10-12;Caribe;4
13851;F;47;20230123;80000;Chocolate Blanco;16-18;Caribe;1
13852;M;53;20240417;59000;Mocha Blanco Latte;20-22;Pacífica;1
13853;M;39;20240523;41000;Americano;16-18;Insular;1
13854;M;62;20240517;88000;Espresso Doble;14-16;Andina;3
13855;M;78;20220928;39000;Cappuccino;12-14;Orinoquía;3
13856;M;64;20220506;98000;Flat White;12-14;Insular;3
13857;F;36;20240708;61000;Chocolate Caliente;18-20;Orinoquía;3
13858;F;44;20220817;52000;Caramel Macchiato;14-16;Pacífica;4
13859;F;60;20231017;68000;Flat White;10-12;Andina;5
13860;F;40;20211016;64000;Arequipe Latte;14-16;Andina;1
13861;M;54;20200217;73000;Mocha Latte;10-12;Orinoquía;5
13862;M;23;20211214;60000;Flat White;18-20;Caribe;3
13863;;31;20240719;65400;Americano;20-22;Orinoquía;3
13864;F;51;20230320;62000;Chocolate Helado;16-18;Andina;2
13865;M;52;20231101;55000;Mocha Blanco Latte;12-14;Pacífica;5
13866;F;55;20231007;99000;Chocolate Helado;10-12;Andina;1
13867;F;24;20210702;59000;Latte;10-12;Insular;5
13868;M;59;20220610;53000;Arequipe Latte;14-16;Orinoquía;3
13869;M;57;20230111;86000;Latte Macchiato;14-16;Pacífica;5
13870;F;24;20240228;38000;Flat White;12-14;Caribe;3
13871;M;58;20240407;64000;Latte Macchiato;12-14;Caribe;2
13872;M;71;20210418;83000;Espresso Sencillo;14-16;Orinoquía;3
13873;M;52;20220810;84000;Americano;10-12;Pacífica;1
13874;M;21;20240619;75000;Espresso Sencillo;20-22;Insular;2
13875;M;27;20240428;45000;Latte Macchiato;14-16;Caribe;4
13876;F;75;20240227;57000;Arequipe Latte;14-16;Pacífica;2
13877;M;36;20240309;33000;Cappuccino;18-20;Orinoquía;5
13878;M;71;20220812;61000;Flat White;12-14;Insular;3
13879;F;22;20231214;36000;Caramel Macchiato;16-18;Pacífica;4
13880;M;31;20240509;55000;Chocolate Blanco Helado;10-12;Orinoquía;4
13881;;31;20231128;65400;Mocha Latte;12-14;Pacífica;1
13882;M;28;20210124;61000;Espresso Macchiato;14-16;Caribe;3
13883;;31;20240704;65400;Chocolate Blanco Helado;16-18;Caribe;3
13884;M;57;20240208;58000;Mocha Blanco Latte;10-12;Orinoquía;5
13885;F;25;20200110;34000;Arequipe Latte;14-16;Orinoquía;2
13886;M;55;20230214;90000;Caramel Macchiato;16-18;Pacífica;4
13887;F;67;20220629;65000;Chocolate Blanco;20-22;Orinoquía;2
13888;M;43;20231204;63000;Chocolate Blanco;14-16;Andina;5
13889;M;71;20230712;84000;Latte Macchiato;16-18;Pacífica;1
13890;;31;20220323;65400;Chocolate Caliente;18-20;Caribe;3
13891;M;69;20231020;101000;Cappuccino;20-22;Andina;5
13892;M;68;20231009;46000;Latte Macchiato;20-22;Pacífica;1
13893;;31;20231128;65400;Chocolate Caliente;10-12;Insular;2
13894;M;29;20230930;66000;Chocolate Blanco;18-20;Andina;3
13895;F;80;20240101;88000;Chocolate Blanco;14-16;Caribe;4
13896;;31;20240124;65400;Chocolate Caliente;12-14;Pacífica;1
13897;;31;20231004;65400;Arequipe Latte;16-18;Caribe;1
13898;F;54;20211207;86000;Americano;14-16;Orinoquía;4
13899;M;77;20210919;88000;Arequipe Latte;18-20;Insular;5
13900;M;85;20220116;66000;Mocha Blanco Latte;10-12;Andina;4
13901;M;68;20220926;92000;Mocha Blanco Latte;14-16;Orinoquía;1
13902;M;51;20200106;32000;Americano;14-16;Insular;2
13903;M;94;20211124;101000;Latte;16-18;Caribe;1
13904;F;67;20230219;77000;Café del día;20-22;Andina;5
13905;M;52;20220728;50000;Espresso Doble;20-22;Andina;3
13906;;31;20230702;65400;Chocolate Helado;14-16;Insular;1
13907;;31;20211213;65400;Café del día;20-22;Orinoquía;1
13908;F;55;20240109;32000;Chocolate Caliente;18-20;Insular;3
13909;F;68;20211128;76000;Arequipe Latte;16-18;Pacífica;2
13910;;31;20220226;65400;Chocolate Helado;16-18;Insular;4
13911;F;46;20230917;69000;Latte Macchiato;10-12;Andina;5
13912;F;90;20220826;54000;Cappuccino;16-18;Orinoquía;4
13913;M;33;20231209;34000;Chocolate Helado;12-14;Andina;1
13914;F;54;20240325;53000;Espresso Sencillo;14-16;Pacífica;4
13915;F;22;20211001;40000;Americano;16-18;Orinoquía;1
13916;M;51;20240226;53000;Café del día;12-14;Pacífica;1
13917;F;78;20230818;66000;Café del día;18-20;Orinoquía;3
13918;O;60;20231004;67000;Espresso Doble;14-16;Caribe;5
13919;M;22;20191224;57000;Mocha Latte;16-18;Orinoquía;4
13920;M;50;20240425;50000;Chocolate Blanco;14-16;Pacífica;2
13921;F;72;20230616;108000;Espresso Macchiato;20-22;Pacífica;1
13922;F;78;20230507;86000;Espresso Sencillo;12-14;Andina;2
13923;M;59;20210823;108000;Arequipe Latte;14-16;Pacífica;5
13924;F;36;20221011;50000;Caramel Macchiato;18-20;Insular;4
13925;M;60;20231019;95000;Espresso Doble;12-14;Caribe;5
13926;M;60;20240628;35000;Latte;14-16;Pacífica;2
13927;F;97;20220815;94000;Latte Macchiato;12-14;Insular;4
13928;M;37;20231229;85000;Espresso Sencillo;20-22;Caribe;3
13929;M;58;20220708;79000;Mocha Latte;10-12;Caribe;4
13930;M;75;20220704;44000;Mocha Latte;20-22;Pacífica;3
13931;F;50;20231011;74000;Americano;14-16;Caribe;3
13932;M;37;20220324;98000;Cappuccino;20-22;Orinoquía;5
13933;;31;20210929;65400;Chocolate Blanco;14-16;Orinoquía;2
13934;M;68;20220625;52000;Latte;14-16;Caribe;2
13935;M;59;20240314;61000;Flat White;12-14;Caribe;3
13936;M;62;20221117;39000;Flat White;10-12;Pacífica;1
13937;M;67;20221023;97000;Espresso Doble;14-16;Caribe;5
13938;F;39;20230726;37000;Latte Macchiato;12-14;Insular;4
13939;M;61;20240417;34000;Chocolate Helado;18-20;Caribe;5
13940;M;53;20240111;62000;Chocolate Blanco;18-20;Caribe;4
13941;;31;20230615;65400;Espresso Doble;14-16;Pacífica;3
13942;M;50;20220918;92000;Mocha Blanco Latte;10-12;Insular;5
13943;M;31;20240709;62000;Arequipe Latte;14-16;Caribe;5
13944;F;22;20210731;55000;Latte;12-14;Caribe;4
13945;F;49;20230905;78000;Cappuccino;10-12;Caribe;3
13946;M;77;20220311;97000;Latte;20-22;Caribe;1
13947;M;28;20240513;31000;Arequipe Latte;18-20;Pacífica;4
13948;M;22;20230823;66000;Caramel Macchiato;16-18;Orinoquía;3
13949;F;39;20230708;81000;Caramel Macchiato;10-12;Pacífica;3
13950;M;38;20240430;92000;Caramel Macchiato;14-16;Orinoquía;4
13951;M;49;20240110;68000;Americano;20-22;Caribe;3
13952;F;47;20230206;59000;Mocha Blanco Latte;12-14;Andina;4
13953;M;64;20220613;81000;Café del día;14-16;Orinoquía;2
13954;;31;20230928;65400;Chocolate Blanco Helado;10-12;Caribe;3
13955;M;36;20240124;70000;Americano;14-16;Insular;2
13956;M;35;20240111;52000;Chocolate Blanco;16-18;Caribe;5
13957;F;63;20221201;63000;Cappuccino;12-14;Orinoquía;2
13958;M;61;20231016;46000;Chocolate Helado;16-18;Pacífica;5
13959;M;59;20230908;66000;Flat White;18-20;Caribe;2
13960;M;32;20191208;40000;Latte Macchiato;16-18;Andina;3
13961;M;51;20230819;58000;Espresso Sencillo;20-22;Pacífica;5
13962;M;65;20231207;89000;Chocolate Helado;10-12;Orinoquía;5
13963;M;67;20240321;68000;Espresso Sencillo;14-16;Andina;1
13964;M;59;20231223;58000;Mocha Blanco Latte;14-16;Insular;3
13965;F;40;20231222;71000;Latte;10-12;Pacífica;2
13966;F;30;20240706;44000;Chocolate Blanco Helado;10-12;Pacífica;4
13967;M;37;20240208;33000;Mocha Blanco Latte;10-12;Andina;5
13968;F;45;20231024;60000;Arequipe Latte;14-16;Pacífica;4
13969;;31;20220412;65400;Chocolate Blanco Helado;10-12;Pacífica;3
13970;M;69;20240403;84000;Espresso Macchiato;20-22;Orinoquía;5
13971;M;62;20240323;41000;Mocha Blanco Latte;14-16;Andina;3
13972;F;52;20231115;77000;Latte;10-12;Andina;4
13973;M;78;20240101;90000;Flat White;20-22;Orinoquía;3
13974;M;31;20230819;57000;Flat White;16-18;Pacífica;1
13975;F;58;20240629;77000;Mocha Blanco Latte;20-22;Orinoquía;5
13976;F;53;20230221;106000;Chocolate Caliente;20-22;Andina;5
13977;F;54;20221018;119000;Cappuccino;10-12;Pacífica;1
13978;M;23;20220831;47000;Cappuccino;16-18;Orinoquía;3
13979;M;76;20220627;81000;Espresso Macchiato;14-16;Caribe;3
13980;;31;20231230;65400;Café del día;10-12;Insular;1
13981;F;66;20210412;60000;Chocolate Blanco;18-20;Orinoquía;2
13982;F;62;20231010;37000;Café del día;16-18;Pacífica;4
13983;F;65;20221109;83000;Espresso Sencillo;16-18;Caribe;3
13984;;31;20240218;65400;Latte;10-12;Orinoquía;1
13985;M;22;20231026;46000;Arequipe Latte;16-18;Andina;2
13986;M;48;20220419;60000;Mocha Latte;18-20;Pacífica;1
13987;;31;20231220;65400;Mocha Latte;20-22;Pacífica;2
13988;M;46;20220316;76000;Cappuccino;16-18;Caribe;4
13989;M;80;20231226;61000;Arequipe Latte;18-20;Caribe;2
13990;M;60;20240207;54000;Latte Macchiato;16-18;Andina;3
13991;F;53;20220428;88000;Flat White;12-14;Orinoquía;3
13992;;31;20191024;65400;Chocolate Blanco Helado;20-22;Andina;5
13993;;31;20220220;65400;Chocolate Blanco;10-12;Orinoquía;1
13994;;31;20240722;65400;Latte;18-20;Insular;5
13995;F;72;20231127;79000;Chocolate Blanco Helado;14-16;Andina;2
13996;F;62;20230624;54000;Mocha Latte;12-14;Orinoquía;5
13997;;31;20230805;65400;Flat White;14-16;Insular;1
13998;F;54;20220624;43000;Chocolate Helado;14-16;Pacífica;2
13999;;31;20230411;65400;Espresso Sencillo;10-12;Pacífica;1
14000;M;73;20231104;36000;Americano;10-12;Caribe;2
14001;M;20;20220501;38000;Flat White;10-12;Orinoquía;4
14002;F;65;20240710;76000;Caramel Macchiato;12-14;Caribe;3
14003;M;31;20231026;68000;Cappuccino;16-18;Caribe;2
14004;O;49;20221020;41000;Espresso Macchiato;12-14;Orinoquía;3
14005;M;84;20220614;78000;Chocolate Blanco Helado;16-18;Insular;5
14006;M;64;20210502;68000;Espresso Sencillo;12-14;Orinoquía;1
14007;F;69;20240704;72000;Americano;14-16;Caribe;4
14008;F;50;20230822;76000;Arequipe Latte;20-22;Pacífica;2
14009;;31;20231011;65400;Mocha Blanco Latte;10-12;Pacífica;2
14010;F;26;20211201;62000;Espresso Sencillo;10-12;Orinoquía;5
14011;M;54;20231217;62000;Mocha Latte;12-14;Insular;3
14012;M;46;20231123;50000;Chocolate Caliente;18-20;Insular;1
14013;F;41;20240321;57000;Arequipe Latte;14-16;Caribe;3
14014;;31;20230517;65400;Arequipe Latte;14-16;Orinoquía;1
14015;M;41;20230822;58000;Chocolate Caliente;10-12;Pacífica;3
14016;M;85;20231017;76000;Flat White;18-20;Orinoquía;1
14017;F;84;20230730;35000;Espresso Doble;18-20;Insular;2
14018;M;70;20240301;72000;Espresso Doble;14-16;Andina;2
14019;M;63;20210925;79000;Chocolate Helado;18-20;Pacífica;1
14020;M;58;20240511;60000;Latte;12-14;Orinoquía;4
14021;F;58;20230915;30000;Americano;14-16;Pacífica;5
14022;F;55;20221116;59000;Cappuccino;14-16;Pacífica;2
14023;M;49;20210823;64000;Espresso Macchiato;14-16;Andina;1
14024;M;57;20210529;31000;Mocha Latte;20-22;Caribe;4
14025;;31;20240725;65400;Chocolate Blanco;14-16;Pacífica;2
14026;;31;20211015;65400;Mocha Blanco Latte;16-18;Orinoquía;3
14027;;31;20231126;65400;Flat White;14-16;Orinoquía;5
14028;;31;20210822;65400;Chocolate Caliente;14-16;Andina;3
14029;F;57;20231022;76000;Americano;12-14;Andina;1
14030;F;54;20221227;113000;Latte Macchiato;10-12;Andina;5
14031;F;44;20231024;60000;Café del día;10-12;Orinoquía;4
14032;F;95;20220606;66000;Latte Macchiato;14-16;Andina;3
14033;M;56;20240104;54000;Espresso Doble;16-18;Orinoquía;4
14034;;31;20240119;65400;Latte Macchiato;14-16;Caribe;3
14035;M;34;20230813;39000;Chocolate Caliente;14-16;Caribe;1
14036;M;73;20240408;39000;Latte;20-22;Caribe;4
14037;F;64;20231009;70000;Chocolate Helado;18-20;Insular;5
14038;M;29;20220717;44000;Mocha Latte;12-14;Andina;4
14039;M;52;20200919;59000;Flat White;20-22;Andina;5
14040;M;67;20230530;80000;Mocha Blanco Latte;18-20;Caribe;1
14041;M;54;20240216;31000;Chocolate Helado;12-14;Caribe;3
14042;M;66;20230806;36000;Mocha Blanco Latte;14-16;Pacífica;1
14043;F;67;20230822;85000;Mocha Blanco Latte;20-22;Pacífica;4
14044;F;48;20220602;54000;Chocolate Blanco Helado;10-12;Orinoquía;2
14045;F;71;20240318;34000;Latte;10-12;Orinoquía;4
14046;F;61;20230617;96000;Chocolate Blanco;20-22;Orinoquía;1
14047;;31;20240327;65400;Chocolate Blanco;12-14;Insular;3
14048;F;49;20220614;54000;Flat White;20-22;Insular;3
14049;M;68;20231010;49000;Cappuccino;18-20;Insular;5
14050;M;52;20240511;87000;Flat White;14-16;Orinoquía;2
14051;M;75;20240719;70000;Flat White;12-14;Orinoquía;5
14052;M;45;20221118;63000;Latte Macchiato;10-12;Orinoquía;2
14053;M;41;20240526;51000;Americano;10-12;Caribe;5
14054;;31;20230403;65400;Chocolate Helado;20-22;Insular;5
14055;M;81;20231203;39000;Mocha Latte;16-18;Insular;5
14056;M;69;20230310;84000;Flat White;16-18;Andina;3
14057;M;43;20240111;42000;Chocolate Blanco;12-14;Caribe;4
14058;M;61;20240114;78000;Café del día;18-20;Pacífica;5
14059;M;49;20220716;71000;Latte;14-16;Andina;2
14060;F;79;20231105;77000;Caramel Macchiato;10-12;Insular;5
14061;M;56;20210526;40000;Arequipe Latte;20-22;Insular;4
14062;F;54;20240630;99000;Arequipe Latte;18-20;Orinoquía;4
14063;F;52;20240401;68000;Americano;10-12;Pacífica;4
14064;F;47;20240610;59000;Latte;10-12;Caribe;5
14065;M;58;20240514;30000;Chocolate Blanco;18-20;Caribe;2
14066;M;85;20220207;55000;Latte Macchiato;14-16;Insular;5
14067;F;73;20230115;83000;Latte;18-20;Orinoquía;2
14068;;31;20220205;65400;Café del día;16-18;Andina;4
14069;F;27;20210601;60000;Café del día;12-14;Caribe;3
14070;M;61;20230802;71000;Latte;12-14;Caribe;1
14071;M;49;20240527;99000;Café del día;16-18;Andina;1
14072;M;42;20220428;55000;Café del día;14-16;Pacífica;5
14073;M;73;20220190;57000;Flat White;18-20;Caribe;3
14074;M;64;20220224;60000;Latte Macchiato;16-18;Orinoquía;1
14075;M;55;20230708;36000;Café del día;18-20;Andina;4
14076;M;70;20240112;66000;Arequipe Latte;12-14;Orinoquía;3
14077;;31;20231022;65400;Latte;18-20;Pacífica;4
14078;F;78;20221107;44000;Mocha Blanco Latte;12-14;Pacífica;5
14079;F;46;20230901;72000;Chocolate Caliente;14-16;Caribe;3
14080;M;67;20200123;74000;Latte Macchiato;14-16;Pacífica;5
14081;F;75;20240124;65000;Flat White;14-16;Pacífica;4
14082;F;76;20231205;102000;Espresso Macchiato;20-22;Andina;5
14083;M;67;20240411;54000;Cappuccino;14-16;Pacífica;5
14084;M;70;20240713;73000;Arequipe Latte;20-22;Andina;3
14085;M;28;20240328;36000;Latte Macchiato;16-18;Pacífica;4
14086;M;84;20210829;90000;Chocolate Caliente;10-12;Andina;4
14087;;31;20230227;65400;Chocolate Helado;16-18;Insular;5
14088;M;25;20210627;68000;Chocolate Blanco Helado;20-22;Pacífica;3
14089;;31;20220505;65400;Chocolate Caliente;10-12;Pacífica;4
14090;F;48;20230808;50000;Chocolate Helado;18-20;Andina;5
14091;F;71;20220210;36000;Chocolate Helado;18-20;Andina;3
14092;F;57;20240301;88000;Espresso Sencillo;14-16;Insular;3
14093;M;42;20240130;38000;Espresso Doble;14-16;Pacífica;5
14094;M;23;20200414;38000;Chocolate Helado;16-18;Caribe;2
14095;F;43;20220203;39000;Mocha Latte;10-12;Orinoquía;1
14096;F;35;20240527;38000;Café del día;18-20;Andina;4
14097;M;75;20220425;98000;Arequipe Latte;14-16;Andina;5
14098;M;36;20200219;75000;Cappuccino;12-14;Andina;5
14099;M;43;20240208;33000;Espresso Sencillo;14-16;Orinoquía;4
14100;M;57;20200627;36000;Cappuccino;12-14;Caribe;2
14101;F;68;20230401;57000;Espresso Doble;18-20;Pacífica;2
14102;F;44;20240324;33000;Flat White;18-20;Insular;3
14103;M;69;20240420;78000;Latte;10-12;Caribe;4
14104;;31;20240616;65400;Flat White;14-16;Andina;2
14105;M;84;20230830;96000;Americano;14-16;Insular;3
14106;F;96;20231111;87000;Mocha Blanco Latte;16-18;Andina;1
14107;F;33;20200130;57000;Espresso Sencillo;10-12;Caribe;5
14108;F;66;20240110;80000;Espresso Sencillo;14-16;Caribe;5
14109;M;19;20210522;67000;Flat White;10-12;Orinoquía;1
14110;F;65;20220827;79000;Chocolate Blanco;10-12;Caribe;5
14111;M;63;20210915;58000;Chocolate Caliente;10-12;Andina;1
14112;M;48;20240118;37000;Café del día;10-12;Insular;4
14113;F;48;20211016;84000;Mocha Latte;20-22;Insular;3
14114;M;33;20231201;48000;Caramel Macchiato;14-16;Orinoquía;1
14115;F;79;20220410;78000;Latte Macchiato;16-18;Insular;3
14116;M;37;20230819;51000;Chocolate Caliente;10-12;Caribe;3
14117;M;55;20230203;53000;Espresso Macchiato;10-12;Orinoquía;4
14118;M;53;20240708;105000;Flat White;18-20;Insular;4
14119;M;28;20230803;33000;Chocolate Blanco Helado;12-14;Orinoquía;1
14120;F;87;20230707;89000;Chocolate Caliente;18-20;Orinoquía;5
14121;F;66;20230527;55000;Espresso Doble;14-16;Insular;1
14122;F;61;20220106;115000;Mocha Blanco Latte;14-16;Orinoquía;2
14123;M;66;20200312;54000;Mocha Blanco Latte;18-20;Pacífica;4
14124;M;75;20200323;56000;Flat White;16-18;Insular;3
14125;;31;20231024;65400;Chocolate Blanco Helado;10-12;Caribe;2
14126;;31;20240317;65400;Latte;10-12;Insular;1
14127;F;27;20220707;57000;Arequipe Latte;14-16;Caribe;2
14128;M;55;20231103;60000;Chocolate Caliente;18-20;Andina;1
14129;M;40;20240417;42000;Chocolate Helado;16-18;Caribe;2
14130;M;40;20230809;73000;Chocolate Caliente;12-14;Caribe;1
14131;M;77;20230503;68000;Mocha Latte;14-16;Pacífica;3
14132;M;42;20230812;65000;Chocolate Blanco;18-20;Insular;2
14133;M;49;20231225;34000;Café del día;20-22;Orinoquía;3
14134;F;80;20210913;83000;Espresso Sencillo;14-16;Pacífica;1
14135;M;29;20231225;50000;Caramel Macchiato;20-22;Caribe;1
14136;M;56;20240612;75000;Espresso Sencillo;18-20;Andina;4
14137;F;37;20231016;47000;Americano;14-16;Pacífica;5
14138;M;21;20191203;70000;Café del día;20-22;Insular;4
14139;M;60;20230503;35000;Mocha Latte;18-20;Pacífica;3
14140;;31;20231221;65400;Mocha Latte;20-22;Orinoquía;4
14141;;31;20230904;65400;Chocolate Blanco;14-16;Insular;3
14142;M;26;20221129;30000;Flat White;20-22;Pacífica;3
14143;F;56;20191214;54000;Flat White;10-12;Orinoquía;1
14144;F;95;20240426;67000;Espresso Sencillo;12-14;Insular;3
14145;F;74;20230422;97000;Chocolate Blanco;20-22;Insular;3
14146;M;71;20231023;34000;Flat White;12-14;Orinoquía;3
14147;M;49;20220324;57000;Espresso Macchiato;10-12;Insular;4
14148;F;61;20220908;81000;Chocolate Helado;20-22;Orinoquía;4
14149;;31;20230513;65400;Latte Macchiato;18-20;Caribe;2
14150;F;55;20230117;83000;Americano;20-22;Orinoquía;1
14151;M;70;20240520;57000;Chocolate Helado;12-14;Caribe;4
14152;M;74;20221008;77000;Espresso Macchiato;10-12;Andina;3
14153;F;64;20210823;111000;Latte;12-14;Insular;2
14154;F;45;20230921;55000;Mocha Blanco Latte;12-14;Insular;4
14155;F;54;20240512;66000;Chocolate Caliente;18-20;Insular;2
14156;M;21;20231027;71000;Latte Macchiato;16-18;Orinoquía;1
14157;F;50;20230801;71000;Arequipe Latte;16-18;Andina;2
14158;M;70;20231117;61000;Latte Macchiato;20-22;Caribe;4
14159;M;65;20220214;43000;Arequipe Latte;16-18;Caribe;4
14160;F;81;20240625;70000;Espresso Macchiato;12-14;Orinoquía;3
14161;;31;20220322;65400;Cappuccino;18-20;Andina;3
14162;M;80;20231109;98000;Flat White;18-20;Andina;2
14163;F;40;20230215;30000;Espresso Macchiato;10-12;Orinoquía;4
14164;M;69;20240324;60000;Café del día;16-18;Caribe;4
14165;F;63;20220318;65000;Chocolate Blanco Helado;14-16;Insular;4
14166;F;43;20200416;96000;Latte;14-16;Orinoquía;2
14167;M;63;20240221;52000;Latte Macchiato;18-20;Insular;1
14168;;31;20230517;65400;Espresso Macchiato;16-18;Insular;3
14169;;31;20191019;65400;Cappuccino;16-18;Caribe;5
14170;M;83;20220518;66000;Café del día;12-14;Orinoquía;1
14171;M;39;20220113;41000;Espresso Macchiato;18-20;Pacífica;2
14172;M;46;20240215;38000;Flat White;12-14;Insular;4
14173;M;38;20230211;66000;Chocolate Blanco Helado;20-22;Pacífica;4
14174;M;70;20220831;73000;Latte Macchiato;20-22;Pacífica;3
14175;F;93;20220128;79000;Latte;10-12;Caribe;3
14176;M;19;20240718;62000;Mocha Latte;14-16;Orinoquía;3
14177;;31;20240425;65400;Caramel Macchiato;16-18;Caribe;4
14178;M;38;20220408;53000;Espresso Sencillo;20-22;Caribe;3
14179;M;37;20240418;35000;Americano;20-22;Andina;3
14180;M;61;20230608;64000;Americano;16-18;Pacífica;1
14181;M;39;20240125;53000;Cappuccino;12-14;Insular;1
14182;F;82;20230504;107000;Chocolate Helado;16-18;Insular;5
14183;M;34;20210802;42000;Chocolate Caliente;14-16;Pacífica;3
14184;F;77;20240118;41000;Chocolate Blanco;20-22;Insular;4
14185;;31;20240526;65400;Arequipe Latte;12-14;Orinoquía;1
14186;M;70;20200708;67000;Mocha Latte;12-14;Pacífica;4
14187;M;61;20231221;44000;Latte;16-18;Orinoquía;4
14188;M;40;20230811;60000;Mocha Latte;20-22;Orinoquía;3
14189;M;60;20210817;70000;Espresso Macchiato;12-14;Orinoquía;3
14190;F;71;20230815;36000;Arequipe Latte;18-20;Pacífica;4
14191;M;61;20210607;68000;Flat White;18-20;Caribe;5
14192;F;90;20220310;93000;Espresso Macchiato;18-20;Orinoquía;1
14193;M;37;20240724;59000;Café del día;10-12;Pacífica;3
14194;O;69;20230212;51000;Chocolate Blanco Helado;20-22;Insular;4
14195;M;33;20230915;53000;Latte;16-18;Insular;1
14196;;31;20230518;65400;Chocolate Caliente;14-16;Pacífica;1
14197;F;50;20230821;57000;Latte;10-12;Insular;4
14198;M;71;20240714;36000;Chocolate Blanco;10-12;Orinoquía;5
14199;M;54;20230903;57000;Café del día;18-20;Caribe;5
14200;M;46;20211026;56000;Cappuccino;12-14;Insular;1
14201;;31;20240718;65400;Caramel Macchiato;12-14;Caribe;4
14202;;31;20220310;65400;Espresso Macchiato;20-22;Caribe;5
14203;M;52;20240630;70000;Chocolate Blanco Helado;10-12;Andina;2
14204;F;55;20220513;85000;Chocolate Blanco Helado;16-18;Orinoquía;5
14205;M;30;20240109;53000;Chocolate Caliente;18-20;Insular;4
14206;M;35;20231213;34000;Mocha Blanco Latte;12-14;Insular;5
14207;F;73;20240419;115000;Arequipe Latte;16-18;Caribe;4
14208;F;34;20221207;39000;Espresso Doble;12-14;Orinoquía;1
14209;F;50;20220821;80000;Arequipe Latte;14-16;Orinoquía;3
14210;F;55;20220331;114000;Chocolate Blanco;10-12;Pacífica;3
14211;M;26;20240605;40000;Cappuccino;12-14;Caribe;3
14212;M;79;20240706;54000;Chocolate Caliente;10-12;Pacífica;5
14213;F;78;20240222;37000;Arequipe Latte;16-18;Caribe;3
14214;F;41;20240216;35000;Latte;20-22;Orinoquía;4
14215;M;57;20230629;65000;Espresso Sencillo;10-12;Insular;1
14216;;31;20230130;65400;Chocolate Caliente;10-12;Orinoquía;1
14217;M;57;20240110;77000;Espresso Doble;10-12;Andina;5
14218;;31;20231003;65400;Mocha Latte;18-20;Insular;3
14219;M;68;20240416;44000;Arequipe Latte;16-18;Caribe;3
14220;M;79;20240119;69000;Mocha Latte;10-12;Insular;3
14221;M;80;20240302;61000;Caramel Macchiato;10-12;Orinoquía;1
14222;F;78;20211126;74000;Latte;16-18;Caribe;3
14223;;31;20240518;65400;Latte Macchiato;12-14;Caribe;1
14224;M;44;20240516;66000;Arequipe Latte;10-12;Insular;1
14225;F;56;20220528;81000;Chocolate Caliente;18-20;Insular;4
14226;M;31;20230416;71000;Chocolate Caliente;12-14;Caribe;3
14227;M;63;20240308;73000;Arequipe Latte;16-18;Insular;5
14228;M;62;20220910;43000;Americano;12-14;Caribe;5
14229;F;45;20231112;65000;Chocolate Caliente;20-22;Pacífica;2
14230;F;59;20231123;100000;Mocha Blanco Latte;16-18;Orinoquía;5
14231;F;40;20221230;55000;Chocolate Helado;16-18;Orinoquía;5
14232;;31;20230814;65400;Mocha Latte;10-12;Orinoquía;2
14233;F;57;20220429;55000;Latte;20-22;Andina;3
14234;M;65;20220116;74000;Cappuccino;14-16;Insular;3
14235;F;70;20210820;75000;Arequipe Latte;20-22;Insular;3
14236;M;23;20231012;73000;Cappuccino;14-16;Insular;3
14237;O;60;20211127;86000;Flat White;12-14;Pacífica;3
14238;F;62;20230817;87000;Chocolate Blanco Helado;18-20;Caribe;4
14239;M;53;20231114;95000;Espresso Doble;12-14;Pacífica;1
14240;F;66;20211217;68000;Latte;18-20;Caribe;3
14241;;31;20200223;65400;Caramel Macchiato;14-16;Insular;2
14242;M;43;20230826;69000;Caramel Macchiato;12-14;Pacífica;4
14243;;31;20220110;65400;Espresso Sencillo;20-22;Insular;3
14244;M;19;20230109;44000;Mocha Latte;20-22;Pacífica;2
14245;F;37;20230805;88000;Espresso Sencillo;16-18;Andina;1
14246;M;43;20240129;45000;Latte;20-22;Pacífica;1
14247;M;83;20210802;40000;Mocha Latte;20-22;Pacífica;5
14248;F;29;20200119;38000;Chocolate Blanco;14-16;Insular;5
14249;M;29;20240121;62000;Cappuccino;10-12;Orinoquía;2
14250;M;78;20230701;59000;Chocolate Helado;20-22;Orinoquía;1
14251;M;42;20200618;41000;Latte;14-16;Pacífica;4
14252;F;47;20220722;56000;Americano;20-22;Orinoquía;3
14253;M;18;20240725;45000;Chocolate Blanco;20-22;Insular;3
14254;;31;20200531;65400;Mocha Blanco Latte;20-22;Orinoquía;4
14255;F;85;20240524;65000;Chocolate Caliente;16-18;Orinoquía;1
14256;M;21;20231127;54000;Espresso Sencillo;14-16;Caribe;1
14257;F;91;20230817;57000;Espresso Macchiato;16-18;Pacífica;1
14258;M;65;20230210;37000;Latte Macchiato;16-18;Andina;3
14259;M;75;20231223;75000;Arequipe Latte;18-20;Caribe;5
14260;M;45;20201122;66000;Caramel Macchiato;16-18;Caribe;3
14261;;31;20230716;65400;Cappuccino;20-22;Pacífica;3
14262;F;21;20220927;31000;Chocolate Caliente;14-16;Pacífica;3
14263;M;72;20240403;68000;Café del día;14-16;Andina;1
14264;M;49;20231127;32000;Latte Macchiato;18-20;Orinoquía;2
14265;M;56;20220217;84000;Chocolate Helado;10-12;Insular;4
14266;M;55;20240709;65000;Mocha Latte;12-14;Insular;5
14267;F;58;20231130;55000;Espresso Doble;10-12;Andina;2
14268;F;53;20221201;67000;Café del día;12-14;Pacífica;2
14269;M;66;20230913;63000;Espresso Doble;18-20;Andina;4
14270;M;71;20240324;71000;Espresso Macchiato;10-12;Andina;4
14271;F;30;20240305;45000;Mocha Blanco Latte;14-16;Andina;3
14272;M;36;20210823;30000;Espresso Doble;20-22;Caribe;3
14273;;31;20231208;65400;Americano;16-18;Insular;5
14274;F;63;20240718;71000;Espresso Macchiato;20-22;Caribe;3
14275;;31;20231009;65400;Espresso Macchiato;12-14;Insular;4
14276;M;69;20200117;93000;Cappuccino;10-12;Pacífica;5
14277;M;73;20230430;69000;Espresso Doble;20-22;Caribe;3
14278;F;70;20230805;90000;Flat White;14-16;Orinoquía;2
14279;F;44;20240219;78000;Caramel Macchiato;12-14;Andina;5
14280;O;49;20230110;95000;Mocha Blanco Latte;12-14;Pacífica;1
14281;F;67;20221017;101000;Chocolate Caliente;10-12;Pacífica;4
14282;O;67;20220813;85000;Chocolate Helado;18-20;Pacífica;2
14283;M;54;20201105;60000;Chocolate Caliente;10-12;Andina;3
14284;M;35;20231203;34000;Espresso Macchiato;20-22;Pacífica;3
14285;M;66;20210829;36000;Mocha Latte;14-16;Orinoquía;4
14286;M;67;20220428;79000;Americano;20-22;Pacífica;4
14287;M;62;20220302;54000;Chocolate Blanco;20-22;Caribe;5
14288;;31;20230513;65400;Flat White;10-12;Andina;3
14289;M;44;20240705;72000;Espresso Macchiato;16-18;Insular;1
14290;F;57;20230325;118000;Latte;12-14;Caribe;4
14291;M;18;20220217;49000;Americano;10-12;Orinoquía;2
14292;F;21;20231222;35000;Chocolate Blanco Helado;16-18;Andina;2
14293;M;63;20240208;49000;Caramel Macchiato;18-20;Andina;3
14294;F;45;20230827;56000;Espresso Macchiato;18-20;Orinoquía;2
14295;M;66;20220127;66000;Chocolate Blanco;20-22;Insular;2
14296;F;50;20230326;72000;Espresso Doble;20-22;Orinoquía;4
14297;;31;20210813;65400;Chocolate Helado;16-18;Andina;4
14298;F;53;20230122;49000;Americano;16-18;Insular;4
14299;F;22;20240102;39000;Chocolate Helado;16-18;Andina;1
14300;F;32;20240318;47000;Flat White;12-14;Pacífica;5
14301;M;72;20200207;39000;Caramel Macchiato;14-16;Pacífica;4
14302;F;67;20240220;104000;Latte;16-18;Orinoquía;5
14303;M;33;20231231;75000;Espresso Macchiato;14-16;Andina;4
14304;M;42;20240720;64000;Cappuccino;16-18;Caribe;3
14305;F;63;20211024;79000;Latte;14-16;Insular;1
14306;M;35;20230123;59000;Chocolate Blanco;14-16;Caribe;2
14307;M;65;20221223;55000;Cappuccino;18-20;Caribe;5
14308;;31;20230805;65400;Chocolate Blanco;14-16;Caribe;1
14309;M;50;20230118;30000;Café del día;12-14;Andina;3
14310;M;20;20240123;39000;Mocha Latte;10-12;Insular;4
14311;M;59;20240114;89000;Chocolate Caliente;10-12;Insular;5
14312;M;39;20211125;99000;Flat White;10-12;Caribe;4
14313;M;98;20210403;37000;Café del día;20-22;Andina;5
14314;M;46;20240521;34000;Chocolate Blanco Helado;16-18;Insular;4
14315;M;28;20230730;65000;Chocolate Blanco;10-12;Insular;3
14316;F;79;20240719;100000;Chocolate Blanco Helado;14-16;Insular;3
14317;F;53;20230403;91000;Arequipe Latte;20-22;Andina;2
14318;M;74;20231203;60000;Espresso Macchiato;12-14;Andina;2
14319;M;31;20240516;36000;Chocolate Helado;18-20;Caribe;1
14320;;31;20230130;65400;Chocolate Caliente;10-12;Orinoquía;3
14321;M;29;20230926;65000;Mocha Latte;18-20;Insular;5
14322;M;80;20230311;34000;Americano;20-22;Pacífica;4
14323;M;60;20230807;108000;Cappuccino;12-14;Insular;1
14324;M;77;20240629;49000;Espresso Sencillo;14-16;Insular;2
14325;F;26;20190826;72000;Mocha Blanco Latte;16-18;Andina;1
14326;M;62;20220803;111000;Latte;18-20;Andina;3
14327;F;58;20230817;77000;Espresso Doble;20-22;Caribe;2
14328;M;59;20231231;59000;Latte;20-22;Orinoquía;2
14329;F;25;20230504;41000;Chocolate Blanco;18-20;Pacífica;2
14330;M;53;20240515;73000;Espresso Macchiato;14-16;Orinoquía;3
14331;;31;20240301;65400;Chocolate Blanco;18-20;Caribe;5
14332;F;59;20230401;79000;Latte Macchiato;14-16;Andina;4
14333;M;52;20220430;98000;Chocolate Helado;16-18;Orinoquía;3
14334;M;45;20240504;67000;Caramel Macchiato;16-18;Caribe;4
14335;M;34;20210121;59000;Chocolate Blanco;16-18;Caribe;4
14336;M;49;20220725;83000;Mocha Blanco Latte;20-22;Caribe;1
14337;M;59;20220104;58000;Cappuccino;18-20;Andina;2
14338;M;65;20221006;39000;Mocha Latte;18-20;Pacífica;4
14339;F;51;20230421;113000;Caramel Macchiato;16-18;Caribe;3
14340;F;61;20220102;76000;Flat White;20-22;Insular;1
14341;M;76;20211022;84000;Flat White;14-16;Andina;2
14342;F;20;20230106;49000;Caramel Macchiato;10-12;Pacífica;5
14343;F;51;20240313;58000;Latte Macchiato;12-14;Orinoquía;5
14344;M;22;20230803;33000;Flat White;18-20;Andina;3
14345;F;58;20210814;54000;Latte Macchiato;10-12;Insular;1
14346;F;84;20230719;86000;Espresso Doble;12-14;Caribe;2
14347;M;53;20231122;111000;Mocha Latte;20-22;Insular;3
14348;M;76;20220229;69000;Cappuccino;12-14;Andina;1
14349;;31;20240620;65400;Latte Macchiato;12-14;Orinoquía;1
14350;F;51;20240716;101000;Cappuccino;16-18;Pacífica;5
14351;M;61;20220626;116000;Espresso Doble;12-14;Pacífica;5
14352;F;46;20230910;32000;Chocolate Caliente;10-12;Pacífica;1
14353;M;63;20231012;51000;Chocolate Blanco;20-22;Caribe;1
14354;M;46;20231227;57000;Chocolate Blanco Helado;12-14;Insular;4
14355;M;88;20220116;78000;Espresso Macchiato;20-22;Andina;5
14356;M;54;20211213;67000;Caramel Macchiato;14-16;Caribe;3
14357;M;42;20221225;91000;Espresso Macchiato;14-16;Insular;4
14358;;31;20220727;65400;Cappuccino;18-20;Andina;3
14359;;31;20231002;65400;Mocha Blanco Latte;18-20;Orinoquía;4
14360;M;19;20230818;32000;Chocolate Caliente;10-12;Caribe;5
14361;M;35;20231212;52000;Mocha Blanco Latte;12-14;Insular;2
14362;F;51;20240423;50000;Latte Macchiato;10-12;Caribe;3
14363;M;39;20240421;55000;Americano;14-16;Pacífica;1
14364;M;47;20220423;53000;Chocolate Helado;10-12;Pacífica;1
14365;F;81;20240425;94000;Café del día;12-14;Insular;5
14366;M;52;20210728;79000;Flat White;14-16;Pacífica;4
14367;M;72;20230413;85000;Americano;10-12;Insular;5
14368;M;47;20230816;32000;Caramel Macchiato;18-20;Insular;2
14369;M;30;20230213;31000;Chocolate Helado;18-20;Insular;3
14370;M;58;20220902;50000;Flat White;18-20;Insular;5
14371;F;60;20220123;32000;Espresso Doble;16-18;Orinoquía;2
14372;F;61;20221111;98000;Mocha Latte;14-16;Insular;5
14373;F;65;20211018;90000;Latte Macchiato;16-18;Insular;3
14374;F;72;20240205;82000;Mocha Latte;14-16;Pacífica;5
14375;M;59;20230508;99000;Espresso Doble;16-18;Andina;3
14376;;31;20230421;65400;Latte Macchiato;12-14;Caribe;2
14377;M;29;20231118;30000;Chocolate Caliente;14-16;Andina;5
14378;M;80;20230212;93000;Chocolate Blanco Helado;12-14;Orinoquía;5
14379;;31;20230823;65400;Espresso Doble;16-18;Caribe;2
14380;;31;20240119;65400;Flat White;18-20;Andina;3
14381;M;69;20220303;80000;Americano;16-18;Andina;4
14382;F;55;20230524;72000;Latte Macchiato;12-14;Pacífica;5
14383;;31;20231227;65400;Chocolate Blanco;18-20;Pacífica;5
14384;F;73;20220906;89000;Chocolate Helado;12-14;Orinoquía;1
14385;F;72;20230219;114000;Café del día;12-14;Orinoquía;4
14386;M;66;20240704;46000;Latte;20-22;Caribe;1
14387;F;77;20191014;57000;Espresso Macchiato;10-12;Pacífica;2
14388;M;62;20230819;65000;Chocolate Blanco;20-22;Caribe;4
14389;M;26;20231202;65000;Caramel Macchiato;12-14;Pacífica;1
14390;;31;20240120;65400;Chocolate Caliente;20-22;Caribe;4
14391;M;51;20231106;65000;Espresso Macchiato;20-22;Insular;1
14392;M;51;20220602;67000;Espresso Macchiato;20-22;Pacífica;4
14393;M;97;20221122;81000;Americano;20-22;Andina;1
14394;M;67;20231111;78000;Arequipe Latte;16-18;Insular;3
14395;F;62;20220212;82000;Mocha Blanco Latte;20-22;Andina;5
14396;F;73;20230916;79000;Cappuccino;20-22;Pacífica;5
14397;F;53;20211212;100000;Flat White;18-20;Insular;5
14398;F;46;20231127;40000;Cappuccino;16-18;Pacífica;4
14399;M;39;20230811;61000;Caramel Macchiato;18-20;Andina;5
14400;M;48;20210923;56000;Mocha Latte;10-12;Insular;5
14401;M;43;20230902;31000;Chocolate Blanco;18-20;Orinoquía;4
14402;M;59;20240710;43000;Espresso Doble;12-14;Insular;1
14403;F;51;20231031;40000;Latte;10-12;Pacífica;3
14404;;31;20230126;65400;Arequipe Latte;20-22;Caribe;5
14405;F;43;20230905;31000;Cappuccino;20-22;Caribe;1
14406;F;44;20240705;78000;Arequipe Latte;18-20;Pacífica;1
14407;M;39;20200615;46000;Latte;16-18;Caribe;4
14408;M;79;20230722;73000;Arequipe Latte;12-14;Pacífica;4
14409;M;27;20230716;57000;Chocolate Caliente;20-22;Pacífica;5
14410;F;75;20230418;53000;Espresso Macchiato;16-18;Insular;5
14411;M;58;20240610;51000;Latte Macchiato;16-18;Pacífica;2
14412;M;57;20200816;87000;Latte Macchiato;18-20;Insular;4
14413;M;39;20211219;58000;Caramel Macchiato;16-18;Insular;2
14414;;31;20230526;65400;Latte Macchiato;14-16;Insular;1
14415;M;58;20240714;83000;Flat White;20-22;Insular;5
14416;;31;20240324;65400;Latte Macchiato;10-12;Andina;3
14417;M;65;20240503;32000;Café del día;16-18;Andina;2
14418;F;70;20231025;76000;Caramel Macchiato;10-12;Pacífica;1
14419;F;53;20230729;74000;Espresso Doble;16-18;Insular;3
14420;M;19;20211008;43000;Mocha Latte;16-18;Pacífica;1
14421;M;20;20230406;41000;Espresso Doble;16-18;Caribe;1
14422;M;53;20230719;67000;Mocha Blanco Latte;12-14;Pacífica;4
14423;M;72;20240304;59000;Flat White;12-14;Orinoquía;2
14424;M;65;20220111;68000;Espresso Doble;20-22;Orinoquía;3
14425;M;71;20210808;92000;Espresso Macchiato;12-14;Caribe;3
14426;M;41;20190821;52000;Espresso Sencillo;10-12;Andina;1
14427;M;58;20231105;52000;Mocha Latte;20-22;Caribe;1
14428;M;35;20220807;57000;Latte Macchiato;16-18;Caribe;2
14429;M;33;20230801;41000;Chocolate Caliente;10-12;Andina;5
14430;M;42;20240423;54000;Chocolate Caliente;18-20;Andina;4
14431;M;65;20231214;60000;Cappuccino;14-16;Caribe;3
14432;M;21;20231008;53000;Latte Macchiato;12-14;Caribe;2
14433;F;51;20220529;114000;Espresso Doble;12-14;Orinoquía;1
14434;F;80;20220414;71000;Chocolate Blanco;18-20;Caribe;4
14435;F;87;20220216;95000;Latte Macchiato;14-16;Insular;3
14436;;31;20240206;65400;Chocolate Blanco Helado;18-20;Insular;5
14437;F;22;20240301;31000;Cappuccino;14-16;Pacífica;5
14438;F;63;20231212;78000;Chocolate Blanco Helado;16-18;Pacífica;1
14439;F;29;20230901;54000;Chocolate Caliente;18-20;Orinoquía;3
14440;F;48;20210219;63000;Latte;12-14;Andina;3
14441;F;79;20201127;61000;Chocolate Helado;20-22;Insular;5
14442;M;52;20230818;68000;Arequipe Latte;14-16;Caribe;3
14443;F;54;20210824;52000;Espresso Macchiato;20-22;Insular;3
14444;M;59;20231226;53000;Espresso Sencillo;10-12;Caribe;1
14445;M;35;20240610;37000;Espresso Sencillo;20-22;Insular;5
14446;F;59;20230315;76000;Flat White;14-16;Orinoquía;3
14447;F;58;20230524;97000;Flat White;16-18;Insular;5
14448;M;67;20201210;74000;Espresso Doble;20-22;Pacífica;2
14449;F;45;20240607;73000;Caramel Macchiato;16-18;Orinoquía;3
14450;F;73;20220520;100000;Espresso Macchiato;10-12;Insular;5
14451;M;71;20230629;116000;Chocolate Helado;10-12;Caribe;1
14452;F;49;20220722;74000;Espresso Macchiato;10-12;Orinoquía;3
14453;F;50;20240107;33000;Flat White;10-12;Orinoquía;3
14454;M;63;20240401;83000;Espresso Doble;10-12;Insular;1
14455;M;64;20201222;86000;Chocolate Blanco;10-12;Andina;5
14456;M;71;20221217;45000;Espresso Sencillo;12-14;Andina;2
14457;M;48;20200810;92000;Espresso Macchiato;10-12;Caribe;4
14458;F;81;20210224;89000;Americano;14-16;Andina;2
14459;M;73;20231007;56000;Flat White;18-20;Orinoquía;1
14460;M;58;20230114;70000;Chocolate Helado;12-14;Orinoquía;2
14461;M;56;20221001;73000;Flat White;12-14;Insular;1
14462;;31;20231209;65400;Mocha Latte;14-16;Insular;4
14463;M;51;20200807;63000;Flat White;20-22;Insular;3
14464;F;51;20220906;100000;Mocha Blanco Latte;14-16;Andina;2
14465;F;69;20210823;59000;Americano;10-12;Caribe;3
14466;;31;20240218;65400;Chocolate Blanco;10-12;Caribe;1
14467;F;55;20240501;55000;Café del día;18-20;Andina;2
14468;M;45;20220504;79000;Chocolate Blanco Helado;14-16;Caribe;5
14469;F;70;20231126;35000;Flat White;10-12;Caribe;2
14470;M;23;20240228;54000;Latte Macchiato;20-22;Insular;2
14471;M;58;20240601;54000;Arequipe Latte;12-14;Orinoquía;5
14472;M;39;20240127;65000;Cappuccino;18-20;Caribe;2
14473;F;74;20210924;73000;Latte;14-16;Orinoquía;4
14474;F;56;20230906;63000;Chocolate Blanco Helado;20-22;Caribe;1
14475;F;48;20210828;117000;Espresso Macchiato;10-12;Orinoquía;5
14476;F;60;20220229;103000;Caramel Macchiato;18-20;Insular;3
14477;M;56;20240131;99000;Chocolate Blanco Helado;18-20;Insular;1
14478;;31;20230918;65400;Chocolate Blanco Helado;20-22;Insular;4
14479;F;69;20210824;82000;Latte Macchiato;14-16;Orinoquía;1
14480;;31;20240607;65400;Americano;16-18;Orinoquía;1
14481;M;29;20221019;59000;Latte Macchiato;10-12;Insular;5
14482;;31;20231109;65400;Café del día;16-18;Insular;3
14483;M;69;20230801;92000;Espresso Sencillo;16-18;Insular;3
14484;M;59;20231020;103000;Café del día;20-22;Insular;1
14485;;31;20231205;65400;Americano;20-22;Caribe;1
14486;M;29;20230819;41000;Chocolate Blanco Helado;20-22;Caribe;3
14487;M;46;20231021;63000;Arequipe Latte;14-16;Orinoquía;2
14488;M;63;20221111;77000;Latte;18-20;Insular;4
14489;M;47;20221220;46000;Chocolate Blanco;14-16;Pacífica;3
14490;M;67;20230615;80000;Espresso Sencillo;14-16;Orinoquía;1
14491;;31;20220707;65400;Chocolate Caliente;14-16;Insular;3
14492;M;50;20220330;54000;Mocha Latte;20-22;Caribe;4
14493;F;44;20220409;54000;Caramel Macchiato;14-16;Andina;3
14494;M;27;20200120;74000;Flat White;20-22;Andina;1
14495;M;75;20230726;68000;Flat White;14-16;Caribe;4
14496;F;67;20230629;111000;Caramel Macchiato;18-20;Pacífica;4
14497;F;39;20220924;66000;Espresso Macchiato;12-14;Pacífica;3
14498;;31;20220926;65400;Latte;18-20;Andina;2
14499;O;82;20230824;78000;Arequipe Latte;10-12;Pacífica;5
14500;M;29;20240205;57000;Caramel Macchiato;20-22;Caribe;5
14501;F;66;20240725;63000;Chocolate Caliente;14-16;Andina;4
14502;M;63;20240403;36000;Caramel Macchiato;18-20;Insular;1
14503;M;22;20210322;57000;Arequipe Latte;20-22;Insular;5
14504;F;51;20221011;81000;Cappuccino;16-18;Orinoquía;1
14505;F;52;20220419;86000;Mocha Blanco Latte;10-12;Pacífica;4
14506;M;36;20211225;50000;Mocha Blanco Latte;18-20;Caribe;1
14507;F;62;20231028;84000;Mocha Blanco Latte;14-16;Orinoquía;5
14508;M;41;20230905;59000;Flat White;16-18;Insular;2
14509;;31;20240129;65400;Latte;16-18;Pacífica;2
14510;F;90;20231206;43000;Arequipe Latte;10-12;Andina;3
14511;;31;20231102;65400;Espresso Macchiato;20-22;Insular;5
14512;F;45;20231221;56000;Flat White;12-14;Caribe;1
14513;F;45;20230902;62000;Café del día;12-14;Orinoquía;3
14514;M;62;20200118;43000;Americano;14-16;Pacífica;5
14515;F;53;20240522;62000;Chocolate Helado;18-20;Pacífica;1
14516;F;58;20230912;80000;Flat White;16-18;Caribe;4
14517;M;33;20231105;74000;Chocolate Caliente;20-22;Caribe;2
14518;M;45;20200308;66000;Chocolate Blanco;18-20;Caribe;5
14519;M;54;20220707;51000;Cappuccino;18-20;Caribe;3
14520;M;59;20220422;95000;Latte Macchiato;14-16;Andina;2
14521;M;72;20230902;119000;Chocolate Helado;18-20;Orinoquía;3
14522;F;47;20211125;66000;Espresso Doble;16-18;Andina;3
14523;F;24;20230209;31000;Espresso Macchiato;20-22;Orinoquía;3
14524;M;43;20240105;67000;Flat White;10-12;Andina;3
14525;M;59;20221119;72000;Espresso Doble;12-14;Insular;5
14526;M;65;20230312;55000;Espresso Sencillo;16-18;Orinoquía;2
14527;F;38;20221028;59000;Café del día;16-18;Andina;3
14528;;31;20230504;65400;Chocolate Blanco Helado;14-16;Insular;3
14529;F;52;20231223;86000;Chocolate Helado;16-18;Andina;5
14530;F;65;20230902;73000;Espresso Macchiato;18-20;Andina;2
14531;M;58;20240313;76000;Latte Macchiato;12-14;Pacífica;4
14532;F;36;20230304;30000;Mocha Latte;14-16;Orinoquía;5
14533;F;57;20210820;99000;Mocha Blanco Latte;20-22;Orinoquía;4
14534;F;51;20211216;47000;Espresso Sencillo;16-18;Caribe;3
14535;M;63;20240109;95000;Chocolate Blanco Helado;12-14;Caribe;5
14536;F;70;20230114;114000;Chocolate Blanco;14-16;Insular;5
14537;M;57;20210824;89000;Café del día;14-16;Pacífica;4
14538;M;68;20230620;63000;Mocha Latte;14-16;Pacífica;1
14539;F;62;20231217;85000;Arequipe Latte;16-18;Pacífica;2
14540;F;55;20230420;99000;Chocolate Blanco Helado;10-12;Andina;1
14541;M;60;20210926;71000;Caramel Macchiato;14-16;Pacífica;1
14542;F;36;20220921;45000;Chocolate Blanco;14-16;Pacífica;4
14543;F;90;20240109;85000;Chocolate Blanco;14-16;Orinoquía;3
14544;M;80;20200119;41000;Espresso Sencillo;12-14;Orinoquía;5
14545;M;32;20220711;69000;Café del día;16-18;Insular;4
14546;M;73;20230420;61000;Latte;20-22;Orinoquía;3
14547;M;42;20231031;62000;Chocolate Blanco;10-12;Caribe;4
14548;F;68;20220610;98000;Latte Macchiato;14-16;Andina;1
14549;F;35;20231212;44000;Caramel Macchiato;14-16;Caribe;1
14550;F;33;20191214;47000;Mocha Blanco Latte;16-18;Pacífica;3
14551;F;44;20230805;95000;Cappuccino;12-14;Caribe;3
14552;M;53;20231026;61000;Cappuccino;16-18;Insular;2
14553;M;46;20230901;46000;Cappuccino;20-22;Orinoquía;3
14554;;31;20220926;65400;Espresso Macchiato;14-16;Andina;5
14555;M;59;20231208;65000;Arequipe Latte;16-18;Andina;1
14556;F;62;20230912;78000;Espresso Sencillo;10-12;Pacífica;4
14557;;31;20220513;65400;Caramel Macchiato;10-12;Pacífica;1
14558;F;67;20230320;96000;Flat White;18-20;Orinoquía;1
14559;M;68;20210320;51000;Chocolate Blanco;12-14;Pacífica;2
14560;M;37;20231217;64000;Mocha Blanco Latte;18-20;Caribe;2
14561;M;51;20230819;59000;Latte Macchiato;18-20;Caribe;2
14562;M;81;20240221;82000;Latte Macchiato;16-18;Pacífica;3
14563;F;47;20221002;68000;Latte;10-12;Andina;5
14564;F;55;20220802;112000;Espresso Macchiato;14-16;Orinoquía;1
14565;M;40;20211109;63000;Espresso Sencillo;20-22;Insular;3
14566;F;28;20230806;47000;Latte Macchiato;14-16;Andina;1
14567;M;92;20210814;94000;Arequipe Latte;16-18;Pacífica;3
14568;F;23;20240629;40000;Flat White;10-12;Insular;3
14569;;31;20230109;65400;Arequipe Latte;18-20;Orinoquía;5
14570;M;69;20220302;99000;Espresso Sencillo;18-20;Orinoquía;3
14571;M;49;20240625;64000;Americano;12-14;Pacífica;5
14572;M;69;20220711;47000;Latte Macchiato;10-12;Andina;2
14573;;31;20231009;65400;Chocolate Blanco;12-14;Orinoquía;1
14574;M;45;20220323;50000;Mocha Blanco Latte;16-18;Pacífica;3
14575;O;81;20230802;57000;Arequipe Latte;16-18;Insular;5
14576;;31;20231226;65400;Chocolate Caliente;20-22;Andina;4
14577;;31;20220104;65400;Chocolate Helado;10-12;Caribe;2
14578;M;63;20221231;61000;Americano;18-20;Orinoquía;1
14579;;31;20211012;65400;Chocolate Caliente;14-16;Andina;1
14580;M;56;20211121;81000;Chocolate Blanco;20-22;Pacífica;5
14581;O;50;20211123;76000;Mocha Latte;12-14;Andina;2
14582;M;87;20240506;36000;Arequipe Latte;16-18;Orinoquía;2
14583;M;39;20231115;32000;Chocolate Caliente;14-16;Pacífica;5
14584;M;60;20240602;38000;Cappuccino;18-20;Andina;3
14585;F;67;20231215;33000;Chocolate Helado;18-20;Pacífica;5
14586;M;53;20240203;51000;Latte Macchiato;12-14;Andina;3
14587;;31;20220124;65400;Espresso Sencillo;12-14;Insular;3
14588;F;38;20231108;47000;Cappuccino;12-14;Orinoquía;2
14589;M;54;20231222;74000;Chocolate Helado;12-14;Pacífica;2
14590;M;59;20220611;77000;Chocolate Caliente;10-12;Orinoquía;5
14591;F;56;20240223;91000;Mocha Blanco Latte;20-22;Caribe;1
14592;F;36;20221204;74000;Chocolate Helado;18-20;Insular;3
14593;M;33;20220505;64000;Americano;20-22;Orinoquía;3
14594;M;67;20230728;56000;Americano;20-22;Caribe;5
14595;F;63;20211110;88000;Chocolate Caliente;20-22;Caribe;5
14596;M;36;20230617;34000;Latte;14-16;Caribe;4
14597;M;58;20210425;46000;Chocolate Blanco;16-18;Orinoquía;4
14598;M;47;20200603;59000;Chocolate Blanco;14-16;Pacífica;5
14599;M;34;20240302;73000;Chocolate Blanco Helado;14-16;Orinoquía;5
14600;;31;20231023;65400;Mocha Blanco Latte;10-12;Pacífica;4
14601;M;27;20240113;62000;Espresso Doble;12-14;Caribe;4
14602;F;41;20191225;31000;Caramel Macchiato;20-22;Orinoquía;2
14603;M;64;20220831;108000;Mocha Blanco Latte;10-12;Caribe;3
14604;M;33;20240429;53000;Caramel Macchiato;10-12;Pacífica;4
14605;M;84;20220724;106000;Chocolate Blanco Helado;12-14;Insular;4
14606;F;22;20240211;71000;Espresso Macchiato;20-22;Andina;2
14607;;31;20240301;65400;Arequipe Latte;18-20;Caribe;2
14608;M;51;20240208;79000;Americano;12-14;Andina;1
14609;M;46;20220527;61000;Arequipe Latte;18-20;Orinoquía;3
14610;;31;20230320;65400;Cappuccino;12-14;Andina;4
14611;M;51;20200724;77000;Chocolate Helado;10-12;Andina;5
14612;F;35;20230928;34000;Americano;14-16;Pacífica;5
14613;M;55;20210825;51000;Chocolate Caliente;14-16;Insular;2
14614;F;61;20231112;59000;Americano;16-18;Andina;2
14615;;31;20231207;65400;Mocha Latte;12-14;Andina;1
14616;F;41;20211006;83000;Arequipe Latte;16-18;Pacífica;2
14617;M;52;20231223;37000;Chocolate Caliente;16-18;Caribe;2
14618;M;29;20191219;33000;Americano;18-20;Insular;1
14619;M;83;20190828;42000;Chocolate Blanco Helado;14-16;Orinoquía;1
14620;M;66;20240302;70000;Arequipe Latte;20-22;Insular;1
14621;M;79;20220518;72000;Café del día;12-14;Pacífica;4
14622;M;44;20231125;39000;Mocha Blanco Latte;16-18;Andina;1
14623;M;42;20231209;68000;Espresso Macchiato;18-20;Insular;3
14624;F;29;20211114;42000;Espresso Sencillo;12-14;Andina;3
14625;M;37;20230112;47000;Espresso Macchiato;16-18;Pacífica;2
14626;F;59;20230831;93000;Chocolate Caliente;20-22;Insular;3
14627;M;44;20230826;69000;Arequipe Latte;20-22;Andina;4
14628;F;57;20230731;113000;Americano;14-16;Andina;5
14629;F;58;20220514;112000;Latte Macchiato;12-14;Insular;5
14630;M;67;20200401;53000;Chocolate Blanco Helado;12-14;Insular;3
14631;;31;20220819;65400;Chocolate Blanco;12-14;Caribe;2
14632;M;46;20240207;32000;Chocolate Caliente;18-20;Caribe;2
14633;F;58;20240604;52000;Mocha Blanco Latte;10-12;Pacífica;1
14634;F;21;20240328;39000;Mocha Blanco Latte;18-20;Orinoquía;5
14635;F;61;20230815;111000;Chocolate Blanco Helado;20-22;Insular;1
14636;F;58;20240306;37000;Chocolate Blanco;10-12;Andina;4
14637;M;22;20240322;56000;Arequipe Latte;12-14;Insular;5
14638;F;65;20240323;81000;Americano;18-20;Andina;1
14639;F;64;20230611;84000;Caramel Macchiato;16-18;Caribe;2
14640;F;62;20240123;72000;Chocolate Caliente;10-12;Insular;4
14641;M;50;20220311;62000;Espresso Doble;16-18;Caribe;1
14642;M;19;20240324;63000;Mocha Latte;16-18;Andina;5
14643;;31;20231205;65400;Latte;12-14;Orinoquía;2
14644;;31;20211002;65400;Espresso Doble;12-14;Insular;1
14645;F;70;20220224;100000;Latte;18-20;Caribe;2
14646;M;40;20230504;63000;Mocha Latte;20-22;Andina;2
14647;M;23;20210508;32000;Flat White;18-20;Orinoquía;2
14648;F;51;20221009;44000;Mocha Latte;14-16;Andina;4
14649;M;52;20230103;89000;Chocolate Helado;20-22;Andina;1
14650;M;51;20220913;76000;Latte Macchiato;16-18;Orinoquía;4
14651;F;76;20221111;80000;Chocolate Blanco Helado;12-14;Insular;1
14652;M;59;20231125;82000;Arequipe Latte;18-20;Caribe;3
14653;F;28;20240703;65000;Espresso Doble;14-16;Andina;4
14654;;31;20240503;65400;Americano;18-20;Caribe;5
14655;F;54;20230212;56000;Chocolate Caliente;18-20;Orinoquía;2
14656;F;57;20211020;72000;Espresso Doble;12-14;Andina;5
14657;M;39;20230324;86000;Chocolate Helado;18-20;Orinoquía;5
14658;M;80;20240417;82000;Cappuccino;12-14;Andina;4
14659;M;45;20200424;33000;Chocolate Helado;10-12;Andina;1
14660;M;36;20231018;50000;Chocolate Helado;16-18;Pacífica;1
14661;M;32;20240602;68000;Café del día;12-14;Pacífica;3
14662;;31;20240414;65400;Café del día;12-14;Caribe;2
14663;F;77;20240721;68000;Arequipe Latte;18-20;Caribe;2
14664;M;79;20220727;112000;Mocha Latte;12-14;Andina;2
14665;M;67;20200506;92000;Latte;20-22;Andina;5
14666;M;46;20231114;53000;Chocolate Blanco;20-22;Insular;3
14667;M;46;20220905;77000;Espresso Doble;20-22;Orinoquía;4
14668;;31;20240725;65400;Café del día;12-14;Orinoquía;2
14669;M;42;20221019;67000;Mocha Blanco Latte;10-12;Pacífica;5
14670;F;46;20240220;76000;Espresso Doble;18-20;Insular;2
14671;F;67;20230108;86000;Chocolate Blanco Helado;10-12;Caribe;4
14672;F;81;20220927;92000;Arequipe Latte;18-20;Insular;5
14673;;31;20240302;65400;Mocha Latte;18-20;Andina;3
14674;M;36;20230403;35000;Espresso Doble;10-12;Caribe;3
14675;M;61;20220624;93000;Café del día;20-22;Insular;2
14676;F;79;20230930;106000;Chocolate Blanco Helado;10-12;Insular;3
14677;F;61;20220101;106000;Chocolate Blanco;14-16;Orinoquía;4
14678;M;71;20231127;52000;Chocolate Blanco Helado;18-20;Orinoquía;2
14679;M;43;20240420;66000;Cappuccino;20-22;Andina;5
14680;M;54;20210807;46000;Cappuccino;12-14;Caribe;4
14681;M;55;20240117;80000;Mocha Latte;12-14;Orinoquía;4
14682;M;31;20200612;51000;Espresso Sencillo;10-12;Pacífica;4
14683;F;65;20230913;64000;Arequipe Latte;16-18;Insular;3
14684;M;25;20240427;37000;Chocolate Caliente;20-22;Caribe;4
14685;;31;20220322;65400;Caramel Macchiato;20-22;Caribe;2
14686;F;62;20220813;117000;Espresso Sencillo;14-16;Insular;5
14687;F;69;20240321;56000;Latte Macchiato;20-22;Pacífica;1
14688;M;60;20231121;32000;Espresso Sencillo;14-16;Pacífica;2
14689;F;53;20231201;55000;Mocha Latte;16-18;Orinoquía;1
14690;F;57;20211110;85000;Mocha Latte;18-20;Pacífica;2
14691;F;95;20220724;110000;Espresso Macchiato;10-12;Insular;3
14692;M;43;20240404;34000;Café del día;16-18;Insular;1
14693;F;32;20230910;35000;Latte;12-14;Andina;1
14694;F;67;20231114;87000;Chocolate Blanco;12-14;Pacífica;2
14695;M;48;20240610;58000;Café del día;18-20;Andina;1
14696;M;66;20220409;119000;Latte Macchiato;14-16;Insular;5
14697;M;53;20240107;113000;Mocha Blanco Latte;18-20;Caribe;5
14698;F;40;20231122;53000;Espresso Doble;14-16;Orinoquía;4
14699;F;52;20240621;67000;Flat White;12-14;Andina;5
14700;M;55;20230920;66000;Cappuccino;12-14;Caribe;2
14701;F;28;20231112;57000;Chocolate Blanco Helado;10-12;Caribe;3
14702;M;85;20221020;81000;Mocha Latte;14-16;Pacífica;4
14703;F;56;20240428;48000;Espresso Doble;16-18;Insular;2
14704;F;64;20220713;73000;Chocolate Caliente;20-22;Orinoquía;3
14705;F;39;20240602;93000;Arequipe Latte;14-16;Insular;4
14706;M;61;20220502;38000;Caramel Macchiato;12-14;Andina;5
14707;F;49;20220308;72000;Café del día;18-20;Insular;4
14708;M;78;20230921;93000;Espresso Sencillo;18-20;Pacífica;5
14709;M;28;20231016;53000;Americano;14-16;Pacífica;4
14710;M;67;20231121;69000;Café del día;12-14;Caribe;3
14711;F;63;20231224;107000;Latte;16-18;Insular;2
14712;M;52;20240428;62000;Espresso Macchiato;18-20;Andina;3
14713;M;61;20230107;68000;Latte Macchiato;16-18;Caribe;3
14714;F;71;20231105;116000;Café del día;16-18;Pacífica;1
14715;M;25;20240418;73000;Café del día;20-22;Caribe;2
14716;F;54;20220930;74000;Mocha Blanco Latte;10-12;Caribe;3
14717;M;67;20221102;65000;Café del día;12-14;Pacífica;1
14718;;31;20231110;65400;Flat White;18-20;Pacífica;1
14719;;31;20220403;65400;Caramel Macchiato;16-18;Pacífica;2
14720;M;46;20220515;69000;Caramel Macchiato;20-22;Andina;3
14721;F;68;20210201;53000;Americano;10-12;Caribe;2
14722;M;27;20221018;45000;Caramel Macchiato;12-14;Andina;2
14723;M;41;20240323;62000;Café del día;12-14;Insular;3
14724;F;50;20220723;71000;Flat White;20-22;Orinoquía;3
14725;F;61;20221213;57000;Latte;18-20;Orinoquía;2
14726;M;82;20230218;76000;Chocolate Blanco Helado;20-22;Caribe;5
14727;F;63;20230106;53000;Chocolate Helado;12-14;Pacífica;1
14728;;31;20230729;65400;Latte;12-14;Orinoquía;5
14729;M;68;20231115;64000;Americano;14-16;Insular;5
14730;M;19;20230402;39000;Chocolate Helado;16-18;Orinoquía;2
14731;M;59;20230717;70000;Chocolate Blanco Helado;18-20;Pacífica;3
14732;M;45;20240319;65000;Espresso Doble;18-20;Pacífica;1
14733;M;71;20240705;62000;Cappuccino;10-12;Orinoquía;5
14734;F;53;20210803;93000;Arequipe Latte;14-16;Insular;2
14735;F;58;20230810;100000;Mocha Blanco Latte;12-14;Insular;2
14736;F;61;20231021;77000;Latte;18-20;Pacífica;2
14737;M;33;20240612;45000;Cappuccino;20-22;Insular;2
14738;F;75;20230112;103000;Latte;18-20;Pacífica;3
14739;M;42;20230803;74000;Chocolate Blanco Helado;10-12;Pacífica;3
14740;M;64;20201208;38000;Espresso Macchiato;14-16;Caribe;2
14741;;31;20240520;65400;Café del día;10-12;Pacífica;1
14742;M;36;20231224;66000;Espresso Sencillo;10-12;Insular;3
14743;M;61;20230830;49000;Chocolate Blanco Helado;12-14;Andina;3
14744;;31;20230829;65400;Latte Macchiato;14-16;Andina;5
14745;F;42;20230416;62000;Espresso Macchiato;18-20;Orinoquía;3
14746;M;51;20231005;35000;Americano;20-22;Andina;3
14747;M;52;20201120;63000;Cappuccino;14-16;Caribe;1
14748;M;51;20240609;65000;Mocha Blanco Latte;20-22;Insular;2
14749;M;55;20230524;58000;Chocolate Caliente;12-14;Andina;4
14750;M;30;20231129;58000;Cappuccino;14-16;Orinoquía;5
14751;F;68;20230919;119000;Chocolate Helado;20-22;Pacífica;4
14752;F;37;20231004;61000;Chocolate Helado;12-14;Orinoquía;5
14753;M;41;20230714;63000;Chocolate Blanco;20-22;Caribe;5
14754;F;59;20220720;95000;Chocolate Blanco;14-16;Orinoquía;1
14755;M;40;20230813;45000;Cappuccino;18-20;Andina;3
14756;;31;20240608;65400;Chocolate Blanco Helado;20-22;Orinoquía;3
14757;M;59;20240726;34000;Chocolate Helado;18-20;Andina;3
14758;F;40;20211122;72000;Chocolate Blanco Helado;12-14;Andina;1
14759;F;47;20210505;48000;Café del día;16-18;Insular;5
14760;M;54;20220901;96000;Flat White;12-14;Insular;5
14761;M;75;20230309;80000;Espresso Macchiato;12-14;Orinoquía;5
14762;M;54;20240321;59000;Espresso Sencillo;14-16;Insular;1
14763;F;54;20230106;72000;Mocha Latte;10-12;Insular;1
14764;F;55;20210923;74000;Café del día;10-12;Insular;4
14765;F;76;20211116;65000;Americano;20-22;Orinoquía;2
14766;M;71;20240425;31000;Flat White;10-12;Pacífica;4
14767;;31;20230816;65400;Mocha Latte;16-18;Orinoquía;3
14768;M;49;20240314;68000;Latte Macchiato;12-14;Orinoquía;2
14769;M;42;20201017;85000;Caramel Macchiato;10-12;Insular;4
14770;F;59;20210920;77000;Cappuccino;16-18;Andina;1
14771;F;52;20220801;58000;Cappuccino;18-20;Insular;2
14772;M;26;20231115;62000;Café del día;16-18;Insular;2
14773;M;61;20230428;59000;Chocolate Caliente;16-18;Andina;4
14774;M;18;20240214;49000;Café del día;20-22;Andina;1
14775;M;41;20231208;84000;Caramel Macchiato;16-18;Pacífica;1
14776;M;68;20230912;100000;Mocha Blanco Latte;10-12;Pacífica;2
14777;F;65;20231226;63000;Espresso Macchiato;14-16;Pacífica;5
14778;M;71;20230522;78000;Mocha Blanco Latte;18-20;Insular;3
14779;F;60;20220914;79000;Caramel Macchiato;20-22;Pacífica;3
14780;M;18;20231106;41000;Espresso Sencillo;20-22;Andina;3
14781;M;44;20240117;36000;Caramel Macchiato;20-22;Andina;5
14782;F;76;20240531;46000;Caramel Macchiato;18-20;Caribe;5
14783;;31;20231011;65400;Espresso Sencillo;10-12;Insular;2
14784;M;54;20220214;95000;Americano;20-22;Caribe;2
14785;M;52;20220126;75000;Café del día;20-22;Insular;4
14786;M;47;20240506;89000;Caramel Macchiato;18-20;Caribe;3
14787;F;33;20230122;64000;Chocolate Helado;14-16;Insular;2
14788;M;74;20230827;41000;Americano;10-12;Orinoquía;5
14789;F;66;20231014;81000;Latte;10-12;Insular;5
14790;M;65;20231112;31000;Chocolate Caliente;10-12;Pacífica;5
14791;F;61;20230729;94000;Mocha Latte;18-20;Pacífica;5
14792;F;96;20240303;103000;Espresso Doble;20-22;Insular;1
14793;M;48;20231010;41000;Chocolate Helado;14-16;Andina;1
14794;M;67;20231212;80000;Espresso Doble;10-12;Caribe;5
14795;M;51;20230308;85000;Café del día;16-18;Insular;1
14796;M;59;20240618;40000;Mocha Latte;10-12;Pacífica;3
14797;F;80;20240211;47000;Espresso Sencillo;10-12;Caribe;2
14798;F;21;20220514;36000;Chocolate Blanco Helado;20-22;Andina;1
14799;M;51;20230727;73000;Caramel Macchiato;12-14;Insular;4
14800;F;52;20220831;91000;Chocolate Caliente;20-22;Caribe;1
14801;M;28;20230128;32000;Latte;20-22;Andina;3
14802;F;60;20240504;75000;Americano;20-22;Pacífica;1
14803;M;67;20230916;36000;Chocolate Blanco Helado;14-16;Pacífica;4
14804;M;73;20220622;90000;Mocha Latte;10-12;Caribe;3
14805;M;18;20231118;55000;Espresso Doble;12-14;Insular;4
14806;M;52;20200201;56000;Chocolate Helado;20-22;Orinoquía;2
14807;M;68;20230225;37000;Caramel Macchiato;20-22;Caribe;4
14808;F;55;20240705;67000;Latte Macchiato;10-12;Pacífica;5
14809;F;69;20240707;41000;Espresso Sencillo;12-14;Orinoquía;5
14810;F;22;20230927;42000;Espresso Macchiato;14-16;Orinoquía;4
14811;M;60;20200408;32000;Chocolate Caliente;16-18;Insular;3
14812;M;66;20220412;79000;Chocolate Caliente;16-18;Andina;2
14813;M;38;20211215;34000;Chocolate Caliente;10-12;Insular;5
14814;F;55;20230825;48000;Chocolate Blanco Helado;10-12;Orinoquía;5
14815;F;65;20230312;81000;Café del día;16-18;Caribe;1
14816;M;55;20230125;85000;Arequipe Latte;12-14;Orinoquía;1
14817;M;59;20220608;44000;Café del día;10-12;Caribe;2
14818;;31;20230304;65400;Latte Macchiato;20-22;Andina;2
14819;O;43;20220728;100000;Chocolate Caliente;10-12;Caribe;2
14820;F;56;20231212;74000;Americano;10-12;Insular;1
14821;M;57;20230810;63000;Americano;20-22;Pacífica;4
14822;M;43;20240214;45000;Cappuccino;14-16;Orinoquía;2
14823;M;58;20200508;67000;Chocolate Caliente;20-22;Pacífica;3
14824;F;78;20230805;81000;Café del día;18-20;Andina;5
14825;F;65;20220824;80000;Caramel Macchiato;20-22;Insular;5
14826;M;77;20230926;97000;Chocolate Helado;14-16;Caribe;2
14827;M;66;20230726;62000;Chocolate Helado;14-16;Andina;3
14828;;31;20230818;65400;Latte Macchiato;20-22;Caribe;2
14829;F;36;20210802;36000;Espresso Doble;12-14;Insular;2
14830;F;23;20231220;44000;Americano;14-16;Caribe;3
14831;F;67;20220107;88000;Cappuccino;14-16;Pacífica;4
14832;F;87;20230303;89000;Espresso Macchiato;12-14;Pacífica;4
14833;M;56;20200225;65000;Americano;10-12;Orinoquía;5
14834;M;21;20230814;39000;Arequipe Latte;16-18;Orinoquía;5
14835;F;63;20240101;115000;Chocolate Blanco;10-12;Orinoquía;1
14836;M;44;20240317;53000;Cappuccino;18-20;Pacífica;2
14837;F;69;20220426;94000;Chocolate Helado;10-12;Andina;1
14838;M;48;20200528;49000;Mocha Blanco Latte;20-22;Insular;5
14839;;31;20240127;65400;Mocha Latte;10-12;Caribe;1
14840;M;59;20230926;33000;Flat White;18-20;Orinoquía;1
14841;F;67;20230818;68000;Espresso Macchiato;20-22;Pacífica;5
14842;M;18;20240215;73000;Caramel Macchiato;10-12;Pacífica;5
14843;F;35;20230919;33000;Mocha Blanco Latte;18-20;Pacífica;5
14844;F;71;20220724;32000;Arequipe Latte;16-18;Pacífica;3
14845;F;38;20230918;75000;Caramel Macchiato;18-20;Orinoquía;3
14846;F;101;20231109;56000;Arequipe Latte;10-12;Orinoquía;1
14847;M;56;20230613;91000;Mocha Blanco Latte;20-22;Andina;3
14848;F;52;20231218;41000;Flat White;16-18;Orinoquía;4
14849;M;53;20240214;64000;Espresso Macchiato;18-20;Insular;3
14850;M;66;20220426;71000;Café del día;10-12;Insular;5
14851;M;77;20240202;49000;Caramel Macchiato;10-12;Orinoquía;2
14852;F;86;20220604;70000;Flat White;10-12;Insular;4
14853;F;84;20231113;67000;Café del día;10-12;Caribe;1
14854;M;23;20190819;57000;Café del día;10-12;Insular;4
14855;F;31;20230827;31000;Café del día;16-18;Andina;4
14856;F;93;20231005;115000;Mocha Latte;14-16;Caribe;1
14857;M;79;20240121;91000;Flat White;20-22;Pacífica;2
14858;;31;20230928;65400;Café del día;14-16;Pacífica;1
14859;M;29;20221008;47000;Espresso Sencillo;20-22;Caribe;5
14860;F;71;20230115;81000;Espresso Macchiato;18-20;Insular;4
14861;;31;20231230;65400;Mocha Blanco Latte;16-18;Andina;1
14862;M;64;20231223;45000;Latte Macchiato;18-20;Andina;2
14863;;31;20220526;65400;Espresso Macchiato;10-12;Orinoquía;4
14864;F;22;20240224;61000;Espresso Macchiato;14-16;Insular;4
14865;F;72;20221126;75000;Espresso Doble;10-12;Insular;3
14866;M;39;20220914;40000;Cappuccino;16-18;Insular;3
14867;;31;20211213;65400;Americano;14-16;Andina;5
14868;F;50;20191120;69000;Latte;12-14;Insular;1
14869;M;54;20231017;62000;Mocha Blanco Latte;16-18;Orinoquía;4
14870;M;93;20220329;45000;Chocolate Helado;10-12;Orinoquía;5
14871;M;60;20240509;54000;Latte;16-18;Orinoquía;2
14872;F;51;20220314;64000;Flat White;20-22;Orinoquía;4
14873;;31;20240329;65400;Chocolate Caliente;16-18;Insular;2
14874;M;53;20231231;74000;Flat White;20-22;Insular;2
14875;M;47;20240112;70000;Flat White;12-14;Orinoquía;2
14876;M;64;20231108;51000;Espresso Sencillo;16-18;Caribe;3
14877;F;27;20220611;73000;Espresso Doble;12-14;Andina;5
14878;F;74;20230805;79000;Arequipe Latte;16-18;Insular;3
14879;F;50;20221007;86000;Espresso Doble;20-22;Orinoquía;3
14880;F;55;20231216;87000;Chocolate Helado;12-14;Orinoquía;3
14881;M;60;20240316;80000;Espresso Macchiato;20-22;Pacífica;5
14882;F;20;20231108;53000;Espresso Sencillo;18-20;Orinoquía;4
14883;M;85;20220190;72000;Caramel Macchiato;18-20;Caribe;3
14884;F;21;20221124;74000;Americano;20-22;Andina;3
14885;F;53;20220922;52000;Chocolate Blanco;14-16;Caribe;3
14886;M;82;20240716;47000;Chocolate Blanco;18-20;Orinoquía;4
14887;M;19;20220725;50000;Chocolate Caliente;20-22;Insular;3
14888;M;36;20230811;51000;Cappuccino;20-22;Pacífica;1
14889;F;64;20220519;60000;Latte;14-16;Pacífica;3
14890;F;75;20230811;32000;Chocolate Blanco;10-12;Andina;1
14891;;31;20210831;65400;Cappuccino;10-12;Caribe;4
14892;M;50;20210226;46000;Chocolate Helado;16-18;Orinoquía;2
14893;;31;20230327;65400;Cappuccino;20-22;Insular;5
14894;F;59;20240525;33000;Americano;18-20;Andina;5
14895;M;64;20220810;58000;Espresso Doble;20-22;Orinoquía;3
14896;F;28;20230805;65000;Chocolate Blanco;12-14;Pacífica;1
14897;M;20;20231125;30000;Caramel Macchiato;10-12;Andina;5
14898;F;62;20240704;67000;Mocha Latte;16-18;Andina;3
14899;F;66;20210829;60000;Mocha Latte;16-18;Insular;3
14900;;31;20231029;65400;Café del día;14-16;Caribe;3
14901;F;53;20230703;92000;Chocolate Helado;12-14;Insular;1
14902;;31;20230905;65400;Chocolate Caliente;20-22;Orinoquía;2
14903;M;65;20210622;73000;Arequipe Latte;10-12;Orinoquía;3
14904;M;74;20221020;114000;Americano;16-18;Andina;2
14905;;31;20240103;65400;Arequipe Latte;16-18;Orinoquía;5
14906;M;75;20200712;84000;Arequipe Latte;20-22;Insular;4
14907;;31;20240128;65400;Chocolate Helado;14-16;Insular;3
14908;F;55;20230616;61000;Café del día;14-16;Andina;1
14909;M;38;20230704;60000;Chocolate Blanco;12-14;Insular;2
14910;M;50;20240215;51000;Espresso Macchiato;10-12;Andina;5
14911;M;39;20240205;53000;Chocolate Helado;10-12;Orinoquía;5
14912;M;38;20240606;53000;Chocolate Helado;16-18;Caribe;3
14913;M;58;20200526;54000;Café del día;16-18;Caribe;4
14914;M;18;20240310;40000;Mocha Blanco Latte;18-20;Andina;4
14915;F;60;20220427;109000;Chocolate Blanco;16-18;Andina;3
14916;;31;20221219;65400;Latte Macchiato;12-14;Insular;3
14917;F;38;20240409;52000;Americano;20-22;Insular;1
14918;F;54;20220327;88000;Cappuccino;16-18;Andina;1
14919;F;70;20240108;58000;Caramel Macchiato;20-22;Pacífica;3
14920;;31;20240702;65400;Caramel Macchiato;10-12;Orinoquía;2
14921;M;23;20231029;40000;Mocha Blanco Latte;20-22;Andina;2
14922;F;42;20230102;43000;Chocolate Helado;10-12;Pacífica;3
14923;M;20;20220121;64000;Latte;10-12;Andina;3
14924;F;86;20240703;67000;Latte Macchiato;14-16;Caribe;4
14925;M;59;20200504;98000;Americano;18-20;Caribe;5
14926;M;81;20231212;42000;Latte;10-12;Caribe;5
14927;M;63;20220826;99000;Café del día;14-16;Pacífica;2
14928;;31;20210908;65400;Latte Macchiato;14-16;Pacífica;4
14929;M;63;20220613;79000;Espresso Macchiato;16-18;Insular;3
14930;F;55;20211003;118000;Mocha Blanco Latte;16-18;Insular;5
14931;M;28;20220530;46000;Espresso Macchiato;18-20;Andina;4
14932;M;63;20220610;48000;Flat White;16-18;Insular;5
14933;M;37;20231113;49000;Flat White;16-18;Andina;2
14934;M;78;20240421;58000;Chocolate Blanco;12-14;Insular;4
14935;F;83;20231112;95000;Café del día;12-14;Andina;3
14936;M;42;20201101;59000;Caramel Macchiato;20-22;Orinoquía;4
14937;F;87;20240513;72000;Chocolate Blanco Helado;12-14;Caribe;5
14938;F;37;20231022;63000;Chocolate Blanco;10-12;Insular;5
14939;F;65;20231201;113000;Latte;16-18;Andina;2
14940;F;79;20240502;88000;Latte;20-22;Andina;2
14941;M;37;20231111;57000;Espresso Macchiato;16-18;Orinoquía;3
14942;M;69;20240222;111000;Cappuccino;20-22;Andina;2
14943;M;23;20240218;35000;Café del día;16-18;Andina;4
14944;M;50;20230802;42000;Flat White;12-14;Andina;4
14945;F;34;20210217;34000;Cappuccino;14-16;Andina;3
14946;F;74;20211101;64000;Mocha Latte;20-22;Andina;1
14947;M;56;20231216;39000;Chocolate Blanco;16-18;Andina;5
14948;;31;20220906;65400;Chocolate Caliente;16-18;Orinoquía;3
14949;;31;20240503;65400;Flat White;14-16;Andina;5
14950;F;62;20240617;35000;Arequipe Latte;16-18;Pacífica;5
14951;M;53;20230405;77000;Chocolate Blanco Helado;18-20;Orinoquía;2
14952;F;65;20240220;97000;Chocolate Caliente;10-12;Pacífica;2
14953;M;67;20240526;39000;Espresso Macchiato;18-20;Caribe;2
14954;M;36;20220116;52000;Chocolate Blanco;16-18;Insular;1
14955;M;47;20240125;32000;Latte;16-18;Andina;1
14956;F;79;20240427;46000;Mocha Blanco Latte;14-16;Caribe;1
14957;F;40;20231126;50000;Chocolate Caliente;18-20;Orinoquía;3
14958;;31;20230909;65400;Espresso Sencillo;12-14;Pacífica;4
14959;M;74;20211214;52000;Espresso Sencillo;10-12;Caribe;3
14960;M;64;20200328;59000;Espresso Macchiato;20-22;Caribe;5
14961;F;61;20230915;99000;Café del día;20-22;Andina;4
14962;F;19;20231021;58000;Chocolate Caliente;14-16;Caribe;4
14963;F;68;20200908;67000;Caramel Macchiato;16-18;Caribe;4
14964;M;51;20231105;66000;Chocolate Blanco Helado;18-20;Andina;3
14965;M;47;20240423;51000;Mocha Blanco Latte;18-20;Insular;2
14966;M;73;20240109;32000;Cappuccino;16-18;Pacífica;2
14967;M;58;20200216;48000;Chocolate Blanco;20-22;Andina;2
14968;;31;20240214;65400;Chocolate Blanco Helado;16-18;Pacífica;5
14969;M;57;20231001;67000;Chocolate Blanco;16-18;Pacífica;4
14970;M;67;20200107;30000;Cappuccino;14-16;Insular;1
14971;;31;20231225;65400;Mocha Latte;14-16;Caribe;5
14972;M;54;20231216;46000;Café del día;12-14;Orinoquía;5
14973;;31;20230212;65400;Espresso Doble;20-22;Caribe;3
14974;;31;20230811;65400;Caramel Macchiato;14-16;Andina;5
14975;M;53;20211121;58000;Café del día;14-16;Orinoquía;4
14976;O;85;20221103;65000;Arequipe Latte;18-20;Orinoquía;4
14977;F;50;20240220;97000;Espresso Macchiato;20-22;Insular;2
14978;F;51;20230201;72000;Flat White;12-14;Caribe;5
14979;F;40;20211117;71000;Latte;16-18;Caribe;5
14980;F;52;20220315;55000;Americano;14-16;Pacífica;3
14981;M;52;20231022;80000;Latte;18-20;Andina;2
14982;M;39;20211113;35000;Americano;10-12;Pacífica;1
14983;M;62;20240616;43000;Caramel Macchiato;18-20;Pacífica;1
14984;M;55;20220521;39000;Arequipe Latte;20-22;Andina;3
14985;M;44;20231123;70000;Chocolate Helado;18-20;Orinoquía;1
14986;F;52;20240217;73000;Arequipe Latte;20-22;Orinoquía;4
14987;;31;20231114;65400;Americano;18-20;Orinoquía;4
14988;M;45;20230628;54000;Chocolate Blanco;14-16;Pacífica;5
14989;F;77;20230604;56000;Cappuccino;16-18;Pacífica;2
14990;;31;20221217;65400;Latte;12-14;Insular;5
14991;F;50;20220228;118000;Espresso Doble;12-14;Caribe;2
14992;F;64;20211026;103000;Caramel Macchiato;16-18;Andina;2
14993;M;46;20240630;48000;Cappuccino;16-18;Orinoquía;3
14994;M;40;20230210;41000;Caramel Macchiato;10-12;Insular;4
14995;F;76;20231113;76000;Arequipe Latte;12-14;Caribe;1
14996;F;47;20220316;70000;Chocolate Blanco;12-14;Insular;2
14997;F;89;20220321;76000;Latte;10-12;Orinoquía;5
14998;F;63;20240326;74000;Arequipe Latte;12-14;Orinoquía;3
14999;M;51;20230421;70000;Latte;10-12;Insular;3
15000;M;85;20240412;63000;Café del día;14-16;Andina;3
15001;M;67;20240624;59000;Latte;14-16;Pacífica;1
15002;M;63;20231029;91000;Flat White;16-18;Andina;1
15003;M;30;20230922;34000;Americano;16-18;Caribe;2
15004;M;60;20231107;31000;Espresso Sencillo;18-20;Andina;2
15005;M;61;20220419;72000;Latte Macchiato;14-16;Andina;5
15006;F;73;20230826;62000;Espresso Sencillo;10-12;Insular;5
15007;M;30;20240228;61000;Americano;20-22;Pacífica;3
15008;M;56;20240523;50000;Latte;18-20;Andina;1
15009;M;27;20240630;61000;Latte Macchiato;14-16;Andina;3
15010;M;58;20230829;67000;Mocha Latte;14-16;Andina;2
15011;F;54;20220314;39000;Arequipe Latte;12-14;Pacífica;3
15012;;31;20231012;65400;Chocolate Helado;20-22;Caribe;4
15013;F;53;20240303;42000;Chocolate Caliente;20-22;Orinoquía;4
15014;M;89;20221112;56000;Chocolate Helado;10-12;Insular;1
15015;F;56;20220712;98000;Mocha Latte;20-22;Andina;4
15016;M;72;20240120;68000;Café del día;16-18;Andina;3
15017;M;74;20220924;39000;Espresso Doble;16-18;Orinoquía;5
15018;M;52;20231212;72000;Chocolate Caliente;10-12;Insular;3
15019;M;44;20231228;37000;Arequipe Latte;10-12;Andina;5
15020;F;57;20211103;71000;Latte;14-16;Andina;5
15021;F;27;20230517;65000;Cappuccino;20-22;Pacífica;3
15022;F;45;20240614;78000;Mocha Blanco Latte;18-20;Insular;3
15023;M;76;20220714;85000;Flat White;16-18;Pacífica;1
15024;M;59;20220427;53000;Chocolate Caliente;18-20;Pacífica;5
15025;M;53;20230904;89000;Chocolate Helado;14-16;Pacífica;2
15026;M;55;20231230;71000;Chocolate Caliente;20-22;Orinoquía;2
15027;M;56;20231130;102000;Flat White;10-12;Orinoquía;1
15028;F;59;20220907;52000;Espresso Sencillo;20-22;Insular;3
15029;F;59;20220526;48000;Mocha Blanco Latte;12-14;Insular;1
15030;F;92;20240108;35000;Americano;16-18;Caribe;2
15031;M;50;20230126;38000;Café del día;16-18;Insular;1
15032;F;52;20220813;94000;Chocolate Blanco;12-14;Caribe;2
15033;M;67;20210510;52000;Mocha Latte;16-18;Pacífica;4
15034;F;78;20221010;113000;Cappuccino;10-12;Andina;5
15035;F;66;20200405;76000;Latte;18-20;Insular;5
15036;;31;20210911;65400;Espresso Doble;16-18;Pacífica;2
15037;M;29;20240329;62000;Caramel Macchiato;10-12;Insular;1
15038;F;77;20220110;72000;Americano;18-20;Pacífica;5
15039;F;64;20211019;61000;Espresso Doble;10-12;Andina;1
15040;;31;20230831;65400;Espresso Macchiato;12-14;Andina;2
15041;M;48;20231221;30000;Espresso Doble;10-12;Andina;1
15042;;31;20240323;65400;Cappuccino;18-20;Insular;4
15043;O;20;20240512;58000;Cappuccino;14-16;Insular;3
15044;M;33;20240721;31000;Caramel Macchiato;12-14;Insular;1
15045;M;63;20230914;56000;Americano;18-20;Pacífica;3
15046;M;50;20210123;73000;Caramel Macchiato;14-16;Andina;5
15047;F;61;20190923;76000;Chocolate Helado;14-16;Insular;5
15048;M;33;20230719;54000;Flat White;18-20;Caribe;1
15049;M;78;20231209;98000;Arequipe Latte;16-18;Andina;5
15050;M;66;20220524;51000;Americano;14-16;Pacífica;5
15051;M;49;20221108;51000;Mocha Latte;14-16;Caribe;1
15052;M;24;20230910;42000;Chocolate Caliente;14-16;Orinoquía;3
15053;F;72;20240506;54000;Espresso Sencillo;10-12;Andina;2
15054;M;78;20201019;61000;Chocolate Blanco;12-14;Caribe;2
15055;F;57;20231204;45000;Latte;16-18;Orinoquía;2
15056;M;81;20201004;63000;Flat White;12-14;Pacífica;1
15057;F;56;20220806;58000;Chocolate Blanco Helado;20-22;Orinoquía;5
15058;M;69;20240422;71000;Café del día;12-14;Caribe;4
15059;M;70;20240301;60000;Mocha Blanco Latte;12-14;Orinoquía;2
15060;;31;20230531;65400;Chocolate Blanco Helado;20-22;Andina;3
15061;M;54;20201003;35000;Chocolate Helado;12-14;Caribe;4
15062;F;44;20240525;86000;Cappuccino;14-16;Insular;1
15063;M;73;20240528;46000;Mocha Latte;20-22;Pacífica;5
15064;;31;20231204;65400;Flat White;12-14;Pacífica;5
15065;;31;20230916;65400;Arequipe Latte;18-20;Caribe;5
15066;M;83;20231005;94000;Americano;20-22;Insular;3
15067;;31;20231202;65400;Espresso Doble;12-14;Caribe;1
15068;M;62;20220206;88000;Flat White;14-16;Caribe;3
15069;F;21;20240426;72000;Espresso Sencillo;12-14;Pacífica;1
15070;M;80;20231223;61000;Mocha Blanco Latte;18-20;Andina;1
15071;M;86;20240528;93000;Café del día;12-14;Caribe;1
15072;M;54;20240119;83000;Mocha Blanco Latte;20-22;Caribe;5
15073;F;60;20230408;110000;Espresso Sencillo;20-22;Orinoquía;3
15074;F;71;20220517;32000;Arequipe Latte;10-12;Andina;1
15075;M;52;20240609;34000;Mocha Latte;18-20;Insular;2
15076;F;87;20210226;68000;Chocolate Caliente;18-20;Caribe;1
15077;M;53;20211224;41000;Arequipe Latte;18-20;Insular;2
15078;M;26;20240329;47000;Chocolate Blanco;18-20;Andina;5
15079;F;62;20231014;86000;Chocolate Blanco;20-22;Insular;4
15080;M;38;20231112;67000;Espresso Sencillo;16-18;Andina;5
15081;M;70;20240630;57000;Flat White;20-22;Andina;2
15082;M;20;20231107;46000;Café del día;16-18;Orinoquía;3
15083;M;67;20231207;46000;Latte;12-14;Caribe;5
15084;M;21;20231030;67000;Chocolate Caliente;18-20;Caribe;5
15085;F;40;20221211;65000;Espresso Sencillo;14-16;Andina;4
15086;F;88;20230620;98000;Chocolate Caliente;12-14;Orinoquía;4
15087;M;42;20240206;62000;Caramel Macchiato;10-12;Insular;3
15088;F;82;20220521;51000;Espresso Sencillo;18-20;Pacífica;1
15089;F;84;20210830;38000;Mocha Latte;10-12;Andina;4
15090;F;44;20230129;49000;Caramel Macchiato;20-22;Andina;4
15091;M;26;20230228;65000;Espresso Sencillo;20-22;Caribe;5
15092;;31;20220608;65400;Americano;14-16;Caribe;4
15093;M;28;20231008;39000;Arequipe Latte;20-22;Insular;2
15094;F;49;20231127;74000;Latte;20-22;Caribe;4
15095;M;45;20240116;92000;Americano;12-14;Caribe;1
15096;M;55;20230625;60000;Espresso Sencillo;18-20;Orinoquía;5
15097;M;59;20231018;48000;Latte;10-12;Insular;5
15098;M;30;20231130;64000;Americano;12-14;Andina;1
15099;M;35;20240110;31000;Chocolate Helado;20-22;Pacífica;5
15100;M;59;20220223;96000;Arequipe Latte;14-16;Caribe;1
15101;F;44;20221216;72000;Espresso Macchiato;14-16;Insular;1
15102;M;53;20230619;83000;Chocolate Blanco Helado;18-20;Pacífica;1
15103;;31;20220430;65400;Flat White;14-16;Orinoquía;5
15104;M;26;20230413;61000;Latte Macchiato;14-16;Pacífica;3
15105;M;83;20210908;75000;Flat White;16-18;Orinoquía;5
15106;F;77;20231112;63000;Chocolate Blanco Helado;12-14;Pacífica;5
15107;;31;20210917;65400;Espresso Doble;20-22;Orinoquía;3
15108;M;81;20200622;66000;Caramel Macchiato;16-18;Caribe;1
15109;F;83;20220618;96000;Chocolate Blanco Helado;14-16;Pacífica;3
15110;F;60;20231024;107000;Latte;12-14;Andina;2
15111;M;60;20231116;67000;Latte Macchiato;18-20;Andina;3
15112;F;56;20240511;50000;Espresso Macchiato;14-16;Caribe;5
15113;M;59;20200903;66000;Cappuccino;12-14;Pacífica;3
15114;;31;20231003;65400;Chocolate Blanco Helado;20-22;Caribe;5
15115;F;57;20210916;90000;Chocolate Blanco;20-22;Insular;2
15116;;31;20221108;65400;Café del día;16-18;Insular;1
15117;F;34;20230119;48000;Cappuccino;10-12;Orinoquía;3
15118;F;36;20240302;74000;Chocolate Blanco;14-16;Andina;5
15119;F;62;20220726;113000;Americano;16-18;Andina;3
15120;M;33;20240206;47000;Arequipe Latte;14-16;Insular;2
15121;M;53;20231225;61000;Cappuccino;10-12;Insular;5
15122;M;82;20220508;77000;Chocolate Blanco Helado;18-20;Andina;2
15123;M;50;20230927;80000;Chocolate Blanco;16-18;Insular;5
15124;M;47;20230827;41000;Chocolate Caliente;20-22;Andina;1
15125;;31;20220905;65400;Café del día;16-18;Andina;4
15126;M;66;20220318;83000;Chocolate Caliente;18-20;Pacífica;2
15127;M;27;20230907;53000;Arequipe Latte;14-16;Insular;2
15128;F;65;20230805;71000;Arequipe Latte;16-18;Caribe;2
15129;F;57;20240615;64000;Americano;16-18;Insular;5
15130;F;48;20230921;97000;Caramel Macchiato;14-16;Caribe;1
15131;;31;20230918;65400;Arequipe Latte;14-16;Orinoquía;5
15132;M;56;20220726;97000;Arequipe Latte;18-20;Pacífica;1
15133;F;61;20211011;72000;Chocolate Blanco;14-16;Caribe;4
15134;F;57;20230226;53000;Americano;10-12;Andina;3
15135;F;37;20240107;51000;Latte;14-16;Insular;1
15136;F;90;20211020;80000;Caramel Macchiato;14-16;Orinoquía;4
15137;F;75;20220111;87000;Chocolate Helado;20-22;Pacífica;1
15138;M;78;20230413;52000;Arequipe Latte;12-14;Pacífica;5
15139;;31;20230511;65400;Cappuccino;10-12;Caribe;1
15140;M;38;20231119;72000;Café del día;20-22;Pacífica;5
15141;M;51;20190811;54000;Latte;14-16;Caribe;2
15142;F;82;20230413;116000;Mocha Latte;16-18;Caribe;3
15143;M;65;20230916;47000;Latte Macchiato;10-12;Andina;3
15144;F;48;20210101;74000;Café del día;10-12;Pacífica;5
15145;F;77;20230106;37000;Chocolate Helado;14-16;Caribe;1
15146;M;77;20200827;47000;Cappuccino;16-18;Caribe;1
15147;;31;20240722;65400;Latte Macchiato;14-16;Andina;2
15148;F;91;20220805;88000;Arequipe Latte;18-20;Insular;5
15149;M;47;20210510;60000;Chocolate Blanco;20-22;Pacífica;1
15150;M;26;20240405;72000;Espresso Doble;18-20;Caribe;1
15151;F;68;20220712;94000;Chocolate Blanco;18-20;Caribe;1
15152;F;76;20230101;62000;Flat White;18-20;Orinoquía;2
15153;M;54;20240512;67000;Latte;12-14;Insular;3
15154;F;66;20220509;78000;Café del día;14-16;Caribe;4
15155;M;50;20240410;46000;Americano;14-16;Insular;4
15156;F;32;20240506;31000;Espresso Sencillo;20-22;Insular;4
15157;F;52;20220315;50000;Chocolate Helado;20-22;Orinoquía;3
15158;M;57;20230116;33000;Mocha Latte;14-16;Insular;2
15159;M;48;20240421;57000;Chocolate Blanco Helado;20-22;Insular;3
15160;M;59;20240306;41000;Mocha Latte;10-12;Pacífica;1
15161;M;59;20200823;69000;Caramel Macchiato;12-14;Orinoquía;5
15162;;31;20231122;65400;Americano;12-14;Caribe;1
15163;M;46;20240522;44000;Chocolate Caliente;14-16;Caribe;3
15164;F;100;20240330;96000;Chocolate Caliente;20-22;Caribe;3
15165;;31;20240719;65400;Mocha Blanco Latte;12-14;Caribe;5
15166;F;56;20240430;51000;Arequipe Latte;16-18;Pacífica;3
15167;M;24;20240718;47000;Mocha Blanco Latte;18-20;Orinoquía;1
15168;F;59;20240117;56000;Flat White;14-16;Insular;3
15169;F;28;20231016;57000;Arequipe Latte;18-20;Caribe;2
15170;M;49;20220814;97000;Chocolate Helado;20-22;Andina;4
15171;M;78;20231206;44000;Chocolate Helado;12-14;Andina;5
15172;M;49;20240123;57000;Café del día;18-20;Andina;2
15173;M;83;20220712;100000;Cappuccino;10-12;Insular;3
15174;F;62;20220626;81000;Espresso Sencillo;10-12;Pacífica;1
15175;M;85;20240318;59000;Flat White;12-14;Pacífica;2
15176;M;71;20240425;72000;Espresso Macchiato;20-22;Pacífica;5
15177;M;93;20231028;67000;Espresso Macchiato;20-22;Caribe;2
15178;;31;20220417;65400;Chocolate Blanco;20-22;Orinoquía;3
15179;F;67;20230329;38000;Latte;12-14;Caribe;1
15180;;31;20230221;65400;Espresso Doble;20-22;Caribe;4
15181;F;32;20211119;53000;Espresso Sencillo;18-20;Orinoquía;4
15182;M;59;20200911;46000;Chocolate Blanco;16-18;Pacífica;5
15183;F;34;20230712;60000;Americano;18-20;Insular;1
15184;;31;20230108;65400;Arequipe Latte;16-18;Andina;5
15185;F;29;20211120;54000;Espresso Macchiato;18-20;Andina;5
15186;F;81;20231110;54000;Chocolate Helado;18-20;Insular;3
15187;F;56;20220826;74000;Chocolate Caliente;14-16;Pacífica;3
15188;F;49;20231028;74000;Chocolate Caliente;12-14;Insular;4
15189;M;49;20220820;59000;Flat White;20-22;Orinoquía;2
15190;M;24;20240707;70000;Chocolate Helado;10-12;Orinoquía;5
15191;F;38;20230526;68000;Flat White;10-12;Andina;3
15192;;31;20220823;65400;Espresso Sencillo;14-16;Pacífica;3
15193;F;64;20240325;79000;Caramel Macchiato;18-20;Pacífica;2
15194;M;72;20231104;91000;Chocolate Blanco Helado;14-16;Insular;5
15195;M;40;20231114;39000;Espresso Sencillo;20-22;Caribe;2
15196;M;56;20230731;42000;Espresso Doble;16-18;Andina;1
15197;F;51;20200925;56000;Café del día;14-16;Andina;1
15198;F;53;20231128;65000;Americano;12-14;Andina;3
15199;M;67;20230226;72000;Latte;16-18;Andina;3
15200;M;72;20210822;93000;Latte Macchiato;12-14;Pacífica;4
15201;M;69;20220220;92000;Espresso Sencillo;14-16;Andina;4
15202;F;34;20221110;46000;Mocha Latte;12-14;Pacífica;2
15203;M;42;20230812;36000;Americano;20-22;Caribe;1
15204;F;20;20221002;55000;Espresso Macchiato;18-20;Pacífica;1
15205;M;32;20240422;37000;Chocolate Caliente;16-18;Pacífica;5
15206;M;49;20231020;46000;Chocolate Blanco Helado;18-20;Pacífica;2
15207;M;80;20231225;74000;Cappuccino;12-14;Insular;4
15208;F;60;20240525;36000;Espresso Doble;20-22;Pacífica;2
15209;M;65;20231007;74000;Chocolate Blanco;14-16;Insular;2
15210;O;68;20230417;76000;Chocolate Blanco Helado;20-22;Andina;4
15211;;31;20230924;65400;Espresso Doble;12-14;Orinoquía;3
15212;F;33;20230915;72000;Chocolate Caliente;10-12;Orinoquía;2
15213;M;28;20230331;72000;Chocolate Caliente;16-18;Caribe;3
15214;;31;20230130;65400;Flat White;16-18;Insular;1
15215;F;59;20231118;57000;Mocha Blanco Latte;10-12;Insular;2
15216;M;44;20240110;48000;Chocolate Caliente;16-18;Caribe;5
15217;F;57;20221111;96000;Americano;12-14;Orinoquía;2
15218;;31;20240311;65400;Latte Macchiato;14-16;Pacífica;4
15219;F;62;20230806;70000;Chocolate Helado;10-12;Andina;3
15220;M;67;20220127;45000;Mocha Blanco Latte;10-12;Pacífica;2
15221;F;92;20221115;92000;Chocolate Helado;14-16;Andina;1
15222;M;52;20240314;39000;Café del día;10-12;Caribe;1
15223;M;22;20240420;69000;Café del día;18-20;Andina;2
15224;M;73;20231122;54000;Chocolate Helado;16-18;Orinoquía;5
15225;M;37;20240326;63000;Latte Macchiato;14-16;Pacífica;2
15226;F;68;20210826;44000;Americano;18-20;Andina;3
15227;F;68;20240126;79000;Chocolate Caliente;10-12;Orinoquía;3
15228;F;58;20230220;104000;Espresso Doble;16-18;Orinoquía;3
15229;;31;20220628;65400;Espresso Macchiato;18-20;Orinoquía;3
15230;M;31;20230815;43000;Arequipe Latte;20-22;Orinoquía;3
15231;F;20;20210912;62000;Arequipe Latte;12-14;Insular;5
15232;;31;20240525;65400;Latte;18-20;Insular;1
15233;F;65;20210823;89000;Espresso Macchiato;18-20;Orinoquía;1
15234;M;66;20221105;53000;Mocha Blanco Latte;12-14;Pacífica;2
15235;F;68;20230903;74000;Caramel Macchiato;10-12;Insular;3
15236;F;53;20240512;56000;Chocolate Caliente;16-18;Pacífica;2
15237;M;36;20231225;50000;Americano;16-18;Pacífica;3
15238;F;38;20221118;43000;Flat White;18-20;Caribe;5
15239;F;83;20220307;64000;Cappuccino;14-16;Caribe;2
15240;M;50;20210526;74000;Café del día;12-14;Andina;3
15241;M;31;20200624;58000;Espresso Doble;10-12;Insular;5
15242;F;97;20221220;91000;Chocolate Caliente;12-14;Caribe;4
15243;F;61;20220820;99000;Flat White;18-20;Pacífica;4
15244;;31;20240320;65400;Chocolate Helado;10-12;Andina;5
15245;O;67;20231004;33000;Chocolate Blanco;12-14;Caribe;2
15246;M;63;20231111;52000;Latte;18-20;Caribe;3
15247;M;40;20240124;60000;Espresso Sencillo;18-20;Insular;4
15248;;31;20220619;65400;Latte Macchiato;20-22;Caribe;3
15249;F;63;20240103;103000;Espresso Macchiato;20-22;Insular;4
15250;M;60;20220702;106000;Chocolate Blanco Helado;20-22;Insular;4
15251;F;57;20230517;74000;Caramel Macchiato;20-22;Insular;2
15252;F;60;20200120;85000;Mocha Blanco Latte;16-18;Caribe;3
15253;;31;20221102;65400;Chocolate Helado;20-22;Caribe;1
15254;F;50;20211020;75000;Latte Macchiato;16-18;Andina;1
15255;F;84;20240214;72000;Americano;18-20;Caribe;4
15256;F;68;20231213;85000;Chocolate Helado;14-16;Caribe;4
15257;M;40;20200120;40000;Chocolate Helado;16-18;Pacífica;1
15258;F;46;20240521;54000;Mocha Blanco Latte;14-16;Caribe;3
15259;M;52;20210822;54000;Mocha Blanco Latte;12-14;Pacífica;2
15260;M;63;20240710;59000;Chocolate Helado;20-22;Andina;3
15261;F;93;20230122;40000;Espresso Doble;12-14;Andina;3
15262;M;67;20240521;41000;Espresso Macchiato;20-22;Caribe;2
15263;F;51;20240720;34000;Caramel Macchiato;18-20;Andina;3
15264;F;69;20220412;51000;Espresso Sencillo;10-12;Insular;3
15265;M;32;20231114;52000;Cappuccino;14-16;Insular;5
15266;M;56;20231207;48000;Chocolate Helado;10-12;Pacífica;5
15267;F;63;20211003;86000;Americano;20-22;Caribe;2
15268;F;91;20231111;40000;Arequipe Latte;20-22;Andina;3
15269;F;41;20240202;42000;Mocha Blanco Latte;10-12;Pacífica;2
15270;M;68;20231203;72000;Mocha Blanco Latte;10-12;Orinoquía;5
15271;F;88;20211129;78000;Chocolate Blanco Helado;16-18;Pacífica;5
15272;F;50;20230614;86000;Café del día;12-14;Andina;4
15273;F;58;20240505;88000;Arequipe Latte;16-18;Andina;2
15274;M;63;20231208;47000;Espresso Sencillo;12-14;Andina;2
15275;M;50;20240705;68000;Mocha Latte;16-18;Andina;4
15276;M;42;20230923;71000;Chocolate Caliente;20-22;Pacífica;2
15277;M;70;20220123;90000;Cappuccino;16-18;Caribe;1
15278;F;48;20230911;60000;Cappuccino;14-16;Orinoquía;2
15279;M;71;20240621;37000;Flat White;12-14;Andina;5
15280;M;52;20220106;56000;Mocha Latte;12-14;Andina;2
15281;;31;20220723;65400;Arequipe Latte;10-12;Insular;2
15282;F;64;20211016;73000;Espresso Doble;12-14;Andina;4
15283;M;47;20230514;81000;Chocolate Blanco;10-12;Andina;3
15284;M;35;20220901;64000;Chocolate Caliente;14-16;Caribe;2
15285;O;67;20240114;58000;Latte Macchiato;16-18;Orinoquía;4
15286;M;73;20230105;39000;Espresso Doble;18-20;Andina;4
15287;F;92;20210928;97000;Espresso Sencillo;14-16;Andina;3
15288;M;48;20211115;62000;Chocolate Blanco;12-14;Insular;5
15289;;31;20240711;65400;Flat White;18-20;Orinoquía;2
15290;;31;20220526;65400;Espresso Sencillo;16-18;Orinoquía;3
15291;F;81;20221031;69000;Cappuccino;16-18;Pacífica;2
15292;M;40;20230131;52000;Chocolate Caliente;14-16;Caribe;4
15293;;31;20230103;65400;Chocolate Caliente;20-22;Pacífica;4
15294;F;65;20240207;70000;Chocolate Blanco;14-16;Andina;5
15295;F;70;20230107;106000;Mocha Blanco Latte;18-20;Andina;3
15296;F;61;20230902;98000;Chocolate Blanco Helado;10-12;Orinoquía;4
15297;;31;20240128;65400;Mocha Latte;14-16;Pacífica;3
15298;M;38;20230103;75000;Latte;14-16;Andina;2
15299;M;28;20221102;60000;Latte Macchiato;20-22;Caribe;1
15300;M;76;20220815;75000;Latte;12-14;Caribe;4
15301;M;61;20240125;61000;Americano;12-14;Pacífica;2
15302;F;44;20240711;67000;Chocolate Helado;10-12;Insular;2
15303;M;27;20240104;71000;Chocolate Helado;18-20;Caribe;2
15304;F;51;20221013;87000;Espresso Doble;12-14;Pacífica;3
15305;M;45;20210803;68000;Espresso Macchiato;12-14;Pacífica;3
15306;M;58;20221019;61000;Chocolate Blanco Helado;16-18;Insular;4
15307;M;53;20240405;41000;Chocolate Helado;12-14;Andina;2
15308;F;64;20231116;93000;Chocolate Blanco;14-16;Orinoquía;2
15309;M;47;20240616;56000;Americano;18-20;Pacífica;1
15310;M;57;20221124;34000;Flat White;12-14;Orinoquía;4
15311;;31;20230730;65400;Chocolate Blanco;10-12;Orinoquía;5
15312;M;23;20200630;69000;Chocolate Caliente;10-12;Caribe;4
15313;F;34;20240718;44000;Mocha Latte;16-18;Pacífica;4
15314;F;44;20231031;86000;Latte;12-14;Pacífica;3
15315;;31;20210922;65400;Espresso Doble;14-16;Caribe;3
15316;;31;20240104;65400;Espresso Doble;16-18;Andina;4
15317;F;54;20221016;93000;Mocha Blanco Latte;20-22;Andina;2
15318;M;53;20201006;63000;Flat White;12-14;Insular;5
15319;M;42;20231130;33000;Espresso Macchiato;16-18;Pacífica;4
15320;F;58;20240313;42000;Cappuccino;10-12;Orinoquía;3
15321;F;34;20230918;75000;Chocolate Caliente;14-16;Insular;2
15322;F;44;20201211;63000;Latte;14-16;Andina;3
15323;M;20;20240326;70000;Café del día;16-18;Pacífica;1
15324;M;54;20240130;90000;Espresso Sencillo;10-12;Orinoquía;5
15325;F;37;20240411;51000;Chocolate Helado;12-14;Insular;2
15326;F;51;20230426;79000;Espresso Sencillo;14-16;Pacífica;3
15327;M;43;20240609;60000;Arequipe Latte;20-22;Andina;2
15328;M;57;20240710;71000;Latte;16-18;Pacífica;2
15329;M;67;20240111;39000;Espresso Macchiato;20-22;Andina;3
15330;F;85;20240324;108000;Chocolate Helado;12-14;Pacífica;4
15331;M;66;20230727;47000;Mocha Latte;18-20;Pacífica;5
15332;;31;20231125;65400;Chocolate Blanco;10-12;Pacífica;1
15333;F;78;20211231;99000;Chocolate Helado;16-18;Insular;2
15334;M;70;20211101;63000;Chocolate Blanco Helado;12-14;Pacífica;1
15335;;31;20231210;65400;Mocha Blanco Latte;18-20;Orinoquía;3
15336;M;37;20220804;53000;Arequipe Latte;10-12;Andina;5
15337;F;79;20231221;72000;Mocha Blanco Latte;10-12;Pacífica;5
15338;F;53;20230904;46000;Chocolate Blanco;10-12;Insular;5
15339;;31;20240206;65400;Latte Macchiato;10-12;Pacífica;5
15340;F;81;20231115;82000;Chocolate Blanco;12-14;Orinoquía;5
15341;M;60;20230903;65000;Chocolate Blanco;12-14;Pacífica;4
15342;F;43;20240620;50000;Cappuccino;10-12;Insular;1
15343;M;64;20240618;45000;Cappuccino;12-14;Orinoquía;1
15344;;31;20240101;65400;Espresso Macchiato;18-20;Andina;5
15345;M;44;20230830;51000;Mocha Blanco Latte;18-20;Andina;3
15346;F;32;20200312;36000;Espresso Doble;16-18;Andina;2
15347;F;69;20240425;67000;Arequipe Latte;20-22;Andina;5
15348;M;45;20220329;56000;Arequipe Latte;16-18;Orinoquía;1
15349;M;56;20200314;49000;Chocolate Caliente;10-12;Andina;2
15350;M;78;20240305;34000;Chocolate Caliente;16-18;Andina;3
15351;F;54;20240224;51000;Chocolate Blanco;14-16;Orinoquía;2
15352;F;74;20220503;77000;Chocolate Helado;16-18;Caribe;3
15353;M;22;20240519;39000;Americano;18-20;Pacífica;1
15354;M;26;20231113;59000;Café del día;20-22;Orinoquía;2
15355;F;63;20230907;107000;Chocolate Caliente;14-16;Orinoquía;5
15356;F;53;20220618;85000;Café del día;20-22;Caribe;3
15357;;31;20210817;65400;Chocolate Blanco Helado;16-18;Andina;4
15358;F;73;20240421;96000;Espresso Doble;16-18;Orinoquía;1
15359;M;74;20231023;47000;Americano;10-12;Andina;5
15360;O;31;20230321;35000;Espresso Sencillo;12-14;Insular;5
15361;F;53;20210521;53000;Chocolate Blanco;10-12;Pacífica;5
15362;M;21;20221118;44000;Chocolate Caliente;20-22;Orinoquía;2
15363;F;71;20200330;100000;Mocha Blanco Latte;12-14;Pacífica;1
15364;M;33;20231208;31000;Mocha Latte;10-12;Orinoquía;4
15365;M;62;20230202;90000;Café del día;14-16;Caribe;3
15366;F;50;20210729;119000;Café del día;20-22;Pacífica;5
15367;F;69;20240705;36000;Chocolate Caliente;10-12;Andina;2
15368;M;30;20230911;62000;Chocolate Blanco Helado;18-20;Caribe;3
15369;M;50;20231229;66000;Chocolate Blanco;16-18;Caribe;2
15370;M;80;20230907;71000;Mocha Blanco Latte;20-22;Caribe;5
15371;M;61;20230620;90000;Café del día;10-12;Andina;5
15372;F;78;20221215;110000;Flat White;20-22;Insular;2
15373;M;64;20220709;75000;Caramel Macchiato;14-16;Insular;4
15374;F;58;20220927;93000;Espresso Doble;10-12;Orinoquía;5
15375;M;41;20240616;50000;Chocolate Caliente;14-16;Orinoquía;3
15376;F;52;20221127;71000;Cappuccino;18-20;Insular;1
15377;F;56;20220112;106000;Chocolate Helado;20-22;Caribe;4
15378;M;60;20220119;113000;Americano;14-16;Orinoquía;5
15379;M;64;20230203;119000;Chocolate Helado;14-16;Insular;3
15380;F;63;20240307;103000;Espresso Sencillo;14-16;Pacífica;2
15381;F;88;20211211;63000;Mocha Blanco Latte;12-14;Insular;1
15382;F;35;20200625;32000;Cappuccino;20-22;Caribe;4
15383;;31;20220913;65400;Americano;12-14;Andina;3
15384;F;74;20220911;68000;Chocolate Helado;14-16;Caribe;3
15385;;31;20220109;65400;Mocha Blanco Latte;18-20;Pacífica;5
15386;M;47;20211027;71000;Caramel Macchiato;18-20;Insular;1
15387;;31;20220221;65400;Latte;18-20;Insular;2
15388;F;54;20221212;96000;Espresso Sencillo;20-22;Andina;3
15389;;31;20240129;65400;Chocolate Caliente;16-18;Insular;5
15390;;31;20230824;65400;Espresso Doble;18-20;Caribe;3
15391;M;91;20211005;70000;Mocha Blanco Latte;20-22;Pacífica;1
15392;;31;20230107;65400;Chocolate Caliente;18-20;Orinoquía;3
15393;M;60;20230924;37000;Espresso Doble;12-14;Insular;1
15394;F;64;20230409;101000;Espresso Sencillo;16-18;Orinoquía;1
15395;M;39;20240328;50000;Caramel Macchiato;18-20;Orinoquía;4
15396;;31;20221008;65400;Latte;12-14;Orinoquía;1
15397;F;63;20221122;95000;Espresso Macchiato;10-12;Caribe;4
15398;M;39;20230328;61000;Cappuccino;18-20;Andina;4
15399;M;33;20231228;66000;Espresso Sencillo;16-18;Caribe;1
15400;M;21;20190911;37000;Mocha Blanco Latte;18-20;Pacífica;2
15401;;31;20230427;65400;Americano;12-14;Andina;5
15402;M;63;20240419;50000;Arequipe Latte;10-12;Pacífica;3
15403;;31;20230822;65400;Espresso Doble;10-12;Pacífica;3
15404;M;68;20230728;45000;Latte;18-20;Pacífica;1
15405;F;78;20230901;43000;Americano;18-20;Andina;5
15406;F;58;20220211;72000;Chocolate Blanco;20-22;Orinoquía;3
15407;M;59;20231016;77000;Chocolate Caliente;12-14;Andina;5
15408;M;66;20200531;80000;Caramel Macchiato;18-20;Orinoquía;4
15409;M;52;20230819;47000;Latte Macchiato;14-16;Orinoquía;2
15410;F;59;20240122;70000;Cappuccino;14-16;Caribe;4
15411;F;63;20220709;74000;Caramel Macchiato;10-12;Orinoquía;3
15412;M;23;20220602;36000;Americano;18-20;Insular;3
15413;F;57;20231008;95000;Americano;18-20;Insular;2
15414;M;39;20211028;69000;Arequipe Latte;20-22;Orinoquía;3
15415;M;57;20230705;110000;Latte Macchiato;12-14;Caribe;1
15416;M;54;20231218;57000;Mocha Latte;16-18;Insular;2
15417;M;77;20240520;54000;Mocha Blanco Latte;10-12;Caribe;5
15418;M;46;20240504;55000;Americano;18-20;Orinoquía;4
15419;M;66;20231116;30000;Espresso Macchiato;16-18;Pacífica;4
15420;;31;20230614;65400;Flat White;16-18;Pacífica;2
15421;M;37;20240322;65000;Espresso Sencillo;10-12;Caribe;4
15422;M;63;20220902;119000;Latte;12-14;Orinoquía;1
15423;M;72;20200514;40000;Caramel Macchiato;14-16;Orinoquía;1
15424;F;38;20211026;39000;Americano;14-16;Caribe;5
15425;M;31;20201008;42000;Cappuccino;16-18;Orinoquía;1
15426;F;66;20231023;50000;Cappuccino;16-18;Pacífica;4
15427;M;83;20240209;70000;Latte Macchiato;20-22;Orinoquía;2
15428;;31;20231204;65400;Chocolate Helado;10-12;Insular;1
15429;M;67;20240525;61000;Mocha Latte;20-22;Pacífica;1
15430;M;53;20210507;31000;Chocolate Blanco Helado;18-20;Pacífica;4
15431;O;38;20210729;58000;Café del día;20-22;Orinoquía;4
15432;M;20;20221019;70000;Americano;16-18;Orinoquía;1
15433;M;56;20230119;50000;Chocolate Helado;20-22;Orinoquía;2
15434;F;64;20210312;51000;Chocolate Helado;18-20;Andina;4
15435;M;52;20231107;75000;Chocolate Caliente;16-18;Andina;3
15436;F;62;20231216;72000;Chocolate Caliente;16-18;Insular;4
15437;M;27;20231114;48000;Mocha Latte;14-16;Andina;4
15438;F;51;20220425;58000;Espresso Doble;18-20;Andina;3
15439;F;64;20230619;95000;Chocolate Blanco;16-18;Andina;2
15440;M;26;20231017;67000;Mocha Latte;20-22;Andina;4
15441;M;41;20240718;64000;Espresso Macchiato;20-22;Insular;3
15442;M;65;20240523;47000;Latte Macchiato;14-16;Caribe;2
15443;F;39;20231115;72000;Cappuccino;12-14;Andina;3
15444;M;36;20221126;53000;Flat White;18-20;Insular;4
15445;M;25;20240506;57000;Espresso Macchiato;10-12;Caribe;4
15446;F;51;20230822;86000;Espresso Macchiato;16-18;Insular;3
15447;;31;20240225;65400;Chocolate Blanco Helado;12-14;Caribe;3
15448;M;41;20211002;61000;Cappuccino;14-16;Caribe;5
15449;F;78;20220803;101000;Americano;18-20;Pacífica;2
15450;M;66;20220403;120000;Americano;14-16;Insular;5
15451;M;37;20230817;67000;Chocolate Blanco;14-16;Caribe;2
15452;M;68;20240225;47000;Caramel Macchiato;10-12;Caribe;1
15453;F;63;20220813;82000;Mocha Latte;16-18;Caribe;1
15454;F;53;20231011;119000;Cappuccino;12-14;Insular;3
15455;;31;20230828;65400;Café del día;20-22;Andina;5
15456;M;68;20240511;63000;Arequipe Latte;10-12;Caribe;1
15457;F;21;20221031;47000;Latte Macchiato;18-20;Orinoquía;2
15458;F;59;20231018;102000;Espresso Sencillo;14-16;Insular;4
15459;M;60;20231116;44000;Café del día;16-18;Pacífica;4
15460;F;55;20211108;66000;Espresso Sencillo;10-12;Caribe;1
15461;F;69;20231212;112000;Chocolate Helado;20-22;Orinoquía;5
15462;F;38;20240429;72000;Americano;14-16;Pacífica;2
15463;;31;20210814;65400;Chocolate Caliente;14-16;Caribe;4
15464;;31;20220816;65400;Chocolate Blanco Helado;16-18;Caribe;3
15465;;31;20240531;65400;Café del día;14-16;Orinoquía;2
15466;M;35;20240525;70000;Mocha Latte;20-22;Pacífica;1
15467;F;69;20240307;58000;Americano;20-22;Caribe;4
15468;F;67;20230723;105000;Cappuccino;12-14;Caribe;3
15469;M;54;20230402;36000;Chocolate Blanco;12-14;Pacífica;3
15470;;31;20211213;65400;Espresso Sencillo;18-20;Caribe;1
15471;F;46;20230911;57000;Espresso Doble;18-20;Insular;1
15472;;31;20231130;65400;Cappuccino;10-12;Orinoquía;4
15473;M;67;20230121;87000;Espresso Macchiato;14-16;Caribe;3
15474;M;78;20230426;43000;Chocolate Caliente;18-20;Caribe;1
15475;;31;20230303;65400;Espresso Macchiato;16-18;Orinoquía;5
15476;F;61;20230318;75000;Chocolate Blanco;16-18;Andina;4
15477;M;69;20230408;58000;Mocha Blanco Latte;20-22;Andina;4
15478;M;72;20220720;43000;Mocha Blanco Latte;10-12;Pacífica;3
15479;M;36;20231118;45000;Americano;20-22;Insular;5
15480;M;58;20240223;103000;Caramel Macchiato;20-22;Orinoquía;5
15481;F;62;20220502;85000;Caramel Macchiato;18-20;Caribe;2
15482;M;27;20240202;60000;Cappuccino;18-20;Andina;5
15483;F;57;20240702;64000;Latte;14-16;Orinoquía;4
15484;F;58;20210315;34000;Mocha Latte;12-14;Pacífica;1
15485;F;70;20231222;83000;Mocha Blanco Latte;20-22;Caribe;4
15486;M;56;20230816;69000;Chocolate Helado;16-18;Pacífica;2
15487;;31;20220218;65400;Mocha Latte;14-16;Orinoquía;5
15488;F;61;20230917;71000;Chocolate Helado;12-14;Pacífica;4
15489;F;49;20211015;113000;Cappuccino;20-22;Pacífica;4
15490;O;72;20240404;82000;Chocolate Caliente;16-18;Insular;3
15491;M;78;20231001;31000;Arequipe Latte;14-16;Orinoquía;3
15492;F;54;20200929;51000;Chocolate Helado;18-20;Insular;5
15493;;31;20221203;65400;Arequipe Latte;20-22;Orinoquía;3
15494;M;65;20220929;90000;Arequipe Latte;10-12;Orinoquía;1
15495;M;61;20191231;31000;Café del día;16-18;Orinoquía;4
15496;F;29;20240113;68000;Chocolate Caliente;12-14;Insular;5
15497;F;36;20240606;71000;Latte Macchiato;20-22;Orinoquía;1
15498;;31;20220320;65400;Espresso Sencillo;10-12;Orinoquía;2
15499;M;55;20230910;72000;Latte;20-22;Insular;1
15500;M;62;20240621;45000;Chocolate Blanco Helado;20-22;Orinoquía;5
15501;;31;20240102;65400;Arequipe Latte;12-14;Orinoquía;4
15502;F;60;20220110;66000;Chocolate Caliente;16-18;Pacífica;1
15503;F;77;20240726;74000;Cappuccino;12-14;Orinoquía;2
15504;F;58;20231112;109000;Espresso Sencillo;14-16;Orinoquía;3
15505;F;56;20220723;84000;Chocolate Caliente;14-16;Caribe;5
15506;F;59;20231226;110000;Cappuccino;16-18;Andina;5
15507;M;26;20221120;46000;Flat White;12-14;Insular;3
15508;M;49;20231214;52000;Chocolate Helado;10-12;Pacífica;1
15509;M;19;20200224;73000;Espresso Macchiato;16-18;Caribe;2
15510;M;53;20230730;59000;Chocolate Caliente;16-18;Insular;5
15511;M;22;20190911;35000;Espresso Doble;18-20;Orinoquía;1
15512;;31;20230825;65400;Arequipe Latte;16-18;Pacífica;5
15513;F;68;20231006;109000;Chocolate Helado;14-16;Orinoquía;5
15514;M;67;20220817;75000;Mocha Blanco Latte;14-16;Orinoquía;5
15515;M;61;20230914;73000;Chocolate Caliente;18-20;Orinoquía;4
15516;F;63;20231218;67000;Caramel Macchiato;20-22;Andina;4
15517;;31;20230411;65400;Americano;16-18;Pacífica;5
15518;;31;20240330;65400;Chocolate Caliente;14-16;Insular;5
15519;F;84;20220908;79000;Latte;16-18;Insular;2
15520;M;55;20220727;69000;Chocolate Blanco;16-18;Pacífica;4
15521;M;68;20230119;48000;Arequipe Latte;18-20;Insular;4
15522;M;38;20240118;30000;Cappuccino;12-14;Andina;5
15523;M;50;20210701;67000;Espresso Macchiato;18-20;Andina;4
15524;M;88;20220203;56000;Mocha Blanco Latte;10-12;Orinoquía;1
15525;M;82;20230623;104000;Chocolate Blanco Helado;16-18;Pacífica;5
15526;M;57;20240723;64000;Mocha Latte;18-20;Caribe;4
15527;F;20;20231023;63000;Latte Macchiato;10-12;Orinoquía;5
15528;M;52;20240701;47000;Espresso Doble;12-14;Insular;4
15529;F;54;20220226;102000;Espresso Macchiato;20-22;Insular;5
15530;M;53;20240614;69000;Latte;14-16;Pacífica;1
15531;F;57;20231001;76000;Arequipe Latte;12-14;Andina;1
15532;M;20;20200803;60000;Chocolate Helado;18-20;Pacífica;2
15533;;31;20231010;65400;Espresso Doble;14-16;Insular;5
15534;F;73;20211120;60000;Mocha Blanco Latte;16-18;Pacífica;1
15535;M;28;20231023;37000;Americano;18-20;Andina;5
15536;;31;20240306;65400;Espresso Sencillo;16-18;Andina;5
15537;M;50;20200926;60000;Café del día;14-16;Orinoquía;2
15538;M;52;20230811;35000;Flat White;16-18;Orinoquía;1
15539;M;63;20240301;58000;Cappuccino;14-16;Andina;4
15540;M;60;20220813;68000;Espresso Macchiato;10-12;Andina;1
15541;M;60;20231221;46000;Espresso Doble;18-20;Orinoquía;4
15542;M;61;20210803;53000;Latte Macchiato;10-12;Insular;2
15543;M;68;20230731;108000;Mocha Blanco Latte;20-22;Pacífica;4
15544;M;52;20230922;62000;Chocolate Blanco;18-20;Orinoquía;2
15545;F;57;20230717;106000;Chocolate Blanco;20-22;Pacífica;4
15546;F;52;20231224;68000;Arequipe Latte;20-22;Andina;5
15547;F;77;20240414;106000;Mocha Latte;16-18;Orinoquía;3
15548;F;68;20230115;51000;Americano;18-20;Orinoquía;2
15549;M;70;20230129;56000;Espresso Sencillo;16-18;Insular;3
15550;M;48;20231203;64000;Flat White;20-22;Andina;1
15551;M;37;20221222;96000;Cappuccino;12-14;Orinoquía;5
15552;M;84;20220320;53000;Latte;16-18;Pacífica;4
15553;O;73;20230908;43000;Chocolate Blanco Helado;16-18;Caribe;1
15554;;31;20240110;65400;Chocolate Caliente;12-14;Andina;4
15555;M;60;20231118;57000;Arequipe Latte;20-22;Andina;1
15556;M;30;20211231;42000;Latte;20-22;Andina;5
15557;F;36;20220615;39000;Cappuccino;16-18;Caribe;4
15558;M;65;20211024;96000;Chocolate Caliente;14-16;Caribe;5
15559;;31;20230503;65400;Mocha Latte;20-22;Insular;2
15560;M;24;20230220;56000;Arequipe Latte;14-16;Caribe;1
15561;F;53;20240329;89000;Americano;18-20;Andina;3
15562;M;37;20230904;43000;Espresso Sencillo;18-20;Andina;4
15563;F;60;20220419;62000;Espresso Macchiato;18-20;Pacífica;1
15564;M;57;20240225;92000;Arequipe Latte;14-16;Insular;5
15565;;31;20230804;65400;Arequipe Latte;12-14;Andina;4
15566;M;47;20240126;72000;Chocolate Helado;16-18;Insular;5
15567;F;50;20220810;99000;Latte;10-12;Pacífica;2
15568;F;50;20230110;73000;Chocolate Blanco Helado;10-12;Caribe;5
15569;;31;20240404;65400;Flat White;16-18;Insular;1
15570;M;24;20200111;51000;Chocolate Caliente;20-22;Orinoquía;5
15571;M;54;20231021;69000;Chocolate Blanco Helado;16-18;Pacífica;5
15572;M;38;20240319;37000;Latte;10-12;Insular;3
15573;F;50;20220625;32000;Espresso Sencillo;18-20;Andina;4
15574;M;58;20240606;74000;Caramel Macchiato;14-16;Andina;2
15575;M;40;20220912;42000;Mocha Blanco Latte;16-18;Pacífica;4
15576;F;37;20221217;31000;Mocha Blanco Latte;18-20;Pacífica;5
15577;F;59;20220424;103000;Espresso Doble;18-20;Pacífica;5
15578;M;40;20211227;49000;Americano;18-20;Caribe;2
15579;;31;20230831;65400;Chocolate Blanco;14-16;Orinoquía;3
15580;;31;20220728;65400;Cappuccino;12-14;Caribe;1
15581;M;30;20240720;51000;Chocolate Helado;14-16;Pacífica;4
15582;F;62;20231126;83000;Espresso Doble;16-18;Pacífica;1
15583;F;55;20231015;75000;Mocha Latte;18-20;Orinoquía;5
15584;F;70;20191020;45000;Caramel Macchiato;18-20;Orinoquía;1
15585;F;40;20230628;69000;Arequipe Latte;12-14;Orinoquía;2
15586;M;61;20220414;82000;Mocha Blanco Latte;16-18;Orinoquía;1
15587;M;57;20200110;93000;Mocha Latte;14-16;Insular;2
15588;M;67;20221107;75000;Chocolate Blanco;20-22;Insular;4
15589;F;59;20220201;94000;Americano;18-20;Andina;3
15590;M;46;20211115;68000;Mocha Latte;20-22;Pacífica;3
15591;F;18;20230911;31000;Caramel Macchiato;12-14;Pacífica;4
15592;M;26;20220410;57000;Cappuccino;16-18;Pacífica;4
15593;M;22;20230414;32000;Café del día;18-20;Caribe;4
15594;M;29;20240416;41000;Café del día;10-12;Orinoquía;3
15595;M;25;20240616;46000;Mocha Latte;14-16;Caribe;4
15596;;31;20240128;65400;Latte;10-12;Caribe;3
15597;F;42;20240529;84000;Americano;10-12;Insular;1
15598;M;57;20220102;30000;Chocolate Helado;10-12;Caribe;4
15599;M;30;20211128;51000;Latte;20-22;Caribe;4
15600;F;93;20230330;65000;Latte;18-20;Insular;4
15601;M;30;20230329;66000;Chocolate Helado;16-18;Insular;2
15602;M;58;20240123;51000;Chocolate Blanco Helado;12-14;Andina;3
15603;M;75;20231207;58000;Café del día;18-20;Insular;2
15604;F;37;20210825;90000;Chocolate Blanco;18-20;Caribe;2
15605;M;41;20211024;100000;Chocolate Blanco Helado;10-12;Insular;3
15606;M;75;20230120;98000;Espresso Sencillo;18-20;Andina;5
15607;M;73;20231207;115000;Latte Macchiato;14-16;Orinoquía;4
15608;F;71;20240311;61000;Mocha Latte;16-18;Pacífica;3
15609;M;75;20221209;50000;Arequipe Latte;12-14;Insular;3
15610;M;80;20240415;71000;Espresso Sencillo;12-14;Andina;3
15611;M;21;20231212;54000;Chocolate Helado;10-12;Andina;5
15612;;31;20240614;65400;Chocolate Blanco;10-12;Caribe;5
15613;F;61;20240123;105000;Americano;20-22;Pacífica;2
15614;F;25;20201028;73000;Chocolate Blanco Helado;10-12;Pacífica;5
15615;F;84;20240408;69000;Mocha Blanco Latte;10-12;Pacífica;5
15616;M;28;20240515;36000;Mocha Blanco Latte;20-22;Pacífica;2
15617;M;65;20231118;80000;Chocolate Helado;14-16;Caribe;3
15618;M;61;20230911;71000;Cappuccino;18-20;Orinoquía;1
15619;F;68;20240225;85000;Café del día;16-18;Caribe;1
15620;M;71;20221229;75000;Mocha Blanco Latte;12-14;Pacífica;5
15621;;31;20220427;65400;Latte;12-14;Caribe;5
15622;;31;20240328;65400;Latte Macchiato;20-22;Orinoquía;2
15623;M;43;20220305;47000;Espresso Macchiato;18-20;Andina;1
15624;M;52;20240526;93000;Café del día;12-14;Pacífica;5
15625;;31;20230908;65400;Chocolate Blanco;12-14;Insular;3
15626;F;63;20211105;72000;Chocolate Blanco Helado;12-14;Andina;1
15627;M;60;20240107;76000;Arequipe Latte;10-12;Insular;4
15628;F;52;20230514;75000;Café del día;10-12;Andina;5
15629;M;51;20220214;48000;Espresso Macchiato;14-16;Pacífica;1
15630;M;59;20210225;61000;Cappuccino;14-16;Caribe;2
15631;M;44;20230818;41000;Espresso Sencillo;12-14;Pacífica;4
15632;;31;20231204;65400;Cappuccino;14-16;Orinoquía;4
15633;F;26;20230928;41000;Chocolate Helado;12-14;Pacífica;1
15634;M;28;20231117;68000;Caramel Macchiato;10-12;Andina;5
15635;F;80;20220811;62000;Mocha Blanco Latte;20-22;Orinoquía;1
15636;F;37;20231217;67000;Chocolate Blanco;16-18;Orinoquía;4
15637;F;49;20220125;84000;Espresso Doble;16-18;Orinoquía;1
15638;;31;20231001;65400;Arequipe Latte;16-18;Andina;3
15639;M;57;20220213;85000;Espresso Macchiato;16-18;Caribe;5
15640;F;45;20230614;65000;Flat White;12-14;Caribe;5
15641;O;48;20230623;94000;Espresso Doble;20-22;Pacífica;4
15642;M;56;20231206;63000;Latte Macchiato;20-22;Pacífica;2
15643;M;48;20231009;74000;Caramel Macchiato;10-12;Caribe;5
15644;;31;20230815;65400;Espresso Macchiato;16-18;Insular;4
15645;M;41;20240217;98000;Arequipe Latte;18-20;Orinoquía;2
15646;F;55;20231023;57000;Mocha Latte;16-18;Insular;4
15647;M;28;20230824;65000;Espresso Doble;18-20;Insular;4
15648;F;44;20220331;81000;Chocolate Blanco;10-12;Orinoquía;3
15649;M;52;20240116;53000;Caramel Macchiato;14-16;Insular;5
15650;F;84;20220930;52000;Chocolate Caliente;14-16;Insular;1
15651;M;38;20230503;71000;Flat White;10-12;Orinoquía;3
15652;M;62;20240716;37000;Chocolate Helado;14-16;Caribe;5
15653;M;24;20210417;64000;Chocolate Caliente;20-22;Orinoquía;1
15654;M;69;20240309;70000;Café del día;16-18;Orinoquía;3
15655;;31;20230817;65400;Latte;10-12;Orinoquía;3
15656;F;26;20220913;38000;Latte;14-16;Caribe;5
15657;F;59;20210925;56000;Cappuccino;18-20;Orinoquía;4
15658;M;21;20210131;47000;Flat White;18-20;Pacífica;4
15659;F;63;20240126;63000;Caramel Macchiato;14-16;Insular;5
15660;F;52;20220628;39000;Arequipe Latte;10-12;Insular;4
15661;;31;20230810;65400;Latte Macchiato;12-14;Insular;5
15662;M;41;20201105;68000;Arequipe Latte;14-16;Orinoquía;5
15663;M;46;20220502;75000;Espresso Macchiato;10-12;Insular;4
15664;M;35;20220511;33000;Cappuccino;18-20;Pacífica;3
15665;;31;20231210;65400;Latte;18-20;Insular;4
15666;M;21;20230809;74000;Chocolate Blanco Helado;16-18;Andina;1
15667;F;34;20240615;38000;Chocolate Helado;20-22;Insular;3
15668;;31;20221024;65400;Cappuccino;12-14;Pacífica;4
15669;;31;20231029;65400;Chocolate Blanco;16-18;Orinoquía;2
15670;M;19;20211212;42000;Flat White;18-20;Orinoquía;5
15671;;31;20230727;65400;Caramel Macchiato;16-18;Pacífica;4
15672;F;59;20240715;74000;Mocha Blanco Latte;20-22;Caribe;4
15673;M;67;20230106;33000;Espresso Macchiato;10-12;Insular;5
15674;M;40;20240421;35000;Caramel Macchiato;16-18;Insular;4
15675;;31;20221201;65400;Espresso Sencillo;14-16;Orinoquía;5
15676;;31;20231031;65400;Café del día;12-14;Andina;2
15677;M;71;20220312;44000;Espresso Macchiato;12-14;Pacífica;4
15678;M;56;20230830;94000;Espresso Sencillo;18-20;Caribe;4
15679;M;88;20230820;64000;Espresso Doble;18-20;Pacífica;2
15680;F;45;20240215;72000;Espresso Sencillo;10-12;Insular;5
15681;F;77;20220609;88000;Chocolate Blanco;14-16;Orinoquía;2
15682;F;49;20240501;75000;Espresso Doble;18-20;Caribe;5
15683;M;32;20231129;70000;Caramel Macchiato;20-22;Pacífica;5
15684;F;31;20230915;47000;Caramel Macchiato;10-12;Caribe;1
15685;F;27;20220621;32000;Latte;16-18;Insular;5
15686;F;50;20220813;70000;Mocha Latte;16-18;Andina;5
15687;M;78;20220520;46000;Flat White;14-16;Pacífica;4
15688;M;59;20240327;99000;Mocha Latte;16-18;Andina;3
15689;;31;20240721;65400;Flat White;18-20;Insular;5
15690;;31;20231118;65400;Cappuccino;10-12;Caribe;3
15691;F;69;20231202;110000;Arequipe Latte;20-22;Orinoquía;1
15692;F;57;20220910;83000;Café del día;20-22;Caribe;5
15693;;31;20240211;65400;Latte;10-12;Andina;3
15694;F;51;20231113;116000;Flat White;10-12;Andina;4
15695;F;60;20221127;88000;Mocha Latte;14-16;Caribe;4
15696;F;54;20221123;80000;Caramel Macchiato;14-16;Orinoquía;2
15697;M;52;20211015;98000;Arequipe Latte;10-12;Caribe;2
15698;F;56;20220804;103000;Cappuccino;12-14;Orinoquía;5
15699;M;72;20210901;88000;Espresso Doble;10-12;Insular;4
15700;F;25;20210918;61000;Espresso Sencillo;18-20;Andina;2
15701;M;27;20210129;34000;Mocha Blanco Latte;12-14;Andina;5
15702;;31;20240615;65400;Flat White;20-22;Andina;1
15703;M;33;20230828;35000;Chocolate Helado;10-12;Orinoquía;1
15704;;31;20231219;65400;Cappuccino;14-16;Andina;5
15705;F;58;20240405;58000;Chocolate Blanco;12-14;Insular;2
15706;M;23;20220517;68000;Arequipe Latte;16-18;Andina;3
15707;M;39;20231231;45000;Mocha Blanco Latte;18-20;Pacífica;4
15708;;31;20231117;65400;Mocha Blanco Latte;18-20;Caribe;5
15709;M;26;20220928;39000;Espresso Doble;10-12;Caribe;5
15710;M;64;20230331;79000;Chocolate Helado;20-22;Insular;5
15711;F;88;20240321;118000;Café del día;18-20;Pacífica;2
15712;M;51;20240317;61000;Espresso Doble;12-14;Orinoquía;5
15713;F;26;20240117;45000;Mocha Latte;16-18;Insular;4
15714;M;42;20240420;37000;Arequipe Latte;12-14;Orinoquía;3
15715;;31;20211020;65400;Chocolate Blanco;18-20;Orinoquía;4
15716;F;68;20211105;60000;Latte Macchiato;12-14;Pacífica;5
15717;F;28;20231121;50000;Chocolate Helado;20-22;Orinoquía;2
15718;M;60;20240612;75000;Mocha Blanco Latte;10-12;Pacífica;3
15719;M;66;20231024;32000;Espresso Macchiato;18-20;Pacífica;3
15720;;31;20220219;65400;Café del día;14-16;Insular;2
15721;M;28;20200219;53000;Espresso Sencillo;20-22;Caribe;1
15722;M;62;20220904;74000;Latte;14-16;Andina;2
15723;F;59;20220622;118000;Latte Macchiato;20-22;Pacífica;1
15724;M;100;20211013;63000;Flat White;14-16;Pacífica;5
15725;M;26;20231022;48000;Café del día;18-20;Orinoquía;4
15726;M;48;20231110;97000;Latte Macchiato;20-22;Caribe;4
15727;M;41;20231025;56000;Espresso Doble;18-20;Pacífica;4
15728;M;44;20200616;68000;Mocha Latte;14-16;Insular;5
15729;M;31;20240319;51000;Chocolate Blanco;10-12;Insular;1
15730;M;63;20220328;104000;Flat White;14-16;Orinoquía;3
15731;F;25;20220619;66000;Mocha Blanco Latte;10-12;Caribe;4
15732;M;64;20210914;80000;Chocolate Blanco Helado;14-16;Pacífica;5
15733;F;57;20220809;71000;Chocolate Caliente;16-18;Pacífica;1
15734;M;42;20230404;37000;Cappuccino;16-18;Andina;3
15735;F;29;20230316;47000;Espresso Doble;16-18;Andina;5
15736;M;90;20230921;88000;Arequipe Latte;10-12;Caribe;3
15737;M;35;20211216;35000;Espresso Sencillo;20-22;Orinoquía;2
15738;M;23;20230605;55000;Chocolate Helado;18-20;Insular;3
15739;F;34;20240129;31000;Latte;18-20;Pacífica;2
15740;M;35;20240718;45000;Latte Macchiato;14-16;Andina;5
15741;M;43;20210303;38000;Chocolate Caliente;18-20;Caribe;1
15742;F;95;20231124;81000;Chocolate Helado;10-12;Caribe;5
15743;M;35;20240528;44000;Chocolate Blanco;16-18;Caribe;2
15744;F;74;20220721;46000;Café del día;16-18;Insular;3
15745;M;66;20240220;93000;Espresso Macchiato;12-14;Insular;5
15746;;31;20231102;65400;Arequipe Latte;10-12;Pacífica;1
15747;M;58;20220311;31000;Americano;16-18;Pacífica;1
15748;M;67;20231114;51000;Arequipe Latte;20-22;Andina;1
15749;F;51;20221214;41000;Espresso Sencillo;12-14;Andina;2
15750;;31;20240626;65400;Espresso Sencillo;16-18;Insular;4
15751;F;63;20221221;56000;Espresso Sencillo;20-22;Insular;5
15752;;31;20231220;65400;Arequipe Latte;18-20;Pacífica;4
15753;M;42;20210201;72000;Chocolate Blanco Helado;20-22;Caribe;1
15754;F;91;20221210;96000;Espresso Doble;16-18;Andina;1
15755;M;65;20231224;59000;Flat White;14-16;Orinoquía;4
15756;M;65;20231022;71000;Chocolate Blanco;16-18;Orinoquía;1
15757;;31;20220214;65400;Flat White;18-20;Pacífica;1
15758;F;35;20220405;36000;Mocha Blanco Latte;10-12;Andina;5
15759;M;68;20221213;79000;Chocolate Blanco Helado;14-16;Pacífica;5
15760;M;26;20230428;48000;Cappuccino;12-14;Orinoquía;1
15761;F;72;20240409;92000;Latte Macchiato;20-22;Insular;1
15762;F;50;20230728;56000;Flat White;18-20;Insular;1
15763;F;54;20230104;56000;Espresso Sencillo;14-16;Andina;1
15764;M;48;20191117;40000;Arequipe Latte;20-22;Caribe;3
15765;;31;20230302;65400;Latte Macchiato;20-22;Andina;1
15766;M;71;20210525;57000;Chocolate Caliente;10-12;Orinoquía;2
15767;F;63;20230813;75000;Arequipe Latte;20-22;Orinoquía;3
15768;M;42;20230813;81000;Chocolate Caliente;10-12;Orinoquía;3
15769;M;57;20231230;80000;Chocolate Blanco Helado;12-14;Orinoquía;1
15770;;31;20240314;65400;Caramel Macchiato;18-20;Orinoquía;2
15771;;31;20220405;65400;Chocolate Blanco;16-18;Pacífica;2
15772;F;59;20240615;99000;Cappuccino;12-14;Pacífica;3
15773;M;58;20240326;43000;Mocha Blanco Latte;16-18;Orinoquía;2
15774;;31;20230708;65400;Cappuccino;16-18;Caribe;3
15775;F;57;20230903;102000;Latte;14-16;Pacífica;5
15776;F;43;20220412;69000;Latte;10-12;Insular;2
15777;M;43;20210913;60000;Mocha Latte;12-14;Pacífica;4
15778;M;71;20230815;81000;Café del día;18-20;Pacífica;4
15779;M;52;20210904;74000;Chocolate Blanco;12-14;Pacífica;5
15780;F;39;20230920;45000;Chocolate Helado;16-18;Pacífica;3
15781;M;43;20230906;69000;Espresso Doble;16-18;Orinoquía;3
15782;F;79;20231229;101000;Espresso Sencillo;18-20;Orinoquía;2
15783;;31;20240511;65400;Latte Macchiato;16-18;Pacífica;4
15784;;31;20211013;65400;Americano;12-14;Insular;1
15785;M;59;20220425;95000;Caramel Macchiato;18-20;Orinoquía;5
15786;F;42;20230729;71000;Americano;16-18;Caribe;1
15787;M;39;20231205;92000;Chocolate Caliente;18-20;Andina;5
15788;F;49;20230202;57000;Cappuccino;18-20;Pacífica;1
15789;;31;20230218;65400;Flat White;18-20;Pacífica;2
15790;M;50;20231121;42000;Chocolate Blanco Helado;20-22;Caribe;4
15791;M;55;20240715;39000;Chocolate Helado;16-18;Pacífica;5
15792;F;72;20230919;75000;Café del día;12-14;Pacífica;2
15793;F;60;20230407;71000;Chocolate Blanco Helado;18-20;Caribe;1
15794;M;25;20220211;45000;Arequipe Latte;18-20;Pacífica;2
15795;M;42;20210114;32000;Arequipe Latte;12-14;Andina;1
15796;F;30;20230519;46000;Mocha Latte;20-22;Insular;3
15797;M;65;20231203;40000;Café del día;20-22;Orinoquía;2
15798;F;60;20240616;38000;Arequipe Latte;18-20;Andina;2
15799;M;56;20210521;87000;Espresso Macchiato;18-20;Orinoquía;4
15800;F;101;20230309;59000;Caramel Macchiato;14-16;Pacífica;1
15801;F;56;20240506;97000;Latte;18-20;Pacífica;4
15802;F;59;20220211;70000;Flat White;18-20;Orinoquía;3
15803;F;72;20210807;109000;Latte Macchiato;14-16;Pacífica;4
15804;F;61;20230825;90000;Latte Macchiato;16-18;Andina;3
15805;F;45;20200310;73000;Flat White;18-20;Orinoquía;4
15806;M;24;20230816;58000;Espresso Doble;14-16;Andina;1
15807;F;84;20211207;87000;Chocolate Helado;14-16;Pacífica;3
15808;M;40;20240310;57000;Chocolate Caliente;12-14;Andina;1
15809;M;21;20240705;74000;Caramel Macchiato;20-22;Caribe;1
15810;M;27;20211002;36000;Latte;16-18;Orinoquía;2
15811;O;55;20231022;80000;Flat White;12-14;Orinoquía;3
15812;F;29;20231111;52000;Flat White;20-22;Pacífica;3
15813;M;50;20221129;96000;Chocolate Blanco Helado;14-16;Andina;1
15814;;31;20230907;65400;Chocolate Blanco;14-16;Orinoquía;4
15815;M;25;20210927;61000;Chocolate Blanco Helado;14-16;Andina;2
15816;M;56;20240601;40000;Chocolate Blanco;16-18;Insular;1
15817;M;67;20240422;58000;Cappuccino;16-18;Andina;1
15818;M;19;20240520;36000;Latte;18-20;Insular;2
15819;F;53;20210808;94000;Caramel Macchiato;18-20;Caribe;5
15820;M;54;20230408;72000;Chocolate Helado;10-12;Insular;4
15821;M;62;20220410;56000;Café del día;16-18;Andina;3
15822;M;74;20240630;53000;Flat White;14-16;Pacífica;4
15823;M;29;20221015;37000;Espresso Macchiato;16-18;Orinoquía;5
15824;O;47;20220310;78000;Latte;12-14;Insular;4
15825;M;56;20231028;93000;Chocolate Caliente;14-16;Orinoquía;3
15826;M;55;20221115;104000;Espresso Doble;14-16;Caribe;2
15827;M;60;20240524;85000;Mocha Latte;12-14;Pacífica;2
15828;F;53;20220311;101000;Cappuccino;18-20;Insular;5
15829;F;28;20230816;37000;Espresso Sencillo;16-18;Insular;3
15830;M;59;20221209;75000;Mocha Blanco Latte;20-22;Caribe;3
15831;;31;20220225;65400;Latte Macchiato;20-22;Pacífica;1
15832;M;54;20210321;58000;Flat White;18-20;Caribe;4
15833;F;52;20230527;50000;Caramel Macchiato;16-18;Andina;2
15834;M;54;20231006;50000;Americano;20-22;Caribe;4
15835;F;80;20221001;74000;Mocha Blanco Latte;10-12;Andina;1
15836;F;72;20230907;60000;Americano;18-20;Orinoquía;4
15837;F;52;20230704;110000;Flat White;10-12;Orinoquía;4
15838;M;35;20231210;48000;Mocha Latte;12-14;Caribe;1
15839;F;58;20220804;74000;Flat White;12-14;Orinoquía;1
15840;F;69;20230605;73000;Americano;12-14;Caribe;3
15841;M;65;20200406;80000;Espresso Doble;18-20;Orinoquía;4
15842;M;58;20240713;50000;Chocolate Blanco Helado;16-18;Orinoquía;5
15843;F;77;20240523;58000;Chocolate Blanco;18-20;Andina;2
15844;;31;20240213;65400;Chocolate Helado;10-12;Caribe;4
15845;M;82;20220828;43000;Cappuccino;10-12;Pacífica;4
15846;;31;20240616;65400;Chocolate Blanco;10-12;Andina;1
15847;F;68;20240530;118000;Latte Macchiato;16-18;Pacífica;4
15848;M;71;20210106;87000;Cappuccino;18-20;Caribe;1
15849;F;55;20221122;99000;Chocolate Blanco Helado;18-20;Insular;1
15850;M;60;20190821;57000;Latte;14-16;Caribe;3
15851;M;49;20221218;67000;Americano;18-20;Insular;3
15852;M;38;20231214;61000;Flat White;12-14;Insular;2
15853;M;41;20231102;89000;Chocolate Blanco Helado;12-14;Caribe;3
15854;;31;20200309;65400;Espresso Doble;14-16;Insular;2
15855;M;72;20230921;56000;Arequipe Latte;20-22;Caribe;1
15856;M;46;20211227;59000;Arequipe Latte;16-18;Orinoquía;5
15857;F;53;20231114;88000;Latte;20-22;Pacífica;5
15858;M;55;20211025;68000;Espresso Sencillo;12-14;Insular;1
15859;M;42;20220920;50000;Latte;20-22;Andina;3
15860;F;72;20231209;55000;Mocha Latte;18-20;Orinoquía;4
15861;F;30;20220618;58000;Chocolate Blanco;16-18;Andina;3
15862;M;34;20231128;44000;Latte;20-22;Pacífica;3
15863;M;81;20211125;55000;Espresso Macchiato;14-16;Orinoquía;1
15864;F;49;20220217;111000;Espresso Macchiato;18-20;Caribe;4
15865;M;56;20230515;93000;Espresso Doble;20-22;Caribe;3
15866;;31;20231126;65400;Latte Macchiato;10-12;Andina;3
15867;M;79;20230728;72000;Cappuccino;14-16;Insular;1
15868;M;45;20240518;47000;Latte;20-22;Andina;1
15869;F;71;20220925;93000;Mocha Latte;14-16;Pacífica;1
15870;F;79;20220502;88000;Mocha Latte;12-14;Insular;2
15871;;31;20240428;65400;Cappuccino;10-12;Pacífica;3
15872;M;26;20240423;54000;Espresso Doble;18-20;Orinoquía;3
15873;M;80;20230728;37000;Flat White;18-20;Insular;4
15874;F;67;20210727;34000;Cappuccino;16-18;Insular;1
15875;F;60;20220112;96000;Caramel Macchiato;12-14;Orinoquía;2
15876;;31;20230313;65400;Chocolate Caliente;10-12;Orinoquía;2
15877;M;39;20221221;99000;Espresso Macchiato;16-18;Orinoquía;3
15878;M;35;20240518;72000;Chocolate Blanco;10-12;Insular;2
15879;F;63;20230811;52000;Chocolate Helado;16-18;Pacífica;3
15880;M;60;20221228;88000;Mocha Blanco Latte;16-18;Insular;5
15881;M;65;20230405;104000;Americano;18-20;Orinoquía;4
15882;M;52;20231231;66000;Arequipe Latte;16-18;Insular;5
15883;M;35;20230508;34000;Espresso Macchiato;10-12;Caribe;5
15884;M;30;20240228;56000;Chocolate Helado;20-22;Pacífica;5
15885;M;64;20210514;56000;Chocolate Caliente;12-14;Orinoquía;2
15886;M;79;20200525;72000;Chocolate Caliente;20-22;Andina;5
15887;M;66;20231025;57000;Americano;18-20;Andina;5
15888;M;69;20220210;95000;Café del día;10-12;Pacífica;5
15889;M;70;20230804;72000;Chocolate Helado;20-22;Orinoquía;4
15890;F;86;20240701;55000;Chocolate Blanco;14-16;Insular;4
15891;F;54;20230411;68000;Chocolate Blanco;12-14;Andina;3
15892;F;62;20240703;61000;Espresso Doble;20-22;Pacífica;2
15893;M;81;20240530;65000;Chocolate Caliente;20-22;Pacífica;2
15894;M;61;20230911;59000;Chocolate Caliente;20-22;Insular;3
15895;M;67;20240611;35000;Mocha Blanco Latte;16-18;Andina;2
15896;F;37;20240709;54000;Espresso Macchiato;12-14;Andina;3
15897;M;43;20240329;38000;Café del día;20-22;Insular;3
15898;F;51;20231016;77000;Chocolate Blanco;16-18;Andina;4
15899;F;58;20240602;56000;Chocolate Blanco Helado;18-20;Orinoquía;3
15900;;31;20231010;65400;Caramel Macchiato;10-12;Orinoquía;5
15901;M;53;20221127;31000;Chocolate Caliente;10-12;Pacífica;4
15902;M;76;20240111;62000;Espresso Doble;20-22;Insular;2
15903;F;37;20240302;53000;Mocha Latte;12-14;Pacífica;1
15904;F;29;20230924;60000;Cappuccino;10-12;Orinoquía;4
15905;F;92;20230716;112000;Espresso Sencillo;12-14;Orinoquía;4
15906;M;42;20230920;43000;Chocolate Helado;14-16;Pacífica;1
15907;F;36;20231124;63000;Flat White;14-16;Pacífica;4
15908;;31;20231211;65400;Latte;10-12;Andina;1
15909;M;59;20221120;93000;Arequipe Latte;20-22;Insular;5
15910;M;23;20230711;72000;Café del día;20-22;Insular;3
15911;M;64;20230921;54000;Cappuccino;16-18;Caribe;2
15912;F;46;20231226;33000;Latte Macchiato;14-16;Caribe;2
15913;M;62;20240505;93000;Cappuccino;14-16;Pacífica;2
15914;M;41;20201012;41000;Flat White;12-14;Caribe;2
15915;F;45;20230823;64000;Arequipe Latte;18-20;Caribe;2
15916;M;68;20220515;59000;Chocolate Caliente;12-14;Caribe;4
15917;M;56;20230916;43000;Flat White;12-14;Orinoquía;2
15918;F;64;20230312;56000;Arequipe Latte;14-16;Orinoquía;1
15919;F;70;20231103;81000;Caramel Macchiato;20-22;Andina;5
15920;O;73;20240430;52000;Latte;20-22;Orinoquía;5
15921;F;20;20230514;48000;Arequipe Latte;18-20;Andina;4
15922;M;73;20230827;30000;Mocha Blanco Latte;20-22;Insular;5
15923;M;44;20191127;56000;Latte;20-22;Andina;3
15924;M;75;20210817;82000;Flat White;10-12;Orinoquía;4
15925;M;77;20230903;40000;Caramel Macchiato;12-14;Orinoquía;2
15926;F;89;20240628;59000;Mocha Blanco Latte;18-20;Pacífica;4
15927;M;44;20200310;56000;Americano;18-20;Insular;2
15928;M;54;20230409;51000;Cappuccino;10-12;Andina;2
15929;M;29;20240107;33000;Espresso Sencillo;20-22;Orinoquía;1
15930;F;42;20231202;97000;Flat White;12-14;Caribe;5
15931;M;83;20230827;61000;Espresso Sencillo;12-14;Pacífica;4
15932;O;51;20230430;84000;Caramel Macchiato;12-14;Andina;2
15933;M;36;20230724;33000;Chocolate Helado;16-18;Pacífica;3
15934;;31;20230413;65400;Arequipe Latte;18-20;Pacífica;1
15935;F;74;20231010;89000;Espresso Macchiato;18-20;Orinoquía;5
15936;F;58;20220409;51000;Espresso Macchiato;18-20;Orinoquía;4
15937;F;51;20231226;30000;Mocha Latte;18-20;Orinoquía;3
15938;M;47;20240523;31000;Espresso Macchiato;12-14;Orinoquía;4
15939;F;77;20230925;109000;Americano;14-16;Pacífica;4
15940;;31;20240403;65400;Espresso Doble;14-16;Caribe;5
15941;;31;20240714;65400;Espresso Sencillo;10-12;Insular;2
15942;;31;20211217;65400;Caramel Macchiato;16-18;Pacífica;5
15943;M;65;20240105;100000;Chocolate Blanco Helado;16-18;Andina;3
15944;;31;20220501;65400;Latte;14-16;Insular;4
15945;F;72;20240227;52000;Chocolate Caliente;16-18;Andina;4
15946;F;40;20220614;52000;Espresso Doble;10-12;Pacífica;3
15947;M;61;20231230;57000;Espresso Macchiato;16-18;Orinoquía;4
15948;M;86;20230113;88000;Latte Macchiato;14-16;Andina;5
15949;F;59;20231031;113000;Chocolate Helado;16-18;Pacífica;4
15950;O;58;20240318;55000;Espresso Doble;14-16;Insular;1
15951;M;47;20210215;38000;Chocolate Blanco;20-22;Insular;1
15952;M;73;20230823;57000;Chocolate Blanco Helado;10-12;Pacífica;2
15953;M;70;20211018;59000;Cappuccino;10-12;Orinoquía;3
15954;M;53;20211010;81000;Americano;12-14;Andina;1
15955;F;49;20230712;50000;Arequipe Latte;14-16;Orinoquía;4
15956;F;39;20230206;55000;Espresso Sencillo;18-20;Andina;2
15957;M;72;20210803;102000;Latte Macchiato;12-14;Caribe;5
15958;M;55;20230502;57000;Caramel Macchiato;20-22;Andina;5
15959;;31;20231004;65400;Café del día;12-14;Pacífica;5
15960;;31;20240110;65400;Mocha Latte;16-18;Andina;2
15961;F;55;20231222;92000;Caramel Macchiato;14-16;Caribe;1
15962;;31;20230820;65400;Espresso Sencillo;16-18;Andina;1
15963;;31;20220819;65400;Arequipe Latte;18-20;Orinoquía;5
15964;;31;20220405;65400;Espresso Doble;16-18;Andina;2
15965;F;53;20231114;65000;Latte Macchiato;12-14;Orinoquía;2
15966;F;97;20221002;105000;Chocolate Helado;12-14;Insular;5
15967;;31;20220323;65400;Mocha Blanco Latte;14-16;Pacífica;1
15968;F;57;20240203;37000;Chocolate Helado;12-14;Insular;1
15969;M;47;20240328;64000;Chocolate Blanco Helado;10-12;Orinoquía;2
15970;F;66;20230118;101000;Arequipe Latte;10-12;Insular;3
15971;M;31;20230810;56000;Chocolate Helado;16-18;Insular;4
15972;;31;20231002;65400;Cappuccino;14-16;Andina;2
15973;;31;20230125;65400;Latte;16-18;Caribe;5
15974;M;69;20190801;73000;Café del día;20-22;Andina;1
15975;F;29;20201012;61000;Espresso Macchiato;14-16;Orinoquía;1
15976;F;70;20230802;71000;Latte Macchiato;20-22;Pacífica;3
15977;M;26;20231225;45000;Flat White;10-12;Insular;4
15978;F;65;20230318;118000;Caramel Macchiato;16-18;Pacífica;1
15979;F;75;20231218;67000;Flat White;16-18;Caribe;5
15980;M;51;20240303;111000;Café del día;10-12;Insular;3
15981;F;28;20231213;39000;Latte;12-14;Orinoquía;5
15982;;31;20210831;65400;Latte;16-18;Orinoquía;2
15983;;31;20230524;65400;Chocolate Blanco;18-20;Caribe;2
15984;F;57;20240528;92000;Americano;20-22;Andina;1
15985;;31;20230720;65400;Latte;10-12;Insular;3
15986;;31;20220922;65400;Flat White;18-20;Insular;4
15987;M;51;20191110;39000;Mocha Blanco Latte;10-12;Caribe;4
15988;F;68;20230925;34000;Chocolate Blanco Helado;16-18;Caribe;4
15989;M;38;20231228;59000;Flat White;12-14;Andina;5
15990;F;46;20240114;56000;Flat White;14-16;Orinoquía;4
15991;M;62;20230731;81000;Arequipe Latte;14-16;Andina;3
15992;M;77;20210706;79000;Espresso Sencillo;10-12;Caribe;3
15993;M;41;20211226;60000;Americano;12-14;Pacífica;3
15994;M;78;20220503;69000;Latte Macchiato;18-20;Caribe;4
15995;F;22;20211219;43000;Espresso Sencillo;20-22;Pacífica;5
15996;F;72;20231111;106000;Espresso Sencillo;20-22;Insular;2
15997;;31;20231201;65400;Café del día;10-12;Pacífica;1
15998;F;54;20230519;48000;Mocha Latte;16-18;Insular;4
15999;M;77;20240505;66000;Café del día;16-18;Caribe;1
16000;M;65;20230919;35000;Café del día;16-18;Orinoquía;4
16001;M;60;20231018;68000;Chocolate Caliente;20-22;Caribe;2
16002;;31;20231006;65400;Arequipe Latte;16-18;Orinoquía;3
16003;M;60;20231122;113000;Americano;14-16;Caribe;5
16004;;31;20221214;65400;Arequipe Latte;20-22;Pacífica;1
16005;F;48;20220926;90000;Chocolate Helado;12-14;Caribe;5
16006;F;25;20210622;48000;Latte;20-22;Insular;4
16007;M;45;20220415;66000;Cappuccino;18-20;Pacífica;4
16008;M;40;20230910;56000;Mocha Blanco Latte;16-18;Pacífica;1
16009;F;27;20230627;40000;Arequipe Latte;18-20;Caribe;4
16010;F;31;20221016;31000;Cappuccino;20-22;Pacífica;4
16011;M;60;20231122;47000;Latte Macchiato;20-22;Andina;4
16012;M;63;20240430;87000;Latte;10-12;Orinoquía;2
16013;M;73;20240108;69000;Americano;12-14;Andina;1
16014;F;83;20230906;44000;Latte;10-12;Pacífica;4
16015;F;63;20230122;87000;Chocolate Blanco;12-14;Pacífica;1
16016;M;68;20231009;33000;Espresso Macchiato;10-12;Andina;4
16017;M;51;20221105;81000;Espresso Sencillo;16-18;Andina;2
16018;M;60;20211005;65000;Espresso Doble;10-12;Orinoquía;2
16019;;31;20240201;65400;Chocolate Blanco Helado;10-12;Pacífica;3
16020;M;43;20210210;52000;Arequipe Latte;10-12;Andina;2
16021;;31;20220128;65400;Espresso Sencillo;20-22;Andina;1
16022;M;91;20240106;63000;Chocolate Blanco Helado;16-18;Andina;2
16023;M;83;20220117;59000;Cappuccino;10-12;Caribe;3
16024;M;38;20211215;61000;Chocolate Helado;10-12;Caribe;3
16025;F;59;20211225;50000;Chocolate Helado;18-20;Caribe;4
16026;;31;20231006;65400;Chocolate Blanco Helado;16-18;Insular;4
16027;M;52;20240417;67000;Espresso Doble;20-22;Caribe;4
16028;F;57;20220116;31000;Chocolate Helado;20-22;Caribe;2
16029;M;55;20230930;97000;Mocha Blanco Latte;12-14;Pacífica;4
16030;M;55;20220731;94000;Café del día;14-16;Pacífica;3
16031;F;92;20220301;78000;Americano;12-14;Pacífica;2
16032;M;48;20231218;75000;Espresso Macchiato;12-14;Insular;4
16033;F;65;20230404;89000;Flat White;16-18;Orinoquía;4
16034;F;46;20240625;51000;Latte;12-14;Andina;4
16035;F;48;20240413;56000;Americano;10-12;Insular;4
16036;M;95;20240222;52000;Espresso Doble;10-12;Caribe;4
16037;;31;20220605;65400;Arequipe Latte;18-20;Caribe;1
16038;M;55;20240216;51000;Espresso Doble;10-12;Insular;1
16039;M;18;20211209;58000;Chocolate Blanco;18-20;Orinoquía;2
16040;F;74;20210811;82000;Cappuccino;18-20;Insular;3
16041;O;52;20220312;59000;Mocha Blanco Latte;16-18;Pacífica;5
16042;;31;20230726;65400;Espresso Sencillo;20-22;Orinoquía;2
16043;F;56;20220808;105000;Espresso Sencillo;12-14;Andina;5
16044;M;69;20230610;85000;Chocolate Helado;14-16;Caribe;4
16045;M;46;20220502;50000;Café del día;14-16;Andina;4
16046;M;20;20230817;30000;Arequipe Latte;10-12;Orinoquía;4
16047;F;57;20231008;111000;Cappuccino;18-20;Insular;2
16048;;31;20231106;65400;Chocolate Blanco;16-18;Caribe;3
16049;;31;20230505;65400;Chocolate Caliente;16-18;Orinoquía;3
16050;M;73;20230805;75000;Chocolate Caliente;16-18;Orinoquía;3
16051;O;47;20240602;48000;Arequipe Latte;20-22;Orinoquía;5
16052;M;64;20230805;75000;Arequipe Latte;14-16;Pacífica;3
16053;;31;20231122;65400;Café del día;16-18;Orinoquía;2
16054;M;53;20240122;59000;Espresso Macchiato;16-18;Insular;4
16055;M;40;20220607;66000;Chocolate Blanco Helado;20-22;Insular;5
16056;F;61;20240203;47000;Chocolate Blanco;18-20;Pacífica;5
16057;F;54;20220902;64000;Espresso Macchiato;20-22;Andina;3
16058;;31;20240309;65400;Espresso Macchiato;18-20;Andina;4
16059;M;27;20221002;54000;Flat White;18-20;Andina;4
16060;M;53;20231106;67000;Latte Macchiato;20-22;Pacífica;2
16061;M;19;20220204;74000;Cappuccino;16-18;Pacífica;4
16062;M;45;20220219;65000;Espresso Doble;20-22;Orinoquía;5
16063;;31;20240223;65400;Chocolate Caliente;18-20;Caribe;1
16064;M;61;20231213;84000;Chocolate Blanco Helado;20-22;Insular;3
16065;M;63;20211222;58000;Espresso Sencillo;12-14;Orinoquía;4
16066;F;59;20240503;105000;Chocolate Caliente;14-16;Pacífica;4
16067;F;25;20240430;47000;Chocolate Helado;14-16;Orinoquía;5
16068;F;82;20230226;65000;Latte;20-22;Caribe;1
16069;F;79;20220511;107000;Cappuccino;12-14;Orinoquía;2
16070;F;62;20220228;52000;Cappuccino;18-20;Pacífica;5
16071;M;55;20240104;35000;Chocolate Helado;10-12;Andina;5
16072;M;58;20230625;45000;Mocha Blanco Latte;18-20;Andina;5
16073;M;66;20220515;90000;Americano;14-16;Andina;3
16074;M;68;20210104;97000;Café del día;16-18;Caribe;1
16075;F;47;20210810;51000;Mocha Blanco Latte;18-20;Andina;4
16076;F;90;20230826;104000;Espresso Macchiato;10-12;Andina;5
16077;M;40;20210401;80000;Cappuccino;12-14;Insular;3
16078;M;56;20220519;93000;Chocolate Helado;14-16;Andina;1
16079;M;59;20231029;95000;Mocha Latte;10-12;Andina;1
16080;M;33;20220124;55000;Espresso Doble;16-18;Orinoquía;5
16081;M;43;20231217;30000;Arequipe Latte;18-20;Orinoquía;5
16082;;31;20220116;65400;Arequipe Latte;16-18;Pacífica;1
16083;F;69;20190906;79000;Chocolate Blanco Helado;10-12;Orinoquía;4
16084;M;47;20240126;31000;Chocolate Blanco Helado;16-18;Pacífica;5
16085;O;66;20231221;40000;Espresso Macchiato;10-12;Orinoquía;1
16086;F;55;20210312;83000;Latte;18-20;Andina;5
16087;M;38;20240516;84000;Mocha Blanco Latte;12-14;Caribe;2
16088;F;59;20230830;86000;Espresso Sencillo;18-20;Orinoquía;5
16089;;31;20221230;65400;Café del día;20-22;Insular;1
16090;M;50;20220501;63000;Mocha Latte;12-14;Andina;1
16091;;31;20230909;65400;Chocolate Blanco;16-18;Insular;5
16092;F;52;20220527;83000;Espresso Macchiato;18-20;Orinoquía;3
16093;M;58;20200422;68000;Chocolate Helado;18-20;Pacífica;2
16094;M;62;20231104;61000;Latte Macchiato;10-12;Andina;2
16095;F;58;20210810;108000;Latte Macchiato;10-12;Caribe;2
16096;;31;20231113;65400;Chocolate Blanco Helado;10-12;Pacífica;5
16097;M;85;20220624;53000;Latte;16-18;Orinoquía;5
16098;F;71;20220403;85000;Latte;18-20;Caribe;5
16099;F;68;20220117;75000;Espresso Doble;18-20;Orinoquía;5
16100;M;63;20210814;62000;Café del día;16-18;Caribe;2
16101;M;51;20211130;72000;Espresso Doble;12-14;Orinoquía;4
16102;F;87;20231201;115000;Flat White;14-16;Andina;5
16103;M;53;20240128;40000;Americano;18-20;Pacífica;3
16104;M;58;20220227;49000;Chocolate Caliente;20-22;Orinoquía;5
16105;M;62;20230209;59000;Espresso Sencillo;16-18;Pacífica;4
16106;F;52;20240722;76000;Mocha Latte;12-14;Caribe;2
16107;M;43;20240119;37000;Americano;16-18;Insular;5
16108;F;95;20240715;57000;Latte;10-12;Andina;1
16109;M;52;20211024;119000;Mocha Latte;16-18;Insular;4
16110;F;72;20220310;63000;Espresso Doble;18-20;Orinoquía;4
16111;;31;20211121;65400;Caramel Macchiato;20-22;Insular;1
16112;M;30;20230322;74000;Café del día;10-12;Orinoquía;2
16113;F;56;20231004;71000;Arequipe Latte;10-12;Orinoquía;3
16114;M;65;20210717;31000;Chocolate Helado;18-20;Orinoquía;1
16115;F;36;20231127;58000;Mocha Blanco Latte;20-22;Caribe;2
16116;F;72;20221014;105000;Latte;12-14;Pacífica;1
16117;M;38;20190815;75000;Caramel Macchiato;16-18;Andina;3
16118;M;64;20240216;56000;Espresso Sencillo;10-12;Pacífica;5
16119;F;30;20230323;33000;Espresso Macchiato;14-16;Andina;2
16120;F;32;20230823;73000;Café del día;14-16;Andina;2
16121;M;68;20230811;31000;Latte;18-20;Orinoquía;3
16122;M;47;20231103;34000;Latte;14-16;Andina;5
16123;M;91;20220407;35000;Flat White;16-18;Pacífica;3
16124;M;20;20240427;57000;Arequipe Latte;20-22;Orinoquía;2
16125;;31;20220414;65400;Caramel Macchiato;10-12;Orinoquía;5
16126;;31;20231027;65400;Chocolate Blanco;10-12;Caribe;3
16127;F;78;20230201;73000;Latte Macchiato;12-14;Pacífica;2
16128;M;62;20240409;65000;Espresso Macchiato;18-20;Caribe;2
16129;M;40;20211214;70000;Flat White;18-20;Caribe;3
16130;M;43;20240126;86000;Arequipe Latte;12-14;Insular;4
16131;M;30;20230924;50000;Espresso Sencillo;20-22;Orinoquía;3
16132;M;77;20211227;37000;Mocha Blanco Latte;14-16;Caribe;4
16133;M;31;20231114;41000;Mocha Latte;16-18;Pacífica;2
16134;M;68;20240311;68000;Espresso Doble;20-22;Insular;4
16135;M;74;20240523;47000;Chocolate Helado;16-18;Orinoquía;4
16136;M;65;20230831;70000;Espresso Macchiato;10-12;Orinoquía;5
16137;F;54;20221122;70000;Chocolate Blanco;16-18;Caribe;4
16138;M;24;20240407;39000;Chocolate Helado;16-18;Andina;1
16139;M;47;20231013;94000;Chocolate Caliente;12-14;Andina;5
16140;F;89;20240321;85000;Latte;18-20;Caribe;4
16141;;31;20240525;65400;Chocolate Blanco Helado;12-14;Caribe;5
16142;F;48;20230802;34000;Caramel Macchiato;18-20;Caribe;2
16143;;31;20240618;65400;Flat White;12-14;Orinoquía;5
16144;M;33;20210801;33000;Latte;16-18;Andina;3
16145;F;58;20230927;118000;Flat White;18-20;Andina;1
16146;M;48;20231107;47000;Latte;20-22;Caribe;2
16147;F;28;20231015;54000;Cappuccino;14-16;Orinoquía;4
16148;F;73;20231225;101000;Chocolate Caliente;16-18;Orinoquía;4
16149;F;68;20240607;67000;Café del día;10-12;Pacífica;3
16150;F;38;20240401;41000;Chocolate Caliente;18-20;Insular;3
16151;M;56;20231018;49000;Chocolate Blanco;12-14;Andina;4
16152;M;30;20220719;51000;Chocolate Blanco;20-22;Pacífica;3
16153;M;56;20230922;60000;Chocolate Helado;16-18;Pacífica;4
16154;M;77;20231012;65000;Espresso Macchiato;14-16;Orinoquía;4
16155;F;72;20230711;77000;Café del día;16-18;Orinoquía;5
16156;;31;20220221;65400;Mocha Blanco Latte;18-20;Pacífica;4
16157;M;37;20231220;64000;Mocha Blanco Latte;10-12;Pacífica;5
16158;M;63;20231018;100000;Caramel Macchiato;16-18;Insular;4
16159;M;64;20230320;40000;Chocolate Blanco;10-12;Orinoquía;3
16160;F;49;20230205;55000;Café del día;10-12;Insular;2
16161;M;30;20231112;33000;Espresso Doble;14-16;Insular;4
16162;;31;20240610;65400;Chocolate Blanco;20-22;Orinoquía;1
16163;F;54;20220712;103000;Americano;12-14;Orinoquía;3
16164;M;71;20230924;55000;Americano;16-18;Caribe;4
16165;M;29;20240330;56000;Americano;18-20;Insular;3
16166;M;51;20240220;44000;Mocha Blanco Latte;10-12;Andina;2
16167;M;57;20230514;56000;Mocha Blanco Latte;16-18;Orinoquía;5
16168;F;52;20230822;62000;Americano;20-22;Insular;1
16169;F;69;20231121;54000;Chocolate Caliente;14-16;Caribe;4
16170;M;32;20210923;44000;Caramel Macchiato;14-16;Caribe;4
16171;;31;20210929;65400;Latte;10-12;Andina;1
16172;M;59;20220307;69000;Espresso Doble;12-14;Andina;2
16173;F;62;20221212;70000;Arequipe Latte;14-16;Caribe;5
16174;F;32;20211114;65000;Chocolate Blanco Helado;18-20;Insular;1
16175;M;47;20231223;62000;Latte;20-22;Insular;3
16176;M;88;20220402;68000;Café del día;18-20;Insular;5
16177;M;27;20211210;43000;Arequipe Latte;20-22;Pacífica;3
16178;M;46;20230209;45000;Espresso Doble;10-12;Orinoquía;2
16179;F;64;20211127;76000;Chocolate Blanco Helado;10-12;Andina;4
16180;M;28;20210207;71000;Latte;20-22;Insular;5
16181;M;56;20231206;87000;Chocolate Blanco;10-12;Pacífica;2
16182;M;42;20240525;43000;Arequipe Latte;12-14;Pacífica;5
16183;F;18;20230827;64000;Caramel Macchiato;16-18;Caribe;4
16184;F;82;20220613;106000;Flat White;14-16;Orinoquía;3
16185;M;48;20240325;79000;Chocolate Caliente;16-18;Pacífica;2
16186;M;52;20220414;56000;Caramel Macchiato;18-20;Insular;1
16187;M;41;20230730;53000;Cappuccino;20-22;Caribe;5
16188;M;71;20230624;75000;Americano;16-18;Caribe;5
16189;M;37;20220811;82000;Caramel Macchiato;16-18;Insular;1
16190;;31;20240220;65400;Flat White;16-18;Orinoquía;4
16191;F;40;20200225;41000;Espresso Sencillo;18-20;Orinoquía;5
16192;F;66;20221017;66000;Chocolate Helado;16-18;Orinoquía;1
16193;M;72;20210722;75000;Espresso Doble;18-20;Pacífica;5
16194;M;57;20210812;111000;Espresso Sencillo;10-12;Andina;4
16195;F;35;20211016;60000;Americano;14-16;Pacífica;2
16196;M;28;20210825;48000;Caramel Macchiato;18-20;Orinoquía;5
16197;M;39;20220430;32000;Cappuccino;20-22;Andina;2
16198;;31;20240103;65400;Flat White;14-16;Orinoquía;3
16199;M;52;20240402;51000;Espresso Macchiato;20-22;Pacífica;2
16200;F;25;20230129;56000;Latte Macchiato;20-22;Insular;3
16201;;31;20231206;65400;Espresso Doble;12-14;Pacífica;1
16202;M;63;20230703;120000;Mocha Latte;18-20;Insular;2
16203;F;48;20231212;51000;Cappuccino;14-16;Pacífica;4
16204;F;70;20220330;81000;Caramel Macchiato;20-22;Orinoquía;5
16205;M;35;20240122;69000;Caramel Macchiato;18-20;Andina;2
16206;M;60;20240318;38000;Espresso Sencillo;16-18;Andina;2
16207;F;46;20240617;34000;Café del día;12-14;Pacífica;5
16208;M;30;20230730;61000;Caramel Macchiato;20-22;Pacífica;4
16209;;31;20210126;65400;Espresso Macchiato;10-12;Andina;3
16210;M;66;20230815;46000;Chocolate Caliente;14-16;Insular;1
16211;;31;20231108;65400;Mocha Blanco Latte;14-16;Insular;2
16212;M;56;20220923;57000;Espresso Doble;20-22;Andina;3
16213;M;68;20220510;116000;Cappuccino;18-20;Pacífica;4
16214;M;26;20200118;62000;Arequipe Latte;16-18;Orinoquía;1
16215;O;63;20220826;71000;Café del día;12-14;Orinoquía;3
16216;F;55;20230829;74000;Flat White;10-12;Orinoquía;4
16217;;31;20220408;65400;Flat White;12-14;Andina;2
16218;F;73;20211030;58000;Espresso Doble;16-18;Orinoquía;1
16219;M;82;20230807;114000;Latte Macchiato;12-14;Pacífica;1
16220;M;58;20220212;34000;Caramel Macchiato;16-18;Insular;1
16221;M;25;20191229;67000;Latte Macchiato;16-18;Caribe;4
16222;F;69;20220212;79000;Chocolate Blanco;16-18;Andina;5
16223;M;59;20210807;31000;Chocolate Helado;18-20;Insular;4
16224;F;39;20230102;34000;Chocolate Blanco;12-14;Andina;1
16225;F;55;20200411;53000;Latte Macchiato;10-12;Pacífica;1
16226;F;60;20231007;35000;Chocolate Helado;16-18;Pacífica;4
16227;M;91;20220613;33000;Chocolate Caliente;18-20;Caribe;2
16228;M;48;20211105;52000;Latte;18-20;Insular;4
16229;;31;20240313;65400;Chocolate Blanco;18-20;Orinoquía;3
16230;M;70;20231231;66000;Café del día;10-12;Caribe;2
16231;;31;20240105;65400;Cappuccino;16-18;Pacífica;1
16232;F;51;20220228;54000;Cappuccino;12-14;Orinoquía;2
16233;M;64;20220320;74000;Arequipe Latte;12-14;Andina;2
16234;M;81;20240610;62000;Chocolate Blanco Helado;16-18;Orinoquía;2
16235;;31;20240131;65400;Chocolate Blanco;14-16;Insular;3
16236;M;91;20230602;86000;Latte;20-22;Pacífica;4
16237;F;71;20240328;55000;Latte;14-16;Orinoquía;3
16238;F;46;20230928;78000;Chocolate Caliente;18-20;Orinoquía;5
16239;M;54;20210827;50000;Chocolate Blanco;14-16;Andina;5
16240;M;20;20230720;37000;Espresso Doble;12-14;Andina;4
16241;F;38;20230811;37000;Espresso Doble;18-20;Insular;4
16242;M;53;20231018;80000;Americano;14-16;Orinoquía;1
16243;M;51;20220504;86000;Chocolate Helado;18-20;Orinoquía;3
16244;M;77;20230810;98000;Mocha Blanco Latte;10-12;Caribe;5
16245;F;68;20230512;95000;Espresso Doble;20-22;Andina;3
16246;M;36;20231120;43000;Chocolate Caliente;12-14;Pacífica;5
16247;;31;20230208;65400;Café del día;12-14;Insular;5
16248;;31;20240106;65400;Chocolate Caliente;18-20;Pacífica;4
16249;M;43;20220425;31000;Espresso Macchiato;16-18;Orinoquía;4
16250;F;49;20240314;76000;Mocha Blanco Latte;14-16;Andina;2
16251;M;59;20240427;67000;Americano;20-22;Pacífica;1
16252;M;95;20230421;72000;Chocolate Blanco Helado;14-16;Orinoquía;3
16253;M;28;20240302;39000;Latte;20-22;Orinoquía;5
16254;F;66;20231118;63000;Chocolate Blanco Helado;18-20;Caribe;5
16255;;31;20240505;65400;Espresso Macchiato;14-16;Caribe;5
16256;M;70;20230615;77000;Espresso Doble;16-18;Andina;1
16257;F;19;20220204;60000;Chocolate Caliente;10-12;Pacífica;2
16258;;31;20230727;65400;Chocolate Blanco;12-14;Andina;1
16259;M;28;20240315;37000;Espresso Sencillo;16-18;Caribe;5
16260;M;55;20231203;49000;Chocolate Caliente;16-18;Pacífica;4
16261;F;78;20220428;84000;Café del día;10-12;Insular;2
16262;F;61;20220401;96000;Latte Macchiato;20-22;Pacífica;5
16263;M;25;20230914;64000;Mocha Latte;18-20;Andina;1
16264;M;19;20220128;74000;Espresso Doble;16-18;Andina;5
16265;M;51;20221214;114000;Americano;12-14;Orinoquía;3
16266;;31;20231119;65400;Caramel Macchiato;16-18;Pacífica;5
16267;F;26;20240211;73000;Mocha Blanco Latte;10-12;Caribe;2
16268;;31;20220627;65400;Mocha Blanco Latte;18-20;Pacífica;4
16269;M;67;20221215;88000;Chocolate Caliente;16-18;Insular;3
16270;F;56;20231109;73000;Arequipe Latte;18-20;Pacífica;5
16271;F;73;20230617;82000;Espresso Doble;16-18;Insular;4
16272;F;55;20230824;89000;Espresso Sencillo;10-12;Andina;4
16273;F;83;20231026;72000;Latte Macchiato;20-22;Pacífica;2
16274;;31;20230817;65400;Americano;20-22;Caribe;5
16275;F;90;20220306;79000;Mocha Blanco Latte;14-16;Pacífica;2
16276;M;67;20231229;77000;Arequipe Latte;18-20;Insular;3
16277;M;48;20230615;73000;Café del día;20-22;Orinoquía;2
16278;O;73;20230704;64000;Mocha Latte;14-16;Insular;3
16279;F;62;20210525;78000;Latte Macchiato;12-14;Orinoquía;3
16280;M;66;20240218;118000;Espresso Doble;20-22;Orinoquía;2
16281;F;62;20230719;80000;Chocolate Blanco Helado;10-12;Andina;4
16282;M;58;20240625;86000;Espresso Macchiato;20-22;Insular;3
16283;M;24;20220525;36000;Flat White;18-20;Insular;2
16284;F;70;20231001;81000;Cappuccino;18-20;Andina;2
16285;;31;20220103;65400;Americano;18-20;Orinoquía;2
16286;M;75;20230312;94000;Flat White;20-22;Andina;4
16287;M;26;20240209;60000;Cappuccino;16-18;Orinoquía;2
16288;F;55;20231215;99000;Cappuccino;20-22;Andina;2
16289;F;71;20240712;100000;Espresso Macchiato;16-18;Andina;5
16290;M;53;20240511;67000;Americano;18-20;Andina;3
16291;M;57;20231028;80000;Chocolate Helado;18-20;Orinoquía;4
16292;M;48;20210418;31000;Arequipe Latte;14-16;Pacífica;4
16293;F;57;20221022;88000;Flat White;12-14;Insular;5
16294;M;44;20230611;74000;Chocolate Caliente;10-12;Andina;3
16295;;31;20220929;65400;Chocolate Caliente;16-18;Pacífica;5
16296;M;20;20240519;34000;Espresso Macchiato;20-22;Caribe;3
16297;;31;20230826;65400;Cappuccino;20-22;Caribe;4
16298;F;86;20231215;82000;Flat White;14-16;Insular;2
16299;F;59;20220508;32000;Chocolate Blanco;20-22;Andina;3
16300;F;41;20220603;34000;Latte Macchiato;20-22;Caribe;2
16301;M;24;20191224;46000;Chocolate Caliente;12-14;Pacífica;5
16302;;31;20221031;65400;Mocha Latte;16-18;Insular;3
16303;F;35;20200104;70000;Espresso Doble;18-20;Orinoquía;5
16304;F;58;20230729;89000;Americano;18-20;Andina;1
16305;M;52;20231120;88000;Chocolate Caliente;16-18;Caribe;3
16306;M;65;20240305;56000;Americano;10-12;Caribe;5
16307;F;73;20230420;77000;Caramel Macchiato;16-18;Pacífica;2
16308;F;82;20231106;84000;Caramel Macchiato;14-16;Caribe;1
16309;M;62;20200907;42000;Cappuccino;18-20;Caribe;4
16310;F;71;20220806;93000;Espresso Sencillo;12-14;Caribe;4
16311;M;36;20240104;31000;Cappuccino;16-18;Caribe;5
16312;F;73;20231014;31000;Espresso Doble;14-16;Andina;4
16313;M;60;20240317;84000;Chocolate Blanco Helado;20-22;Orinoquía;3
16314;M;63;20230803;45000;Espresso Doble;12-14;Orinoquía;5
16315;M;40;20210916;78000;Mocha Latte;20-22;Andina;5
16316;;31;20230923;65400;Chocolate Blanco Helado;20-22;Pacífica;4
16317;F;49;20240322;31000;Mocha Latte;10-12;Insular;4
16318;M;44;20240421;48000;Chocolate Helado;14-16;Caribe;2
16319;M;26;20230818;41000;Latte Macchiato;18-20;Caribe;4
16320;M;47;20220802;52000;Mocha Blanco Latte;14-16;Andina;3
16321;M;48;20231028;68000;Chocolate Blanco;14-16;Andina;2
16322;F;80;20211218;72000;Caramel Macchiato;12-14;Pacífica;3
16323;;31;20211113;65400;Espresso Doble;14-16;Orinoquía;4
16324;M;49;20230907;42000;Latte Macchiato;14-16;Insular;2
16325;M;69;20240613;73000;Caramel Macchiato;14-16;Andina;3
16326;M;47;20211018;38000;Mocha Blanco Latte;14-16;Orinoquía;5
16327;M;53;20220906;95000;Mocha Latte;12-14;Caribe;3
16328;M;71;20240425;71000;Caramel Macchiato;14-16;Andina;2
16329;;31;20240720;65400;Latte;12-14;Orinoquía;3
16330;M;41;20230107;61000;Mocha Latte;20-22;Pacífica;5
16331;M;53;20220409;58000;Mocha Latte;14-16;Pacífica;5
16332;F;81;20231028;96000;Chocolate Caliente;18-20;Insular;4
16333;F;30;20231122;42000;Espresso Sencillo;20-22;Caribe;2
16334;F;31;20230409;60000;Chocolate Caliente;10-12;Andina;4
16335;M;57;20210609;60000;Chocolate Blanco;12-14;Orinoquía;5
16336;M;42;20211002;67000;Espresso Sencillo;18-20;Pacífica;4
16337;M;30;20230416;70000;Latte Macchiato;16-18;Pacífica;1
16338;M;56;20231024;61000;Café del día;20-22;Caribe;4
16339;F;74;20220519;66000;Espresso Doble;10-12;Insular;1
16340;M;33;20221114;56000;Arequipe Latte;14-16;Orinoquía;1
16341;M;49;20230608;91000;Latte;10-12;Orinoquía;4
16342;M;32;20231011;34000;Flat White;14-16;Andina;4
16343;M;36;20240321;52000;Espresso Macchiato;20-22;Andina;4
16344;M;51;20221115;57000;Café del día;12-14;Insular;4
16345;F;77;20240101;75000;Cappuccino;20-22;Insular;4
16346;F;61;20230402;119000;Latte;18-20;Pacífica;3
16347;F;62;20220830;107000;Chocolate Blanco;20-22;Orinoquía;3
16348;M;59;20230912;58000;Chocolate Blanco;18-20;Insular;5
16349;;31;20220309;65400;Latte;14-16;Insular;2
16350;M;56;20240522;49000;Mocha Latte;18-20;Insular;5
16351;M;50;20190918;69000;Chocolate Caliente;20-22;Pacífica;5
16352;M;46;20220611;36000;Flat White;12-14;Insular;2
16353;F;78;20231130;78000;Espresso Sencillo;14-16;Insular;4
16354;M;19;20240302;67000;Espresso Sencillo;12-14;Caribe;4
16355;M;24;20240705;71000;Chocolate Blanco;12-14;Andina;1
16356;M;58;20230806;113000;Chocolate Caliente;12-14;Andina;5
16357;M;19;20240123;40000;Espresso Sencillo;10-12;Caribe;2
16358;F;76;20230927;119000;Mocha Latte;16-18;Andina;4
16359;F;59;20231010;40000;Americano;12-14;Andina;5
16360;M;34;20240210;70000;Espresso Macchiato;18-20;Caribe;1
16361;;31;20220921;65400;Caramel Macchiato;16-18;Pacífica;5
16362;F;78;20231121;73000;Chocolate Helado;20-22;Orinoquía;3
16363;F;44;20231120;31000;Chocolate Blanco Helado;14-16;Andina;3
16364;;31;20231002;65400;Espresso Doble;10-12;Pacífica;4
16365;F;46;20230807;49000;Espresso Macchiato;12-14;Orinoquía;2
16366;;31;20231126;65400;Latte;16-18;Andina;4
16367;M;25;20230401;66000;Espresso Doble;12-14;Andina;2
16368;M;53;20211021;75000;Mocha Blanco Latte;20-22;Insular;5
16369;M;30;20240327;38000;Flat White;12-14;Caribe;3
16370;F;68;20240529;92000;Cappuccino;18-20;Andina;4
16371;F;70;20230929;99000;Chocolate Blanco Helado;16-18;Orinoquía;4
16372;M;71;20240628;32000;Mocha Blanco Latte;14-16;Andina;2
16373;M;97;20231215;60000;Latte;20-22;Caribe;5
16374;F;82;20231213;74000;Chocolate Blanco;10-12;Insular;3
16375;;31;20230212;65400;Latte;14-16;Insular;3
16376;F;58;20221210;109000;Espresso Macchiato;14-16;Andina;3
16377;M;55;20220508;40000;Latte;12-14;Insular;3
16378;F;32;20230521;68000;Espresso Macchiato;20-22;Orinoquía;2
16379;M;62;20230116;74000;Latte Macchiato;16-18;Pacífica;3
16380;M;31;20220802;55000;Latte Macchiato;10-12;Andina;5
16381;M;65;20231218;36000;Flat White;14-16;Orinoquía;3
16382;M;41;20230404;66000;Latte;20-22;Andina;2
16383;M;41;20230916;48000;Café del día;12-14;Caribe;5
16384;F;55;20210920;53000;Flat White;12-14;Insular;3
16385;M;56;20230604;85000;Espresso Doble;16-18;Pacífica;3
16386;M;47;20210908;99000;Mocha Latte;20-22;Caribe;5
16387;M;44;20230224;42000;Cappuccino;14-16;Insular;2
16388;M;29;20211115;62000;Chocolate Blanco Helado;16-18;Andina;1
16389;F;77;20221020;112000;Flat White;12-14;Insular;4
16390;M;83;20220103;47000;Café del día;12-14;Andina;1
16391;O;49;20231116;91000;Café del día;10-12;Orinoquía;1
16392;;31;20231130;65400;Caramel Macchiato;20-22;Insular;4
16393;M;66;20230831;78000;Latte;16-18;Insular;4
16394;;31;20240315;65400;Americano;12-14;Insular;1
16395;M;24;20230815;33000;Chocolate Helado;18-20;Orinoquía;4
16396;M;33;20220509;72000;Latte Macchiato;14-16;Pacífica;5
16397;M;67;20231031;68000;Latte;18-20;Orinoquía;1
16398;;31;20220719;65400;Chocolate Caliente;10-12;Insular;2
16399;F;49;20240212;68000;Mocha Latte;16-18;Pacífica;1
16400;F;57;20220618;49000;Americano;20-22;Pacífica;3
16401;M;71;20200927;91000;Mocha Blanco Latte;14-16;Andina;1
16402;F;68;20231219;98000;Chocolate Caliente;16-18;Orinoquía;2
16403;M;48;20220818;92000;Café del día;18-20;Pacífica;5
16404;M;71;20231124;97000;Arequipe Latte;16-18;Andina;1
16405;M;63;20240328;62000;Americano;16-18;Orinoquía;2
16406;M;53;20230209;54000;Arequipe Latte;16-18;Caribe;1
16407;M;50;20221125;91000;Latte;12-14;Pacífica;3
16408;M;69;20230405;81000;Café del día;10-12;Insular;4
16409;F;37;20230925;57000;Cappuccino;10-12;Insular;2
16410;F;70;20221102;79000;Arequipe Latte;14-16;Caribe;3
16411;F;56;20231020;44000;Chocolate Helado;14-16;Caribe;1
16412;M;57;20210425;74000;Mocha Latte;10-12;Pacífica;4
16413;M;48;20240527;36000;Chocolate Blanco;18-20;Caribe;3
16414;F;68;20220423;73000;Americano;18-20;Andina;5
16415;F;57;20230824;95000;Mocha Blanco Latte;20-22;Caribe;1
16416;F;63;20240621;111000;Espresso Macchiato;14-16;Pacífica;3
16417;F;85;20220208;77000;Espresso Sencillo;14-16;Insular;2
16418;M;81;20201205;58000;Caramel Macchiato;16-18;Caribe;1
16419;F;67;20220907;54000;Mocha Latte;12-14;Pacífica;4
16420;M;48;20230926;84000;Mocha Latte;10-12;Orinoquía;5
16421;M;48;20231230;55000;Chocolate Blanco Helado;10-12;Andina;1
16422;M;56;20200806;52000;Chocolate Caliente;20-22;Insular;3
16423;M;26;20240726;45000;Chocolate Blanco;20-22;Orinoquía;5
16424;F;64;20230615;113000;Espresso Sencillo;18-20;Pacífica;4
16425;F;42;20230731;38000;Flat White;12-14;Orinoquía;2
16426;F;57;20240410;99000;Chocolate Helado;10-12;Caribe;5
16427;M;64;20220529;42000;Latte;14-16;Caribe;4
16428;F;50;20231103;71000;Chocolate Blanco;20-22;Andina;1
16429;M;73;20230820;33000;Chocolate Caliente;10-12;Andina;3
16430;M;66;20240702;53000;Café del día;12-14;Orinoquía;3
16431;M;38;20231225;64000;Flat White;12-14;Pacífica;2
16432;M;85;20230731;59000;Americano;18-20;Orinoquía;2
16433;M;31;20220308;66000;Latte;14-16;Orinoquía;4
16434;M;24;20230422;56000;Café del día;12-14;Caribe;4
16435;F;27;20220113;53000;Flat White;16-18;Orinoquía;4
16436;F;67;20230213;36000;Americano;10-12;Insular;5
16437;F;86;20230622;73000;Chocolate Helado;20-22;Insular;2
16438;;31;20231108;65400;Americano;12-14;Caribe;4
16439;M;23;20240323;45000;Espresso Macchiato;12-14;Caribe;3
16440;M;41;20231102;56000;Chocolate Blanco Helado;14-16;Pacífica;1
16441;M;44;20230926;60000;Latte;16-18;Orinoquía;4
16442;M;52;20220621;95000;Americano;14-16;Orinoquía;4
16443;M;49;20240228;74000;Espresso Macchiato;18-20;Orinoquía;2
16444;F;63;20230808;60000;Caramel Macchiato;12-14;Insular;5
16445;F;67;20231205;62000;Mocha Latte;12-14;Orinoquía;4
16446;;31;20230709;65400;Caramel Macchiato;18-20;Pacífica;1
16447;;31;20220829;65400;Chocolate Helado;14-16;Insular;5
16448;F;68;20230206;115000;Chocolate Blanco;16-18;Insular;1
16449;M;27;20191231;42000;Cappuccino;14-16;Orinoquía;2
16450;M;25;20240402;65000;Chocolate Helado;14-16;Caribe;4
16451;M;66;20240406;61000;Cappuccino;10-12;Pacífica;3
16452;;31;20230615;65400;Latte;18-20;Insular;2
16453;;31;20231203;65400;Espresso Macchiato;10-12;Orinoquía;3
16454;M;36;20230617;35000;Chocolate Helado;14-16;Pacífica;3
16455;M;52;20240501;38000;Caramel Macchiato;12-14;Insular;4
16456;F;64;20211115;97000;Flat White;10-12;Insular;2
16457;M;54;20220612;38000;Chocolate Caliente;10-12;Orinoquía;2
16458;F;82;20220117;74000;Latte;10-12;Pacífica;3
16459;M;53;20240710;72000;Chocolate Helado;14-16;Orinoquía;3
16460;M;63;20200609;47000;Mocha Blanco Latte;16-18;Caribe;3
16461;F;56;20230819;116000;Chocolate Helado;10-12;Insular;2
16462;F;76;20211210;100000;Chocolate Helado;20-22;Pacífica;5
16463;M;22;20200329;35000;Latte;14-16;Caribe;1
16464;M;40;20211031;37000;Espresso Sencillo;20-22;Orinoquía;3
16465;M;27;20231202;39000;Arequipe Latte;10-12;Insular;3
16466;M;51;20240722;61000;Arequipe Latte;12-14;Caribe;2
16467;M;48;20240717;32000;Mocha Blanco Latte;16-18;Caribe;5
16468;M;59;20240425;84000;Espresso Doble;16-18;Insular;2
16469;F;51;20210917;61000;Chocolate Helado;20-22;Pacífica;1
16470;F;61;20230220;107000;Mocha Blanco Latte;10-12;Orinoquía;3
16471;M;54;20221210;52000;Americano;20-22;Andina;3
16472;F;61;20240417;92000;Chocolate Blanco Helado;18-20;Orinoquía;4
16473;F;64;20220813;66000;Chocolate Blanco;20-22;Caribe;4
16474;;31;20211127;65400;Caramel Macchiato;16-18;Caribe;3
16475;;31;20221110;65400;Arequipe Latte;14-16;Caribe;5
16476;F;63;20240109;67000;Caramel Macchiato;16-18;Andina;3
16477;M;66;20211030;72000;Americano;20-22;Orinoquía;5
16478;F;58;20230812;111000;Flat White;14-16;Orinoquía;2
16479;M;28;20231020;34000;Espresso Macchiato;18-20;Orinoquía;1
16480;;31;20231125;65400;Espresso Macchiato;20-22;Caribe;5
16481;;31;20240111;65400;Mocha Blanco Latte;20-22;Pacífica;5
16482;M;54;20240312;40000;Chocolate Blanco Helado;20-22;Andina;5
16483;M;40;20230730;37000;Americano;12-14;Caribe;2
16484;;31;20220206;65400;Latte Macchiato;12-14;Insular;5
16485;F;21;20200130;34000;Mocha Blanco Latte;14-16;Caribe;3
16486;F;76;20211209;86000;Espresso Doble;16-18;Andina;1
16487;M;45;20220712;53000;Flat White;14-16;Pacífica;5
16488;M;21;20231001;50000;Chocolate Caliente;14-16;Caribe;2
16489;M;66;20231030;58000;Chocolate Helado;10-12;Pacífica;5
16490;M;43;20240708;37000;Arequipe Latte;16-18;Andina;3
16491;M;42;20231221;59000;Latte;14-16;Orinoquía;2
16492;M;60;20220116;51000;Mocha Blanco Latte;12-14;Orinoquía;3
16493;M;59;20220619;101000;Espresso Sencillo;14-16;Andina;1
16494;M;52;20231019;53000;Latte;18-20;Caribe;3
16495;M;23;20211116;31000;Mocha Latte;20-22;Insular;3
16496;M;44;20240608;58000;Caramel Macchiato;12-14;Caribe;5
16497;M;66;20240306;65000;Cappuccino;14-16;Insular;3
16498;M;71;20231021;98000;Arequipe Latte;12-14;Pacífica;5
16499;;31;20221127;65400;Latte Macchiato;10-12;Orinoquía;3
16500;F;25;20240704;63000;Americano;12-14;Caribe;3
16501;F;34;20231027;37000;Arequipe Latte;20-22;Andina;4
16502;;31;20231117;65400;Chocolate Helado;20-22;Caribe;1
16503;M;57;20231023;40000;Mocha Latte;18-20;Insular;4
16504;M;51;20240403;39000;Flat White;10-12;Orinoquía;1
16505;M;62;20231220;57000;Espresso Macchiato;20-22;Andina;2
16506;F;69;20201113;34000;Café del día;14-16;Caribe;2
16507;F;85;20220814;61000;Chocolate Helado;20-22;Insular;3
16508;M;91;20230202;91000;Latte;14-16;Orinoquía;3
16509;M;19;20210804;54000;Latte;18-20;Orinoquía;3
16510;M;64;20220529;82000;Latte Macchiato;10-12;Insular;2
16511;F;79;20220621;71000;Latte;20-22;Caribe;4
16512;M;40;20231126;48000;Café del día;14-16;Andina;2
16513;M;71;20240227;45000;Arequipe Latte;18-20;Pacífica;2
16514;F;82;20220326;97000;Latte Macchiato;16-18;Caribe;5
16515;;31;20220319;65400;Chocolate Blanco;16-18;Pacífica;1
16516;M;73;20220106;59000;Espresso Doble;10-12;Pacífica;3
16517;M;63;20240709;67000;Chocolate Helado;10-12;Caribe;4
16518;M;39;20231112;50000;Flat White;12-14;Pacífica;2
16519;M;27;20240620;62000;Espresso Sencillo;18-20;Pacífica;1
16520;F;66;20220213;52000;Chocolate Blanco Helado;16-18;Insular;5
16521;F;75;20210607;44000;Espresso Sencillo;10-12;Insular;2
16522;F;47;20210813;33000;Chocolate Blanco;16-18;Andina;3
16523;F;50;20231030;105000;Chocolate Caliente;20-22;Andina;5
16524;;31;20240605;65400;Mocha Latte;10-12;Insular;5
16525;F;26;20240419;51000;Arequipe Latte;14-16;Orinoquía;5
16526;M;81;20240309;81000;Espresso Macchiato;12-14;Orinoquía;2
16527;F;46;20231012;31000;Mocha Latte;18-20;Pacífica;5
16528;F;54;20230131;107000;Espresso Sencillo;10-12;Andina;1
16529;F;51;20230604;71000;Chocolate Caliente;12-14;Andina;2
16530;F;55;20240117;35000;Espresso Sencillo;16-18;Caribe;5
16531;M;19;20230901;43000;Chocolate Blanco Helado;18-20;Pacífica;5
16532;;31;20240117;65400;Mocha Latte;14-16;Caribe;5
16533;M;69;20220924;55000;Caramel Macchiato;20-22;Caribe;3
16534;M;59;20191124;52000;Cappuccino;16-18;Insular;3
16535;M;63;20220824;99000;Chocolate Blanco Helado;20-22;Pacífica;2
16536;F;70;20230817;109000;Café del día;18-20;Caribe;3
16537;F;35;20230728;74000;Latte Macchiato;14-16;Andina;2
16538;F;76;20220216;104000;Chocolate Blanco Helado;18-20;Caribe;5
16539;M;52;20220912;50000;Caramel Macchiato;18-20;Caribe;1
16540;M;55;20220318;109000;Chocolate Caliente;18-20;Andina;1
16541;F;45;20231007;66000;Espresso Sencillo;12-14;Caribe;4
16542;M;64;20240307;89000;Mocha Latte;20-22;Insular;5
16543;M;55;20230917;34000;Arequipe Latte;12-14;Caribe;4
16544;F;49;20230924;84000;Arequipe Latte;18-20;Andina;2
16545;F;54;20230317;95000;Mocha Latte;12-14;Pacífica;3
16546;F;54;20230616;71000;Mocha Latte;12-14;Andina;4
16547;F;62;20230715;66000;Cappuccino;12-14;Caribe;4
16548;M;89;20230727;53000;Cappuccino;18-20;Orinoquía;1
16549;;31;20240405;65400;Latte;16-18;Insular;3
16550;;31;20230930;65400;Chocolate Helado;14-16;Orinoquía;3
16551;F;58;20231006;69000;Cappuccino;16-18;Caribe;4
16552;F;51;20231029;95000;Chocolate Blanco;20-22;Insular;4
16553;M;37;20230816;44000;Espresso Macchiato;20-22;Insular;3
16554;M;69;20220630;92000;Espresso Sencillo;14-16;Andina;1
16555;M;50;20220530;86000;Americano;12-14;Andina;2
16556;M;39;20190820;47000;Chocolate Helado;14-16;Andina;5
16557;F;93;20231117;64000;Chocolate Blanco;20-22;Andina;5
16558;M;37;20231226;86000;Espresso Doble;20-22;Andina;1
16559;;31;20220605;65400;Flat White;20-22;Caribe;2
16560;M;59;20240415;47000;Mocha Blanco Latte;10-12;Caribe;1
16561;M;47;20230302;56000;Espresso Sencillo;20-22;Caribe;1
16562;M;25;20230921;74000;Cappuccino;20-22;Pacífica;3
16563;F;57;20240713;107000;Mocha Blanco Latte;12-14;Orinoquía;2
16564;F;47;20210719;99000;Chocolate Caliente;20-22;Caribe;3
16565;;31;20220322;65400;Espresso Doble;12-14;Insular;2
16566;M;80;20230925;73000;Flat White;14-16;Orinoquía;5
16567;M;88;20220221;51000;Espresso Sencillo;12-14;Pacífica;2
16568;M;51;20200804;68000;Mocha Blanco Latte;10-12;Orinoquía;3
16569;F;79;20240708;90000;Café del día;12-14;Andina;5
16570;M;51;20231019;33000;Espresso Sencillo;14-16;Orinoquía;4
16571;M;69;20200109;69000;Espresso Sencillo;20-22;Andina;1
16572;M;81;20230110;56000;Mocha Latte;14-16;Caribe;4
16573;M;49;20230904;32000;Mocha Blanco Latte;20-22;Insular;1
16574;;31;20240129;65400;Chocolate Caliente;20-22;Orinoquía;5
16575;;31;20211102;65400;Chocolate Caliente;18-20;Insular;1
16576;M;44;20230807;50000;Americano;10-12;Andina;3
16577;F;72;20221116;33000;Chocolate Blanco;20-22;Insular;1
16578;F;39;20230717;45000;Latte;10-12;Pacífica;5
16579;F;60;20230906;30000;Latte;18-20;Andina;2
16580;M;50;20240514;62000;Caramel Macchiato;18-20;Insular;2
16581;M;58;20240224;65000;Arequipe Latte;14-16;Andina;5
16582;M;34;20230922;64000;Espresso Doble;10-12;Pacífica;3
16583;M;48;20231213;40000;Chocolate Helado;12-14;Insular;4
16584;M;66;20210707;32000;Latte Macchiato;16-18;Caribe;2
16585;M;60;20230131;44000;Chocolate Blanco Helado;10-12;Insular;2
16586;M;78;20211202;82000;Chocolate Caliente;14-16;Caribe;4
16587;M;29;20230817;58000;Caramel Macchiato;10-12;Caribe;3
16588;F;57;20210815;78000;Chocolate Blanco;20-22;Orinoquía;4
16589;F;82;20231228;107000;Flat White;20-22;Caribe;5
16590;F;74;20240109;89000;Caramel Macchiato;20-22;Andina;4
16591;;31;20240404;65400;Chocolate Helado;12-14;Andina;3
16592;M;55;20231005;61000;Espresso Doble;14-16;Andina;4
16593;F;49;20240106;67000;Mocha Latte;20-22;Insular;3
16594;F;38;20240522;50000;Cappuccino;10-12;Andina;4
16595;;31;20200602;65400;Espresso Doble;20-22;Insular;2
16596;M;66;20230228;59000;Chocolate Blanco Helado;18-20;Caribe;4
16597;M;55;20240704;52000;Chocolate Blanco;12-14;Andina;5
16598;M;52;20240721;74000;Chocolate Blanco;12-14;Orinoquía;5
16599;M;43;20230809;69000;Caramel Macchiato;18-20;Caribe;4
16600;F;23;20240515;43000;Espresso Sencillo;14-16;Orinoquía;1
16601;F;49;20211215;73000;Espresso Macchiato;12-14;Caribe;3
16602;M;44;20240108;67000;Flat White;12-14;Caribe;2
16603;M;52;20190818;94000;Latte Macchiato;18-20;Andina;4
16604;M;43;20211105;37000;Mocha Latte;18-20;Caribe;5
16605;F;52;20240319;64000;Chocolate Blanco Helado;20-22;Caribe;4
16606;;31;20210908;65400;Espresso Macchiato;10-12;Caribe;5
16607;;31;20240516;65400;Chocolate Blanco;10-12;Insular;4
16608;F;53;20231114;94000;Espresso Macchiato;16-18;Andina;3
16609;F;55;20211016;103000;Chocolate Blanco Helado;16-18;Andina;3
16610;M;68;20231210;75000;Café del día;20-22;Orinoquía;1
16611;O;89;20240529;88000;Arequipe Latte;10-12;Andina;1
16612;F;99;20240103;74000;Espresso Sencillo;12-14;Insular;3
16613;;31;20230322;65400;Americano;20-22;Insular;4
16614;F;75;20230830;76000;Cappuccino;18-20;Andina;3
16615;M;29;20231215;65000;Americano;20-22;Insular;1
16616;M;74;20220306;54000;Americano;16-18;Caribe;4
16617;F;52;20230312;42000;Arequipe Latte;20-22;Andina;5
16618;M;27;20240227;52000;Flat White;18-20;Pacífica;5
16619;M;19;20231022;57000;Caramel Macchiato;18-20;Orinoquía;3
16620;O;70;20231228;55000;Chocolate Blanco;12-14;Insular;1
16621;M;61;20210202;65000;Espresso Sencillo;16-18;Insular;5
16622;F;78;20231220;92000;Chocolate Blanco Helado;10-12;Pacífica;3
16623;M;48;20211008;74000;Chocolate Blanco Helado;16-18;Orinoquía;5
16624;M;55;20231129;52000;Chocolate Blanco;18-20;Orinoquía;5
16625;M;48;20221127;33000;Americano;18-20;Andina;4
16626;M;73;20230827;54000;Latte Macchiato;14-16;Insular;1
16627;F;32;20230220;41000;Chocolate Helado;18-20;Caribe;2
16628;M;91;20191215;49000;Café del día;12-14;Caribe;1
16629;M;69;20230120;60000;Latte Macchiato;14-16;Andina;2
16630;F;51;20221204;79000;Chocolate Blanco Helado;20-22;Insular;2
16631;F;63;20240104;59000;Cappuccino;18-20;Pacífica;3
16632;M;31;20240420;59000;Café del día;18-20;Andina;5
16633;;31;20231105;65400;Mocha Blanco Latte;10-12;Caribe;5
16634;;31;20240623;65400;Espresso Sencillo;10-12;Pacífica;4
16635;M;63;20221220;31000;Café del día;14-16;Pacífica;5
16636;F;55;20220405;89000;Mocha Blanco Latte;18-20;Andina;3
16637;F;47;20220515;48000;Espresso Sencillo;16-18;Caribe;5
16638;F;20;20211205;65000;Latte;18-20;Andina;5
16639;;31;20221222;65400;Chocolate Blanco Helado;20-22;Orinoquía;4
16640;F;46;20191010;84000;Caramel Macchiato;14-16;Orinoquía;3
16641;M;34;20240122;48000;Espresso Macchiato;14-16;Caribe;3
16642;M;62;20230430;63000;Chocolate Blanco;20-22;Orinoquía;1
16643;M;46;20240527;53000;Americano;20-22;Orinoquía;4
16644;;31;20231008;65400;Chocolate Caliente;14-16;Orinoquía;1
16645;M;54;20231004;94000;Americano;10-12;Pacífica;4
16646;M;61;20220604;106000;Chocolate Blanco;10-12;Pacífica;3
16647;M;49;20240409;68000;Chocolate Blanco Helado;20-22;Pacífica;2
16648;O;49;20221028;79000;Mocha Latte;12-14;Caribe;1
16649;M;51;20210124;75000;Americano;18-20;Insular;2
16650;F;57;20220421;52000;Caramel Macchiato;18-20;Pacífica;3
16651;F;29;20221123;51000;Espresso Doble;16-18;Andina;3
16652;;31;20230909;65400;Espresso Macchiato;16-18;Orinoquía;2
16653;F;58;20210922;53000;Espresso Macchiato;18-20;Andina;4
16654;M;67;20240622;73000;Arequipe Latte;20-22;Pacífica;3
16655;F;74;20230920;104000;Cappuccino;14-16;Andina;1
16656;F;67;20220507;61000;Chocolate Caliente;18-20;Andina;3
16657;M;60;20231212;31000;Chocolate Blanco;20-22;Andina;2
16658;M;40;20200603;99000;Espresso Macchiato;16-18;Pacífica;5
16659;F;46;20230205;87000;Café del día;10-12;Insular;5
16660;;31;20240103;65400;Flat White;14-16;Orinoquía;4
16661;M;61;20240504;56000;Latte;20-22;Insular;4
16662;F;72;20240301;85000;Chocolate Blanco Helado;10-12;Andina;4
16663;M;71;20240127;95000;Americano;10-12;Pacífica;3
16664;;31;20230116;65400;Chocolate Blanco;12-14;Caribe;4
16665;F;63;20230115;59000;Mocha Blanco Latte;10-12;Orinoquía;5
16666;M;72;20200126;66000;Chocolate Helado;16-18;Andina;3
16667;M;69;20220501;47000;Espresso Doble;10-12;Andina;3
16668;F;87;20211109;99000;Mocha Latte;18-20;Orinoquía;4
16669;M;89;20220808;53000;Cappuccino;12-14;Pacífica;5
16670;O;76;20240320;52000;Latte Macchiato;10-12;Pacífica;5
16671;;31;20240213;65400;Mocha Latte;10-12;Andina;2
16672;F;60;20230126;73000;Mocha Blanco Latte;18-20;Caribe;2
16673;F;55;20220515;118000;Espresso Macchiato;10-12;Orinoquía;4
16674;F;59;20220226;70000;Mocha Blanco Latte;20-22;Caribe;4
16675;M;37;20240125;43000;Mocha Latte;10-12;Caribe;4
16676;F;60;20240628;88000;Latte;20-22;Andina;2
16677;M;58;20200405;67000;Café del día;18-20;Insular;4
16678;M;33;20210308;51000;Espresso Sencillo;10-12;Orinoquía;4
16679;M;85;20220101;47000;Caramel Macchiato;14-16;Pacífica;2
16680;M;50;20220712;96000;Espresso Sencillo;14-16;Pacífica;2
16681;M;41;20211206;88000;Chocolate Blanco Helado;14-16;Andina;2
16682;M;53;20230916;35000;Arequipe Latte;14-16;Caribe;5
16683;O;49;20230607;56000;Mocha Blanco Latte;14-16;Orinoquía;2
16684;M;31;20230829;52000;Latte Macchiato;20-22;Caribe;3
16685;M;52;20220702;42000;Espresso Doble;10-12;Orinoquía;4
16686;F;54;20231002;107000;Flat White;16-18;Caribe;2
16687;M;60;20211207;70000;Mocha Latte;18-20;Andina;5
16688;F;65;20221215;117000;Chocolate Helado;20-22;Andina;1
16689;F;50;20231208;86000;Café del día;20-22;Insular;3
16690;M;81;20220414;84000;Chocolate Blanco Helado;16-18;Pacífica;2
16691;F;70;20230922;74000;Espresso Macchiato;14-16;Andina;5
16692;M;34;20221203;61000;Arequipe Latte;14-16;Caribe;5
16693;F;68;20231112;75000;Mocha Blanco Latte;10-12;Pacífica;1
16694;M;29;20240220;35000;Flat White;14-16;Pacífica;4
16695;M;59;20240527;45000;Arequipe Latte;20-22;Orinoquía;3
16696;M;56;20220728;75000;Americano;20-22;Orinoquía;2
16697;;31;20211102;65400;Latte;16-18;Insular;3
16698;;31;20230310;65400;Latte;18-20;Caribe;2
16699;F;94;20230131;77000;Chocolate Blanco;12-14;Caribe;5
16700;M;62;20220512;64000;Caramel Macchiato;16-18;Pacífica;3
16701;M;38;20240111;83000;Latte Macchiato;14-16;Orinoquía;1
16702;M;55;20230820;55000;Arequipe Latte;20-22;Insular;3
16703;F;57;20220714;92000;Chocolate Blanco;12-14;Caribe;3
16704;M;52;20221024;69000;Espresso Macchiato;10-12;Orinoquía;2
16705;M;70;20240117;59000;Latte Macchiato;20-22;Orinoquía;1
16706;F;56;20240105;36000;Espresso Macchiato;20-22;Caribe;1
16707;M;61;20230829;99000;Latte Macchiato;14-16;Orinoquía;3
16708;F;70;20230516;56000;Café del día;12-14;Orinoquía;4
16709;M;56;20240226;34000;Americano;18-20;Orinoquía;5
16710;F;68;20210824;83000;Arequipe Latte;10-12;Pacífica;4
16711;M;44;20230412;49000;Mocha Latte;10-12;Caribe;5
16712;F;36;20200529;50000;Café del día;16-18;Insular;3
16713;F;49;20220522;79000;Latte;20-22;Insular;3
16714;M;72;20220628;106000;Caramel Macchiato;12-14;Orinoquía;3
16715;F;85;20230905;37000;Chocolate Caliente;16-18;Caribe;3
16716;M;33;20230926;40000;Chocolate Blanco Helado;16-18;Orinoquía;3
16717;M;53;20240427;71000;Latte;20-22;Orinoquía;4
16718;;31;20231103;65400;Espresso Macchiato;18-20;Andina;1
16719;F;58;20230918;94000;Espresso Doble;12-14;Pacífica;1
16720;F;68;20220707;31000;Cappuccino;12-14;Pacífica;5
16721;F;83;20230430;72000;Latte Macchiato;18-20;Orinoquía;3
16722;;31;20231204;65400;Latte;20-22;Insular;1
16723;M;24;20231027;58000;Flat White;20-22;Orinoquía;2
16724;F;88;20240108;51000;Espresso Doble;20-22;Andina;4
16725;M;63;20230813;71000;Caramel Macchiato;12-14;Insular;5
16726;M;37;20230307;72000;Cappuccino;10-12;Pacífica;5
16727;F;67;20240520;71000;Latte;18-20;Andina;2
16728;F;27;20231220;47000;Arequipe Latte;10-12;Caribe;2
16729;M;76;20210926;52000;Espresso Doble;16-18;Caribe;1
16730;M;73;20231024;33000;Cappuccino;18-20;Insular;5
16731;O;51;20220707;55000;Chocolate Caliente;10-12;Pacífica;5
16732;F;53;20230117;91000;Arequipe Latte;12-14;Orinoquía;1
16733;M;54;20210305;92000;Flat White;18-20;Insular;4
16734;F;86;20210930;74000;Espresso Sencillo;12-14;Orinoquía;3
16735;M;48;20191225;56000;Espresso Doble;20-22;Orinoquía;3
16736;F;87;20211216;76000;Chocolate Blanco;18-20;Andina;1
16737;;31;20231223;65400;Mocha Latte;14-16;Orinoquía;5
16738;M;38;20220729;37000;Espresso Macchiato;20-22;Orinoquía;3
16739;F;33;20230803;40000;Café del día;12-14;Insular;5
16740;;31;20230802;65400;Latte Macchiato;14-16;Caribe;5
16741;O;56;20240221;52000;Americano;18-20;Insular;4
16742;M;42;20230504;87000;Caramel Macchiato;14-16;Pacífica;5
16743;F;49;20240403;75000;Flat White;14-16;Insular;5
16744;F;37;20211123;32000;Caramel Macchiato;20-22;Insular;2
16745;;31;20230907;65400;Chocolate Blanco Helado;10-12;Caribe;3
16746;F;39;20210731;55000;Café del día;12-14;Insular;1
16747;M;61;20201108;66000;Flat White;10-12;Orinoquía;4
16748;F;60;20221128;67000;Arequipe Latte;10-12;Andina;3
16749;F;100;20231019;42000;Latte Macchiato;10-12;Caribe;1
16750;F;80;20231007;83000;Cappuccino;20-22;Caribe;2
16751;F;70;20231022;65000;Flat White;12-14;Pacífica;3
16752;M;58;20230604;79000;Chocolate Blanco Helado;14-16;Pacífica;2
16753;M;60;20230324;98000;Latte Macchiato;16-18;Andina;4
16754;M;36;20210311;69000;Arequipe Latte;10-12;Orinoquía;3
16755;F;62;20240721;107000;Americano;14-16;Caribe;4
16756;M;70;20240604;75000;Caramel Macchiato;14-16;Andina;2
16757;M;38;20230921;65000;Arequipe Latte;14-16;Pacífica;4
16758;M;48;20240212;36000;Latte;10-12;Insular;4
16759;M;20;20231214;49000;Espresso Sencillo;18-20;Orinoquía;3
16760;F;66;20231019;83000;Espresso Doble;10-12;Orinoquía;2
16761;M;26;20240420;75000;Espresso Macchiato;18-20;Caribe;5
16762;M;19;20200421;43000;Mocha Blanco Latte;18-20;Orinoquía;5
16763;;31;20230919;65400;Americano;20-22;Caribe;3
16764;;31;20230125;65400;Chocolate Blanco;14-16;Orinoquía;4
16765;F;60;20230908;64000;Chocolate Blanco;12-14;Pacífica;2
16766;F;45;20240328;56000;Americano;18-20;Andina;1
16767;M;39;20240627;39000;Café del día;18-20;Pacífica;4
16768;F;33;20240119;68000;Mocha Latte;14-16;Pacífica;5
16769;F;48;20240516;60000;Americano;16-18;Caribe;4
16770;M;44;20231204;69000;Caramel Macchiato;12-14;Pacífica;5
16771;M;67;20230926;56000;Caramel Macchiato;16-18;Orinoquía;2
16772;F;39;20231022;88000;Espresso Sencillo;16-18;Insular;3
16773;F;37;20221230;35000;Americano;20-22;Pacífica;3
16774;M;59;20230929;79000;Chocolate Helado;18-20;Pacífica;1
16775;M;21;20220930;47000;Chocolate Caliente;14-16;Andina;3
16776;M;46;20231216;73000;Chocolate Caliente;20-22;Andina;1
16777;M;59;20211003;63000;Espresso Sencillo;12-14;Orinoquía;4
16778;F;52;20230125;96000;Mocha Latte;20-22;Orinoquía;2
16779;M;48;20231028;40000;Chocolate Caliente;10-12;Insular;4
16780;F;85;20230804;43000;Espresso Sencillo;16-18;Orinoquía;2
16781;M;62;20240303;63000;Cappuccino;16-18;Insular;1
16782;;31;20211121;65400;Chocolate Caliente;16-18;Andina;1
16783;M;21;20220428;42000;Espresso Doble;14-16;Insular;5
16784;M;52;20240410;91000;Arequipe Latte;20-22;Andina;1
16785;F;57;20230811;83000;Mocha Latte;16-18;Insular;2
16786;F;21;20230923;36000;Mocha Blanco Latte;18-20;Andina;5
16787;M;78;20231031;90000;Chocolate Caliente;18-20;Pacífica;3
16788;F;53;20220228;112000;Espresso Doble;18-20;Pacífica;1
16789;M;39;20220726;72000;Arequipe Latte;10-12;Insular;2
16790;M;60;20240505;37000;Caramel Macchiato;12-14;Insular;2
16791;F;47;20240715;57000;Mocha Blanco Latte;10-12;Orinoquía;1
16792;M;62;20220204;96000;Chocolate Blanco;10-12;Orinoquía;1
16793;F;40;20240425;56000;Latte;18-20;Orinoquía;5
16794;F;50;20221013;108000;Latte;20-22;Caribe;3
16795;F;66;20220201;73000;Espresso Sencillo;10-12;Andina;2
16796;;31;20211120;65400;Caramel Macchiato;10-12;Orinoquía;4
16797;F;50;20230804;76000;Cappuccino;12-14;Caribe;2
16798;M;38;20240223;66000;Chocolate Caliente;14-16;Orinoquía;4
16799;M;42;20231027;33000;Mocha Blanco Latte;20-22;Orinoquía;2
16800;;31;20230921;65400;Cappuccino;10-12;Insular;2
16801;M;33;20231229;31000;Chocolate Helado;14-16;Pacífica;3
16802;F;80;20231209;75000;Espresso Sencillo;20-22;Andina;3
16803;M;32;20210108;40000;Espresso Doble;18-20;Orinoquía;4
16804;M;19;20200303;53000;Mocha Blanco Latte;18-20;Orinoquía;3
16805;M;57;20240205;75000;Americano;16-18;Andina;4
16806;;31;20231006;65400;Café del día;18-20;Pacífica;2
16807;F;66;20220919;92000;Chocolate Blanco Helado;14-16;Orinoquía;5
16808;F;22;20230928;36000;Mocha Latte;10-12;Pacífica;5
16809;F;92;20240721;72000;Mocha Latte;16-18;Insular;3
16810;M;66;20221020;84000;Espresso Macchiato;18-20;Caribe;2
16811;M;28;20211206;50000;Chocolate Blanco Helado;14-16;Andina;2
16812;;31;20240329;65400;Latte Macchiato;12-14;Andina;5
16813;M;40;20210323;62000;Latte Macchiato;16-18;Pacífica;2
16814;M;30;20231018;62000;Mocha Blanco Latte;12-14;Caribe;3
16815;M;37;20230925;65000;Café del día;16-18;Insular;3
16816;F;47;20210917;64000;Flat White;16-18;Insular;2
16817;M;51;20240308;45000;Espresso Macchiato;20-22;Andina;2
16818;M;22;20231003;48000;Arequipe Latte;16-18;Orinoquía;1
16819;;31;20220405;65400;Latte;16-18;Orinoquía;5
16820;;31;20211015;65400;Mocha Blanco Latte;20-22;Andina;1
16821;F;48;20211120;118000;Americano;18-20;Pacífica;3
16822;F;43;20230908;42000;Flat White;14-16;Pacífica;1
16823;F;59;20220107;78000;Latte Macchiato;14-16;Pacífica;4
16824;M;72;20200808;64000;Americano;20-22;Andina;5
16825;M;25;20240308;59000;Flat White;10-12;Insular;3
16826;M;57;20211208;97000;Chocolate Blanco;18-20;Caribe;3
16827;M;48;20231109;59000;Espresso Doble;16-18;Pacífica;5
16828;F;54;20240119;77000;Mocha Blanco Latte;18-20;Orinoquía;4
16829;;31;20231007;65400;Café del día;20-22;Insular;4
16830;M;29;20240108;54000;Latte;10-12;Andina;3
16831;;31;20230910;65400;Café del día;20-22;Caribe;3
16832;M;48;20240521;48000;Latte Macchiato;16-18;Andina;2
16833;F;50;20221224;95000;Espresso Macchiato;10-12;Orinoquía;4
16834;M;70;20231230;73000;Arequipe Latte;12-14;Insular;2
16835;;31;20221211;65400;Flat White;12-14;Pacífica;1
16836;M;42;20230115;56000;Chocolate Helado;10-12;Insular;4
16837;M;20;20240103;70000;Mocha Latte;16-18;Caribe;3
16838;M;57;20240207;40000;Arequipe Latte;18-20;Andina;4
16839;;31;20240626;65400;Chocolate Blanco Helado;12-14;Pacífica;5
16840;F;86;20221110;44000;Mocha Latte;18-20;Pacífica;2
16841;F;77;20240625;78000;Mocha Blanco Latte;20-22;Orinoquía;5
16842;;31;20211110;65400;Mocha Latte;10-12;Orinoquía;3
16843;M;47;20230608;31000;Flat White;12-14;Caribe;4
16844;;31;20230228;65400;Latte;12-14;Insular;3
16845;;31;20210815;65400;Americano;20-22;Orinoquía;3
16846;F;52;20220820;97000;Mocha Latte;10-12;Andina;2
16847;F;65;20240427;42000;Cappuccino;14-16;Insular;4
16848;F;57;20221226;53000;Caramel Macchiato;16-18;Caribe;1
16849;M;24;20230201;48000;Chocolate Helado;12-14;Insular;4
16850;F;83;20221011;117000;Espresso Sencillo;14-16;Orinoquía;5
16851;F;73;20230913;105000;Chocolate Blanco Helado;12-14;Insular;4
16852;;31;20200605;65400;Espresso Doble;10-12;Orinoquía;3
16853;;31;20231123;65400;Café del día;14-16;Caribe;4
16854;M;58;20240718;43000;Americano;18-20;Pacífica;4
16855;M;61;20220420;41000;Latte Macchiato;18-20;Andina;4
16856;;31;20210729;65400;Café del día;16-18;Pacífica;5
16857;M;66;20220819;96000;Americano;12-14;Pacífica;1
16858;F;33;20240321;45000;Chocolate Helado;12-14;Pacífica;5
16859;M;61;20240202;34000;Americano;10-12;Pacífica;5
16860;F;55;20210830;75000;Cappuccino;16-18;Pacífica;4
16861;;31;20231212;65400;Latte Macchiato;10-12;Orinoquía;1
16862;M;45;20230502;46000;Latte;12-14;Orinoquía;3
16863;M;54;20231011;69000;Latte Macchiato;16-18;Caribe;1
16864;F;101;20231127;82000;Espresso Macchiato;10-12;Insular;5
16865;M;62;20230109;84000;Cappuccino;16-18;Pacífica;4
16866;M;73;20230212;52000;Café del día;20-22;Pacífica;2
16867;M;34;20240310;31000;Mocha Blanco Latte;10-12;Caribe;1
16868;M;55;20230731;59000;Café del día;10-12;Insular;4
16869;;31;20220607;65400;Espresso Doble;12-14;Andina;3
16870;M;26;20230228;51000;Café del día;20-22;Orinoquía;1
16871;M;52;20230904;77000;Cappuccino;12-14;Insular;4
16872;M;27;20230412;36000;Latte;20-22;Caribe;4
16873;M;73;20231005;77000;Café del día;18-20;Caribe;3
16874;F;75;20220521;83000;Chocolate Blanco;18-20;Pacífica;1
16875;;31;20230129;65400;Caramel Macchiato;14-16;Andina;4
16876;M;54;20230912;33000;Mocha Blanco Latte;14-16;Andina;3
16877;;31;20240307;65400;Café del día;10-12;Andina;2
16878;F;77;20230311;78000;Espresso Macchiato;14-16;Caribe;5
16879;F;52;20221111;52000;Chocolate Caliente;18-20;Insular;1
16880;M;40;20230620;36000;Café del día;20-22;Insular;2
16881;F;30;20231220;37000;Latte;12-14;Caribe;4
16882;F;72;20230729;70000;Espresso Doble;18-20;Pacífica;3
16883;M;26;20191123;49000;Mocha Blanco Latte;14-16;Caribe;4
16884;M;39;20240217;33000;Flat White;16-18;Caribe;3
16885;;31;20210804;65400;Cappuccino;10-12;Insular;1
16886;F;37;20220217;40000;Café del día;18-20;Orinoquía;4
16887;M;50;20220116;90000;Mocha Blanco Latte;10-12;Orinoquía;2
16888;M;62;20240512;50000;Arequipe Latte;14-16;Insular;1
16889;F;66;20210609;79000;Cappuccino;16-18;Caribe;1
16890;M;24;20220808;71000;Espresso Macchiato;20-22;Andina;1
16891;M;40;20221018;65000;Mocha Blanco Latte;10-12;Orinoquía;5
16892;M;53;20220509;58000;Café del día;18-20;Orinoquía;2
16893;M;75;20230529;116000;Flat White;12-14;Orinoquía;3
16894;F;60;20240411;109000;Espresso Sencillo;16-18;Pacífica;4
16895;F;54;20230402;58000;Chocolate Blanco;10-12;Pacífica;2
16896;F;74;20200327;99000;Espresso Sencillo;20-22;Andina;2
16897;M;33;20240213;57000;Arequipe Latte;10-12;Andina;5
16898;M;20;20231115;34000;Americano;12-14;Insular;3
16899;M;50;20240127;54000;Espresso Doble;12-14;Andina;2
16900;M;38;20190808;61000;Espresso Macchiato;16-18;Pacífica;2
16901;F;73;20230808;98000;Caramel Macchiato;20-22;Pacífica;2
16902;F;79;20230813;70000;Americano;12-14;Insular;2
16903;M;64;20240303;53000;Espresso Sencillo;16-18;Pacífica;1
16904;F;59;20230610;45000;Americano;10-12;Insular;3
16905;M;29;20230319;55000;Latte;12-14;Insular;3
16906;;31;20230729;65400;Chocolate Caliente;18-20;Orinoquía;3
16907;F;61;20231123;114000;Flat White;20-22;Pacífica;3
16908;M;58;20240624;39000;Flat White;10-12;Orinoquía;2
16909;F;64;20240306;75000;Americano;12-14;Caribe;5
16910;M;36;20230217;47000;Café del día;16-18;Insular;4
16911;F;60;20221116;99000;Espresso Macchiato;12-14;Caribe;1
16912;M;48;20220510;64000;Mocha Latte;18-20;Pacífica;3
16913;M;47;20220301;45000;Mocha Latte;12-14;Insular;2
16914;M;87;20200920;59000;Flat White;10-12;Orinoquía;2
16915;;31;20231021;65400;Americano;14-16;Pacífica;2
16916;M;55;20230214;55000;Chocolate Caliente;16-18;Pacífica;3
16917;F;60;20221217;85000;Caramel Macchiato;14-16;Caribe;5
16918;M;48;20230321;69000;Chocolate Blanco;20-22;Caribe;4
16919;M;62;20230731;52000;Flat White;14-16;Insular;3
16920;O;60;20240125;47000;Cappuccino;12-14;Orinoquía;5
16921;M;43;20201027;58000;Chocolate Blanco Helado;16-18;Insular;3
16922;F;18;20211219;31000;Chocolate Blanco Helado;16-18;Insular;1
16923;;31;20220209;65400;Caramel Macchiato;16-18;Insular;4
16924;F;63;20230126;53000;Espresso Sencillo;20-22;Andina;1
16925;M;19;20240525;62000;Chocolate Helado;14-16;Caribe;4
16926;M;55;20211115;83000;Caramel Macchiato;14-16;Insular;5
16927;F;74;20220522;98000;Café del día;12-14;Insular;5
16928;F;57;20231229;81000;Espresso Sencillo;14-16;Orinoquía;3
16929;M;30;20231223;38000;Flat White;16-18;Caribe;1
16930;F;55;20240609;72000;Chocolate Blanco Helado;14-16;Pacífica;5
16931;;31;20230913;65400;Mocha Blanco Latte;20-22;Orinoquía;1
16932;F;68;20220313;63000;Café del día;12-14;Orinoquía;1
16933;M;85;20221001;96000;Café del día;16-18;Orinoquía;2
16934;F;47;20220423;68000;Latte Macchiato;10-12;Insular;3
16935;M;56;20230418;95000;Cappuccino;14-16;Andina;1
16936;F;74;20220827;106000;Chocolate Helado;12-14;Insular;1
16937;M;51;20240208;79000;Mocha Blanco Latte;10-12;Pacífica;1
16938;F;89;20230413;68000;Flat White;16-18;Insular;3
16939;M;57;20220830;58000;Chocolate Blanco Helado;14-16;Orinoquía;1
16940;F;63;20220304;85000;Cappuccino;12-14;Orinoquía;4
16941;M;19;20230906;53000;Espresso Sencillo;16-18;Andina;4
16942;;31;20230728;65400;Cappuccino;14-16;Pacífica;1
16943;M;37;20230124;60000;Café del día;18-20;Pacífica;5
16944;M;45;20240203;82000;Chocolate Blanco Helado;18-20;Insular;4
16945;M;24;20230915;59000;Café del día;14-16;Andina;3
16946;F;51;20240412;31000;Caramel Macchiato;20-22;Pacífica;2
16947;F;77;20230425;71000;Latte;10-12;Andina;2
16948;F;71;20240110;64000;Espresso Sencillo;12-14;Orinoquía;4
16949;F;48;20231228;80000;Espresso Doble;16-18;Andina;2
16950;F;26;20240126;65000;Chocolate Caliente;20-22;Insular;3
16951;;31;20231029;65400;Caramel Macchiato;16-18;Andina;3
16952;M;64;20211021;57000;Mocha Latte;16-18;Orinoquía;1
16953;;31;20230901;65400;Chocolate Blanco;14-16;Orinoquía;3
16954;F;65;20230705;35000;Caramel Macchiato;18-20;Pacífica;1
16955;M;56;20221023;51000;Chocolate Blanco Helado;14-16;Insular;1
16956;M;58;20230829;64000;Chocolate Caliente;12-14;Caribe;5
16957;M;21;20231030;35000;Caramel Macchiato;20-22;Pacífica;2
16958;F;66;20211229;57000;Café del día;10-12;Caribe;4
16959;M;66;20240101;47000;Chocolate Caliente;20-22;Insular;5
16960;M;25;20211020;45000;Chocolate Blanco;18-20;Andina;1
16961;F;60;20230519;84000;Latte Macchiato;18-20;Orinoquía;2
16962;F;57;20240524;55000;Espresso Doble;12-14;Insular;5
16963;F;62;20230112;80000;Chocolate Helado;12-14;Pacífica;2
16964;M;52;20240408;62000;Americano;12-14;Caribe;3
16965;M;52;20240409;34000;Arequipe Latte;16-18;Insular;3
16966;M;54;20210126;51000;Mocha Latte;10-12;Caribe;3
16967;M;54;20210626;53000;Chocolate Caliente;12-14;Caribe;1
16968;M;74;20230725;87000;Latte;20-22;Orinoquía;1
16969;;31;20191212;65400;Espresso Sencillo;20-22;Orinoquía;2
16970;M;67;20211107;94000;Cappuccino;18-20;Insular;5
16971;F;52;20240522;75000;Latte Macchiato;20-22;Orinoquía;3
16972;F;44;20230119;51000;Mocha Latte;14-16;Andina;2
16973;M;30;20211012;57000;Arequipe Latte;18-20;Caribe;5
16974;F;59;20220113;71000;Espresso Sencillo;18-20;Caribe;3
16975;F;61;20231231;81000;Espresso Macchiato;18-20;Pacífica;3
16976;F;39;20220921;54000;Flat White;16-18;Andina;4
16977;;31;20220609;65400;Espresso Doble;16-18;Caribe;1
16978;F;29;20230220;58000;Americano;12-14;Pacífica;3
16979;F;63;20190922;52000;Chocolate Blanco Helado;12-14;Caribe;1
16980;;31;20220901;65400;Latte Macchiato;18-20;Caribe;4
16981;M;84;20220629;93000;Chocolate Helado;10-12;Andina;5
16982;;31;20220415;65400;Cappuccino;12-14;Orinoquía;1
16983;F;72;20210404;65000;Chocolate Helado;10-12;Insular;3
16984;F;75;20220716;78000;Flat White;14-16;Orinoquía;1
16985;M;26;20240619;55000;Chocolate Blanco;20-22;Caribe;3
16986;F;59;20230731;63000;Mocha Blanco Latte;14-16;Insular;1
16987;M;57;20220709;40000;Flat White;12-14;Insular;4
16988;M;64;20240104;51000;Americano;18-20;Pacífica;2
16989;;31;20240305;65400;Chocolate Blanco Helado;16-18;Caribe;1
16990;F;70;20220310;39000;Latte Macchiato;20-22;Orinoquía;2
16991;;31;20220116;65400;Arequipe Latte;14-16;Pacífica;2
16992;F;21;20230917;72000;Café del día;20-22;Andina;3
16993;M;60;20240505;113000;Latte;10-12;Andina;1
16994;;31;20211211;65400;Mocha Latte;18-20;Orinoquía;1
16995;F;45;20240604;54000;Espresso Macchiato;12-14;Insular;1
16996;M;61;20240713;72000;Caramel Macchiato;18-20;Pacífica;4
16997;M;49;20230126;73000;Espresso Macchiato;20-22;Orinoquía;4
16998;F;83;20220307;50000;Chocolate Blanco Helado;12-14;Orinoquía;5
16999;F;62;20230722;82000;Mocha Latte;14-16;Insular;2