id_estudiante,nombre,genero,grado,asistencia,nota_matematicas,nota_ciencias,nivel_socioeconomico,actividad_extracurricular,tiene_beca
EST-001,Azeneth Fiol Santana,M,8.0,87.6,2.7,3.1,Medio-Bajo,Ninguna,0
EST-002,Delia Leandra Granados Cerdán,O,8.0,89.4,3.4,3.5,Medio-Bajo,Deportes,0
EST-003,Juliana Muñoz Pina,F,11.0,96.9,5.0,3.2,Bajo,Deportes,1
EST-004,Teo Mayo Asenjo,F,7.0,89.1,4.1,3.0,Bajo,Deportes,0
EST-005,Florencio Torrent Quintana,M,11.0,100.0,2.0,4.4,Medio-Bajo,Ninguna,0
EST-006,Flor Viana Bautista,M,6.0,94.6,1.9,4.3,Bajo,Robótica,0
EST-007,Sancho Alcázar-Villalobos,M,10.0,95.4,3.9,4.5,Bajo,Ninguna,0
EST-008,Hugo Acero Zabaleta,F,11.0,93.6,2.9,4.2,Medio-Bajo,Ninguna,1
EST-009,Primitiva España Pou,F,6.0,98.9,4.8,4.7,Medio-Bajo,Ninguna,0
EST-010,Dolores Calderon Coca,F,8.0,98.9,4.1,5.0,Medio-Bajo,Robótica,0
EST-011,Severino Esteban Conesa,M,6.0,96.7,4.2,2.3,Medio-Bajo,Ninguna,0
EST-012,Ciro Gustavo Pedro Catalán,O,10.0,97.8,3.2,3.3,Bajo-Bajo,Música,0
EST-013,Geraldo Boix Bonet,F,9.0,93.9,,4.0,Bajo,,1
EST-014,Eligia Prats Barriga,M,9.0,97.7,5.0,4.0,Bajo,Ninguna,1
EST-015,Olga Rosaura Menendez Dávila,M,7.0,93.3,3.7,3.5,Medio-Bajo,Deportes,0
EST-016,Noé Suarez Mateu,M,7.0,95.0,4.8,5.0,Medio-Bajo,Deportes,1
EST-017,Pacífica Alcalá Briones,M,6.0,93.6,4.1,5.0,Bajo,Deportes,0
EST-018,Dora Emperatriz Arteaga Luna,F,7.0,92.7,3.7,4.4,Medio,Robótica,0
EST-019,Jose Miguel Caparrós Yáñez,M,9.0,91.6,3.4,4.3,Bajo-Bajo,Arte,1
EST-020,Ramiro Gálvez Zaragoza,M,11.0,97.3,,5.0,Bajo,Arte,0
EST-021,Tere Enríquez Acuña,F,9.0,100.0,2.6,2.3,Bajo,Música,0
EST-022,Miguel Ángel Alegre Oliva,M,8.0,100.0,4.5,,Bajo,Robótica,0
EST-023,Cristina Bilbao Baena,M,11.0,88.7,3.3,4.7,Medio-Bajo,Ninguna,1
EST-024,Lucho Barragán Gargallo,M,10.0,100.0,1.9,3.6,Bajo-Bajo,Deportes,1
EST-025,Gertrudis Calderón Bas,M,11.0,93.4,4.5,3.0,Bajo-Bajo,Música,0
EST-026,Silvestre Juliá Domínguez,F,9.0,98.0,4.0,4.0,Bajo,Arte,0
EST-027,Hugo Ropero-Garcés,M,7.0,90.5,5.0,4.1,Medio-Bajo,Música,0
EST-028,Custodia Flor Abellán,F,6.0,95.7,4.8,3.3,Medio,Arte,1
EST-029,Calixta Cardona Nicolás,F,10.0,96.6,2.2,5.0,Medio-Bajo,Deportes,0
EST-030,Albina Villa Goñi,M,6.0,87.6,1.4,3.4,Bajo-Bajo,Arte,1
EST-031,Paula Vives Duran,F,7.0,98.0,3.5,3.0,Medio-Bajo,Robótica,1
EST-032,Plinio Agullo Guitart,M,9.0,100.0,3.2,3.9,Bajo-Bajo,,0
EST-033,Salomé Expósito Perelló,M,9.0,94.1,5.0,,Bajo,Deportes,0
EST-034,Miriam Cid-Crespo,,9.0,100.0,4.0,4.2,Medio-Bajo,Deportes,0
EST-035,Gertrudis de Vidal,O,6.0,94.1,5.0,4.5,Bajo,Ninguna,0
EST-036,Alex Cuevas Marin,F,8.0,99.2,2.4,3.3,Bajo-Bajo,Deportes,0
EST-037,Herberto Barranco Meléndez,M,9.0,83.9,4.7,5.0,Bajo,Música,0
EST-038,Salomón Verdejo Mínguez,M,11.0,100.0,4.9,4.6,Bajo-Bajo,Ninguna,0
EST-039,Rosendo Jáuregui Acosta,F,10.0,100.0,1.6,5.0,Bajo,Música,0
EST-040,Valentina Constanza Lerma Saldaña,M,11.0,93.6,5.0,4.6,Bajo,Arte,1
EST-041,Elena Coloma Cueto,M,10.0,85.1,,4.7,Bajo,Música,1
EST-042,Juliana de Saez,,9.0,96.4,4.9,3.3,Medio,Deportes,1
EST-043,Seve Recio-Marcos,M,7.0,87.8,2.5,3.2,Medio-Bajo,Ninguna,0
EST-044,Eligio Capdevila Tena,F,9.0,97.2,5.0,,Medio-Bajo,,0
EST-045,Álvaro de Samper,M,9.0,97.1,2.6,5.0,Medio-Bajo,Arte,0
EST-046,Noemí Posada Paz,F,9.0,90.3,5.0,3.1,Medio-Bajo,Robótica,0
EST-047,Darío Medina Tolosa,M,8.0,100.0,5.0,4.4,Bajo,Robótica,0
EST-048,Gustavo Almazán-Feijoo,F,9.0,99.0,2.8,3.8,Bajo-Bajo,Música,0
EST-049,Clemente Falcón,F,7.0,99.9,5.0,3.5,Medio-Bajo,Arte,0
EST-050,Baudelio de Elías,M,8.0,95.0,4.3,4.3,Bajo,,0
EST-051,Bernardo Goicoechea Sedano,O,7.0,87.9,4.3,5.0,Bajo-Bajo,Robótica,0
EST-052,Rafa Gordillo,F,10.0,99.9,2.2,4.5,Bajo,Ninguna,0
EST-053,Gilberto Carro,F,6.0,93.6,5.0,3.9,Medio-Bajo,,0
EST-054,Adrián Azorin-Muñoz,,6.0,88.1,2.4,4.4,Medio,Música,1
EST-055,Chita del Pinto,F,8.0,100.0,5.0,3.8,Bajo,Arte,0
EST-056,Silvestre Pablo Losa,F,9.0,100.0,2.8,4.6,Medio-Bajo,Robótica,0
EST-057,Candelas Bernal Puig,M,8.0,94.8,3.3,5.0,Medio-Bajo,Música,0
EST-058,Nayara Mora Muñoz,M,7.0,100.0,4.9,2.1,Bajo,,0
EST-059,Pablo Barco,M,9.0,95.5,5.0,5.0,Bajo-Bajo,Robótica,1
EST-060,Jose Antonio Soler Iniesta,M,7.0,93.1,2.5,2.7,Bajo,Música,0
EST-061,Miguel de Guerrero,M,11.0,91.8,5.0,5.0,Medio,Deportes,1
EST-062,Victoria Rivas Ferrera,M,11.0,100.0,5.0,3.6,Bajo-Bajo,Robótica,0
EST-063,Francisca Torres Sanjuan,F,8.0,91.1,2.9,2.8,Bajo,Ninguna,0
EST-064,Vito Ferrán Benitez,M,7.0,98.7,5.0,4.9,Bajo,Música,1
EST-065,Cloe Barreda Gual,M,10.0,92.2,2.7,4.6,Medio-Bajo,Robótica,1
EST-066,Victoriano Beltran,F,6.0,92.7,,,Medio,Ninguna,0
EST-067,Mayte Luján Villaverde,M,8.0,100.0,5.0,2.9,Bajo,Arte,1
EST-068,Gisela Gilabert,F,7.0,93.1,3.0,4.0,Medio,Música,0
EST-069,Marina Mariscal Burgos,M,11.0,93.0,4.3,3.0,Bajo-Bajo,,0
EST-070,Raimundo Redondo Alarcón,O,6.0,100.0,4.3,2.9,Bajo-Bajo,Ninguna,0
EST-071,Coral Jimenez,F,9.0,100.0,4.2,4.3,Medio,,1
EST-072,Sandalio de Chamorro,M,10.0,98.2,5.0,3.2,Bajo,Deportes,0
EST-073,Victor Manuel del Prat,M,8.0,91.7,4.1,4.6,Bajo-Bajo,Deportes,1
EST-074,Haydée Gonzalez-Enríquez,F,6.0,92.4,4.3,5.0,Bajo,Robótica,0
EST-075,Luisina Tejedor-Polo,F,11.0,95.4,5.0,4.1,Medio-Bajo,Robótica,0
EST-076,Noé del Abella,F,8.0,96.6,5.0,4.3,Medio-Bajo,Música,1
EST-077,Nadia de Real,F,9.0,90.1,4.9,5.0,Medio-Bajo,Deportes,0
EST-078,Chema Hernández-Ríos,M,7.0,98.6,2.6,3.0,Medio-Bajo,,0
EST-079,Gabriela Abellán-Bautista,M,8.0,95.4,4.6,5.0,Medio-Bajo,Ninguna,0
EST-080,Ismael Reyes Muñoz Marqués,M,8.0,86.4,2.8,5.0,Bajo,Arte,1
EST-081,Estefanía Manuel Arévalo,,6.0,90.4,2.5,5.0,Medio-Bajo,Arte,0
EST-082,Ceferino Luján Melero,F,6.0,92.5,3.9,5.0,Medio-Bajo,Música,0
EST-083,Renato Galiano-Piquer,M,10.0,94.6,2.9,4.3,Bajo,Ninguna,0
EST-084,Íñigo de Rueda,M,7.0,100.0,5.0,3.6,Bajo-Bajo,,1
EST-085,Jennifer de Lobato,M,7.0,96.2,5.0,5.0,Bajo,Música,0
EST-086,Dolores Malo Serna,M,8.0,90.8,2.1,5.0,Medio-Bajo,Deportes,1
EST-087,Ildefonso Miranda-Suarez,F,10.0,96.1,3.4,5.0,Bajo-Bajo,Deportes,1
EST-088,Lola Contreras Llano,F,6.0,93.2,2.2,4.0,Bajo-Bajo,Ninguna,0
EST-089,Alexandra Barco Gaya,F,9.0,96.6,3.4,3.5,Bajo,Música,0
EST-090,Saturnino Báez Olmo,M,6.0,97.9,4.5,4.4,Bajo-Bajo,Robótica,0
EST-091,Sonia Mercader,M,6.0,100.0,3.7,5.0,Medio-Bajo,Arte,0
EST-092,Epifanio Pareja Mármol,F,6.0,94.9,3.3,5.0,Bajo,Ninguna,0
EST-093,Leonel Jorge Taboada Carballo,F,10.0,100.0,5.0,3.6,Bajo-Bajo,Ninguna,1
EST-094,Felisa Morcillo Alba,F,6.0,99.5,1.5,4.5,Medio-Bajo,Deportes,0
EST-095,Estrella Baños Vicens,F,6.0,91.5,5.0,2.7,Medio-Bajo,,0
EST-096,Gervasio Comas Estévez,F,8.0,100.0,3.3,5.0,Bajo-Bajo,Música,0
EST-097,Casandra Calzada Verdugo,F,11.0,96.6,3.9,3.4,Bajo,Robótica,0
EST-098,Quique Riera Oller,M,,90.8,3.4,5.0,Medio,Música,0
EST-099,Rosalva Ledesma Coca,M,8.0,100.0,5.0,3.1,Bajo,Música,1
EST-100,Juan Antonio Marí-Reyes,M,6.0,100.0,2.5,5.0,Medio,Robótica,0
EST-101,Febe Tena,M,8.0,94.8,4.0,4.5,Bajo,Arte,0
EST-102,Ceferino Seguí Nuñez,F,9.0,92.5,5.0,3.2,,Ninguna,1
EST-103,Abel Mateo Comas,M,9.0,94.1,2.1,4.9,Bajo,Robótica,0
EST-104,Gabino Mariscal Lasa,F,7.0,98.6,3.3,3.6,Bajo-Bajo,Robótica,1
EST-105,Magdalena Cózar Puga,F,7.0,100.0,3.8,4.9,Medio,Música,0
EST-106,Juan Font-Cabo,M,6.0,97.9,3.3,3.9,Medio,Robótica,1
EST-107,Seve Galván-Carrillo,M,8.0,95.5,3.0,2.3,Medio,Ninguna,0
EST-108,Florencia Cabrera,F,6.0,100.0,3.6,3.2,Medio-Bajo,Arte,0
EST-109,Priscila Ríos,M,10.0,93.4,4.8,3.8,Medio-Bajo,Robótica,0
EST-110,Pacífica Encarnación Cervantes Gálvez,M,11.0,100.0,3.6,5.0,Medio-Bajo,Robótica,0
EST-111,Adela Palacio Enríquez,M,11.0,93.6,5.0,5.0,Medio-Bajo,Robótica,1
EST-112,Palmira Nicolás-Batlle,M,11.0,97.2,2.8,5.0,Bajo,Ninguna,0
EST-113,Bernabé Duran-Lerma,F,9.0,94.4,2.5,5.0,Bajo,Ninguna,0
EST-114,Maricela Clemente Borrell,F,10.0,94.7,5.0,3.5,Medio-Bajo,Ninguna,0
EST-115,Baudelio Casanova Quesada,F,7.0,93.1,3.2,3.8,Medio-Bajo,Ninguna,0
EST-116,Teófila Conesa-Codina,F,9.0,100.0,2.4,3.6,Medio-Bajo,Ninguna,0
EST-117,Narcisa Valverde López,F,8.0,91.3,1.9,3.5,Medio-Bajo,Robótica,0
EST-118,Inmaculada Borrás Murcia,M,8.0,91.3,5.0,2.4,Bajo,Música,0
EST-119,Íñigo Pulido Boada,F,10.0,100.0,3.6,4.2,Medio-Bajo,Música,0
EST-120,Adolfo Sotelo Vilaplana,F,7.0,99.9,4.1,2.7,Medio,,1
EST-121,Melania Olalla Torralba Cabañas,F,7.0,83.1,3.3,3.9,Bajo-Bajo,Arte,0
EST-122,Urbano Franco Coronado,F,11.0,92.2,5.0,5.0,Medio,Deportes,0
EST-123,Sebastian Cerezo Solano,M,6.0,85.9,3.3,3.4,Bajo,Arte,0
EST-124,Ema del Guzman,M,8.0,90.2,5.0,4.4,Medio-Bajo,,1
EST-125,Consuelo Araceli Pareja Rozas,M,11.0,79.3,3.7,,Medio,Música,0
EST-126,Gonzalo Martí Agudo,M,9.0,94.3,5.0,4.3,Bajo,Ninguna,0
EST-127,Valentina Fuster Ureña,F,9.0,89.3,4.5,4.2,Bajo,,0
EST-128,Cándido Querol Porcel,F,7.0,95.3,4.0,3.6,Bajo,,0
EST-129,Mariano Isern,M,7.0,86.9,2.8,3.7,Bajo-Bajo,Robótica,0
EST-130,Fausto de Luz,F,11.0,95.4,4.8,3.2,Bajo,Robótica,1
EST-131,Amancio de Mena,M,9.0,92.9,4.6,5.0,Bajo,Música,0
EST-132,Etelvina Alsina Morales,M,8.0,100.0,3.3,2.5,Medio,,0
EST-133,Albino Tejero Mosquera,M,6.0,100.0,4.6,5.0,Bajo-Bajo,Ninguna,1
EST-134,Zoraida Ledesma Santos,M,6.0,98.9,5.0,2.8,Bajo,Robótica,0
EST-135,Pascuala Garzón Valera,F,11.0,93.4,5.0,5.0,Medio,Arte,0
EST-136,Manola Llano Ferrera,M,8.0,100.0,5.0,3.8,Medio,Deportes,0
EST-137,Galo Pardo Millán,F,9.0,87.2,5.0,,Medio-Bajo,,1
EST-138,Danilo Bueno Botella,F,6.0,88.0,2.7,4.5,Medio-Bajo,Música,0
EST-139,Úrsula Vera Fiol,M,9.0,94.6,4.8,4.9,Bajo,,0
EST-140,Feliciana Aguirre Nadal,O,11.0,100.0,5.0,3.6,Bajo,Ninguna,0
EST-141,Telmo del Valderrama,O,9.0,94.0,2.9,4.7,Bajo-Bajo,Ninguna,0
EST-142,Jeremías Pou Bustos,M,6.0,94.1,3.4,1.9,Medio-Bajo,,0
EST-143,Florinda Cañete Fabregat,F,9.0,87.8,5.0,2.6,Bajo,Deportes,1
EST-144,Carmina Nazaret Mendez Iniesta,M,10.0,99.7,2.8,5.0,Medio-Bajo,Robótica,0
EST-145,Gil Paz Álvaro,M,8.0,99.8,2.8,3.8,Bajo,Ninguna,1
EST-146,Fernando Fonseca Ibáñez,M,11.0,98.9,5.0,2.3,Bajo,Robótica,0
EST-147,Micaela Álvarez-Maza,F,9.0,91.9,5.0,3.3,Medio-Bajo,Ninguna,1
EST-148,Aroa Cepeda Gual,F,11.0,91.5,4.9,3.3,Medio-Bajo,Deportes,1
EST-149,Purificación Aragón Trillo,M,9.0,88.5,3.4,3.5,,Ninguna,0
EST-150,Eloy Uriarte Lillo,M,6.0,95.4,3.5,,Bajo,Robótica,0
EST-151,Carmen Moya,F,7.0,89.6,4.2,4.1,Bajo-Bajo,Música,1
EST-152,Paulina del Barco,M,7.0,89.1,5.0,3.6,Bajo-Bajo,Ninguna,0
EST-153,Claudia de Salmerón,M,11.0,92.9,4.3,5.0,Medio-Bajo,Ninguna,0
EST-154,Lucila Anguita Alvarez,F,10.0,92.6,,4.6,Bajo-Bajo,Música,1
EST-155,José Luis Boada Bru,O,9.0,92.3,2.9,4.5,Bajo-Bajo,Ninguna,0
EST-156,Bernarda Comas Bermúdez,M,7.0,97.3,4.0,5.0,Medio,Música,0
EST-157,Ileana Melero Zapata,F,6.0,95.4,4.0,3.8,Bajo,Deportes,1
EST-158,Calixto Beltran Pintor,F,10.0,93.6,2.7,2.9,Bajo-Bajo,Robótica,0
EST-159,Fidela Nereida Ferrán Domingo,M,8.0,95.9,3.8,5.0,Bajo-Bajo,Robótica,0
EST-160,Glauco Pujol Toro,F,7.0,90.0,4.0,4.0,Bajo-Bajo,,0
EST-161,Leonor Gallo Pizarro,M,9.0,95.5,4.6,4.3,Bajo,Robótica,0
EST-162,Seve Córdoba Flores,F,6.0,95.8,5.0,3.6,Medio-Bajo,Arte,1
EST-163,Fortunata de Guerra,F,7.0,87.5,4.5,3.1,Medio-Bajo,Ninguna,1
EST-164,Lorena Bustamante Estrada,F,8.0,,5.0,5.0,Bajo-Bajo,Deportes,0
EST-165,Horacio Pla Peláez,M,6.0,90.6,4.5,5.0,Medio-Bajo,Música,1
EST-166,Felicidad Ferrando Ródenas,F,11.0,95.5,5.0,5.0,Bajo,Deportes,0
EST-167,María Ángeles Luís,M,7.0,100.0,5.0,4.8,Bajo,Ninguna,0
EST-168,Noelia Costa Conesa,M,6.0,99.6,4.6,4.6,Medio-Bajo,Ninguna,0
EST-169,Araceli Eloísa Cabanillas Rueda,M,7.0,95.2,2.8,4.1,Bajo,Ninguna,0
EST-170,Rafael Paco Godoy Rubio,F,10.0,93.2,3.3,4.0,Bajo-Bajo,Arte,0
EST-171,Graciela Esteban,F,8.0,99.7,4.3,5.0,Medio-Bajo,Robótica,0
EST-172,Cruz Bravo Alberto,M,9.0,98.4,4.5,3.8,Bajo,Arte,0
EST-173,Jose Manuel Larrea Franch,F,6.0,91.9,4.8,4.4,Bajo,Ninguna,0
EST-174,Candelario Marqués Valera,M,6.0,91.0,,3.2,Medio-Bajo,Ninguna,1
EST-175,Jimena Garmendia,F,8.0,84.6,3.9,3.0,Medio-Bajo,Ninguna,1
EST-176,Danilo Reguera Terrón,M,10.0,95.8,3.6,4.0,Medio-Bajo,Música,1
EST-177,Guillermo Múñiz Abella,F,11.0,94.6,4.5,3.4,Bajo-Bajo,Deportes,0
EST-178,Florentino Solana Llanos,M,6.0,100.0,5.0,5.0,Bajo,,0
EST-179,Elías Cobo-Buendía,F,,96.8,5.0,2.9,Bajo-Bajo,Arte,0
EST-180,Jaime Rovira-Solís,M,11.0,100.0,4.6,4.1,Medio-Bajo,,0
EST-181,Alfonso Busquets-Arnaiz,M,8.0,91.5,5.0,4.3,Bajo,Música,0
EST-182,Brígida Espinosa Fonseca,M,10.0,100.0,3.6,2.4,Medio-Bajo,Deportes,0
EST-183,Rubén Morcillo Suárez,F,6.0,92.4,3.4,3.6,Bajo-Bajo,Ninguna,0
EST-184,María Ángeles Alcolea,F,11.0,98.9,3.5,4.3,Bajo-Bajo,,1
EST-185,Jorge Figueroa,M,10.0,87.7,3.3,4.3,Bajo,Robótica,0
EST-186,Vito Cabrero Cañas,F,11.0,96.2,3.5,3.8,Medio,Ninguna,0
EST-187,Noa Marcia Fernandez España,F,9.0,85.1,4.9,4.6,Medio,Arte,0
EST-188,Amaya Esteban,F,8.0,93.7,3.4,4.1,Medio-Alto,Arte,0
EST-189,Leocadia Monreal Giménez,F,11.0,97.2,3.0,4.2,Bajo,Deportes,0
EST-190,Lorena Muro,M,7.0,92.4,5.0,4.5,Bajo-Bajo,Deportes,0
EST-191,Gabriel Baños,M,7.0,89.7,3.4,4.6,Bajo,Ninguna,1
EST-192,Leonor Carro-Morán,F,10.0,99.2,4.2,3.3,Medio-Bajo,Ninguna,0
EST-193,María Jesús Carpio Benavente,F,10.0,94.5,4.5,3.7,Bajo-Bajo,Deportes,0
EST-194,Berta Canals Cárdenas,F,11.0,92.6,2.6,3.5,Bajo,Música,0
EST-195,Reina Escolano-Durán,M,7.0,95.2,5.0,3.9,Bajo-Bajo,Música,0
EST-196,María Belén Sala Garzón,M,10.0,100.0,4.8,,Bajo,Deportes,0
EST-197,David Sevilla Madrid,F,10.0,100.0,,4.8,Bajo,Robótica,0
EST-198,Samuel de Quiroga,F,6.0,100.0,3.2,2.9,Bajo-Bajo,Ninguna,0
EST-199,Xavier Mayo,F,8.0,97.2,4.5,3.6,Bajo,Deportes,1
EST-200,Juana Bayón Hernandez,F,7.0,95.8,4.0,4.6,Bajo,,0
EST-201,Gustavo de Salvà,F,7.0,83.0,3.8,,Medio-Bajo,Deportes,0
EST-202,Sebastian Leocadio Riera Chamorro,M,11.0,91.6,2.3,3.5,Medio-Bajo,Robótica,0
EST-203,Nerea Fidela Valle Urrutia,M,9.0,92.6,4.1,5.0,Bajo-Bajo,Ninguna,0
EST-204,Florentino de Peralta,F,10.0,85.6,1.8,3.1,Medio-Bajo,Ninguna,0
EST-205,Efraín Lisandro Alemany Ochoa,F,11.0,89.2,3.9,4.9,Bajo-Bajo,Deportes,0
EST-206,Víctor Boada Parejo,M,8.0,85.1,1.4,5.0,Bajo,Música,1
EST-207,Horacio Nicolás Pla,M,10.0,94.8,1.8,3.5,Medio-Bajo,,0
EST-208,Modesto Puente Asenjo,F,8.0,99.1,5.0,3.3,Medio,Robótica,0
EST-209,Fidel Frías,M,11.0,100.0,3.3,3.9,Medio-Bajo,Música,0
EST-210,Milagros Acedo Villaverde,M,6.0,97.1,3.2,2.9,Bajo-Bajo,Ninguna,1
EST-211,Amalia Pinilla Bellido,F,11.0,90.2,5.0,4.3,Bajo,Robótica,0
EST-212,Berto Vicente-Chico,F,7.0,85.3,3.9,3.5,Bajo,Ninguna,0
EST-213,Consuelo Expósito Tejero,F,7.0,86.2,4.5,4.3,Bajo,Robótica,0
EST-214,Felicia Balaguer Donoso,M,10.0,88.7,3.3,5.0,Bajo-Bajo,Música,0
EST-215,Gilberto Jover Pujadas,F,8.0,90.6,5.0,4.8,Bajo,Ninguna,0
EST-216,Severiano Peralta Gimenez,M,9.0,94.2,3.3,4.7,Bajo-Bajo,Robótica,0
EST-217,Amor Galvez Losa,M,8.0,89.9,5.0,1.9,Medio-Bajo,Robótica,0
EST-218,Flavio Aparicio Maestre,F,10.0,96.7,4.3,4.4,Medio-Bajo,,1
EST-219,Ruperta Iriarte-Hervás,F,7.0,93.8,2.0,5.0,Bajo-Bajo,Arte,0
EST-220,Edgardo de Ibañez,F,6.0,95.1,4.6,1.3,Medio,Ninguna,0
EST-221,Tito Almeida Pinilla,F,7.0,100.0,4.4,4.9,Medio-Bajo,Música,0
EST-222,Fabiola Carreño-Girona,F,8.0,89.1,2.2,3.5,Bajo,Ninguna,0
EST-223,Valentín Bruno Verdú Madrid,M,6.0,97.1,2.9,3.4,Bajo-Bajo,Deportes,0
EST-224,Encarna Tamarit-Vives,M,8.0,94.9,4.4,5.0,Medio-Bajo,Arte,1
EST-225,Néstor del Ledesma,M,8.0,93.3,4.4,5.0,Bajo,Robótica,0
EST-226,Ignacia Flor Palomares,M,6.0,99.4,1.9,5.0,Medio,Deportes,1
EST-227,Carolina Pomares Báez,O,9.0,99.4,5.0,3.6,Bajo-Bajo,,0
EST-228,Marina Blanca Espinosa,M,11.0,90.3,3.8,3.1,Bajo-Bajo,Ninguna,1
EST-229,Espiridión Coll Alegre,F,6.0,94.1,2.4,4.3,Medio,Robótica,0
EST-230,Olalla del Samper,F,9.0,96.4,5.0,5.0,Medio,Robótica,0
EST-231,Isabel del Sanmiguel,F,9.0,93.6,4.0,3.8,Bajo-Bajo,Robótica,0
EST-232,Graciano Toño Cabeza Antúnez,F,8.0,97.9,5.0,3.9,Medio-Bajo,Robótica,0
EST-233,Nilda Almansa Carpio,F,10.0,96.4,4.5,5.0,Bajo,Robótica,0
EST-234,Teodora Esther Caparrós Puig,F,8.0,100.0,4.0,5.0,Medio-Bajo,Deportes,0
EST-235,Reyes del Morán,M,8.0,87.3,3.7,4.9,Medio-Bajo,Ninguna,1
EST-236,Alejandra del Pedro,F,6.0,94.4,5.0,2.5,Bajo-Bajo,Ninguna,1
EST-237,Pedro Zorrilla-Abril,M,10.0,90.5,3.9,3.5,Bajo,Robótica,1
EST-238,Sarita Margarita Espinosa Salmerón,M,9.0,98.0,3.0,4.3,Bajo-Bajo,Robótica,0
EST-239,María Teresa Rey Grande,F,6.0,86.9,4.6,2.7,Bajo-Bajo,Ninguna,1
EST-240,Sara de Piñeiro,M,8.0,96.7,3.8,5.0,Bajo-Bajo,Ninguna,0
EST-241,Apolonia Rios Abella,F,11.0,91.8,4.0,5.0,Medio-Bajo,,0
EST-242,Macario Ibáñez Zorrilla,O,8.0,91.3,5.0,3.5,Bajo,Ninguna,0
EST-243,Rolando Agustín Luna,F,8.0,87.8,3.4,5.0,Bajo,Deportes,0
EST-244,Amada Teófila Canales Cabezas,M,11.0,92.7,,4.0,Medio-Bajo,Ninguna,0
EST-245,Maxi Casal Osorio,M,10.0,100.0,3.3,5.0,Bajo,Ninguna,0
EST-246,Perla Asensio Guillén,F,9.0,94.9,4.5,4.3,Bajo,Robótica,0
EST-247,Baltasar Arnal Alcaraz,M,10.0,98.1,4.8,4.8,Bajo-Bajo,Arte,1
EST-248,Reina Caparrós,O,11.0,100.0,5.0,5.0,Medio-Bajo,Música,1
EST-249,Wilfredo Ramírez Perelló,O,,96.3,3.3,5.0,Bajo-Bajo,Robótica,0
EST-250,Olegario del Viñas,F,8.0,92.2,3.5,4.5,Medio-Bajo,,0
EST-251,Lilia Méndez Mancebo,M,8.0,97.3,5.0,4.1,Bajo,Robótica,1
EST-252,María Carmen Pino Figuerola,M,11.0,92.3,4.3,4.5,Medio-Bajo,,0
EST-253,Flora Bayo Gracia,,10.0,92.5,3.3,3.4,Medio-Bajo,Música,1
EST-254,Amor Pinilla González,M,6.0,87.4,5.0,4.1,Medio-Bajo,Música,1
EST-255,Antonio Luján Merino,M,11.0,99.6,2.0,2.9,Bajo,Ninguna,0
EST-256,René Peñalver Clavero,F,8.0,93.1,4.9,2.2,Bajo,Ninguna,0
EST-257,Leticia del Alvarez,F,6.0,95.9,2.9,4.3,Medio-Bajo,Deportes,1
EST-258,Javi Rojas Madrigal,F,9.0,89.8,5.0,5.0,Bajo-Bajo,Música,1
EST-259,Rolando Piquer Figueroa,F,8.0,97.2,2.1,5.0,Bajo-Bajo,Deportes,0
EST-260,Celestino Adán-Mendez,M,11.0,91.2,5.0,3.9,Medio-Bajo,Ninguna,0
EST-261,Graciana Tenorio Sanmiguel,F,7.0,94.3,3.9,,Medio-Bajo,Música,0
EST-262,Luna Hernando,O,10.0,99.4,3.6,,Bajo,Ninguna,0
EST-263,Teófilo Carbó Esparza,M,9.0,99.0,4.6,2.1,Medio-Bajo,Ninguna,1
EST-264,Vicente Tur Arroyo,F,6.0,94.9,5.0,2.0,Medio-Bajo,,1
EST-265,Leonardo Pánfilo Losada Anguita,F,11.0,86.2,2.4,2.7,Bajo-Bajo,Deportes,0
EST-266,Tristán del Cárdenas,F,8.0,100.0,3.0,5.0,Medio-Bajo,,0
EST-267,Eugenia del Carreño,F,7.0,100.0,5.0,3.6,Medio-Bajo,,1
EST-268,Pascual Viana-Aliaga,F,8.0,98.6,2.0,4.7,Medio-Alto,Música,0
EST-269,Candelario Soriano Alsina,M,11.0,91.2,3.3,5.0,Bajo-Bajo,Robótica,0
EST-270,Ana de Oller,M,7.0,94.4,5.0,3.1,Medio-Bajo,Deportes,0
EST-271,Angelino Pedro Zapata,F,7.0,92.3,2.8,4.7,Bajo,,0
EST-272,Julie Soria-Cuéllar,F,6.0,100.0,5.0,4.7,Bajo-Bajo,,1
EST-273,Dulce de Vega,F,7.0,96.3,3.7,3.3,Medio-Bajo,Robótica,1
EST-274,Toño Emigdio Tomás Sancho,F,10.0,91.1,4.6,5.0,Bajo-Bajo,Robótica,0
EST-275,Desiderio Losa Riquelme,F,8.0,92.6,4.8,3.9,Bajo,Deportes,0
EST-276,Pablo Goñi Morán,F,7.0,100.0,5.0,3.6,Bajo,Ninguna,0
EST-277,Maximino Riba,F,6.0,100.0,3.8,5.0,Bajo,Ninguna,0
EST-278,Vanesa de García,F,7.0,100.0,5.0,4.7,Bajo,,1
EST-279,Lope Naranjo Serra,F,11.0,98.8,3.3,5.0,Bajo,Deportes,0
EST-280,Américo Sancho Urrutia,F,7.0,93.7,4.7,5.0,Medio-Bajo,Robótica,1
EST-281,Jessica de Paredes,F,11.0,78.8,3.8,3.0,Bajo,Ninguna,0
EST-282,Román Geraldo Bermejo Sola,M,8.0,96.5,2.7,5.0,Medio-Bajo,Música,0
EST-283,Dafne Sanmartín-Arana,M,6.0,95.0,3.7,3.5,Medio-Bajo,Ninguna,0
EST-284,María Cristina Terrón Bayo,M,11.0,95.7,4.2,,Bajo,Robótica,0
EST-285,Rita Lucas Ortuño,F,8.0,95.3,3.5,3.7,Bajo,Ninguna,0
EST-286,Dan Pintor-Cabrero,M,10.0,88.4,5.0,3.3,Medio-Bajo,Música,0
EST-287,Telmo Isaac Tudela Benitez,M,11.0,97.8,3.0,4.8,Medio-Bajo,Ninguna,0
EST-288,Sosimo Canet Raya,F,6.0,98.2,5.0,4.5,Bajo,,1
EST-289,Pascuala Palacios Oliver,M,6.0,98.4,5.0,3.7,Medio-Bajo,Música,0
EST-290,Francisca Perelló Almazán,F,10.0,99.7,4.0,4.9,Bajo-Bajo,Robótica,0
EST-291,Anita Iglesias-Galan,M,7.0,98.0,3.0,3.7,Bajo,Ninguna,0
EST-292,Hilario de Galán,M,6.0,92.9,3.1,3.7,Bajo,Ninguna,0
EST-293,Juan José Castell-Martín,F,6.0,94.6,3.4,4.2,Bajo-Bajo,Robótica,0
EST-294,Eligio Rey Malo,M,6.0,95.5,1.9,4.7,Bajo,Robótica,0
EST-295,Leonel Canals Tur,M,10.0,95.5,2.8,4.6,Medio-Bajo,Música,0
EST-296,Nazaret Frías,F,6.0,100.0,2.2,3.6,Medio-Bajo,Ninguna,0
EST-297,Carmelo Álamo España,F,8.0,98.2,5.0,5.0,Bajo-Bajo,Deportes,0
EST-298,Fernanda Estela Morante Páez,M,9.0,100.0,4.7,4.0,Medio-Alto,,0
EST-299,Inés Lara Vidal Sarabia,F,8.0,100.0,5.0,3.5,Medio-Bajo,Robótica,1
EST-300,Heraclio Verdugo Sanabria,M,6.0,95.4,5.0,2.7,Bajo,Robótica,1
EST-301,Josué Rómulo Almazán Rozas,M,10.0,75.8,4.1,4.9,Bajo,Deportes,1
EST-302,Toño del Villalba,F,6.0,100.0,5.0,4.2,Medio-Bajo,Deportes,0
EST-303,Montserrat Ávila-Cuervo,F,10.0,92.3,3.7,4.4,Medio,Arte,1
EST-304,Isidora de Durán,F,11.0,91.0,4.5,5.0,Bajo,Robótica,1
EST-305,Osvaldo de Nebot,F,8.0,93.0,5.0,3.7,Medio-Bajo,Arte,1
EST-306,Odalis Benita Jove Alvarez,O,9.0,92.8,2.4,2.6,Bajo,Ninguna,0
EST-307,Sigfrido del Galiano,F,8.0,98.1,5.0,,Bajo,Robótica,0
EST-308,Florentina Elorza,M,8.0,87.2,3.9,4.2,Bajo,Robótica,1
EST-309,Albano Édgar Cepeda Arroyo,F,11.0,89.6,4.1,3.6,Medio-Bajo,Robótica,1
EST-310,Fabiana Dora Botella Montaña,M,11.0,96.7,5.0,5.0,Bajo,Música,0
EST-311,Apolinar Campoy-Morell,M,7.0,98.1,5.0,1.5,Bajo-Bajo,Ninguna,0
EST-312,Raimundo Fabregat Sandoval,M,9.0,98.2,4.0,5.0,Bajo,Deportes,0
EST-313,Lope Delgado Cabanillas,M,11.0,91.1,4.2,5.0,Medio-Bajo,Música,0
EST-314,Adriana Apolonia Roman Hoz,,11.0,90.1,2.6,4.7,Medio-Bajo,,1
EST-315,Matilde Lasa Arce,F,8.0,92.5,3.3,1.3,Bajo,Ninguna,0
EST-316,Isaías Cañete Mosquera,F,8.0,96.2,4.6,5.0,Medio,Música,0
EST-317,Casemiro Priego Espejo,M,7.0,100.0,4.9,3.2,Bajo-Bajo,Robótica,1
EST-318,Adolfo Viana-Mayol,M,11.0,84.8,5.0,3.4,Bajo-Bajo,Música,0
EST-319,Casemiro Briones Chaparro,M,6.0,93.9,3.9,4.0,Bajo-Bajo,Deportes,0
EST-320,Remigio Duque Moreno,M,9.0,88.3,2.2,,Bajo-Bajo,Ninguna,1
EST-321,Elvira Guzman Nogués,F,7.0,86.7,4.8,4.3,Bajo-Bajo,Ninguna,0
EST-322,Reinaldo Fernandez Arcos,F,7.0,99.8,5.0,5.0,Medio-Bajo,Deportes,0
EST-323,Iker Tomás-Toro,F,8.0,97.7,5.0,5.0,Medio-Bajo,Música,1
EST-324,Ágata Alcaraz,M,11.0,97.2,4.2,4.3,Medio-Bajo,Ninguna,1
EST-325,Fermín Pi Prieto,O,6.0,99.6,5.0,4.6,Medio-Bajo,Robótica,1
EST-326,Anna Camps-Carrera,F,9.0,92.6,,3.1,Medio-Bajo,Robótica,0
EST-327,Urbano del Gaya,F,6.0,92.8,4.1,3.4,Bajo,Música,0
EST-328,Gabino Baños Macías,F,6.0,100.0,,4.9,Medio-Bajo,Ninguna,1
EST-329,Luís Cal Iglesias,M,8.0,93.8,3.3,5.0,Medio-Bajo,Música,0
EST-330,Víctor Rozas Infante,M,8.0,98.7,4.8,4.9,Medio,Música,0
EST-331,Cloe Débora Arce Cueto,M,7.0,95.0,2.1,3.7,Bajo,Deportes,0
EST-332,Gertrudis Guillen Barón,F,7.0,85.8,3.7,4.8,Bajo-Bajo,,0
EST-333,Leopoldo Mur Soria,M,6.0,84.8,4.0,2.7,Medio-Bajo,Robótica,0
EST-334,Samuel España Expósito,M,7.0,92.1,5.0,5.0,Medio-Bajo,,0
EST-335,Tadeo Teruel Ródenas,M,11.0,100.0,5.0,3.7,Bajo,Ninguna,0
EST-336,Morena Sevilla Sans,M,11.0,98.9,5.0,5.0,Medio-Bajo,Robótica,1
EST-337,Danilo Borrego Tomé,F,7.0,99.6,1.5,2.5,Bajo-Bajo,Ninguna,0
EST-338,Ricarda Cantero,F,9.0,90.1,5.0,5.0,Medio,Deportes,0
EST-339,Griselda Pombo Esteve,M,11.0,100.0,4.8,3.8,Bajo-Bajo,Deportes,0
EST-340,Diana Peinado Verdejo,M,6.0,90.2,4.3,3.8,Bajo-Bajo,Robótica,0
EST-341,Josefa Natalia Jover Escobar,F,10.0,96.1,2.3,4.2,Bajo-Bajo,Ninguna,1
EST-342,Milagros del Castro,M,11.0,94.9,3.5,3.3,Bajo,Ninguna,1
EST-343,Carlito del Iriarte,M,,94.1,,4.1,Bajo-Bajo,Deportes,1
EST-344,Matías Perea Chico,M,6.0,100.0,2.0,3.5,Medio-Bajo,Deportes,1
EST-345,Iker Olivé Blanco,M,11.0,91.5,4.4,3.3,Medio,Ninguna,1
EST-346,Xiomara Ayala Pereira,F,9.0,88.3,2.5,4.4,Bajo,Música,0
EST-347,Cristina Montesinos Pozuelo,F,6.0,95.1,5.0,3.1,Medio-Bajo,Ninguna,0
EST-348,Eulalia Esteve-Riquelme,M,7.0,93.0,3.8,3.2,Bajo-Bajo,Ninguna,0
EST-349,Primitiva Zoraida Infante Delgado,M,8.0,100.0,5.0,2.6,Bajo,Ninguna,0
EST-350,Carmina Miró Aragón,F,10.0,98.4,2.1,3.7,Bajo,,0
EST-351,Yolanda Balaguer,F,10.0,93.0,3.4,5.0,Bajo,Ninguna,0
EST-352,Rosario Falcó,F,11.0,89.7,3.6,2.9,Medio-Bajo,Ninguna,0
EST-353,Encarnita Vazquez Barrena,F,7.0,85.6,2.4,3.0,Bajo-Bajo,Ninguna,0
EST-354,Roldán Bueno Bravo,M,9.0,89.9,3.0,,Medio-Bajo,,0
EST-355,Édgar Benítez,M,9.0,95.6,3.7,3.8,Medio-Bajo,Música,0
EST-356,José Antonio Melero-Puig,F,8.0,100.0,4.1,5.0,Medio-Bajo,,1
EST-357,Alejandra Ferrán,M,6.0,100.0,5.0,4.0,Medio,Deportes,0
EST-358,Francisco Jose Llabrés Franch,F,11.0,96.1,,4.3,Medio,Ninguna,1
EST-359,Telmo de Quintero,F,11.0,,5.0,5.0,Medio-Bajo,Robótica,1
EST-360,Jose Luis Cifuentes Calzada,F,8.0,96.3,4.6,4.9,Bajo,Ninguna,0
EST-361,Isa Tamayo Guerra,M,9.0,92.4,4.7,4.2,Bajo,Ninguna,0
EST-362,Chelo Izaguirre Alegre,F,7.0,100.0,3.9,3.8,Medio-Bajo,Ninguna,0
EST-363,Desiderio Ferrando Gilabert,M,9.0,94.1,4.0,,Medio-Bajo,Ninguna,1
EST-364,Daniel Sancho Ariño Pastor,F,10.0,94.6,4.2,4.1,Medio,Deportes,0
EST-365,Lilia Piñol Pujadas,F,8.0,83.9,4.9,3.5,Bajo,Música,0
EST-366,Abigaíl Ferrándiz Farré,M,11.0,94.0,5.0,3.6,Bajo,Deportes,0
EST-367,Amador del Exposito,O,9.0,99.2,3.7,2.3,Bajo,Ninguna,0
EST-368,Timoteo del Andreu,F,8.0,89.7,4.8,4.7,Medio-Bajo,Robótica,1
EST-369,Néstor Luciano Marcos Ortiz,M,10.0,91.2,3.8,1.7,Bajo-Bajo,Ninguna,0
EST-370,Donato Dávila Ugarte,M,6.0,99.0,4.0,4.2,Bajo,Deportes,0
EST-371,Arsenio Granados Alcaraz,M,8.0,87.6,2.9,3.7,Bajo,Arte,0
EST-372,Benigna de Conesa,M,7.0,100.0,4.2,5.0,Bajo-Bajo,Deportes,1
EST-373,Aura Torrens Álamo,M,8.0,92.3,5.0,2.2,Bajo,Ninguna,1
EST-374,Óscar Salazar Sandoval,F,10.0,93.1,4.1,3.3,Bajo,Robótica,0
EST-375,Agapito Escudero Mayoral,M,8.0,89.4,,3.6,Bajo-Bajo,Ninguna,0
EST-376,Maricela Losa Riquelme,M,10.0,96.9,2.3,3.8,Bajo,Ninguna,0
EST-377,Javiera de Villanueva,F,9.0,100.0,3.6,3.5,Medio,Ninguna,0
EST-378,Nicolás Vallejo Redondo,M,7.0,98.9,,3.9,Medio,,1
EST-379,José Antonio Gelabert-Vila,F,10.0,90.7,3.0,2.9,Bajo,Robótica,0
EST-380,Eric Flores Durán,M,7.0,100.0,4.0,4.6,Bajo,Robótica,0
EST-381,Verónica Álvarez Ortuño,M,7.0,93.4,3.5,1.9,Bajo,Robótica,0
EST-382,Fabiola Bru-Cerro,F,8.0,100.0,4.1,,Alto,Deportes,0
EST-383,Perlita Linares Barragán,F,7.0,99.0,4.1,3.4,Bajo,Ninguna,0
EST-384,Gaspar Maximiano Izquierdo Huerta,F,6.0,80.3,2.4,4.7,Bajo,Ninguna,0
EST-385,Manuelita Guardiola Gaya,F,9.0,90.0,,5.0,Bajo-Bajo,Música,0
EST-386,Hector Alfaro-Palomares,F,8.0,99.7,4.5,3.9,Bajo,Música,1
EST-387,Encarnita Nogueira Rius,M,8.0,95.8,5.0,5.0,Bajo-Bajo,Ninguna,0
EST-388,Fermín Marcos Alberto,M,11.0,89.9,3.8,3.6,Medio-Bajo,Deportes,0
EST-389,Marcelino Elorza Arenas,F,9.0,91.8,3.2,3.2,Medio-Bajo,Robótica,0
EST-390,Eligia Gomez Borrás,F,11.0,85.5,4.0,5.0,Medio-Bajo,Robótica,0
EST-391,Calixta Barroso,O,6.0,94.6,5.0,,Bajo,Robótica,0
EST-392,Bernardino Lalo Muñoz Alemán,M,9.0,100.0,5.0,4.2,Medio-Bajo,Robótica,0
EST-393,Ascensión Ruperta Lledó Haro,M,11.0,99.0,4.7,4.9,Bajo-Bajo,Música,0
EST-394,Beatriz Jaén,F,9.0,100.0,4.9,4.5,Bajo,Robótica,0
EST-395,Donato Pujol-Casares,M,10.0,99.4,5.0,3.9,Medio-Bajo,Ninguna,0
EST-396,Manuel Trujillo,F,8.0,100.0,5.0,2.9,Medio,Arte,0
EST-397,Maxi Prieto-Villena,F,6.0,100.0,5.0,3.9,Bajo,,1
EST-398,Arsenio Antón Morcillo,M,8.0,96.9,5.0,4.8,Medio-Bajo,Música,0
EST-399,Ramiro Aller Valera,F,8.0,94.1,2.7,4.1,Medio-Bajo,Robótica,0
EST-400,Filomena Ramírez Lerma,F,11.0,100.0,2.2,5.0,Medio-Bajo,Robótica,0
EST-401,Concha Falcón Escolano,M,7.0,100.0,4.2,4.4,Bajo-Bajo,Ninguna,0
EST-402,Natalio Sarmiento Múñiz,F,11.0,92.6,4.5,3.3,Bajo,Deportes,1
EST-403,Natanael Tamarit Aguiló,F,11.0,91.4,3.3,2.9,Bajo-Bajo,Deportes,0
EST-404,Albano Pino Talavera,F,7.0,95.7,5.0,,Bajo-Bajo,Ninguna,0
EST-405,Juan Pablo Agustí Mulet,M,7.0,99.2,1.8,3.5,Bajo-Bajo,,0
EST-406,Clemente Coello Angulo,F,11.0,99.0,3.4,4.5,Medio,Arte,0
EST-407,Aura Azorin Conesa,M,11.0,87.9,2.9,3.2,Bajo,Deportes,0
EST-408,Esmeralda de Andrés,M,8.0,100.0,2.0,3.6,Medio,Música,0
EST-409,Isidoro Navas Grande,F,7.0,91.8,5.0,5.0,Bajo,Robótica,0
EST-410,Bernardita Estevez Castro,M,9.0,93.7,2.4,4.3,Medio,Deportes,0
EST-411,Tatiana Paulina Galvez Font,M,9.0,90.5,3.7,3.3,Medio-Bajo,Ninguna,1
EST-412,Amelia Cerdá Guerrero,O,7.0,100.0,5.0,4.2,Bajo-Bajo,Música,0
EST-413,Felisa Pizarro Tapia,O,10.0,96.2,4.8,5.0,Medio-Bajo,Robótica,0
EST-414,Chus Romero Serna,F,6.0,90.7,2.7,4.5,Bajo,Deportes,0
EST-415,Begoña Mora Neira,F,6.0,99.3,5.0,4.6,Bajo,Ninguna,1
EST-416,María Hernando Vera,M,8.0,98.8,4.3,3.4,Bajo,Música,0
EST-417,Fulgencio Marti-Llopis,M,8.0,94.1,5.0,,Bajo,Música,1
EST-418,Álvaro Pinedo Alsina,M,7.0,99.2,4.5,5.0,Medio-Bajo,Deportes,0
EST-419,Luis Anaya-Ballesteros,F,8.0,90.9,3.8,3.4,Medio-Bajo,Música,0
EST-420,Eladio Pozo Mate,F,7.0,92.5,3.4,3.0,Bajo,Deportes,1
EST-421,Hugo Quintero Nogueira,F,7.0,84.9,3.0,4.1,Medio,Deportes,1
EST-422,Domitila Campoy-Martinez,F,7.0,88.4,2.5,4.8,Medio,Robótica,0
EST-423,Tamara Falcó Hurtado,M,11.0,100.0,5.0,3.9,Bajo-Bajo,Ninguna,0
EST-424,Alfredo Tomé Cañizares,F,8.0,100.0,4.0,,Bajo-Bajo,Música,0
EST-425,Eliseo Lumbreras Ponce,M,8.0,95.3,4.7,,Bajo,Deportes,0
EST-426,Jovita Nevado-Marin,F,9.0,100.0,5.0,4.6,Medio-Bajo,Ninguna,1
EST-427,Carmelita Villa Chacón,M,11.0,94.2,,3.8,Bajo,Música,0
EST-428,Iker Viña Valero,F,7.0,93.8,5.0,4.6,Bajo,Ninguna,0
EST-429,Laura Cervera Otero,M,9.0,95.3,4.1,5.0,Medio-Bajo,Ninguna,0
EST-430,Fabricio Amador Querol Martorell,M,10.0,94.4,4.5,4.4,Medio-Bajo,Música,0
EST-431,Ligia Rivera Valcárcel,M,9.0,93.9,3.0,4.2,Bajo-Bajo,Música,0
EST-432,Carla Gilabert Villalonga,F,6.0,100.0,3.1,5.0,Medio,Música,0
EST-433,Haroldo Arellano Zorrilla,F,9.0,95.8,4.6,3.3,Medio-Bajo,Deportes,0
EST-434,Liliana Rosa Andreu,M,6.0,98.6,5.0,3.0,Bajo,Ninguna,1
EST-435,Teófilo Roda Castro,M,9.0,100.0,5.0,3.7,Medio-Bajo,,0
EST-436,Camilo Feliu Cantón,,10.0,96.9,5.0,,Bajo-Bajo,Deportes,0
EST-437,Onofre del Chaparro,M,7.0,90.1,3.8,3.4,Bajo,Música,0
EST-438,Vilma Alberdi Merino,F,11.0,88.2,2.8,5.0,Bajo-Bajo,Ninguna,0
EST-439,Prudencia Zabaleta Sierra,F,6.0,95.7,3.1,5.0,Bajo-Bajo,Deportes,0
EST-440,Eulalia Liliana Cantón Anguita,M,11.0,94.1,3.8,3.8,Bajo,Deportes,1
EST-441,Angelita Reina,M,8.0,95.4,1.9,4.3,Bajo-Bajo,Música,1
EST-442,Estefanía de Quesada,O,7.0,94.9,3.5,4.0,Medio-Bajo,Deportes,1
EST-443,Rita Márquez Aparicio,M,6.0,100.0,3.3,5.0,Medio-Bajo,Ninguna,0
EST-444,Fausto Barbero,M,11.0,88.3,3.7,5.0,Bajo-Bajo,Ninguna,1
EST-445,Jose Angel Máximo Carrillo Campos,F,6.0,85.1,3.7,2.1,Bajo-Bajo,Deportes,0
EST-446,Graciano Muro Verdú,F,7.0,96.7,4.4,4.7,Medio-Bajo,Música,0
EST-447,Daniela Galiano Fabregat,O,7.0,93.1,4.0,2.7,Bajo-Bajo,Ninguna,0
EST-448,Anacleto Martin Tolosa,F,9.0,96.6,3.3,5.0,Bajo,Música,0
EST-449,Cipriano Escribano Posada,M,9.0,97.9,1.6,4.6,Bajo,Música,0
EST-450,Perlita Bermúdez,M,6.0,100.0,3.3,3.2,Medio-Bajo,Ninguna,0
EST-451,Mónica Tamarit Lerma,F,7.0,87.5,2.3,3.7,Medio-Bajo,Música,0
EST-452,Venceslás Sarabia,F,7.0,92.2,4.6,3.7,Medio-Bajo,Ninguna,0
EST-453,Clímaco Llano,M,7.0,97.1,5.0,4.7,Bajo,Robótica,0
EST-454,Celia Cabrera Estrada,F,8.0,98.9,,5.0,,Música,1
EST-455,Zaira Domínguez Echeverría,M,10.0,100.0,5.0,,Bajo,Ninguna,1
EST-456,Cebrián Casado Santiago,F,7.0,99.8,3.8,5.0,Bajo,,0
EST-457,Mario Huerta Izaguirre,,8.0,94.7,3.4,5.0,Medio-Bajo,Deportes,0
EST-458,Jenaro Aragón Carrión,M,8.0,90.5,3.1,3.3,Medio-Bajo,Música,0
EST-459,Soraya Bermejo Viana,M,11.0,92.2,2.2,4.3,Bajo-Bajo,Robótica,0
EST-460,Maxi Báez Valverde,M,11.0,92.0,5.0,5.0,Bajo-Bajo,Ninguna,1
EST-461,Hortensia Rodríguez Corral,M,10.0,98.3,3.8,5.0,Medio-Bajo,Robótica,0
EST-462,Edelmira Ureña Pedrosa,F,7.0,96.3,2.9,3.9,Medio-Bajo,Música,1
EST-463,Juan Manuel Rodriguez Bermejo,F,6.0,88.4,2.9,4.5,Medio-Bajo,Ninguna,1
EST-464,Josefina Iglesia Medina,F,7.0,92.8,3.0,5.0,Bajo,Robótica,0
EST-465,Teo Conde Capdevila,O,7.0,99.4,4.5,4.3,Medio-Bajo,,1
EST-466,Agustina Muñoz Sanmartín,M,8.0,96.8,5.0,3.6,Medio-Bajo,Robótica,0
EST-467,Chita Peñas Bernal,M,10.0,97.8,3.6,,Medio-Bajo,,0
EST-468,Tomasa Cabañas,F,11.0,96.9,1.9,4.2,Bajo,Ninguna,1
EST-469,Yaiza Villanueva Lasa,M,11.0,100.0,3.8,3.7,Bajo-Bajo,Arte,0
EST-470,Marcelino Moles Mancebo,O,8.0,96.2,3.8,4.6,Bajo,Arte,0
EST-471,Pelayo Osorio Requena,M,9.0,93.1,3.7,2.9,Bajo,Robótica,0
EST-472,Luciano Ramírez Samper,O,7.0,90.4,3.6,3.5,Bajo,Deportes,1
EST-473,Ruth Carbó Losa,M,6.0,96.2,4.3,5.0,Bajo,Música,0
EST-474,Evita Morell Bosch,F,10.0,82.8,4.0,1.9,Bajo-Bajo,Ninguna,1
EST-475,Gervasio Puerta Moreno,F,6.0,94.1,4.0,4.9,Medio-Bajo,Ninguna,0
EST-476,Yésica Benita Colom Francisco,O,8.0,94.0,4.5,2.2,Bajo-Bajo,,0
EST-477,Merche Pujol-Marin,M,7.0,88.2,3.0,2.2,Bajo,Música,0
EST-478,Victoriano Leal Aznar,F,10.0,90.4,3.4,3.7,Medio-Bajo,Música,0
EST-479,Trinidad Lobato-Valenciano,O,10.0,99.0,5.0,4.5,Bajo,Arte,0
EST-480,María Teresa Blanes Baeza,F,7.0,96.2,5.0,5.0,Bajo,Deportes,1
EST-481,Casemiro del Barragán,F,10.0,95.5,5.0,4.3,Bajo,Deportes,0
EST-482,Leoncio Gimenez Pérez,F,7.0,96.5,5.0,4.0,Medio-Bajo,Deportes,1
EST-483,Cloe Arce-Nebot,M,8.0,95.5,4.6,4.8,Medio-Alto,Deportes,0
EST-484,Azucena Reyes Domingo,F,10.0,100.0,5.0,3.3,Medio-Bajo,,0
EST-485,Lino Atienza Salom,F,10.0,95.6,2.1,4.1,Medio-Bajo,Ninguna,0
EST-486,Vera Gómez-Bas,F,11.0,87.7,3.7,2.7,Bajo-Bajo,Música,0
EST-487,Carmela Alvarado Higueras,M,7.0,100.0,3.8,4.3,Medio,Música,0
EST-488,Viviana Sancho Cervantes,M,9.0,96.9,5.0,4.1,Medio,Robótica,0
EST-489,Abril Pons Peinado,O,9.0,92.1,5.0,3.4,Medio-Bajo,Deportes,1
EST-490,Flavia Armengol Ramírez,F,11.0,88.7,2.7,,Medio-Bajo,Arte,0
EST-491,Zaida Amigó,,6.0,97.0,4.4,4.4,Bajo,,0
EST-492,Hector Bravo Santamaria,F,10.0,94.4,4.6,5.0,Bajo,Robótica,1
EST-493,Primitiva Caro Salinas,M,9.0,100.0,4.9,2.6,Medio-Bajo,,1
EST-494,Xavier Quintana Pla,M,7.0,93.3,3.2,3.9,Medio-Bajo,,1
EST-495,Duilio Ballesteros Viña,M,8.0,90.8,4.8,3.2,Medio-Bajo,Ninguna,1
EST-496,Fabián Verdejo Mayol,M,7.0,99.5,3.7,5.0,Medio-Bajo,Deportes,0
EST-497,Prudencia Ximena Collado Piñeiro,F,9.0,99.6,4.7,5.0,Medio-Bajo,Deportes,1
EST-498,Sofía Rosa Vidal,M,11.0,95.8,3.5,4.7,Medio-Bajo,Robótica,1
EST-499,Calisto Llanos Llopis,O,9.0,98.4,,3.5,Bajo,Deportes,1
EST-500,Amancio Alcalá,O,9.0,94.8,5.0,5.0,Bajo,Robótica,0
EST-501,Ruth Arellano,F,8.0,96.2,3.1,2.7,Medio,,1
EST-502,Jacinta Sotelo Gilabert,F,6.0,100.0,2.8,2.5,Medio-Bajo,,0
EST-503,Encarnacion del España,M,7.0,98.1,3.9,2.7,Medio,Ninguna,0
EST-504,Saturnina de Castrillo,F,8.0,94.2,3.1,4.0,Medio-Bajo,,0
EST-505,Paula Vargas,F,7.0,100.0,3.3,4.9,Medio-Bajo,Arte,1
EST-506,Manolo Mendoza Arjona,M,6.0,83.2,3.6,1.0,Bajo,Ninguna,0
EST-507,Silvia Carvajal Aguilar,F,8.0,100.0,2.6,5.0,Bajo,,1
EST-508,Micaela Perales Murcia,F,7.0,86.5,2.3,4.0,Medio-Bajo,Robótica,0
EST-509,Felisa Montero Carbajo,F,7.0,91.9,5.0,2.4,Bajo,Ninguna,0
EST-510,Leocadio Gonzalo Miguel,F,8.0,94.8,4.6,4.3,Medio-Bajo,Deportes,0
EST-511,Tania Torrens Casals,F,6.0,94.3,3.1,5.0,Medio-Bajo,Ninguna,0
EST-512,Abilio Donaire Montaña,M,11.0,100.0,4.5,4.8,Bajo,Música,0
EST-513,Eutimio Calatayud Poza,F,11.0,89.7,4.2,5.0,Medio-Bajo,Robótica,0
EST-514,Elisa Figueroa-Avilés,F,10.0,96.3,5.0,2.8,Bajo,Deportes,0
EST-515,Encarna Pelayo Zorrilla,M,6.0,92.1,3.8,3.8,Bajo,Música,0
EST-516,Manolo Estevez Ródenas,M,10.0,96.5,5.0,3.3,Bajo,Robótica,0
EST-517,Rafa Aranda,M,10.0,94.7,2.0,5.0,Medio,Arte,1
EST-518,Atilio Pujol Ferrera,F,10.0,95.5,2.7,4.6,Bajo,Ninguna,0
EST-519,Chus Morell Torrijos,O,6.0,92.3,4.2,5.0,Bajo,,0
EST-520,Luisa Bernal Peiró,M,9.0,92.4,4.4,3.7,Bajo,Arte,0
EST-521,Benjamín Torrijos Carmona,F,10.0,96.4,3.3,3.5,Bajo,,1
EST-522,Clarisa Pareja,M,9.0,99.7,4.3,4.1,Medio-Bajo,Deportes,0
EST-523,Alejandro Quintanilla-Lluch,O,9.0,92.0,3.3,5.0,Bajo-Bajo,Ninguna,0
EST-524,Florentino de Riba,F,8.0,90.7,3.7,3.6,Medio-Bajo,Ninguna,0
EST-525,Manuel Daza Acevedo,F,9.0,98.1,5.0,4.1,Bajo,,1
EST-526,Omar Rueda Berrocal,M,6.0,94.8,5.0,4.3,Medio-Bajo,Arte,0
EST-527,Ágata Camino Quevedo,M,9.0,99.2,2.8,4.2,Bajo-Bajo,Arte,0
EST-528,Germán Cazorla Alberola,M,6.0,90.5,2.7,3.5,Medio,Robótica,0
EST-529,Jose Luis Avilés-Meléndez,M,8.0,86.1,3.4,3.6,Bajo,Ninguna,1
EST-530,Dorotea Adelaida Falcó Berenguer,F,7.0,92.3,4.0,3.8,Medio-Bajo,Ninguna,0
EST-531,Aurelia Vázquez Tamayo,F,9.0,91.2,3.2,,Medio-Bajo,Robótica,0
EST-532,Amparo Jacinta Godoy Hernandez,O,6.0,94.6,5.0,5.0,Medio-Bajo,Robótica,0
EST-533,Ascensión del Agullo,O,10.0,91.8,4.8,5.0,Medio-Bajo,Deportes,1
EST-534,Emma Canales-Bayona,F,10.0,98.7,4.9,3.4,Bajo-Bajo,,1
EST-535,Faustino Luís Vélez Galiano,F,6.0,93.6,2.5,3.8,Medio-Bajo,Deportes,0
EST-536,Vera Rocha,F,6.0,95.8,5.0,3.4,Bajo,Música,0
EST-537,Isabela Acero Nevado,F,6.0,95.8,1.5,4.4,Medio-Bajo,Deportes,0
EST-538,Ainara Juan Mendoza,M,11.0,96.0,5.0,3.7,Medio,Deportes,0
EST-539,Benigna Pallarès,M,9.0,94.9,5.0,4.4,Medio,Robótica,0
EST-540,Ainoa Lobo Carlos,M,8.0,97.6,3.9,5.0,Bajo-Bajo,Robótica,1
EST-541,Cleto Corbacho-Real,O,6.0,91.0,5.0,1.5,Bajo,Ninguna,0
EST-542,Cándida Buendía Verdú,F,9.0,100.0,3.9,4.7,Bajo,Música,0
EST-543,Leticia Perea Salvà,M,11.0,93.8,4.5,3.7,Bajo-Bajo,,1
EST-544,Calisto Machado Hierro,F,10.0,88.4,3.9,4.4,Bajo-Bajo,Música,0
EST-545,Dorotea Hilda Marco Rosell,F,9.0,95.9,5.0,3.3,Bajo,Arte,1
EST-546,Adelia Peláez Rosado,M,6.0,90.7,5.0,5.0,Medio-Alto,Ninguna,0
EST-547,Rolando Chus Carnero Vall,M,6.0,98.3,5.0,5.0,Medio-Bajo,Deportes,1
EST-548,Óscar Barreda Rincón,F,6.0,100.0,3.3,4.8,Medio-Bajo,Deportes,1
EST-549,Carlos de Royo,F,7.0,91.1,4.6,5.0,Bajo,Música,1
EST-550,Eloísa Rebollo Lastra,F,6.0,96.7,3.0,3.5,Medio-Bajo,Arte,0
EST-551,Calixta Blanca Benito Barco,F,7.0,86.2,4.5,3.3,Medio,Música,0
EST-552,Tecla Chaves Baeza,F,8.0,97.3,4.6,4.8,Medio-Bajo,Ninguna,1
EST-553,Eliana Artigas Carlos,F,11.0,90.6,2.7,3.2,Bajo-Bajo,Ninguna,0
EST-554,Leyre Nogueira,F,9.0,91.9,4.5,5.0,Bajo,Música,1
EST-555,Wilfredo Galindo Villegas,F,10.0,89.5,2.5,3.6,Medio-Alto,Arte,0
EST-556,María Belén Baquero Reyes,M,10.0,98.7,4.2,4.5,Bajo,Ninguna,0
EST-557,María José Salcedo Martín,M,6.0,100.0,3.0,5.0,Medio-Bajo,Música,0
EST-558,Eloísa Novoa Sosa,M,10.0,95.1,4.0,,Bajo-Bajo,Deportes,0
EST-559,Calixto del Lobo,F,7.0,90.7,5.0,4.1,Bajo-Bajo,Ninguna,1
EST-560,Sabas Márquez-Bilbao,F,9.0,100.0,4.3,5.0,Medio-Bajo,Ninguna,1
EST-561,Cecilia Benavente Galan,F,7.0,91.2,3.5,5.0,Bajo,Robótica,0
EST-562,Valeria Murcia Cano,M,11.0,84.2,4.1,3.4,Bajo,Ninguna,1
EST-563,Vasco Amador-Ripoll,M,7.0,97.3,4.8,3.5,Bajo,Ninguna,0
EST-564,Íngrid Susanita Amador Barreda,M,7.0,89.5,2.6,3.5,Medio,Ninguna,1
EST-565,Guadalupe Pascual-Zabala,M,11.0,99.9,4.7,5.0,Bajo-Bajo,Ninguna,1
EST-566,Prudencia Galindo Rivera,F,6.0,93.1,5.0,3.9,Medio-Bajo,Música,0
EST-567,Gregorio Arenas Salvador,M,10.0,98.0,4.7,4.3,Bajo,Música,0
EST-568,Ariel Ponce Bas,M,10.0,100.0,4.1,3.8,Medio-Bajo,Deportes,0
EST-569,Miguel Ángel Diéguez Estevez,F,10.0,89.0,4.7,4.6,Medio-Alto,Música,1
EST-570,Bernardita Santos,M,11.0,92.2,4.5,4.4,Bajo,Arte,0
EST-571,Fabiola Paz Miranda Gabaldón,F,11.0,94.6,5.0,3.2,Bajo-Bajo,,1
EST-572,Zaida Ferrando Heredia,F,6.0,100.0,2.0,3.2,Bajo-Bajo,Arte,1
EST-573,Rafael Pedrero Cortes,M,10.0,91.7,2.1,,Medio-Bajo,Robótica,0
EST-574,Víctor Costa Barriga,F,9.0,92.0,5.0,3.4,Bajo-Bajo,Deportes,1
EST-575,Cayetano Feijoo,F,9.0,97.4,2.2,,Bajo,Deportes,0
EST-576,Macario Mascaró Gibert,,6.0,92.1,4.5,5.0,Bajo-Bajo,,0
EST-577,Esteban Cuesta Nieto,M,9.0,95.8,4.0,4.7,Bajo,Ninguna,1
EST-578,Evita Camps Villa,F,11.0,87.2,2.3,4.5,Bajo-Bajo,Música,0
EST-579,José Viña Álvaro,F,11.0,100.0,4.4,3.9,Medio-Bajo,,0
EST-580,Eusebio Castelló Acevedo,M,8.0,88.3,3.7,,Medio-Bajo,Ninguna,0
EST-581,Teresa Tejera Lillo,M,6.0,93.4,5.0,4.5,Bajo,Música,0
EST-582,Dora Iñiguez Urrutia,O,8.0,94.8,3.7,5.0,Medio-Bajo,Música,1
EST-583,Samuel Gabaldón-Bayona,F,10.0,100.0,5.0,,Medio-Bajo,Arte,1
EST-584,Eulalia Exposito Figuerola,M,10.0,88.4,3.9,5.0,Medio-Bajo,Música,0
EST-585,Óscar Bou Osuna,F,8.0,100.0,3.2,5.0,Bajo,Música,0
EST-586,Isidora Linares Falcó,M,6.0,98.8,5.0,4.9,Bajo,,1
EST-587,Mar Pareja-Nogueira,M,8.0,97.1,4.7,2.2,Medio-Bajo,Música,0
EST-588,Severino Solano Suárez,M,8.0,90.1,4.0,5.0,Medio-Bajo,Robótica,0
EST-589,Nilda Capdevila Martín,M,11.0,97.9,4.7,4.1,,Deportes,1
EST-590,Nicolás Izquierdo Ruiz,M,9.0,91.4,3.7,3.8,Bajo,Robótica,1
EST-591,Amanda Azahara Barceló Aguilera,M,7.0,100.0,3.0,2.7,Bajo,Robótica,0
EST-592,Jacinto Victor Manuel Araujo Asenjo,F,9.0,90.1,5.0,4.2,,Robótica,1
EST-593,Ovidio Sola Roca,M,6.0,94.4,3.7,4.2,Bajo,Deportes,0
EST-594,Emigdio Vázquez Cordero,M,11.0,92.2,3.9,2.9,Medio-Bajo,,0
EST-595,Pepito Palomino Jover,F,8.0,90.1,4.3,2.7,Bajo,Robótica,0
EST-596,Tecla Tejedor Cisneros,M,8.0,,4.3,4.7,Medio-Bajo,Robótica,0
EST-597,Mario Carro Pons,F,8.0,97.7,2.3,5.0,Bajo-Bajo,Deportes,0
EST-598,Ángela Barroso Sedano,M,9.0,100.0,5.0,4.4,Medio-Bajo,Deportes,1
EST-599,Candelario Carrasco Llorente,M,9.0,86.1,4.0,5.0,Medio-Bajo,Robótica,1
EST-600,Isaías Moles Feliu,M,10.0,100.0,3.8,3.9,Bajo,Ninguna,0
EST-601,Hernán Escamilla Valls,M,7.0,100.0,4.9,4.1,Bajo,Robótica,1
EST-602,Santos Nieto Ramón,M,7.0,92.7,4.3,3.3,Medio-Bajo,Música,0
EST-603,Anselmo María Olivera Bayona,M,6.0,100.0,4.9,2.6,Bajo,Robótica,0
EST-604,Modesta Salgado Aguirre,M,9.0,93.7,4.6,5.0,Medio-Bajo,Ninguna,0
EST-605,Aurora Candelas Pérez Bustos,M,6.0,88.1,4.4,4.8,Medio,Ninguna,0
EST-606,Amarilis Diéguez Checa,M,9.0,93.5,5.0,2.8,Medio-Bajo,Música,0
EST-607,Ileana Villalonga Díez,M,11.0,100.0,5.0,4.4,Medio-Bajo,Arte,1
EST-608,Raúl Basilio Escalona Oliva,M,11.0,90.8,3.8,4.1,Medio-Bajo,Arte,0
EST-609,Lalo Valbuena Borrego,F,8.0,92.0,2.7,3.9,Bajo,Música,0
EST-610,Danilo Ramis,F,8.0,98.0,5.0,3.8,Medio,Deportes,1
EST-611,Demetrio del Priego,M,6.0,95.0,3.7,4.4,Bajo,Ninguna,0
EST-612,Felix Donaire Sobrino,F,9.0,97.9,3.4,5.0,Bajo-Bajo,Música,0
EST-613,José Ángel Ledesma,F,10.0,96.2,1.9,4.4,Bajo,,0
EST-614,Lucio Adán,M,7.0,97.4,,4.1,Medio-Bajo,Deportes,0
EST-615,Lourdes Garzón,F,8.0,92.8,4.6,4.0,Bajo-Bajo,Arte,1
EST-616,Adrián Cueto Portillo,F,10.0,96.2,2.2,5.0,Medio,Deportes,0
EST-617,Enrique del Lobato,M,11.0,90.4,4.5,4.7,Bajo,Música,0
EST-618,Mireia Amador Montesinos,M,7.0,100.0,3.4,4.3,Medio-Bajo,Deportes,0
EST-619,Jose Ramón Pacheco Luís,F,,91.8,5.0,4.2,Bajo,Arte,0
EST-620,Wálter Baeza-Echevarría,F,7.0,100.0,3.3,4.3,Bajo,Ninguna,0
EST-621,Carmelita del Higueras,M,6.0,93.8,3.5,3.7,Bajo-Bajo,Deportes,0
EST-622,Ligia Comas-Coca,M,11.0,96.0,3.0,4.8,Bajo,Ninguna,0
EST-623,Sosimo Perera Camacho,M,10.0,92.5,5.0,3.1,Bajo,Deportes,0
EST-624,Herminio Calderón Sierra,F,10.0,89.9,3.1,3.3,Medio,Ninguna,0
EST-625,Raimundo Pacheco-Porta,F,6.0,86.3,3.0,4.3,Bajo,Ninguna,1
EST-626,Lola Plaza Bastida,M,11.0,89.7,4.7,2.8,Medio-Bajo,Deportes,1
EST-627,Ester Pla,M,8.0,93.4,2.3,2.4,Bajo,,0
EST-628,Visitación Gallardo Andreu,F,7.0,96.1,4.8,4.1,Bajo-Bajo,Ninguna,0
EST-629,Ámbar Domitila Zabaleta Almazán,M,9.0,100.0,5.0,2.5,Bajo,Música,0
EST-630,Soledad Aparicio Diez,M,6.0,92.8,4.7,,Bajo-Bajo,Deportes,0
EST-631,Jacinta Poza Castrillo,F,10.0,90.6,4.8,4.8,Medio,Ninguna,0
EST-632,Aurelio Alex Báez Aragonés,F,9.0,87.8,4.5,3.7,Medio-Bajo,Deportes,0
EST-633,Petrona del Dávila,F,6.0,97.4,5.0,5.0,Bajo,Deportes,1
EST-634,Natalia de Cuevas,F,6.0,100.0,5.0,,Medio-Bajo,Música,0
EST-635,Marc Agustí Larrañaga,M,6.0,100.0,4.9,4.1,Bajo-Bajo,,1
EST-636,Clarisa Quirós,M,6.0,98.5,5.0,4.4,Medio-Bajo,Ninguna,0
EST-637,Jose Miguel Figuerola Montenegro,F,9.0,98.2,2.9,3.0,Medio-Bajo,Robótica,0
EST-638,Ámbar Villanueva Gisbert,M,11.0,100.0,5.0,5.0,Medio-Bajo,Ninguna,1
EST-639,Samanta Caballero Lasa,M,6.0,96.7,2.8,4.5,Bajo,Ninguna,0
EST-640,Raquel Gimenez Ugarte,M,6.0,98.2,4.0,2.6,Bajo,Robótica,1
EST-641,Aurora Salmerón Cabañas,M,9.0,93.4,1.5,4.2,Bajo,Robótica,0
EST-642,Jacinta Gracia Reig Cazorla,M,10.0,88.2,4.4,4.3,Medio,Deportes,1
EST-643,Elías Miralles,M,7.0,91.6,3.6,3.6,Medio,Música,1
EST-644,Alejandra Tenorio Mancebo,M,7.0,95.0,5.0,,Bajo,Arte,0
EST-645,Asunción Carmela Quintana Cabo,M,9.0,95.3,4.9,4.3,Medio-Bajo,Ninguna,1
EST-646,Nydia Torre-Dominguez,F,7.0,100.0,5.0,5.0,Medio,Ninguna,0
EST-647,Carlota Fuente Hervia,F,6.0,95.4,2.7,3.8,Bajo,Música,0
EST-648,Sigfrido del Estrada,,10.0,100.0,5.0,5.0,Medio-Bajo,Ninguna,0
EST-649,Cristina Clavero Godoy,F,9.0,92.8,5.0,3.4,Bajo,Deportes,0
EST-650,José Luis Sala Badía,F,9.0,93.4,4.9,4.4,Bajo,,0
EST-651,Adrián Blanca Campoy,M,10.0,88.4,4.4,4.7,Bajo-Bajo,Robótica,0
EST-652,Amaro Prats Mesa,F,9.0,91.3,4.6,4.2,Bajo,Robótica,1
EST-653,Jonatan de Royo,F,7.0,97.6,,3.9,Medio-Bajo,Robótica,0
EST-654,Aníbal Pérez Barberá,F,8.0,95.0,5.0,4.9,Bajo,Robótica,1
EST-655,Imelda Lara Jódar Ripoll,M,6.0,99.7,2.2,5.0,Bajo-Bajo,Ninguna,0
EST-656,Adolfo Pou,M,6.0,95.9,3.5,4.3,Bajo,Ninguna,0
EST-657,Laura Bauzà Godoy,M,9.0,93.2,2.3,3.7,Medio-Bajo,Música,1
EST-658,Hilda Torres Vallés,M,11.0,100.0,3.6,3.8,Medio-Bajo,Ninguna,1
EST-659,Carina Esteve Diéguez,F,11.0,94.5,5.0,5.0,Medio-Bajo,Deportes,1
EST-660,Arsenio Iker Heras Vila,F,9.0,100.0,4.6,4.1,Bajo-Bajo,Ninguna,0
EST-661,Marcia Mendez Córdoba,M,6.0,93.0,4.1,3.4,Medio-Bajo,Ninguna,0
EST-662,Reyes del Adadia,O,6.0,98.5,4.2,2.9,Medio,Ninguna,0
EST-663,Noa Gutierrez Lasa,,10.0,99.6,1.7,2.4,Bajo,Robótica,0
EST-664,Teodora Martí Leal,M,9.0,96.0,3.6,4.4,Medio-Bajo,,0
EST-665,Fermín Melchor Sevillano Rivas,M,9.0,83.2,2.7,4.4,Medio,Ninguna,0
EST-666,Teresa Espejo Peralta,M,10.0,95.1,3.2,3.8,Medio-Bajo,Robótica,0
EST-667,Lucio Valenciano,M,10.0,100.0,5.0,4.2,Medio-Bajo,Robótica,1
EST-668,Martina Concepción Colomer Yáñez,M,10.0,97.6,3.4,3.0,Medio-Bajo,Deportes,1
EST-669,Cipriano Royo Pou,M,6.0,97.2,3.3,4.3,Bajo,Deportes,0
EST-670,Ulises Barranco Bou,M,10.0,86.4,1.0,4.2,Medio-Bajo,Ninguna,0
EST-671,Lilia Salomé Alsina Ferreras,M,11.0,91.4,3.6,3.5,Medio-Bajo,Ninguna,0
EST-672,Pili Manzano Portillo,F,7.0,97.1,2.7,5.0,Bajo,Música,0
EST-673,Mario Arturo Casals Saez,,9.0,97.1,4.5,3.4,Medio,Deportes,1
EST-674,María Cristina Mariscal Téllez,F,7.0,100.0,2.9,4.5,Medio-Bajo,Arte,0
EST-675,Reyna Duran Rubio,M,11.0,94.3,4.5,4.8,Bajo,Ninguna,1
EST-676,Valero Moraleda Fortuny,O,6.0,97.0,3.8,4.1,Medio-Bajo,Robótica,0
EST-677,Nayara Verdú,M,9.0,95.1,5.0,4.0,Bajo,Deportes,1
EST-678,Rebeca Orozco Roura,M,6.0,90.1,4.6,2.8,Medio-Bajo,Deportes,0
EST-679,Ciriaco Luque Font,O,10.0,83.7,1.7,5.0,Bajo,Ninguna,1
EST-680,Lilia Simó Mendez,F,6.0,97.2,2.5,,Medio,Música,0
EST-681,Marisela Cano Barriga,F,7.0,95.9,4.1,4.5,Bajo,Ninguna,0
EST-682,Claudio Clavero-Valentín,M,8.0,91.9,2.9,4.7,Medio-Bajo,Ninguna,0
EST-683,Mario Tirado Bárcena,M,11.0,86.9,1.0,3.3,Alto,Robótica,0
EST-684,Silvestre Jesús Pozuelo Cornejo,F,7.0,98.1,5.0,3.8,Bajo-Bajo,Ninguna,0
EST-685,Abigaíl Bello Bejarano,F,6.0,93.7,5.0,5.0,Medio-Bajo,Deportes,1
EST-686,Aarón Piñol,F,10.0,97.8,4.6,3.1,,Deportes,0
EST-687,Joaquina Caballero Alemán,F,8.0,100.0,3.3,5.0,Medio-Bajo,Deportes,0
EST-688,Xiomara Amarilis Perales Martorell,M,11.0,84.3,4.4,3.2,Medio-Bajo,Robótica,1
EST-689,Ariadna del Ureña,F,6.0,91.5,3.2,2.8,,Ninguna,0
EST-690,Diego Godoy-Casas,M,9.0,94.0,4.2,4.1,Medio-Bajo,Ninguna,0
EST-691,Matilde Juana Gomez Pavón,M,7.0,100.0,3.3,5.0,Bajo-Bajo,Robótica,1
EST-692,Jenny Llorente-Cuéllar,M,6.0,86.8,5.0,2.0,Bajo-Bajo,Música,0
EST-693,Tito Prats Robledo,F,9.0,100.0,2.1,4.1,Medio-Bajo,Robótica,0
EST-694,Anunciación Renata Ordóñez Moya,M,9.0,95.7,5.0,4.7,Bajo,Música,1
EST-695,Calixto Checa Barros,M,10.0,94.5,,4.2,Bajo-Bajo,Música,0
EST-696,Natividad Ana Belén Roselló Toro,F,7.0,94.0,3.8,4.4,Bajo-Bajo,Ninguna,1
EST-697,Maximiliano Baquero,M,8.0,92.8,4.2,3.5,Medio-Bajo,Música,0
EST-698,Laura Hidalgo Corbacho,F,8.0,100.0,4.9,3.6,Bajo-Bajo,,0
EST-699,Samu Guillermo Aller Coronado,M,11.0,89.7,,3.8,Medio-Bajo,Deportes,0
EST-700,Olimpia Segarra Martorell,F,7.0,96.7,4.8,3.1,Medio-Bajo,,1
EST-701,Obdulia Barrios Vives,F,7.0,93.1,3.3,4.0,Medio-Bajo,,1
EST-702,Amado Nadal Martín,M,8.0,91.2,4.1,3.8,Bajo-Bajo,Robótica,0
EST-703,Juan Carlos Fortuny Font,M,9.0,100.0,5.0,3.7,Bajo-Bajo,Deportes,0
EST-704,Amaya Nadia Marin Badía,M,7.0,97.1,5.0,4.3,Medio-Bajo,,0
EST-705,Pelayo Aguado,M,11.0,98.1,5.0,2.4,Medio-Alto,Deportes,0
EST-706,Adela Gimenez Rosado,O,7.0,100.0,5.0,3.8,Bajo,Ninguna,1
EST-707,Norberto Torrijos Pinto,M,11.0,87.9,4.7,5.0,Bajo,Música,1
EST-708,Arsenio Sureda,F,6.0,100.0,5.0,3.1,Bajo-Bajo,Arte,1
EST-709,Alcides Barceló Guillén,M,9.0,82.5,3.0,,Medio-Bajo,Música,0
EST-710,Florencio Arellano Aguilera,F,11.0,91.2,2.4,4.3,Medio-Bajo,Robótica,0
EST-711,Andrés Felipe Garay Pedrero,F,6.0,92.7,4.1,3.4,Bajo-Bajo,Ninguna,0
EST-712,Edmundo Tejera Soria,F,11.0,97.9,3.0,2.7,Bajo,Ninguna,0
EST-713,Eloísa Carnero Moreno,M,8.0,96.1,2.7,4.3,Medio-Bajo,Música,0
EST-714,Lupe Araujo-Amigó,M,11.0,94.2,3.5,5.0,Bajo,Robótica,1
EST-715,Estefanía Montalbán Espada,M,9.0,94.9,5.0,3.8,Medio-Bajo,Robótica,0
EST-716,Águeda del Méndez,F,7.0,90.1,4.2,4.1,Medio-Bajo,Arte,0
EST-717,Leandro Martinez,F,6.0,87.5,3.9,4.9,Medio-Bajo,Robótica,0
EST-718,Reina Adadia Capdevila,O,,98.6,2.9,4.5,Medio-Bajo,Música,1
EST-719,Damián Valero,M,6.0,98.5,2.2,2.6,Medio-Bajo,Música,1
EST-720,Aura Bosch Ochoa,F,6.0,100.0,3.0,4.3,Medio,Música,0
EST-721,Abilio Cazorla Martí,F,6.0,91.0,5.0,5.0,Bajo,Robótica,1
EST-722,Joaquina Aguirre Andres,M,8.0,98.5,4.4,,Bajo-Bajo,Robótica,0
EST-723,Nilda de Manzano,M,10.0,93.6,4.7,1.5,Medio-Bajo,Arte,0
EST-724,Vinicio Palomino-Casanova,F,6.0,100.0,4.9,4.6,Bajo,,0
EST-725,Fabiana Espejo-Giralt,F,6.0,100.0,3.3,4.0,Medio,Música,0
EST-726,Yésica de Gracia,F,9.0,96.1,,2.4,Bajo-Bajo,Música,0
EST-727,Nicodemo Ferrando Murcia,M,7.0,93.3,3.2,2.3,Medio,Ninguna,0
EST-728,Aránzazu Luís,F,6.0,99.8,5.0,5.0,Medio-Bajo,Deportes,0
EST-729,Alondra Ferrero Araujo,M,6.0,98.2,,3.5,Medio-Bajo,Música,0
EST-730,Edgardo del Bustos,M,11.0,91.6,1.9,,Bajo,Música,0
EST-731,Cebrián Casanova Cámara,M,10.0,88.4,3.0,3.9,Medio-Alto,Deportes,1
EST-732,Encarna Marqués Ramis,F,8.0,93.6,,3.6,Bajo,Deportes,0
EST-733,Ale Bayón,F,9.0,100.0,5.0,4.3,Bajo,Robótica,0
EST-734,Rosalía de Lumbreras,F,9.0,100.0,4.0,,Bajo-Bajo,Deportes,0
EST-735,Toribio Carmelo Narváez Cisneros,M,9.0,89.4,1.0,2.5,Medio,Ninguna,0
EST-736,Nazaret Carrasco Bosch,F,9.0,89.2,4.0,3.4,Bajo,Música,0
EST-737,Celestino Mena Badía,M,9.0,100.0,3.4,4.4,Medio-Bajo,Ninguna,0
EST-738,Leyre Escalona-Ibarra,F,7.0,89.3,1.7,3.7,Medio-Bajo,Ninguna,0
EST-739,Saturnina Velasco Tomas,M,6.0,97.5,5.0,3.9,Medio-Bajo,Ninguna,1
EST-740,Eric Puente,M,8.0,91.9,4.1,5.0,Medio-Bajo,,0
EST-741,Marisa de Carrasco,M,11.0,100.0,4.0,4.7,Medio-Bajo,Ninguna,1
EST-742,Vanesa Liliana Rivera Garcia,M,9.0,91.1,3.9,5.0,Medio-Bajo,Música,1
EST-743,Alejandra de Losa,F,10.0,100.0,2.2,4.0,Medio-Bajo,Robótica,0
EST-744,Nando Pons Avilés,F,11.0,95.9,2.4,4.4,Bajo-Bajo,,0
EST-745,Carmen Montesinos,M,6.0,96.3,5.0,3.6,Bajo-Bajo,Ninguna,0
EST-746,Kike Carpio Manrique,F,10.0,85.1,2.9,4.5,Bajo-Bajo,Ninguna,0
EST-747,Armida Bosch Cañizares,M,9.0,84.0,3.5,3.8,Bajo,Robótica,0
EST-748,Salomón Luís Llopis,F,11.0,93.9,1.5,4.4,Bajo,Robótica,0
EST-749,América Reina Sureda Vilanova,F,11.0,96.2,2.4,4.2,Medio-Bajo,,0
EST-750,Samuel Jose Francisco Manjón Ramírez,F,9.0,89.4,4.2,3.9,Medio,Arte,0
EST-751,Carlito Fulgencio Cabañas Tena,M,7.0,89.6,4.0,5.0,Bajo,Ninguna,0
EST-752,Iván Sevillano Codina,F,10.0,97.8,5.0,3.5,Medio-Bajo,Deportes,0
EST-753,Hector Esparza,F,6.0,97.8,5.0,,Bajo,Ninguna,0
EST-754,Carmelo González Daza,M,10.0,94.3,4.1,4.9,Bajo,Deportes,1
EST-755,Diana Pizarro Palomino,M,11.0,98.9,4.6,3.6,Medio-Bajo,Robótica,0
EST-756,Nicolás Sotelo-Gonzalo,F,8.0,89.1,3.1,3.6,Medio,,0
EST-757,Pío de Carballo,F,9.0,93.2,5.0,3.1,Bajo-Bajo,Robótica,0
EST-758,Fortunato Guardiola-Río,F,8.0,100.0,5.0,4.5,Bajo,Ninguna,0
EST-759,Artemio Borrego Milla,F,8.0,95.3,4.2,,Bajo-Bajo,Música,0
EST-760,Jose Antonio Jafet Fortuny Teruel,F,7.0,95.6,4.2,3.9,Bajo,Música,0
EST-761,Fabiana Fábregas-Aguiló,M,10.0,100.0,5.0,4.7,Medio-Bajo,Ninguna,1
EST-762,Román Antúnez Arana,M,11.0,88.0,4.2,1.8,Medio-Bajo,,0
EST-763,Rosa Salmerón Carbajo,M,11.0,99.0,5.0,3.5,Medio-Bajo,Deportes,0
EST-764,Gervasio Herrero Galiano,F,6.0,100.0,1.5,3.8,Bajo,Ninguna,0
EST-765,Hernando Tenorio-Ariño,M,11.0,93.4,4.6,3.0,Medio,,0
EST-766,Plácido Blasco Vázquez,F,10.0,99.3,3.4,2.5,Bajo,Música,0
EST-767,Inocencio del Manrique,F,7.0,90.1,5.0,3.9,Medio-Bajo,Música,0
EST-768,Francisco Javier Luís Aguilera,F,6.0,91.6,5.0,4.7,Bajo,,0
EST-769,Belen Manzanares-Miralles,M,7.0,96.9,4.0,5.0,Medio,Música,0
EST-770,Calista Palacios-Rodrigo,F,11.0,99.0,5.0,3.5,Medio-Bajo,Ninguna,0
EST-771,Pili Iborra,M,9.0,100.0,5.0,4.7,Medio,Ninguna,0
EST-772,Godofredo Villaverde,F,10.0,100.0,4.5,4.8,Bajo,Robótica,1
EST-773,Priscila Valcárcel,M,7.0,94.7,5.0,5.0,Medio-Bajo,Arte,1
EST-774,Edelmira Isaura Coello Oliva,M,10.0,100.0,4.0,3.6,Medio-Bajo,Ninguna,0
EST-775,Noemí Huertas Marí,F,6.0,93.3,3.7,2.2,Medio-Bajo,Ninguna,0
EST-776,Reyna Rosalinda Jódar Viñas,M,8.0,99.5,5.0,4.3,,Música,0
EST-777,Anselma Cuevas Mayo,M,9.0,96.0,4.0,3.2,Bajo-Bajo,Robótica,1
EST-778,Leyre Conesa Castells,F,6.0,97.2,4.1,3.5,Bajo,Música,0
EST-779,Soledad del Solana,F,10.0,97.1,5.0,3.9,Bajo,Arte,0
EST-780,Rosendo Almeida-Parra,F,7.0,87.0,3.5,3.6,Medio-Bajo,Arte,0
EST-781,Begoña Visitación Portero Valls,F,9.0,89.4,1.5,4.0,Medio-Bajo,Robótica,0
EST-782,Fabiana Encarnación Ferrán Río,F,8.0,95.5,4.4,4.9,Bajo-Bajo,Música,0
EST-783,Isaías Arco,M,9.0,86.6,2.7,3.5,Medio,,0
EST-784,Rosenda del Maldonado,M,6.0,99.2,5.0,4.4,Bajo-Bajo,Ninguna,0
EST-785,Zaida Quintanilla Ugarte,M,6.0,99.4,5.0,4.2,Bajo,Robótica,1
EST-786,Cesar Tejero Robles,F,11.0,96.6,5.0,5.0,Bajo,Robótica,1
EST-787,Maricruz Pera Canales,F,7.0,89.4,5.0,3.5,Medio-Bajo,Ninguna,1
EST-788,Bernardo Niño Franco,M,10.0,100.0,5.0,4.1,Medio-Bajo,Arte,0
EST-789,Heliodoro Requena Llamas,M,11.0,100.0,3.6,3.8,Bajo,,1
EST-790,Guiomar Martinez Yuste,F,7.0,95.7,5.0,4.0,Medio-Bajo,Robótica,1
EST-791,Rodrigo Codina Alemany,M,7.0,97.6,5.0,3.4,Bajo-Bajo,Deportes,1
EST-792,Hernán del Prat,F,9.0,96.0,3.2,3.3,Bajo,Robótica,0
EST-793,Marcelino Arce Carreras,F,11.0,97.7,5.0,5.0,Bajo,Deportes,0
EST-794,Manuel Antúnez Peláez,F,11.0,94.4,3.3,2.9,Bajo,Ninguna,0
EST-795,Sabina Valle Feliu,M,8.0,94.8,3.4,3.7,Medio,,1
EST-796,Julián Mesa Daza,F,10.0,99.5,4.4,5.0,Medio-Bajo,Ninguna,0
EST-797,Bárbara Hernando,F,6.0,100.0,4.9,3.8,Bajo,Música,0
EST-798,Arturo Garzón Benavent,F,11.0,88.0,4.6,4.5,Bajo,Ninguna,0
EST-799,Matías Paniagua Herranz,F,11.0,94.5,2.8,3.4,Bajo-Bajo,Ninguna,0
EST-800,Carmina Pelayo Briones,F,6.0,89.1,4.4,2.8,Bajo,Arte,1
EST-801,Pepito Donato Mayol Vallejo,F,7.0,100.0,3.2,2.6,Bajo,Arte,0
EST-802,Coral Cabello Cuéllar,,6.0,92.1,2.2,5.0,Bajo,Música,0
EST-803,Basilio Sanabria Arias,F,7.0,87.8,2.8,2.8,Medio-Bajo,Deportes,1
EST-804,Elvira Ripoll Rodriguez,,10.0,98.2,3.1,,Bajo,Arte,0
EST-805,Rosalva Bru Alcalá,,8.0,100.0,5.0,3.2,Bajo,Música,1
EST-806,Julie Caparrós-Perea,F,6.0,98.3,5.0,5.0,Medio,Música,0
EST-807,Estela Talavera Trillo,F,7.0,96.0,2.2,5.0,Bajo,Deportes,0
EST-808,Luciano Mármol-Oliva,F,11.0,97.0,4.4,2.5,Bajo,Música,0
EST-809,Adoración Cruz Diez,M,9.0,100.0,2.6,2.9,Bajo,Ninguna,0
EST-810,Cecilio Hierro Checa,M,8.0,90.6,4.8,5.0,Bajo,Robótica,0
EST-811,Evangelina Sáenz Rincón,O,6.0,94.4,3.7,4.7,Bajo,Robótica,1
EST-812,Lola Jacinta Fernández Bernad,F,11.0,92.7,2.7,5.0,Bajo,Arte,0
EST-813,Paca Falcó Cózar,M,10.0,89.2,4.5,3.3,Medio-Bajo,,0
EST-814,Clarisa Sáez Santos,F,7.0,93.4,3.7,5.0,Medio-Bajo,Deportes,1
EST-815,Sigfrido Rius Guitart,F,6.0,100.0,3.6,4.3,Medio-Bajo,Deportes,0
EST-816,Bautista Zabala Miró,F,6.0,97.8,1.5,3.0,Bajo,Robótica,0
EST-817,Albino Anglada Sánchez,F,6.0,98.2,5.0,3.9,,Deportes,0
EST-818,Alma Fabra,,9.0,95.7,5.0,2.8,Bajo,,0
EST-819,Gerardo Bautista Iriarte,M,11.0,97.6,4.0,5.0,Bajo-Bajo,Robótica,0
EST-820,Crescencia Reina Bartolomé,M,8.0,91.0,2.6,3.5,Bajo,Deportes,1
EST-821,Clímaco Román Iglesia,F,11.0,93.5,5.0,4.7,Bajo,Música,0
EST-822,América Clotilde Pozuelo Quintanilla,M,8.0,,3.2,3.7,Bajo-Bajo,Deportes,0
EST-823,Nilda Vilalta-Vargas,M,10.0,96.4,3.5,3.4,Bajo-Bajo,Ninguna,0
EST-824,Guadalupe Valls-Izquierdo,M,10.0,96.6,5.0,2.3,Bajo,Deportes,0
EST-825,Inés del Navarro,F,6.0,94.3,3.6,4.6,Bajo,Ninguna,1
EST-826,Fortunata Casals Giralt,F,8.0,93.1,4.9,5.0,Bajo,Música,0
EST-827,Rita Odalys Garcés Mosquera,M,9.0,100.0,5.0,3.3,Bajo-Bajo,Robótica,1
EST-828,Isaías Melero Gomis,M,6.0,99.5,4.5,2.7,Bajo,Música,0
EST-829,Alma Barbero Cortina,F,8.0,97.1,4.3,4.8,Bajo,Ninguna,0
EST-830,Nacho Pla Farré,M,9.0,93.8,4.9,2.6,Bajo-Bajo,,1
EST-831,Fortunata Nieto-Clemente,M,11.0,92.7,4.3,5.0,Bajo,Música,0
EST-832,Jonatan Hervia Arcos,M,8.0,94.3,3.9,,Bajo-Bajo,Música,0
EST-833,Angelita Daza Martí,M,10.0,96.5,5.0,3.1,Medio-Bajo,Música,1
EST-834,Paloma Julieta Ramis Miguel,M,8.0,85.6,1.9,4.1,Bajo,Música,0
EST-835,Heriberto Tejedor Andres,F,10.0,87.2,4.7,,Bajo,Arte,0
EST-836,Mirta Octavia Sobrino Andres,M,9.0,91.8,,3.5,Bajo-Bajo,,0
EST-837,Fernanda Flavia Montoya Lorenzo,F,11.0,96.0,5.0,4.6,Bajo,Robótica,1
EST-838,Ainoa Rey Torres,M,8.0,93.8,5.0,1.8,Bajo,Robótica,0
EST-839,Amanda Pelayo Nebot,F,9.0,100.0,4.3,5.0,Medio-Alto,Música,1
EST-840,Marcelino Villar Aroca,F,9.0,87.6,,3.7,Medio-Bajo,Ninguna,0
EST-841,Amparo Rueda Ramis,M,8.0,91.2,4.3,2.9,Bajo-Bajo,Robótica,1
EST-842,Jerónimo Lucio Landa Cuenca,F,6.0,100.0,2.8,3.0,Medio-Bajo,Ninguna,0
EST-843,Fabián Guerra Baró,M,6.0,95.7,3.1,5.0,Bajo,,0
EST-844,Hugo Marciano Giner Garmendia,O,6.0,99.4,2.5,4.8,Bajo-Bajo,Música,0
EST-845,Feliciano Colom,M,11.0,100.0,3.4,5.0,,Robótica,0
EST-846,Francisca Merino Sans,,7.0,91.5,3.3,3.3,Bajo-Bajo,Ninguna,0
EST-847,Petrona Alcolea-Sanabria,M,7.0,94.5,1.5,4.5,Bajo,,0
EST-848,Blanca Carballo Anaya,O,10.0,93.6,5.0,4.6,Medio-Bajo,Deportes,1
EST-849,Flor Rojas Antúnez,F,7.0,85.2,5.0,4.6,Medio-Bajo,Deportes,0
EST-850,Evangelina Machado,,8.0,93.4,5.0,5.0,Medio,Robótica,1
EST-851,Ángel Maximiano Santamaria Julián,,6.0,99.4,3.8,3.3,Medio-Bajo,Ninguna,0
EST-852,Martirio Sancho Tena,F,11.0,97.7,3.9,3.9,Medio-Bajo,Ninguna,0
EST-853,Noemí González Jordán,M,11.0,98.1,3.9,3.4,Bajo,Ninguna,1
EST-854,Mayte del Roda,F,11.0,93.1,4.5,3.9,Bajo-Bajo,Ninguna,1
EST-855,Cayetano Carmelo Donaire Luna,M,8.0,91.7,4.0,4.9,Medio-Bajo,,0
EST-856,Leyre del Camacho,M,10.0,100.0,3.0,2.5,Alto,Arte,0
EST-857,Manu Íngrid Carranza Bernal,M,6.0,92.5,5.0,5.0,Bajo,Deportes,0
EST-858,Jose Ignacio Guijarro Anglada,M,6.0,96.5,2.2,3.1,Medio-Alto,,0
EST-859,Encarnacion Mateo Alonso,F,6.0,95.8,5.0,3.9,Bajo-Bajo,Música,1
EST-860,Imelda Ledesma Pinto,M,9.0,100.0,3.9,5.0,Bajo,Deportes,0
EST-861,Kike Sanjuan Izaguirre,F,8.0,99.9,5.0,4.5,Bajo-Bajo,Arte,0
EST-862,Fortunato Camacho Aparicio,M,8.0,88.5,3.9,4.2,Bajo,Música,0
EST-863,Isidora Torrent Fernández,F,6.0,89.1,3.1,2.5,Medio-Bajo,Ninguna,0
EST-864,Felix Roldan Carreras,M,8.0,97.9,3.7,3.0,Bajo,Ninguna,0
EST-865,Samanta Arteaga Cal,M,10.0,94.7,4.4,5.0,Medio,Música,1
EST-866,Virginia Coello Palomar,F,8.0,92.7,,3.6,Medio-Bajo,Robótica,0
EST-867,Esther Piña-Hervia,M,10.0,100.0,3.1,3.7,Bajo,Arte,0
EST-868,Fabricio Bayón Dalmau,M,7.0,95.9,2.3,5.0,Medio-Bajo,Música,1
EST-869,José Luis Juan Bautista Gómez Pina,F,10.0,95.3,2.9,3.2,Bajo-Bajo,Música,0
EST-870,Nilo Bartolomé Luque,F,9.0,98.9,4.5,4.3,Medio-Bajo,Ninguna,1
EST-871,Ale Moya Villar,M,7.0,93.1,4.4,4.2,Bajo,Robótica,0
EST-872,Daniel Fuster Sastre,M,7.0,100.0,1.6,4.2,Bajo,Robótica,0
EST-873,Josep Franch Pacheco,F,9.0,91.1,3.8,3.7,Medio-Bajo,Deportes,0
EST-874,Ariadna Villena Rosselló,M,10.0,98.3,5.0,3.6,Medio,Robótica,1
EST-875,Francisca Cortés-Diez,M,8.0,100.0,4.2,3.1,Medio-Bajo,Arte,1
EST-876,Luisina Díez Cantero,M,7.0,88.1,2.7,4.4,Medio-Bajo,,0
EST-877,Elisabet Rosaura Leon Cabanillas,F,11.0,93.3,3.5,3.5,Medio-Bajo,Música,0
EST-878,Cloe Acedo Cuadrado,F,9.0,100.0,3.4,5.0,Bajo,Arte,0
EST-879,Elba Frutos Sotelo,M,8.0,100.0,3.2,4.0,Medio-Bajo,,0
EST-880,María Del Carmen Escalona Talavera,M,8.0,94.1,4.6,2.9,Bajo,Ninguna,1
EST-881,Quique Dan Casas Crespi,M,7.0,91.3,5.0,4.0,Bajo-Bajo,Deportes,0
EST-882,Florencia Borrego-Palomares,F,9.0,99.8,3.1,3.6,Bajo,Ninguna,0
EST-883,Ignacia Redondo Matas,M,8.0,100.0,3.6,5.0,Bajo,Robótica,0
EST-884,Luis Miguel del Olmedo,M,11.0,89.2,3.4,3.3,Bajo,Ninguna,0
EST-885,Marcela Andrade Duran,,8.0,89.0,3.1,3.6,Bajo,Música,1
EST-886,Asdrubal Fortuny Reina,M,8.0,96.1,5.0,5.0,Bajo-Bajo,Robótica,0
EST-887,Edelmiro Estévez Yáñez,F,9.0,98.1,1.5,4.7,,Música,0
EST-888,Sarita Franco-Palma,M,11.0,93.5,3.4,5.0,Medio-Bajo,Música,0
EST-889,Lucio Pintor Rozas,M,10.0,98.4,5.0,5.0,Medio-Bajo,,0
EST-890,Plácido Guardia Guillén,M,8.0,91.4,3.6,3.1,Bajo,Ninguna,0
EST-891,Gloria Iglesia Lasa,F,10.0,84.4,2.9,4.9,Medio-Bajo,,1
EST-892,Matías de Lloret,F,9.0,92.9,4.5,5.0,Bajo-Bajo,Música,0
EST-893,Lupe Acuña Ferrández,F,8.0,95.3,5.0,5.0,Medio-Bajo,Robótica,0
EST-894,Melisa Andrade Ariza,M,7.0,93.6,4.7,5.0,Bajo,,1
EST-895,Diego Cruz Guerra Chamorro,F,8.0,89.2,2.5,4.7,Bajo,Ninguna,0
EST-896,Alicia Cervera,M,7.0,85.9,4.0,3.6,Bajo,Música,0
EST-897,Alma Céspedes Botella,,11.0,92.4,3.5,3.4,Medio-Bajo,Música,0
EST-898,Rosa María Collado Llorente,F,7.0,99.5,4.9,3.6,Medio,Ninguna,0
EST-899,Juanito Poza Gonzalo,M,11.0,100.0,5.0,2.5,Medio-Bajo,Robótica,0
EST-900,Isaac Casado López,M,9.0,100.0,1.5,5.0,Bajo-Bajo,Deportes,0
EST-901,Segismundo de Sánchez,M,9.0,90.9,4.1,3.7,Bajo,Ninguna,0
EST-902,César Flores-Casanovas,M,9.0,89.2,1.4,5.0,Medio,,0
EST-903,Salomé Iniesta Rosales,M,6.0,97.5,5.0,3.0,Bajo,,0
EST-904,Lope Goicoechea,F,8.0,98.2,3.4,5.0,Medio,Música,0
EST-905,Belén Bejarano Carlos,M,6.0,97.0,4.9,3.7,Bajo,Deportes,0
EST-906,Maximino Aliaga,F,9.0,84.9,3.9,2.6,Medio,Deportes,1
EST-907,Mireia Rebollo Nevado,F,8.0,90.7,3.4,5.0,Medio,Robótica,1
EST-908,Custodio Rafa Mínguez Salas,M,10.0,94.9,2.9,5.0,Medio-Bajo,Deportes,0
EST-909,Graciela Tamarit Cuenca,M,7.0,97.4,5.0,4.4,Bajo-Bajo,Deportes,1
EST-910,Sonia Fajardo Roca,M,6.0,98.8,5.0,4.2,Bajo,Robótica,0
EST-911,Venceslás Rius,F,8.0,95.7,5.0,4.6,,Arte,1
EST-912,Plácido del Ferrándiz,M,11.0,96.7,4.1,4.4,Medio,Deportes,0
EST-913,Olimpia Cañete Gámez,F,10.0,95.4,4.3,3.2,Bajo-Bajo,Ninguna,0
EST-914,Joel Pareja Santiago,M,8.0,98.4,4.1,3.8,Bajo,Música,1
EST-915,Consuela Vaquero Casado,F,8.0,96.6,4.1,5.0,Medio-Bajo,Deportes,1
EST-916,Juanita Valero Jara,M,6.0,95.3,2.7,5.0,Medio-Bajo,Robótica,0
EST-917,Herberto Mata-Barranco,M,11.0,93.7,4.5,5.0,Medio-Bajo,Deportes,1
EST-918,Agapito del Botella,F,9.0,95.4,3.1,4.7,Medio-Bajo,Música,0
EST-919,Isaac Sobrino Quevedo,F,7.0,97.4,4.5,3.9,Medio,Música,0
EST-920,Modesto Molins,M,9.0,96.3,4.2,3.2,Bajo-Bajo,Ninguna,0
EST-921,Bautista García,,6.0,96.9,4.3,3.5,Bajo-Bajo,Robótica,0
EST-922,Cristian Rico Molins,F,11.0,100.0,5.0,3.6,Bajo-Bajo,Robótica,1
EST-923,Ester de Araujo,F,6.0,96.3,4.4,5.0,Medio,Deportes,1
EST-924,Maristela de Valle,F,9.0,91.8,4.9,5.0,Bajo,Música,0
EST-925,Alejandra Gárate,M,7.0,99.4,5.0,4.7,Bajo-Bajo,Ninguna,0
EST-926,Amaya Nieto-Suarez,M,10.0,88.2,5.0,2.9,Bajo,Robótica,1
EST-927,Salvador Iglesia Farré,M,10.0,89.6,4.9,4.8,Bajo,Robótica,0
EST-928,Ana Belén Rey-Juliá,F,9.0,96.7,3.6,4.0,Medio-Bajo,,0
EST-929,Tania Piñeiro-Vendrell,F,9.0,97.6,4.3,2.0,Medio-Bajo,Deportes,0
EST-930,Cloe Ledesma,M,11.0,88.8,,4.2,Medio-Bajo,Robótica,0
EST-931,Elvira Rosenda Solera Pagès,M,6.0,93.1,5.0,3.2,Bajo-Bajo,Ninguna,1
EST-932,Nicanor Borrás,F,7.0,92.0,4.3,3.2,Medio,Ninguna,0
EST-933,Pilar Revilla Hierro,O,7.0,92.6,4.0,3.7,Bajo,,0
EST-934,Adalberto Alegre Sosa,F,11.0,99.7,5.0,3.7,Medio-Bajo,Deportes,1
EST-935,Ruy Vendrell Castilla,M,8.0,,2.6,4.0,Bajo-Bajo,,0
EST-936,Agustina Granados Castro,M,10.0,94.9,5.0,4.1,Bajo-Bajo,Robótica,0
EST-937,Elodia Almansa Suarez,M,9.0,92.3,5.0,2.3,Bajo-Bajo,Música,0
EST-938,Maite Lladó Rueda,F,7.0,88.3,3.4,5.0,Medio-Bajo,,0
EST-939,Angélica España-Diez,M,7.0,100.0,4.2,3.2,Medio-Bajo,Arte,1
EST-940,Cristian Pla,F,7.0,98.0,4.6,,,Arte,0
EST-941,Eligio Adolfo Heras Costa,M,8.0,91.5,5.0,3.9,Bajo,Deportes,1
EST-942,Reynaldo Amorós-Araujo,F,7.0,98.6,4.1,4.1,Medio-Bajo,Deportes,0
EST-943,Azucena de Zorrilla,F,6.0,94.6,4.2,5.0,Bajo-Bajo,Deportes,0
EST-944,Jerónimo de Saura,F,11.0,93.6,4.0,4.5,Bajo,Deportes,0
EST-945,Amílcar Nogueira-Galan,M,11.0,97.2,5.0,4.8,Bajo,Arte,1
EST-946,Otilia Rocamora,M,7.0,91.3,3.6,4.5,Medio-Bajo,Robótica,0
EST-947,Natalia Novoa-Guardia,M,7.0,93.3,4.0,4.4,,Robótica,0
EST-948,Tamara Barrios,F,6.0,95.6,5.0,4.5,Alto,Robótica,0
EST-949,Eusebio Murcia Neira,,9.0,,4.2,2.3,Bajo,Música,0
EST-950,Tito Artemio Arana Fiol,F,10.0,98.3,5.0,4.0,Bajo,Deportes,0
EST-951,Joaquín Aguado,F,6.0,100.0,2.9,5.0,Bajo-Bajo,Deportes,0
EST-952,Ana Osuna Capdevila,F,6.0,91.2,4.2,5.0,Medio-Bajo,Robótica,1
EST-953,Amílcar Vidal,M,10.0,86.7,5.0,2.7,Bajo,Robótica,1
EST-954,Dan Cózar Ros,F,9.0,85.0,2.7,4.3,Medio-Bajo,Arte,0
EST-955,Carlos Ibarra Hierro,M,6.0,94.2,3.8,3.4,Bajo,Ninguna,0
EST-956,Odalis Gimeno Rodríguez,M,9.0,91.7,4.3,5.0,Bajo,,0
EST-957,Ligia Sancho Salcedo,F,7.0,96.0,2.8,2.8,Medio-Bajo,Deportes,0
EST-958,Alicia de Pareja,M,8.0,95.7,3.5,4.6,Medio-Bajo,Ninguna,0
EST-959,Valero Cárdenas,M,10.0,87.0,3.6,2.5,Bajo-Bajo,Robótica,0
EST-960,Aarón Núñez Sosa,F,10.0,85.9,4.0,3.4,Medio-Bajo,Ninguna,1
EST-961,Selena Catalina Velázquez Luque,M,8.0,96.5,5.0,4.0,Medio-Bajo,Ninguna,0
EST-962,Nerea Duque Blanch,F,11.0,95.7,5.0,5.0,Bajo-Bajo,Música,0
EST-963,Susanita Acero Palacios,M,8.0,92.9,3.4,3.1,Bajo,Robótica,1
EST-964,Gabino Suárez,M,10.0,86.7,4.0,4.6,Bajo,,1
EST-965,Juan Carlos Lobato Suárez,M,8.0,97.4,4.8,4.0,Bajo,Ninguna,0
EST-966,Amor Aramburu Nogueira,M,11.0,100.0,5.0,4.5,Medio-Bajo,Deportes,0
EST-967,Evelia Quero Company,F,11.0,96.4,4.9,5.0,Bajo-Bajo,Robótica,0
EST-968,Quique Segura-Benavides,M,6.0,90.8,4.3,,Bajo-Bajo,Robótica,0
EST-969,Perla Pascual Pellicer,F,11.0,95.2,5.0,4.8,,,1
EST-970,Luciana Elías,M,10.0,88.2,4.7,3.3,Medio,Robótica,1
EST-971,Cornelio Heras Diéguez,F,10.0,100.0,3.3,5.0,Medio-Bajo,Robótica,1
EST-972,Abraham Guardia-Cárdenas,F,7.0,95.4,4.2,4.5,Bajo-Bajo,Música,0
EST-973,Jose Manuel Urbano Rubio Castells,F,10.0,86.2,5.0,3.7,Bajo,Arte,0
EST-974,Graciano Ariza Amo,M,11.0,93.5,3.8,,Bajo,Arte,0
EST-975,Andrea Muñoz Morell,M,7.0,97.3,4.2,5.0,Medio-Bajo,Música,0
EST-976,Adora Batlle Terrón,M,11.0,93.3,3.7,,Bajo,Ninguna,0
EST-977,Juanito Rios Anglada,F,,93.6,1.5,3.7,Medio,Música,0
EST-978,Jose Carlos Mínguez-Blanca,M,6.0,88.9,3.5,2.6,,Ninguna,0
EST-979,Isabela Palomares,F,9.0,97.8,4.4,4.9,Medio-Bajo,Deportes,0
EST-980,Azahar Almansa Priego,F,9.0,91.8,3.4,2.8,Medio-Bajo,Robótica,0
EST-981,Virginia Ofelia Sacristán Anguita,M,9.0,84.2,2.1,2.6,Medio-Bajo,Deportes,0
EST-982,Juan Carlos Robledo Casal,F,6.0,93.1,2.9,3.1,Bajo,Arte,0
EST-983,Marc Toño Mate Hurtado,M,11.0,99.9,4.9,3.8,Medio-Bajo,Robótica,0
EST-984,Edgardo Blanco-Cánovas,M,6.0,93.1,5.0,2.9,Bajo,Robótica,0
EST-985,Tristán Márquez Barbero,F,6.0,100.0,5.0,2.3,Bajo,Música,1
EST-986,Manu Cruz Fajardo,F,6.0,97.1,2.4,,Medio,,0
EST-987,Gloria Alarcón Sosa,F,9.0,96.7,5.0,4.8,Medio,Arte,1
EST-988,Albert Quevedo,M,11.0,94.4,3.6,2.9,Medio-Bajo,Robótica,1
EST-989,Juan Pablo Perea Criado,M,9.0,94.7,3.3,,Bajo,Ninguna,0
EST-990,Haydée Priego,F,10.0,93.7,3.4,5.0,Medio-Bajo,Deportes,0
EST-991,Eugenio Pizarro Amaya,F,6.0,93.5,,,Bajo-Bajo,Ninguna,0
EST-992,Luis Miguel Villaverde Azcona,F,9.0,97.7,5.0,4.3,Bajo-Bajo,Ninguna,0
EST-993,Mario Sáez Duque,M,8.0,90.3,3.9,3.3,Medio-Bajo,Música,0
EST-994,Espiridión Jimenez Villa,F,8.0,89.6,3.8,5.0,Bajo,Música,1
EST-995,Fabiana Águila,M,6.0,89.4,4.1,3.4,Medio,Música,0
EST-996,Charo de Gonzalez,M,9.0,100.0,,4.0,Bajo,Música,1
EST-997,Luz Haro Borrell,F,8.0,97.7,5.0,5.0,Bajo,Ninguna,1
EST-998,Priscila Chamorro Tormo,M,10.0,96.5,2.5,4.0,Medio-Bajo,Robótica,0
EST-999,Noelia de Galindo,O,8.0,89.7,3.5,3.9,Medio-Bajo,Robótica,0
EST-1000,Benigno Codina Marin,M,6.0,98.1,2.7,3.9,Bajo,Arte,0
EST-1001,Victoriano Celestino Medina Rico,M,9.0,94.4,3.9,3.7,Bajo,Ninguna,0
EST-1002,Victor Norberto Duran Amador,F,6.0,96.1,3.7,4.4,Medio-Bajo,Ninguna,0
EST-1003,Emiliano Mendoza Aragón,F,11.0,90.1,4.3,4.8,Bajo,Arte,1
EST-1004,Lucila Sotelo-Diéguez,F,9.0,95.8,3.0,3.6,Bajo-Bajo,Arte,0
EST-1005,María Dolores Conesa Palomo,F,6.0,92.9,2.2,3.4,Medio-Bajo,Deportes,0
EST-1006,Yago Figueras,F,11.0,91.2,1.9,3.4,Bajo-Bajo,Ninguna,1
EST-1007,Modesta Andreu Mulet,F,8.0,98.7,3.8,2.8,Medio,,0
EST-1008,Mireia Casares Ballesteros,F,6.0,87.3,3.0,2.3,Medio-Bajo,Robótica,0
EST-1009,Magdalena Pareja Yuste,M,9.0,97.8,,4.5,Medio-Alto,Deportes,0
EST-1010,Leocadio Salvà-Aller,F,7.0,98.4,5.0,4.9,Bajo,Ninguna,0
EST-1011,Teobaldo Heras Simó,M,10.0,90.6,3.4,4.9,Medio,Ninguna,1
EST-1012,Sarita Andrade,O,10.0,90.9,5.0,1.8,Bajo-Bajo,Robótica,1
EST-1013,Lina Blazquez Alcalá,F,11.0,93.9,5.0,3.8,Bajo-Bajo,Ninguna,0
EST-1014,Natalia Samper,,8.0,96.4,1.7,3.1,Bajo-Bajo,Música,0
EST-1015,Berta Cuervo Meléndez,F,8.0,94.2,4.1,4.3,Bajo,Deportes,0
EST-1016,Leyre del Cases,F,10.0,97.2,3.9,3.8,Bajo-Bajo,Deportes,1
EST-1017,Rómulo Dueñas Porras,M,6.0,100.0,1.5,4.8,Bajo,Robótica,0
EST-1018,Florencio Amat Sureda,F,9.0,92.5,2.3,4.2,Bajo,Deportes,0
EST-1019,Aitor Gibert Monreal,F,9.0,86.4,4.4,1.8,,Ninguna,0
EST-1020,Eloísa Gimenez-Balaguer,M,6.0,99.1,5.0,,Medio-Bajo,Ninguna,1
EST-1021,Maximino Viana,F,8.0,100.0,5.0,4.2,Bajo-Bajo,Robótica,0
EST-1022,Julieta del Tolosa,M,11.0,97.0,4.4,4.1,Medio-Bajo,Ninguna,0
EST-1023,Luciano Chaparro Mena,F,11.0,89.6,3.9,2.3,Medio-Bajo,,1
EST-1024,Bienvenida Dulce Mur Ribes,O,6.0,94.4,,2.7,Medio,Robótica,0
EST-1025,Haroldo Castrillo,F,6.0,89.4,5.0,4.0,Bajo,Arte,0
EST-1026,Heliodoro Morata Salgado,M,7.0,98.2,3.3,2.8,Medio,Arte,0
EST-1027,Gustavo Caro Agustín,F,11.0,88.2,1.5,2.2,Medio-Bajo,Robótica,1
EST-1028,Chelo Rocamora Bustamante,F,6.0,93.5,1.5,3.6,Medio,Ninguna,0
EST-1029,Adelia Pomares Zamorano,M,10.0,90.0,5.0,3.2,Bajo-Bajo,,0
EST-1030,Ernesto Salvador Cerdán,F,6.0,95.6,3.9,3.3,Medio-Bajo,Robótica,0
EST-1031,Dan Robles Ayllón,M,9.0,93.2,4.6,3.3,Medio-Bajo,Ninguna,1
EST-1032,Clara Sanabria Cardona,F,8.0,95.9,1.9,4.0,Bajo-Bajo,Ninguna,0
EST-1033,Horacio Peralta Aguirre,M,10.0,95.1,3.1,3.5,Medio-Bajo,Música,0
EST-1034,Pía Checa Vicente,M,7.0,90.1,3.6,4.3,Medio-Bajo,Música,0
EST-1035,Nuria del Mena,M,9.0,98.1,4.2,3.6,Medio-Bajo,Ninguna,0
EST-1036,Apolonia Daza Castelló,F,7.0,94.8,3.9,4.4,Bajo-Bajo,Deportes,1
EST-1037,Azucena del Corbacho,M,10.0,90.1,2.8,5.0,Medio-Bajo,Deportes,0
EST-1038,Germán Mayol Suárez,F,11.0,100.0,3.5,5.0,Bajo-Bajo,Robótica,1
EST-1039,Custodio Cabezas Vizcaíno,M,6.0,97.4,5.0,5.0,Medio-Bajo,Ninguna,1
EST-1040,Lupe Vizcaíno Montes,M,11.0,94.2,4.7,5.0,Bajo-Bajo,Arte,1
EST-1041,Inocencio Galán Tejedor,F,9.0,100.0,4.7,4.4,Bajo-Bajo,Música,0
EST-1042,Claudio Frías Domínguez,F,6.0,100.0,2.9,3.6,Bajo,Ninguna,0
EST-1043,Aníbal Coello Pinto,M,8.0,94.3,1.5,3.8,Medio-Bajo,Música,0
EST-1044,Jeremías Arco Agudo,F,6.0,96.7,3.8,3.3,Medio,Robótica,1
EST-1045,Mauricio Leiva Delgado,F,10.0,90.1,3.4,4.2,Bajo-Bajo,Música,1
EST-1046,Felicidad Anaya,F,10.0,94.3,4.4,4.9,Bajo-Bajo,Robótica,0
EST-1047,Saturnino de Pi,M,6.0,94.0,5.0,3.5,Bajo,Robótica,1
EST-1048,Florencio Baena Pedro,M,8.0,95.9,5.0,4.2,Medio-Bajo,Deportes,1
EST-1049,Carina Leon Nogués,F,10.0,96.7,5.0,3.5,Bajo,,1
EST-1050,Mamen Carrasco-Torrens,M,11.0,97.8,4.7,4.2,Bajo,Ninguna,0
EST-1051,Delfina Cerro Raya,F,8.0,96.2,3.6,3.5,Medio-Bajo,Ninguna,1
EST-1052,Roque Berenguer Arjona,F,11.0,88.9,4.3,3.2,Bajo,Robótica,1
EST-1053,Estela Vallejo Noguera,F,9.0,90.3,5.0,3.5,Bajo,Robótica,0
EST-1054,Armando Paredes-Cerdá,F,8.0,92.3,5.0,4.5,Bajo,Ninguna,1
EST-1055,Benito Porta Blazquez,O,11.0,93.6,3.3,4.1,Medio-Bajo,Música,0
EST-1056,Baudelio Boada Padilla,M,8.0,100.0,4.3,3.6,Medio,Ninguna,0
EST-1057,Eric Poza Nebot,F,8.0,89.2,2.2,4.2,Medio-Bajo,,1
EST-1058,Urbano de Roman,M,8.0,93.2,5.0,3.8,Bajo,,0
EST-1059,Tiburcio de Medina,M,11.0,99.8,5.0,5.0,Bajo,Ninguna,1
EST-1060,Ibán Bas Ríos,F,10.0,93.5,4.0,3.2,Bajo-Bajo,Música,0
EST-1061,Etelvina Mercader Diego,F,8.0,97.3,3.2,4.0,Medio-Bajo,Arte,0
EST-1062,Samanta Marcos-Zurita,O,7.0,94.3,4.4,2.6,Medio-Bajo,Ninguna,0
EST-1063,Carla Segovia Torre,F,8.0,96.3,4.5,3.9,Medio,Arte,0
EST-1064,Lisandro Tello Corominas,M,9.0,93.9,4.5,2.5,Bajo-Bajo,,1
EST-1065,Priscila Hilda Borrell Leon,M,7.0,98.3,4.2,4.9,Medio-Bajo,Música,0
EST-1066,Irene Ros-Rodríguez,F,10.0,87.3,3.3,4.5,Medio-Bajo,Ninguna,0
EST-1067,Tania Galán Tormo,M,8.0,93.2,5.0,5.0,Bajo,Deportes,0
EST-1068,Graciano Serra Esparza,M,7.0,96.5,5.0,4.2,Medio-Bajo,Robótica,1
EST-1069,Cruz Carreño Pallarès,M,6.0,97.7,2.8,3.3,Medio,Deportes,0
EST-1070,Piedad Prada,M,7.0,100.0,3.2,3.4,Medio,Deportes,1
EST-1071,Feliciano Miralles Fuertes,M,11.0,93.0,3.7,5.0,Medio-Bajo,Música,0
EST-1072,Duilio Andrés Domínguez Villar,M,7.0,100.0,4.9,5.0,Bajo-Bajo,Ninguna,0
EST-1073,Consuelo Lerma,M,6.0,91.7,4.6,4.1,Medio-Bajo,Ninguna,1
EST-1074,Bienvenida López Valdés,M,8.0,100.0,3.2,3.5,Medio-Bajo,Ninguna,0
EST-1075,Elpidio Quintanilla Chaparro,O,7.0,99.1,4.3,5.0,Bajo,Deportes,0
EST-1076,Vinicio Riera Salcedo,M,6.0,90.4,4.0,3.3,Bajo-Bajo,,1
EST-1077,Mamen Pintor Padilla,M,7.0,96.5,5.0,4.4,Bajo-Bajo,Robótica,0
EST-1078,Eloy Mateo-Artigas,F,9.0,94.7,4.8,5.0,Bajo-Bajo,Robótica,1
EST-1079,Lalo Valenzuela Soria,M,9.0,98.1,4.0,3.4,Medio-Bajo,Deportes,1
EST-1080,Jenny Moliner Román,F,8.0,93.9,4.3,5.0,Bajo,Robótica,0
EST-1081,Socorro Mas Jara,F,8.0,93.5,5.0,4.7,Bajo-Bajo,Arte,0
EST-1082,María Ángeles Ainara Galan Aguilar,M,11.0,100.0,3.3,4.2,Bajo,Deportes,0
EST-1083,Jesús Ramos Bou,M,8.0,94.5,4.9,3.2,Bajo,,1
EST-1084,Rosa Aller Serra,F,7.0,99.1,4.3,3.3,Bajo-Bajo,Ninguna,1
EST-1085,Custodio Borrás-Roman,F,7.0,93.9,4.5,4.3,Bajo-Bajo,Ninguna,0
EST-1086,Beatriz Vera Ramón,M,8.0,100.0,3.2,2.6,Bajo-Bajo,Ninguna,0
EST-1087,Marcela Arnal Ruiz,F,10.0,91.6,,4.3,Medio-Bajo,Robótica,0
EST-1088,Eric Laguna-Elorza,M,7.0,91.9,5.0,4.7,Bajo-Bajo,Deportes,0
EST-1089,Lilia Ramírez Tejera,O,10.0,100.0,2.9,5.0,Medio-Bajo,Ninguna,0
EST-1090,Tecla Armengol Camps,M,,92.8,2.8,2.6,Bajo-Bajo,Ninguna,1
EST-1091,Silvio Estrada,F,8.0,100.0,2.9,,Bajo-Bajo,Música,1
EST-1092,Claudio Blanch-Aranda,F,10.0,99.5,3.0,5.0,Bajo,Ninguna,1
EST-1093,Belen Gonzalo-Noriega,F,7.0,94.2,4.7,4.6,Bajo-Bajo,Robótica,0
EST-1094,María Belén Flavia Castellanos Figueras,F,9.0,85.9,2.2,2.7,Bajo-Bajo,Ninguna,1
EST-1095,Serafina de Ibarra,M,7.0,94.9,4.0,3.9,Bajo,,1
EST-1096,Maricela Noriega-Beltrán,M,10.0,95.5,4.7,4.2,Bajo,Música,0
EST-1097,Teófila Seguí,M,6.0,100.0,4.5,4.5,Medio-Bajo,Música,0
EST-1098,Ángela Salamanca Soler,M,11.0,100.0,3.9,4.0,Bajo-Bajo,Ninguna,1
EST-1099,Pío Barón Arribas,F,,91.6,4.6,4.3,Medio-Bajo,Ninguna,1
EST-1100,Amada Bello Rebollo,M,11.0,99.0,4.1,4.1,Medio-Bajo,Deportes,0
EST-1101,Maxi Castañeda Ordóñez,M,8.0,98.8,3.7,4.5,Medio-Bajo,Deportes,0
EST-1102,Cruz Gallo Gascón,O,10.0,100.0,3.7,3.7,Bajo,Música,0
EST-1103,Paca Benet Seco,F,7.0,97.5,5.0,3.9,Medio-Bajo,Música,1
EST-1104,Salomé Hervia Adán,F,11.0,85.3,4.9,3.1,,Ninguna,1
EST-1105,Gloria Gomila Arroyo,O,6.0,94.2,5.0,5.0,Bajo-Bajo,Deportes,0
EST-1106,Rafa Escamilla-Garzón,M,6.0,89.2,2.9,5.0,Bajo-Bajo,Deportes,0
EST-1107,Azucena Chacón Almazán,M,8.0,94.0,4.3,4.8,Medio,Música,1
EST-1108,Nico Ribera Tomé,F,6.0,99.9,2.8,5.0,Bajo,Arte,1
EST-1109,Luis Miguel Herrera Salom,F,7.0,96.5,3.4,4.8,Medio,Ninguna,1
EST-1110,Ramona Cuenca Teruel,M,11.0,100.0,5.0,4.4,Bajo,Música,1
EST-1111,Pancho Almagro Gonzalo,F,11.0,96.7,3.4,2.7,Medio,Arte,0
EST-1112,Raquel Rosario Mancebo Lastra,M,8.0,88.5,5.0,3.6,Medio,Robótica,1
EST-1113,Adriana Olmedo-Folch,M,11.0,82.4,2.0,3.4,Medio,Ninguna,0
EST-1114,Lope Benavente Ayuso,F,9.0,95.7,3.1,3.1,Bajo,,1
EST-1115,Gastón Esparza Navas,F,7.0,93.9,,2.5,Medio-Bajo,Ninguna,0
EST-1116,Nicanor Tejero Marcos,F,10.0,90.1,,4.7,Medio,Deportes,1
EST-1117,Rita Rosenda Parra Salom,M,9.0,86.5,5.0,4.0,Bajo,Ninguna,1
EST-1118,Matías Raya Pazos,F,11.0,91.3,4.5,3.0,Bajo,Música,0
EST-1119,Lucas del Pintor,M,7.0,94.0,,3.5,Medio-Bajo,Robótica,0
EST-1120,Goyo Galiano-Cerdá,M,9.0,98.3,3.8,5.0,Bajo,Ninguna,0
EST-1121,Lucio Teodoro Miranda Blasco,F,6.0,95.9,4.0,3.3,Medio-Bajo,Deportes,1
EST-1122,Hernán Cañete Borrell,O,6.0,100.0,3.3,4.4,Bajo-Bajo,Deportes,1
EST-1123,Marcio Silva Cordero,F,6.0,89.8,2.8,3.7,Bajo,,1
EST-1124,Máximo Torralba Grau,F,11.0,99.4,5.0,4.5,Bajo-Bajo,Ninguna,0
EST-1125,Estefanía Salinas Bautista,F,10.0,95.2,1.8,3.3,Bajo,Deportes,0
EST-1126,Adelina Salvador Valentín,F,10.0,98.5,5.0,4.3,Bajo,Deportes,0
EST-1127,Encarnacion Roca-Valle,M,8.0,92.8,3.6,4.4,,Deportes,0
EST-1128,Eloy de Benito,M,7.0,100.0,3.1,4.4,Bajo-Bajo,Música,0
EST-1129,Tomás Juanito Sevilla Rodrigo,M,6.0,96.5,5.0,4.1,Medio-Bajo,Ninguna,1
EST-1130,Mirta Osorio Boix,M,7.0,91.6,5.0,4.5,Medio-Bajo,Deportes,0
EST-1131,Marcelino Feliu Ibáñez,F,8.0,94.9,5.0,5.0,Bajo,Deportes,1
EST-1132,Amanda Rocha Hernandez,F,10.0,93.8,4.6,5.0,Bajo,Música,0
EST-1133,Roberta Mas Girón,M,9.0,97.4,5.0,3.6,Bajo,Música,0
EST-1134,Abigaíl del Lozano,M,6.0,89.1,1.4,1.6,Bajo,Música,0
EST-1135,Teo Alvarez Quirós,F,6.0,94.9,3.4,4.8,Bajo-Bajo,Deportes,0
EST-1136,Genoveva Ibáñez Valls,M,6.0,97.0,3.3,4.4,Bajo,Deportes,1
EST-1137,Salomón Nicolás-Bueno,F,8.0,95.2,5.0,5.0,Medio,,0
EST-1138,Rafa de Amat,F,,100.0,3.5,4.5,Bajo-Bajo,Música,0
EST-1139,Dolores Milla Roma,F,9.0,98.9,5.0,4.3,Medio-Bajo,Música,1
EST-1140,Adelia Emma Cepeda Nicolás,F,10.0,95.0,5.0,5.0,Medio,Deportes,1
EST-1141,Jerónimo Pánfilo Casares Plana,F,8.0,96.1,3.0,5.0,Medio-Bajo,Ninguna,0
EST-1142,Aitor Pont-Gil,M,8.0,96.5,3.3,2.8,Medio-Bajo,Robótica,0
EST-1143,Ainoa Nicolasa Arrieta Cadenas,F,6.0,97.0,5.0,3.4,Medio-Bajo,Música,0
EST-1144,Rosalía Narváez Fabregat,F,11.0,85.9,2.6,3.8,Bajo,Arte,0
EST-1145,Ema del Ferrer,M,10.0,93.5,4.1,4.1,Medio,Ninguna,0
EST-1146,Jorge Barrios Montero,F,6.0,87.6,3.0,,Medio,Ninguna,1
EST-1147,Aránzazu del Bustos,F,8.0,100.0,3.6,4.4,Bajo,Ninguna,0
EST-1148,Che Cervera,F,8.0,94.7,3.9,5.0,Bajo,Robótica,0
EST-1149,Cipriano Criado Fonseca,F,9.0,94.0,3.1,5.0,Bajo,Ninguna,0
EST-1150,Baldomero del Diéguez,F,11.0,99.5,3.2,4.8,Bajo,Música,1
EST-1151,Primitiva Anunciación Lorenzo Arnal,F,9.0,97.1,4.3,,Bajo,Deportes,0
EST-1152,Nilda Adadia Revilla,F,,89.4,2.5,3.8,Medio-Bajo,Música,0
EST-1153,Gastón Amorós Bayo,F,6.0,94.6,3.0,3.9,Medio-Bajo,Ninguna,0
EST-1154,Selena Gras Artigas,F,6.0,93.3,2.9,4.7,Bajo,Deportes,0
EST-1155,Benita Gutiérrez Paz,F,6.0,86.3,3.4,4.3,Bajo-Bajo,Música,0
EST-1156,Vicenta Oliver Barrera,F,6.0,91.5,5.0,5.0,Medio-Bajo,Ninguna,0
EST-1157,Isabel de Gomis,M,10.0,94.1,5.0,3.7,Bajo-Bajo,Robótica,0
EST-1158,Bienvenida Poza Arcos,F,10.0,94.4,3.1,4.6,Bajo-Bajo,Deportes,0
EST-1159,Susanita Llorens Ariño,F,6.0,87.6,5.0,5.0,Medio-Bajo,Deportes,0
EST-1160,Pancho del Pla,M,10.0,100.0,3.2,3.6,Bajo,Música,1
EST-1161,Olegario Morante Calderón,F,6.0,94.5,,4.1,Bajo-Bajo,Ninguna,0
EST-1162,Morena Buendía Soria,M,7.0,95.2,3.5,3.3,Bajo,,1
EST-1163,Graciano Patiño Luján,M,7.0,97.0,3.0,4.3,Medio-Bajo,Robótica,0
EST-1164,Dorotea Malo Alfonso,F,8.0,91.1,3.5,3.4,Medio-Bajo,Deportes,1
EST-1165,Pepe Cobos Cuervo,M,7.0,97.3,3.9,5.0,Bajo,Música,0
EST-1166,Custodia Manzanares Pablo,F,8.0,93.2,4.7,4.1,Bajo-Bajo,Ninguna,0
EST-1167,Régulo Luque Espada,F,8.0,90.5,5.0,3.1,Medio-Bajo,Ninguna,1
EST-1168,Felipe Baró Posada,F,11.0,97.9,3.3,4.8,Medio,Ninguna,1
EST-1169,Jose Luis Gelabert,,6.0,100.0,3.2,4.2,Medio-Bajo,Ninguna,1
EST-1170,Hilda Valcárcel Mariscal,M,6.0,98.6,3.3,5.0,Medio-Bajo,Ninguna,1
EST-1171,Fernanda Laguna Cerdá,F,6.0,99.6,3.9,3.1,Bajo,Música,0
EST-1172,Eleuterio Soriano Aguado,O,9.0,92.4,3.7,4.6,Medio-Bajo,Música,0
EST-1173,Nazaret Leyre Vidal Piñol,F,6.0,87.0,2.4,4.7,Medio,Música,0
EST-1174,Óscar Castañeda Vigil,M,10.0,100.0,4.3,3.8,Medio-Bajo,Música,0
EST-1175,Lupe Verdugo-Pozo,F,8.0,100.0,5.0,2.9,Medio,Deportes,1
EST-1176,Rodrigo Armengol-Salinas,F,9.0,100.0,3.4,4.2,Bajo,Arte,0
EST-1177,Violeta Mulet Baquero,F,9.0,93.3,3.9,5.0,Medio,,1
EST-1178,Rodrigo Asensio Gargallo,M,6.0,89.2,4.2,5.0,Medio-Bajo,Música,0
EST-1179,Dan del Heras,F,7.0,89.7,2.8,,Medio-Bajo,Ninguna,0
EST-1180,Pepita Nieto Aliaga,F,7.0,86.6,4.3,2.4,Bajo-Bajo,Ninguna,0
EST-1181,Roldán Valero Hoz Garriga,O,,94.5,3.1,3.8,Medio-Bajo,Música,0
EST-1182,Pánfilo Águila Neira,M,7.0,100.0,5.0,3.7,Medio-Bajo,Robótica,1
EST-1183,Bienvenida Benigna Losada Guardia,F,6.0,94.3,4.8,4.6,Bajo-Bajo,Deportes,1
EST-1184,Isabel Menendez,F,11.0,96.5,3.3,4.1,Medio-Bajo,Robótica,0
EST-1185,Eliseo del Leiva,M,6.0,100.0,3.7,3.2,Medio-Bajo,Ninguna,1
EST-1186,Fabiola Celia Figueras Ballesteros,F,10.0,93.0,3.4,5.0,Bajo,Deportes,0
EST-1187,Olga Manso Lobo,F,10.0,100.0,5.0,4.1,Bajo,Ninguna,1
EST-1188,Valeria Ana Belén Carretero Barón,M,7.0,100.0,2.5,4.4,Medio-Bajo,Ninguna,0
EST-1189,Rubén Comas,M,6.0,94.3,3.2,2.3,Bajo,Ninguna,0
EST-1190,Abel Acedo Baró,F,6.0,92.1,3.3,1.8,Bajo-Bajo,Arte,0
EST-1191,Antonia Agustí Macias,M,10.0,98.5,4.0,2.8,Bajo-Bajo,Robótica,0
EST-1192,Ana Belén Izquierdo-Raya,F,9.0,93.3,3.7,3.7,Bajo-Bajo,Música,0
EST-1193,Ignacia Rodríguez-Benavides,M,10.0,89.2,1.7,4.5,Bajo,Deportes,0
EST-1194,Isidoro Zapata Macias,F,11.0,100.0,3.5,1.9,Bajo,Música,0
EST-1195,Carla Olmo Roig,M,10.0,100.0,3.9,5.0,Medio-Bajo,Deportes,0
EST-1196,Javi Palomar Pintor,F,6.0,95.8,3.6,4.4,Medio-Bajo,Robótica,1
EST-1197,Haydée Rosa Blanca,O,7.0,88.7,,5.0,Medio-Bajo,Arte,1
EST-1198,María José Uribe Valverde,O,11.0,88.9,5.0,3.0,Bajo-Bajo,Deportes,1
EST-1199,Bernardita Patiño Sierra,F,7.0,95.5,,4.7,Bajo,Robótica,0
EST-1200,Socorro Pellicer Frías,M,6.0,92.5,,4.3,Bajo,Robótica,0
EST-1201,Felicidad Teruel-Ibáñez,F,10.0,93.3,1.5,5.0,Medio-Bajo,,0
EST-1202,Natividad Falcón Boix,M,8.0,100.0,3.5,4.0,Medio-Bajo,,0
EST-1203,Trinidad Miguela Pérez Gil,M,11.0,98.7,5.0,4.7,Medio-Bajo,Música,0
EST-1204,Raquel Acero Miralles,M,9.0,100.0,3.5,5.0,Bajo-Bajo,Deportes,0
EST-1205,Ángeles Gabaldón-Cepeda,F,6.0,90.0,2.6,3.2,Medio-Bajo,Música,0
EST-1206,Ámbar Valcárcel Tovar,F,11.0,93.3,5.0,,Medio-Bajo,Ninguna,0
EST-1207,Irene Olalla Cobo Lastra,F,7.0,98.8,5.0,2.3,Medio-Bajo,Robótica,0
EST-1208,Angelina de Campos,M,7.0,97.2,5.0,4.9,Bajo,Música,1
EST-1209,Ciro Bárcena Grau,M,8.0,100.0,5.0,5.0,Medio-Bajo,Ninguna,1
EST-1210,Moreno Roma Sans,O,6.0,97.1,1.5,3.0,Bajo-Bajo,Robótica,0
EST-1211,Camila Gomis Aguirre,M,8.0,100.0,3.1,4.1,Medio-Bajo,Deportes,0
EST-1212,Gabriela Goñi Salas,M,6.0,97.7,3.8,4.9,Bajo,Ninguna,1
EST-1213,Celso Ferrando Gracia,M,8.0,100.0,4.1,4.0,Bajo-Bajo,Ninguna,1
EST-1214,Elpidio Oliva Llanos,F,8.0,93.4,3.8,4.4,Bajo-Bajo,,1
EST-1215,Maximino del Jimenez,F,10.0,,1.5,3.8,Medio,Música,0
EST-1216,Pili Ferrera Bru,M,10.0,99.6,4.5,3.6,Bajo,Ninguna,0
EST-1217,Martirio Cañas Giner,M,6.0,100.0,,4.1,Medio-Bajo,Deportes,0
EST-1218,Yéssica Noriega Lastra,F,8.0,98.6,5.0,4.2,Medio,Música,1
EST-1219,Moreno Izquierdo,F,8.0,94.6,3.5,3.0,Medio,Robótica,1
EST-1220,Sergio Figueroa Córdoba,M,6.0,100.0,3.0,4.1,Medio,Robótica,0
EST-1221,Ismael Flor-Cabello,O,10.0,84.0,1.0,5.0,Medio,Ninguna,0
EST-1222,Salomón Sancho Blanco,M,10.0,87.9,3.1,3.5,Bajo,Deportes,0
EST-1223,Renato Reig Velázquez,M,7.0,98.4,5.0,3.0,Bajo-Bajo,Música,1
EST-1224,Lara Aparicio-Mata,F,8.0,95.1,3.7,4.0,Medio-Bajo,Música,1
EST-1225,Valentín Duilio Robles Barberá,M,6.0,98.0,5.0,3.5,Bajo,Deportes,0
EST-1226,Elpidio Calvo Colomer,F,9.0,95.3,3.7,2.7,Bajo-Bajo,Ninguna,0
EST-1227,Adoración Puig Castell,M,6.0,97.9,4.2,4.1,Medio-Bajo,,0
EST-1228,Crescencia Ángel Cardona,M,11.0,90.9,2.8,3.3,Medio-Bajo,Ninguna,1
EST-1229,Baldomero Villaverde Flores,O,10.0,97.9,4.7,3.4,Medio-Bajo,Ninguna,1
EST-1230,Martina Castilla Nogués,M,8.0,100.0,1.6,4.4,Medio-Bajo,Música,0
EST-1231,Che Quintero Montero,F,9.0,100.0,4.8,2.7,Medio-Bajo,Música,0
EST-1232,Javiera Novoa Macías,M,11.0,100.0,4.9,2.3,Bajo,Ninguna,0
EST-1233,Feliciano Casado-Escalona,M,9.0,96.2,5.0,4.7,Bajo,Ninguna,0
EST-1234,José de Juliá,M,6.0,96.4,2.8,2.1,Medio,Ninguna,0
EST-1235,Mirta Carretero Díaz,F,8.0,87.4,3.7,2.9,Bajo-Bajo,Arte,0
EST-1236,Luciana Fuentes Leal,,11.0,92.3,5.0,2.4,Bajo,Música,1
EST-1237,Juana Alvarez Sainz,F,9.0,94.0,4.9,3.7,Medio-Bajo,Música,1
EST-1238,Ramiro Mateo Yáñez,M,9.0,100.0,3.0,4.6,Bajo,Robótica,0
EST-1239,Ramona Parra Abella,O,11.0,91.9,1.5,4.3,Bajo,Robótica,0
EST-1240,Aroa Crescencia Serrano Vallés,M,11.0,99.0,4.4,5.0,Bajo,Ninguna,0
EST-1241,Alcides Guillén,F,11.0,95.0,4.2,5.0,Bajo,Arte,1
EST-1242,María Pilar Cañizares Olmo,F,6.0,94.1,3.7,3.3,Bajo,Deportes,1
EST-1243,José María Arana Folch,F,9.0,96.2,4.9,3.0,Medio-Bajo,Música,0
EST-1244,Ruperta Montserrat Amador,F,10.0,93.0,3.9,,Bajo,Música,0
EST-1245,Nacio Serna Huertas,F,10.0,92.9,2.4,5.0,Bajo,,0
EST-1246,Ileana Exposito Segovia,F,9.0,86.5,1.2,4.3,Bajo,Ninguna,0
EST-1247,Almudena Dora Pagès Ortega,M,6.0,93.8,2.6,4.1,Bajo-Bajo,Ninguna,0
EST-1248,Adalberto Saura Ramis,M,10.0,92.6,5.0,4.5,Medio,Música,0
EST-1249,Eutropio Chaves Baeza,F,10.0,92.4,4.9,2.5,Bajo,Ninguna,0
EST-1250,Concha Carranza Hierro,F,6.0,97.1,4.2,4.2,Medio,Ninguna,0
EST-1251,Graciana Muñoz,F,8.0,98.3,4.2,4.3,Bajo,Música,1
EST-1252,Maricela Ibañez Peinado,F,6.0,96.2,3.7,3.3,Medio-Bajo,Arte,0
EST-1253,Adoración Cerezo Quintanilla,M,7.0,100.0,5.0,3.7,Bajo,Arte,1
EST-1254,Rosario Vazquez,M,6.0,97.9,3.4,5.0,Bajo-Bajo,Ninguna,0
EST-1255,Roberto Solera Espada,F,8.0,93.5,4.7,3.9,Bajo-Bajo,Ninguna,0
EST-1256,Domingo Gargallo-Lozano,M,9.0,92.7,3.6,5.0,Medio-Bajo,,0
EST-1257,Itziar Gomez Coca,M,9.0,96.6,5.0,2.5,Bajo,Deportes,0
EST-1258,Amaro Alvarez España,F,9.0,97.9,4.9,3.7,Bajo,Arte,0
EST-1259,Manuelita Vélez Calvet,M,10.0,100.0,5.0,2.7,Medio-Bajo,Deportes,0
EST-1260,Sosimo Trujillo Sáenz,F,7.0,100.0,3.3,3.0,Bajo,Música,0
EST-1261,Borja Manuel Aguilar Zamorano,M,6.0,92.3,5.0,3.2,Bajo,Ninguna,1
EST-1262,Estefanía Mateu Gallo,F,11.0,94.5,3.6,4.3,Medio-Bajo,Ninguna,0
EST-1263,Aura Miguel-Sainz,M,6.0,98.4,4.1,4.3,Bajo,Ninguna,0
EST-1264,Cecilio Arco Belmonte,M,11.0,100.0,5.0,3.5,Medio-Bajo,Música,1
EST-1265,Primitivo Sarabia Company,M,11.0,99.7,3.1,1.8,Bajo,Ninguna,1
EST-1266,María Ángeles Gárate Peiró,M,8.0,94.7,4.2,5.0,Bajo,Deportes,0
EST-1267,Cebrián Luz Barrio,M,11.0,88.7,4.0,3.6,Bajo-Bajo,Deportes,0
EST-1268,Selena Cueto,M,6.0,90.0,4.1,2.6,Medio,Ninguna,0
EST-1269,Pascual Olivares Colom,F,7.0,96.4,3.5,4.5,Medio,Arte,0
EST-1270,Armando Jaume,M,9.0,96.7,5.0,4.4,Medio,Música,0
EST-1271,Herberto Lopez Amores,F,8.0,89.5,1.9,3.6,Bajo,Arte,0
EST-1272,Borja Noguera-Abril,F,11.0,95.2,5.0,4.3,Medio-Bajo,Arte,1
EST-1273,Inmaculada Águila Lillo,F,6.0,98.2,5.0,2.8,Bajo,Ninguna,0
EST-1274,José Fuentes-Lucas,M,9.0,89.2,5.0,4.7,Bajo,Robótica,0
EST-1275,Gracia Cándida Peral Montenegro,F,9.0,100.0,2.1,3.0,Medio-Bajo,Ninguna,0
EST-1276,Micaela Ramirez-Leiva,M,9.0,93.1,3.0,3.6,Bajo-Bajo,,0
EST-1277,Patricio del Rojas,M,7.0,100.0,5.0,4.8,Bajo,Música,0
EST-1278,José María Hernandez,O,8.0,92.3,1.7,5.0,Bajo,Arte,0
EST-1279,Vinicio Andrade,M,11.0,89.9,1.6,5.0,Medio-Bajo,Ninguna,0
EST-1280,Lupe Segovia Tejedor,F,7.0,92.7,3.8,,Bajo,Música,1
EST-1281,Abilio de Gil,F,10.0,94.5,4.2,3.9,Bajo,Arte,0
EST-1282,Cornelio de Leiva,,9.0,93.1,5.0,2.7,Alto,,0
EST-1283,Micaela Caparrós,F,10.0,93.9,4.2,5.0,Bajo,Ninguna,1
EST-1284,Visitación Vicens,M,10.0,96.7,3.7,5.0,Bajo,Música,1
EST-1285,Mariano Lluch Benitez,M,7.0,94.1,4.4,3.3,Medio-Bajo,,0
EST-1286,Moreno Iborra Silva,F,9.0,94.7,5.0,4.9,Medio-Bajo,Ninguna,1
EST-1287,Inmaculada Pagès Bello,,11.0,86.5,4.0,3.6,Bajo-Bajo,Robótica,0
EST-1288,Dominga Cantero,M,8.0,97.0,3.8,5.0,Medio-Bajo,Ninguna,0
EST-1289,Bartolomé Barreda Aranda,M,11.0,94.6,1.7,3.7,Bajo-Bajo,Deportes,0
EST-1290,Daniel Múñiz Ripoll,M,8.0,100.0,2.9,5.0,Bajo,Robótica,0
EST-1291,Obdulia del Alemán,M,6.0,90.3,5.0,5.0,Bajo,Deportes,0
EST-1292,Georgina Pacheco Puga,M,8.0,86.0,3.7,5.0,Bajo,Ninguna,0
EST-1293,Raquel Rey Vallejo,F,11.0,98.1,4.0,3.5,Bajo,Ninguna,1
EST-1294,Ani Heras Montenegro,F,7.0,96.7,5.0,4.4,Medio,Ninguna,0
EST-1295,Juan Pablo Perea Barroso,F,11.0,90.0,2.1,2.7,Medio-Bajo,Ninguna,0
EST-1296,Urbano Azorin,M,11.0,87.4,3.2,4.7,Medio,Robótica,0
EST-1297,Manu Arnaiz-Martí,M,8.0,100.0,4.6,5.0,Medio-Bajo,Música,1
EST-1298,Eufemia Castelló Marqués,M,6.0,100.0,3.9,5.0,Bajo-Bajo,Arte,1
EST-1299,Angelina Esteve Soler,F,10.0,82.6,3.6,4.4,Bajo,Robótica,0
EST-1300,Eliana Machado,F,7.0,92.7,4.2,4.7,Medio,Ninguna,1
EST-1301,Hilda Nadal,M,10.0,100.0,2.7,3.5,Medio-Bajo,Ninguna,1
EST-1302,Aarón Mínguez Cánovas,F,8.0,92.6,4.6,4.7,Medio,,1
EST-1303,Lola Gaya Iborra,M,8.0,92.5,2.4,3.8,Bajo-Bajo,Música,0
EST-1304,Tito Catalá Miró,F,10.0,93.6,4.2,4.3,Bajo,Deportes,0
EST-1305,Constanza Adadia-Artigas,F,8.0,89.4,5.0,3.9,Bajo,Ninguna,0
EST-1306,Itziar Carmona,F,8.0,86.5,3.6,3.3,Bajo,Ninguna,1
EST-1307,Rodolfo de Acosta,F,8.0,100.0,3.0,4.1,Bajo,Ninguna,1
EST-1308,Alfredo Paz Ayuso,F,8.0,85.8,3.7,3.5,Bajo,Deportes,1
EST-1309,Marino Ballester-Borrás,M,9.0,96.2,3.0,3.6,Medio-Bajo,Ninguna,0
EST-1310,Sofía Montoya Palomino,F,10.0,99.4,4.7,5.0,Bajo,Música,0
EST-1311,Paulina Maldonado,M,8.0,87.7,3.3,4.1,Bajo-Bajo,,0
EST-1312,Marc Acevedo Agustí,F,9.0,90.4,5.0,4.5,Medio-Bajo,Música,0
EST-1313,Corona Serafina Olivé Rubio,F,9.0,100.0,5.0,2.5,Bajo,Ninguna,0
EST-1314,Paloma Barriga Verdejo,F,7.0,97.7,3.8,4.6,Medio-Bajo,,0
EST-1315,Iker de Jara,M,7.0,91.9,5.0,4.5,Bajo,Ninguna,1
EST-1316,Alba Ainara Rincón Guerrero,F,11.0,100.0,3.5,3.8,Medio,Arte,0
EST-1317,Fátima del Burgos,F,10.0,100.0,4.4,5.0,Medio-Bajo,Ninguna,1
EST-1318,Reinaldo Vara Cal,F,9.0,96.3,4.0,1.7,Medio,Ninguna,1
EST-1319,Ángela Amo-Francisco,M,9.0,90.5,4.9,5.0,Bajo,Robótica,0
EST-1320,Wilfredo Pedraza,M,6.0,92.9,5.0,4.9,Bajo,Deportes,0
EST-1321,Gloria del Macias,M,9.0,96.4,5.0,4.5,Bajo,Ninguna,1
EST-1322,Rosa María Baños Ortega,M,8.0,94.1,5.0,4.4,Bajo,Robótica,1
EST-1323,Abril Rios España,F,9.0,99.7,5.0,4.6,Bajo,Ninguna,0
EST-1324,Chus Campo Vélez,M,8.0,87.4,4.2,4.6,Medio-Bajo,Ninguna,0
EST-1325,León del Vallés,O,6.0,87.5,2.1,3.2,Bajo,,0
EST-1326,Ramiro Simó Boada,M,7.0,95.9,5.0,4.3,Medio-Bajo,,0
EST-1327,José Manuel Figuerola Manuel,M,11.0,92.5,5.0,4.0,Medio-Bajo,Música,0
EST-1328,Begoña Herrero Bas,F,8.0,91.9,4.1,3.1,Medio-Bajo,Deportes,1
EST-1329,Julio Gaya Salvà,F,8.0,86.2,3.1,4.6,Bajo,Deportes,0
EST-1330,Wilfredo del Cid,F,6.0,95.1,4.7,3.4,Medio-Alto,Ninguna,0
EST-1331,Nazario Domínguez Bauzà,F,6.0,94.7,5.0,2.7,Bajo,Robótica,1
EST-1332,Azucena Crescencia Belmonte Gallo,F,10.0,98.3,3.8,3.7,Bajo-Bajo,,0
EST-1333,Fortunata Acedo Izaguirre,M,9.0,95.3,2.9,3.4,Medio-Bajo,Deportes,1
EST-1334,Felicidad Bilbao,O,8.0,94.3,4.4,5.0,Bajo,Ninguna,0
EST-1335,Estrella del Menendez,O,7.0,100.0,4.7,,Medio-Bajo,Música,0
EST-1336,Eloísa Campillo,F,10.0,88.4,4.4,5.0,Bajo-Bajo,Arte,0
EST-1337,Miguel Lara-Carrión,M,6.0,97.7,4.4,3.5,Bajo-Bajo,Robótica,0
EST-1338,Félix Conesa Fernández,F,6.0,86.6,3.6,4.8,Bajo-Bajo,Deportes,1
EST-1339,Ceferino Isern Melero,M,8.0,90.8,5.0,5.0,Bajo,Robótica,1
EST-1340,Vicenta Castellanos Herranz,M,7.0,88.9,4.0,4.1,Bajo-Bajo,Ninguna,1
EST-1341,Azeneth Cabo Herrera,M,7.0,98.9,3.4,4.9,Bajo-Bajo,,0
EST-1342,Evaristo Amigó Fábregas,M,9.0,94.7,4.2,4.7,Medio-Bajo,Ninguna,1
EST-1343,Miguel Ángel Darío Alcaraz Ramis,F,9.0,94.9,1.9,2.6,Medio-Bajo,Ninguna,0
EST-1344,Porfirio Gámez Borrego,F,10.0,89.5,3.3,,Medio-Bajo,Deportes,0
EST-1345,Nélida Jover Bou,F,8.0,93.5,4.8,4.5,Medio-Bajo,Música,0
EST-1346,Almudena Duque Mariño,M,6.0,91.2,4.4,3.9,Bajo,Deportes,0
EST-1347,Mercedes Marcia Crespi Mendizábal,M,7.0,96.9,5.0,3.3,Medio-Bajo,Música,0
EST-1348,Lino Toro Garmendia,M,11.0,90.0,3.2,4.6,Bajo,,0
EST-1349,Encarnacion Urrutia Cabañas,O,9.0,100.0,4.6,3.0,Bajo,Ninguna,0
EST-1350,Josefa del Guitart,M,10.0,86.6,,5.0,Medio-Bajo,,0
EST-1351,Fermín Pepito Garmendia Zamorano,F,6.0,91.0,5.0,4.3,Bajo,Música,0
EST-1352,Florinda del Arregui,,8.0,100.0,4.6,3.0,Medio-Bajo,Robótica,1
EST-1353,Aurelio Lledó Tamayo,M,6.0,92.8,2.7,3.7,Bajo,Arte,0
EST-1354,Darío Carrasco Hoz,F,9.0,88.4,4.5,3.6,Bajo-Bajo,Robótica,0
EST-1355,Alondra Acedo Ayuso,F,11.0,96.1,5.0,5.0,Bajo-Bajo,Deportes,1
EST-1356,Melania Diez Alfonso,F,11.0,,3.6,3.3,Bajo-Bajo,Deportes,0
EST-1357,Arsenio Verdejo Hervás,F,9.0,90.8,5.0,3.9,Medio,,0
EST-1358,Amarilis Rosales Gomez,M,8.0,89.5,5.0,3.2,Medio-Alto,,1
EST-1359,Montserrat Bartolomé Tapia,M,11.0,100.0,5.0,4.7,Bajo,Arte,0
EST-1360,Chus Vargas Espejo,F,9.0,93.7,4.6,,Bajo,Robótica,1
EST-1361,Diana Collado,F,6.0,85.4,2.7,2.6,Bajo,Ninguna,0
EST-1362,Emigdio Roda Arroyo,M,8.0,100.0,3.9,4.0,Medio-Bajo,Robótica,0
EST-1363,Tatiana Pineda Tapia,F,7.0,98.1,4.6,3.9,Bajo,Música,0
EST-1364,Hipólito Frutos Narváez,F,8.0,91.2,5.0,3.6,Medio,Deportes,0
EST-1365,Julieta Guijarro-Sastre,F,,90.3,4.4,3.7,Medio-Bajo,Arte,0
EST-1366,Ruy Mir Rosell,M,9.0,98.4,3.5,,Medio,Arte,0
EST-1367,Clemente Reina Vicente,F,8.0,93.8,4.7,3.9,Medio-Bajo,Arte,0
EST-1368,Teo Ojeda-Torrens,F,6.0,85.4,4.9,2.6,Medio-Bajo,Ninguna,1
EST-1369,Paz Barriga-Ros,M,8.0,100.0,4.9,3.7,Medio-Bajo,Deportes,1
EST-1370,Augusto Mascaró Maestre,M,10.0,92.8,3.4,4.1,Medio-Bajo,Ninguna,1
EST-1371,Regina Hidalgo Cabanillas,O,9.0,100.0,3.8,2.7,Medio-Bajo,Ninguna,0
EST-1372,Leocadio Ángel Tamayo,M,7.0,100.0,5.0,5.0,Medio-Bajo,,0
EST-1373,Nilda Puerta Alberto,F,11.0,90.0,1.8,4.8,Medio-Bajo,Robótica,0
EST-1374,Fulgencio Navas Mayoral,F,11.0,100.0,1.5,5.0,Medio,Arte,0
EST-1375,Flavio Palmer Guijarro,M,7.0,91.7,5.0,4.4,Medio,Ninguna,1
EST-1376,Mar Gabriela Sanchez Castilla,F,6.0,85.7,4.1,1.8,Medio-Bajo,Deportes,0
EST-1377,Paco Pol Cobo,M,10.0,92.9,5.0,5.0,Bajo-Bajo,Ninguna,1
EST-1378,Irene Iñiguez Carrión,F,10.0,97.0,3.1,3.1,Bajo-Bajo,Ninguna,1
EST-1379,Victoria Valle Vallejo,M,11.0,92.7,5.0,3.4,Medio-Bajo,Robótica,1
EST-1380,Damián Pepe Madrid Corral,F,11.0,93.5,4.3,4.4,Bajo-Bajo,Robótica,0
EST-1381,Vito Nicanor Lago Velasco,M,9.0,100.0,2.5,5.0,Bajo,Robótica,1
EST-1382,Obdulia Carnero-Pons,M,9.0,95.5,5.0,5.0,Bajo,Arte,1
EST-1383,Rosalva Carlos Ros,O,6.0,90.8,4.6,5.0,Medio-Bajo,Música,1
EST-1384,Eric Gregorio Sureda Coca,M,7.0,98.5,3.5,3.7,Medio-Bajo,,0
EST-1385,Eligio Anguita,F,8.0,96.0,3.5,3.7,Bajo,Ninguna,0
EST-1386,Diego Somoza Crespi,M,9.0,82.4,1.1,4.2,Bajo,Robótica,0
EST-1387,Margarita de Ortega,F,9.0,97.1,5.0,4.1,Medio-Bajo,,1
EST-1388,Dalila Vizcaíno Cerdán,M,10.0,97.0,4.7,5.0,Medio,Música,1
EST-1389,Vasco Macías Mena,O,7.0,95.1,3.8,4.8,Bajo-Bajo,Ninguna,0
EST-1390,Arsenio Arellano,M,9.0,99.5,5.0,4.8,Bajo-Bajo,,1
EST-1391,Bienvenida del Melero,M,6.0,91.6,2.7,1.5,Medio-Bajo,Ninguna,1
EST-1392,Rico Alcides Sanabria Borrell,M,8.0,96.7,3.3,4.3,Medio-Bajo,Música,0
EST-1393,Lucía Arrieta Sotelo,M,10.0,87.2,2.5,3.8,Medio-Bajo,,0
EST-1394,Ciríaco Morera Hoyos,F,10.0,,3.7,4.2,Medio-Bajo,Ninguna,0
EST-1395,Eugenio Flor Neira,,11.0,100.0,4.5,3.4,Medio,Deportes,1
EST-1396,Federico Mercader Peiró,F,7.0,90.0,,2.6,Bajo,Música,0
EST-1397,Anselma del Maestre,M,8.0,91.2,4.0,4.7,Bajo-Bajo,Música,1
EST-1398,Jenaro Agudo,M,7.0,91.4,2.9,3.8,Medio-Bajo,Robótica,0
EST-1399,Ernesto Adán,F,8.0,95.6,5.0,4.8,Medio-Bajo,Arte,0
EST-1400,Rosaura Serna Casal,F,11.0,89.7,5.0,3.2,Medio-Bajo,Música,0
EST-1401,Griselda Andrade Castillo,M,9.0,97.1,4.2,5.0,Medio,Robótica,0
EST-1402,Felicidad Checa Quintana,M,11.0,99.2,3.1,5.0,Medio-Bajo,,0
EST-1403,Brígida Mas Cortés,M,7.0,97.7,5.0,4.3,Medio-Bajo,Ninguna,0
EST-1404,Rita Salinas Linares,F,11.0,86.2,1.8,3.5,Bajo-Bajo,Ninguna,0
EST-1405,María José Boada Cañellas,F,6.0,100.0,3.6,5.0,Bajo-Bajo,Arte,0
EST-1406,Ismael Rozas,M,11.0,99.7,3.2,4.6,Medio-Bajo,Robótica,0
EST-1407,Alcides Caro Valls,F,7.0,99.2,2.6,4.4,Bajo-Bajo,Deportes,0
EST-1408,René Parejo Comas,F,7.0,96.9,3.7,5.0,Bajo-Bajo,Ninguna,0
EST-1409,Onofre Hoyos Nuñez,F,8.0,96.1,3.0,5.0,Medio,Robótica,0
EST-1410,Emiliano Montserrat Ibarra,F,11.0,100.0,4.4,2.9,Medio,,1
EST-1411,Dominga Vallés Vazquez,M,6.0,100.0,4.0,2.9,Bajo,Ninguna,0
EST-1412,Maximiano Pelayo-Crespo,M,8.0,90.2,3.3,3.4,Medio-Bajo,Música,0
EST-1413,Rosario Páez Nieto,M,11.0,100.0,4.0,2.7,Bajo-Bajo,Arte,1
EST-1414,José Mayo Pellicer,M,8.0,94.6,4.1,4.1,Bajo,Arte,1
EST-1415,Porfirio Ros Llano,F,7.0,94.4,5.0,4.8,Medio-Bajo,Deportes,0
EST-1416,Maricela Salgado Sevillano,F,8.0,87.3,3.3,3.9,Medio-Bajo,Deportes,0
EST-1417,Bienvenida Pellicer Pedrero,M,8.0,93.6,5.0,3.7,Bajo-Bajo,Música,1
EST-1418,Fabiola del Moll,M,11.0,90.0,4.6,,Bajo,Ninguna,1
EST-1419,Jose Luis del Bastida,M,10.0,92.7,4.7,4.3,Bajo,Deportes,0
EST-1420,Tito Tomás Reguera,F,8.0,89.5,5.0,4.2,Alto,Arte,0
EST-1421,Amanda Nevado Riquelme,M,11.0,92.8,2.7,5.0,Medio-Bajo,Música,0
EST-1422,Vera de Herranz,F,8.0,93.0,3.4,3.9,Bajo,Ninguna,0
EST-1423,Albina Lumbreras-Reina,M,6.0,95.5,5.0,5.0,Bajo-Bajo,Música,1
EST-1424,Hilda Mora Ayuso,M,7.0,,3.2,3.5,Medio-Bajo,Música,0
EST-1425,Josep Gallardo-Calzada,O,8.0,87.8,1.0,5.0,Medio-Bajo,Ninguna,0
EST-1426,Clotilde Alba Villaverde Isern,O,6.0,96.8,4.2,3.2,Medio-Bajo,,1
EST-1427,Donato de Ayuso,M,11.0,91.0,4.2,4.7,Bajo,Música,0
EST-1428,Marcio Heriberto Nicolás Diéguez,O,10.0,100.0,1.5,3.6,Medio,Música,0
EST-1429,Heliodoro de Fuentes,F,7.0,96.1,5.0,,Bajo,Robótica,0
EST-1430,Herberto Prada Roselló,F,9.0,98.0,3.1,3.5,Bajo,Ninguna,0
EST-1431,Aurelia Melero,,10.0,100.0,4.8,4.5,Bajo,Música,1
EST-1432,Edmundo de Tormo,F,11.0,93.5,3.7,3.5,Bajo,Música,0
EST-1433,Rafael Berrocal Caballero,F,11.0,92.1,2.5,5.0,Medio,Robótica,0
EST-1434,Bibiana Franco Manso,F,8.0,99.4,2.7,3.3,Medio-Bajo,Ninguna,0
EST-1435,Yago Benito Quintana Bru,M,10.0,97.5,3.3,5.0,Medio-Bajo,Robótica,1
EST-1436,Javi Querol Cózar,M,9.0,94.1,5.0,3.2,Bajo-Bajo,Robótica,0
EST-1437,Eusebio Cañas,M,9.0,100.0,3.8,2.9,Bajo-Bajo,Arte,0
EST-1438,Teresita Mariño Arenas,F,6.0,93.9,3.8,5.0,Bajo,Deportes,1
EST-1439,Esperanza del Galván,M,6.0,95.2,3.3,3.6,Medio-Bajo,Deportes,1
EST-1440,Rosendo Cadenas Leiva,F,9.0,95.1,5.0,4.2,Medio-Bajo,Música,1
EST-1441,Rafael del Manjón,O,7.0,90.3,5.0,3.9,Bajo,,0
EST-1442,Luisa Aguilera,M,6.0,95.4,5.0,2.7,Bajo-Bajo,Ninguna,0
EST-1443,Ainoa Sanmiguel Real,F,10.0,100.0,4.6,4.1,Bajo,Deportes,0
EST-1444,Ramiro Sotelo,M,6.0,97.2,4.7,5.0,Medio,Robótica,1
EST-1445,Alfonso Cifuentes Valenzuela,F,9.0,95.2,2.9,5.0,Medio-Bajo,Deportes,1
EST-1446,Juan Pablo Gabino Roca Varela,M,9.0,94.2,4.1,4.4,Bajo,Robótica,1
EST-1447,Tiburcio Lago Pera,F,11.0,96.7,3.6,5.0,Bajo,Ninguna,1
EST-1448,Nicolás Losada-Adadia,F,8.0,98.7,1.8,2.9,Bajo-Bajo,Ninguna,0
EST-1449,Consuelo Mateu-Zurita,F,6.0,98.0,5.0,3.9,Bajo,Deportes,1
EST-1450,Ani Tatiana Parejo Valcárcel,F,9.0,93.3,3.6,4.4,Medio-Bajo,Ninguna,1
EST-1451,Nadia Álvarez Puig,F,11.0,96.6,5.0,3.9,Medio,Ninguna,1
EST-1452,Emilio Soler Chaves,F,11.0,97.4,5.0,4.0,Bajo,Arte,1
EST-1453,Juanito Pavón,F,8.0,90.0,4.2,2.7,Bajo-Bajo,Música,0
EST-1454,Miriam Casado Rosell,F,7.0,95.8,4.7,1.9,Medio-Bajo,Ninguna,0
EST-1455,Curro Suárez Briones,M,11.0,84.2,2.8,4.5,Medio-Bajo,Ninguna,0
EST-1456,Edmundo Sala Alcalá,F,7.0,97.4,5.0,,Bajo-Bajo,,0
EST-1457,Patricio Correa,F,9.0,98.3,4.1,5.0,Medio-Bajo,Música,0
EST-1458,Curro del Bustamante,F,8.0,98.7,,3.8,Medio-Bajo,Deportes,1
EST-1459,Adela Feijoo-Tejera,M,6.0,93.0,3.6,3.3,Bajo,,1
EST-1460,Trinidad Daza Amigó,F,7.0,96.5,3.3,4.2,Medio-Bajo,Deportes,1
EST-1461,Ambrosio Néstor Gutierrez Guardia,M,7.0,100.0,4.6,4.9,Medio-Bajo,Ninguna,0
EST-1462,Dionisia del Villar,F,9.0,100.0,4.3,3.8,Medio-Bajo,Ninguna,0
EST-1463,Coral Contreras Mayol,M,11.0,94.9,3.1,5.0,Bajo-Bajo,Arte,0
EST-1464,Sebastián Izquierdo-Amo,F,7.0,95.7,2.3,3.0,Bajo-Bajo,Ninguna,0
EST-1465,María Fernanda Contreras-Lobo,O,10.0,100.0,2.5,4.0,Bajo-Bajo,,0
EST-1466,Moreno Antúnez Vaquero,M,6.0,87.5,5.0,3.8,Medio-Bajo,Deportes,1
EST-1467,Godofredo de Codina,O,9.0,93.4,3.3,,Bajo,Ninguna,0
EST-1468,Toribio Grande Barriga,M,6.0,100.0,3.6,4.4,Medio-Bajo,Robótica,0
EST-1469,Salud Valcárcel,F,11.0,99.9,5.0,5.0,Medio-Bajo,Música,0
EST-1470,Rafa Campo Tello,F,10.0,96.8,3.1,2.9,Bajo,Arte,1
EST-1471,Ambrosio Téllez Morillo,F,9.0,87.5,3.0,4.0,Medio-Bajo,Robótica,1
EST-1472,Pancho Rius,F,10.0,94.8,3.5,4.4,Bajo,Robótica,1
EST-1473,Sofía Colom-Clavero,F,9.0,92.1,5.0,,Bajo,Ninguna,1
EST-1474,Reyna Iñiguez Briones,M,11.0,96.7,5.0,3.4,Bajo,Música,0
EST-1475,Gabino Cueto Casal,M,10.0,91.0,5.0,5.0,Medio,Ninguna,1
EST-1476,Quirino Heredia,F,11.0,89.9,4.4,3.7,Medio-Bajo,Ninguna,0
EST-1477,Armida Gabaldón Sierra,F,8.0,84.7,2.8,2.8,Bajo-Bajo,,0
EST-1478,Jose Manuel Chamorro,F,6.0,100.0,5.0,4.0,Medio,Ninguna,0
EST-1479,Carmina Asensio Paredes,F,9.0,93.0,4.7,3.7,Medio-Bajo,Ninguna,1
EST-1480,Anacleto Mir Rosado,M,6.0,95.8,5.0,5.0,Bajo-Bajo,Música,1
EST-1481,Mirta Olimpia Valdés Hoz,F,9.0,95.0,3.9,5.0,,Deportes,0
EST-1482,Urbano Esteban Soler Zaragoza,M,8.0,89.7,3.2,,Bajo,Ninguna,0
EST-1483,Xiomara Cortina Martín,F,9.0,88.7,5.0,3.6,Medio-Bajo,Ninguna,1
EST-1484,Lucía de Gisbert,M,6.0,90.0,4.1,4.7,Medio-Bajo,Ninguna,0
EST-1485,Candelaria Cerdán-Carro,M,7.0,91.4,5.0,5.0,Bajo,Ninguna,1
EST-1486,Lina Rosalía Palmer Gomis,M,8.0,96.8,4.3,1.5,Bajo,Música,0
EST-1487,Chucho Mateo González,M,11.0,91.0,3.0,4.8,Bajo,Música,0
EST-1488,Cayetano Reguera Lloret,F,8.0,100.0,3.3,4.2,Bajo-Bajo,,0
EST-1489,Chuy Agustí Guijarro,M,8.0,100.0,4.1,2.9,Bajo,Música,0
EST-1490,Débora Fuente Bárcena,M,10.0,99.0,3.6,5.0,Bajo,Deportes,1
EST-1491,Yaiza María Del Carmen Osorio Bru,M,9.0,94.4,3.1,5.0,Medio-Bajo,Música,1
EST-1492,Francisco Jose Tudela Alarcón,M,7.0,100.0,5.0,4.8,Medio,Arte,0
EST-1493,Miguela del Núñez,M,8.0,93.9,3.7,5.0,Bajo-Bajo,Robótica,1
EST-1494,Eusebio Barrio Briones,M,7.0,94.8,4.6,5.0,Bajo-Bajo,Deportes,1
EST-1495,Oriana del Serna,F,11.0,95.8,4.4,3.4,Bajo-Bajo,Robótica,0
EST-1496,Ruperta Ordóñez Dominguez,F,6.0,98.5,3.3,2.3,Bajo,Robótica,0
EST-1497,Gisela Gisbert-Gaya,F,8.0,98.2,5.0,,Medio-Bajo,Deportes,0
EST-1498,Magdalena Campoy-Rey,M,6.0,92.6,2.7,3.8,Medio-Bajo,Ninguna,0
EST-1499,Charo Sevillano Figuerola,M,7.0,92.3,4.3,2.8,Bajo,,0
EST-1500,Américo Diaz Porta,F,10.0,98.2,4.7,4.1,Bajo,Deportes,1
EST-1501,Ema Miralles Jove,F,7.0,98.6,3.9,4.9,Bajo,Deportes,0
EST-1502,Pascual Segura Expósito,M,6.0,93.0,2.4,4.1,Bajo,,0
EST-1503,Irene Zabaleta Sanabria,M,8.0,87.1,4.5,,Medio-Bajo,Robótica,0
EST-1504,Vilma Tejera Segarra,M,6.0,94.0,4.9,3.8,Bajo-Bajo,Ninguna,0
EST-1505,Paola Fabra-Osuna,M,6.0,98.1,3.2,4.2,Medio-Bajo,Arte,0
EST-1506,Lino Esteve Campos,M,10.0,100.0,4.8,2.3,Medio-Bajo,Robótica,0
EST-1507,Encarnacion Aller,F,10.0,89.0,3.9,3.8,Bajo,,0
EST-1508,Itziar de Acosta,F,11.0,92.9,2.5,2.7,Bajo,Ninguna,0
EST-1509,Dionisia Esteve Solsona,F,11.0,93.1,3.0,4.7,Medio,Ninguna,0
EST-1510,Benita Pereira,F,9.0,100.0,5.0,2.6,Bajo-Bajo,Robótica,0
EST-1511,Mayte Medina Agustí,F,6.0,94.8,4.4,5.0,,Música,0
EST-1512,Adolfo Torrecilla Moliner,F,10.0,90.5,3.3,3.8,Bajo,Robótica,0
EST-1513,Trinidad Moll Perera,O,11.0,97.8,3.0,3.5,Medio-Bajo,Ninguna,0
EST-1514,Cristina Inmaculada Puig Jara,M,10.0,93.0,3.4,4.3,Bajo,,0
EST-1515,Edgardo Pozuelo Pla,M,8.0,88.9,3.0,2.8,Medio,Ninguna,0
EST-1516,Cristóbal Bermúdez,M,7.0,90.5,3.0,4.3,Medio-Bajo,Ninguna,0
EST-1517,Isidoro Haroldo Castrillo Coello,F,11.0,100.0,1.9,3.3,Medio,Ninguna,0
EST-1518,Adán Cervantes-Sebastián,F,10.0,96.9,5.0,3.6,Bajo,Deportes,1
EST-1519,Maximiliano Pedrosa Sotelo,M,11.0,95.5,5.0,4.6,Medio-Bajo,Robótica,0
EST-1520,Chucho Sarabia,F,6.0,93.8,2.5,3.1,Bajo,Robótica,0
EST-1521,Graciela Azeneth Tapia Alcolea,M,7.0,96.5,4.2,,Bajo,Arte,0
EST-1522,Reyna Valera,F,7.0,96.4,3.3,4.4,Medio,Robótica,1
EST-1523,Ana de Malo,M,10.0,96.5,4.1,4.2,Bajo-Bajo,Arte,1
EST-1524,Adrián Tenorio Jara,M,6.0,95.6,3.6,4.2,Medio,Ninguna,0
EST-1525,Francisco Mayo Revilla,F,6.0,99.3,3.5,4.5,Bajo,Robótica,0
EST-1526,Bibiana Baños Carballo,M,11.0,95.1,5.0,4.3,Medio-Alto,Robótica,0
EST-1527,Jordana Andres Pombo,M,6.0,90.1,3.5,4.8,Medio-Bajo,Música,0
EST-1528,Matías Suarez,M,10.0,91.9,3.0,4.3,Medio-Bajo,Música,0
EST-1529,Victor Manuel Régulo Albero Rosado,F,8.0,85.1,2.6,,Bajo-Bajo,Ninguna,0
EST-1530,Felipa Eva María Miralles Español,,11.0,100.0,5.0,2.5,Bajo,Deportes,0
EST-1531,Abilio Sebastián Francisco Vélez,M,9.0,99.3,2.0,5.0,Medio-Bajo,Robótica,0
EST-1532,Francisco de Amat,F,11.0,90.8,3.1,4.0,Medio-Bajo,Ninguna,0
EST-1533,Simón Ferrer Hurtado,F,11.0,93.6,5.0,5.0,Bajo-Bajo,Música,1
EST-1534,Ramona Rius,M,6.0,91.8,4.3,3.9,Bajo,Deportes,0
EST-1535,Fito Asensio,M,6.0,100.0,4.6,3.9,Bajo,Ninguna,1
EST-1536,Apolonia Soto Azcona,M,7.0,87.9,5.0,3.2,,Ninguna,0
EST-1537,Edmundo Valls Fabra,M,9.0,95.6,4.3,5.0,Bajo,Deportes,0
EST-1538,Urbano Pou-Fuster,F,11.0,94.5,3.6,4.5,Medio-Bajo,Arte,1
EST-1539,Cruz Múñiz Solano,M,,99.1,3.7,3.5,Bajo,,0
EST-1540,Fortunata Rodrigo Galindo,F,9.0,94.5,2.6,2.5,Bajo,,0
EST-1541,Eva Paniagua Sureda,F,6.0,86.2,,5.0,Medio,Robótica,0
EST-1542,Osvaldo del Castilla,M,10.0,93.7,4.7,4.0,Bajo-Bajo,Arte,0
EST-1543,Lino Flores Carreras,F,11.0,90.1,5.0,4.9,Medio-Bajo,Música,0
EST-1544,Clara Pérez Jove,M,7.0,95.4,5.0,5.0,Medio-Bajo,Deportes,0
EST-1545,Noa Ariel González Fiol,O,8.0,100.0,3.5,,Medio-Bajo,Deportes,0
EST-1546,Inocencio Carreño,F,6.0,86.3,2.4,4.4,Medio-Bajo,Ninguna,0
EST-1547,Yésica Expósito Martinez,F,9.0,91.0,3.9,3.4,Medio-Bajo,Ninguna,0
EST-1548,Teobaldo Torrent Estevez,F,8.0,92.2,3.0,3.2,Bajo-Bajo,Música,0
EST-1549,Graciana Castejón,M,6.0,93.1,4.6,5.0,Bajo,Ninguna,1
EST-1550,Purificación Oliva Elías,F,8.0,98.7,5.0,4.0,Medio-Bajo,Robótica,0
EST-1551,Angelino Mármol,O,7.0,94.1,3.8,4.7,Bajo-Bajo,Arte,0
EST-1552,Olivia Galiano Casanovas,F,9.0,,4.6,4.4,Bajo-Bajo,Ninguna,1
EST-1553,Rosalina Tejera-Anaya,F,9.0,91.9,3.9,4.8,Medio-Bajo,Robótica,0
EST-1554,Tadeo Leal Burgos,F,6.0,96.1,5.0,2.6,Medio-Bajo,Robótica,0
EST-1555,Estrella Zabaleta Garrido,M,10.0,98.9,3.2,3.6,Bajo,Música,0
EST-1556,Federico Bayón Ordóñez,M,10.0,91.3,1.5,3.7,Medio,Ninguna,0
EST-1557,Rufina Busquets-Vilaplana,F,8.0,98.9,4.6,3.2,Medio-Bajo,Ninguna,0
EST-1558,Ani Rios-Velasco,M,6.0,95.3,5.0,4.6,Medio,Deportes,0
EST-1559,Encarnacion Alcázar Aller,F,10.0,100.0,4.5,5.0,Medio,,0
EST-1560,Carmen Amat Barros,F,11.0,94.0,3.2,5.0,Bajo,Deportes,0
EST-1561,Bernardo Uribe Trillo,M,7.0,96.9,3.0,3.9,Medio-Bajo,Deportes,1
EST-1562,Macario Raúl Roma Mena,M,7.0,94.8,4.6,4.5,Medio-Bajo,Robótica,0
EST-1563,Horacio Florencio Iniesta Osorio,F,6.0,,4.6,,Medio-Bajo,Deportes,1
EST-1564,Clemente Toño Marqués Cerdán,M,9.0,96.3,4.2,4.8,Medio-Bajo,Robótica,1
EST-1565,Leocadia de Figueras,F,6.0,97.7,,3.1,Bajo-Bajo,,0
EST-1566,Melchor Toledo,M,8.0,88.8,2.4,5.0,Bajo,,0
EST-1567,Ariel de Carbajo,F,10.0,100.0,5.0,4.9,Bajo,,0
EST-1568,Nuria de Baena,M,9.0,85.7,3.5,4.9,Medio-Bajo,Robótica,0
EST-1569,Jonatan Amador Busquets,F,8.0,91.6,2.2,5.0,Medio-Bajo,Ninguna,1
EST-1570,Paulina Elvira Pozuelo Larrea,M,8.0,94.5,3.8,4.7,Bajo,Música,0
EST-1571,Irma Checa Plaza,F,9.0,97.1,5.0,3.2,Medio-Bajo,Robótica,0
EST-1572,Esteban Giner Cabrera,M,6.0,100.0,3.6,4.1,Medio-Bajo,,0
EST-1573,Asdrubal Íñigo Gutiérrez Marquez,F,6.0,85.7,1.7,2.2,Bajo,Música,0
EST-1574,Dimas del Ibáñez,F,11.0,92.5,3.8,4.6,Bajo-Bajo,,0
EST-1575,Ramiro Plácido Tamayo Acero,M,6.0,84.4,2.5,3.5,Bajo,Ninguna,0
EST-1576,Luisina Figueras Agustín,M,10.0,95.2,4.6,4.2,Medio,Música,0
EST-1577,Iker Morante Landa,M,11.0,96.4,4.9,5.0,Medio-Bajo,,0
EST-1578,Modesto Agullo Núñez,F,7.0,100.0,2.7,3.7,Bajo,Arte,0
EST-1579,Ainoa Montesinos Ros,F,8.0,95.6,3.2,,Bajo-Bajo,Robótica,0
EST-1580,Nico del Gutiérrez,F,9.0,100.0,4.9,4.2,Medio-Bajo,Robótica,0
EST-1581,Candelario Santos,M,11.0,97.9,3.0,2.2,Medio-Bajo,Ninguna,0
EST-1582,Fabricio del Frutos,M,11.0,92.8,2.7,3.7,Medio-Bajo,Ninguna,0
EST-1583,Darío Nadal,F,10.0,88.0,2.1,1.4,Bajo,Música,0
EST-1584,Geraldo Vendrell Guardiola,F,6.0,96.4,4.4,3.6,Bajo-Bajo,Deportes,0
EST-1585,Azeneth Olivera,O,9.0,87.5,3.9,4.6,Medio,Ninguna,0
EST-1586,Camila Solís Bauzà,M,8.0,,3.2,4.4,Bajo,Ninguna,0
EST-1587,Mario del Camino,F,8.0,94.2,4.0,3.4,Bajo,Ninguna,0
EST-1588,Josep España Sola,M,6.0,100.0,5.0,4.0,Medio-Bajo,Ninguna,0
EST-1589,María Teresa Gabaldón,M,7.0,92.6,2.8,3.1,Medio,Arte,0
EST-1590,Sarita Jurado-Olivé,F,10.0,96.3,1.7,4.2,Medio-Bajo,Deportes,0
EST-1591,Víctor Carreño Vizcaíno,F,8.0,96.0,4.5,5.0,Medio-Bajo,Robótica,0
EST-1592,Cándido Padilla Marin,O,7.0,94.8,4.3,5.0,Bajo,Ninguna,1
EST-1593,Jeremías Crespi Redondo,M,8.0,92.8,3.1,4.3,Bajo-Bajo,Arte,0
EST-1594,Graciano Atilio Pedrero Paniagua,M,11.0,97.0,4.8,4.2,Bajo-Bajo,Ninguna,0
EST-1595,Telmo Tudela,F,10.0,90.4,5.0,3.2,Medio-Bajo,Música,0
EST-1596,Benigna Perera Castro,F,7.0,89.0,1.0,3.1,Bajo-Bajo,Arte,0
EST-1597,Alfredo del Feliu,M,6.0,100.0,3.2,4.6,Medio,Música,0
EST-1598,Fernanda Bauzà Galiano,M,7.0,98.6,5.0,3.5,Bajo-Bajo,Ninguna,0
EST-1599,Iris del Olmedo,M,11.0,95.3,4.7,4.9,Bajo,Ninguna,0
EST-1600,Blas de Parejo,F,9.0,100.0,5.0,5.0,Bajo,Arte,1
EST-1601,Aitana Rodrigo Dalmau,M,,93.7,5.0,4.3,Medio-Bajo,,0
EST-1602,Delia Pagès-Rocha,M,9.0,100.0,4.4,4.3,Bajo,Robótica,1
EST-1603,Chucho Godofredo Higueras Benet,M,8.0,95.9,5.0,2.5,Medio-Bajo,Deportes,1
EST-1604,Anna Arce Llobet,M,10.0,89.9,4.8,4.6,Bajo,Deportes,1
EST-1605,Isabela de Torralba,M,9.0,100.0,5.0,3.1,Medio-Bajo,Robótica,1
EST-1606,Sancho Morera,F,6.0,100.0,3.6,3.6,Medio-Bajo,Ninguna,0
EST-1607,Victoria Solana Tomás,M,6.0,94.4,4.2,,Bajo-Bajo,Música,0
EST-1608,Marta Blanch Cadenas,F,9.0,98.6,3.3,5.0,Medio-Bajo,Ninguna,0
EST-1609,León Cuesta Gisbert,M,11.0,93.0,4.0,3.5,Medio-Bajo,Ninguna,0
EST-1610,Víctor Sobrino,F,7.0,99.1,2.6,3.8,Medio,Deportes,0
EST-1611,Quique Mena Ugarte,F,11.0,83.0,3.0,3.0,,Ninguna,1
EST-1612,Tamara Bou Montserrat,F,10.0,89.9,3.2,,Bajo-Bajo,Ninguna,0
EST-1613,Nuria Guillen Bustamante,F,7.0,99.9,2.9,3.6,Bajo-Bajo,Robótica,0
EST-1614,Lidia Santamaria Batalla,M,6.0,93.8,3.4,2.6,Bajo,Robótica,0
EST-1615,Paulino Martin Gordillo,M,6.0,96.0,3.8,4.9,Medio-Alto,Deportes,0
EST-1616,Josefina Villanueva Marqués,F,10.0,88.3,4.0,4.3,Bajo-Bajo,Deportes,0
EST-1617,Lara Cortina Cañizares,O,7.0,100.0,5.0,4.8,Medio-Bajo,Música,0
EST-1618,Aarón Ibarra Hidalgo,F,8.0,100.0,3.8,3.2,Medio-Bajo,Música,1
EST-1619,Adelardo Samu Seco Tamayo,F,8.0,94.0,5.0,3.0,Medio-Bajo,Música,0
EST-1620,Rosalinda Herranz Jara,F,10.0,93.0,5.0,4.1,Bajo,Ninguna,0
EST-1621,Ricardo Verdejo Guerra,M,6.0,100.0,4.6,4.3,Bajo,Robótica,0
EST-1622,Emiliano Pallarès-Tormo,M,8.0,100.0,4.6,4.1,Bajo,Música,1
EST-1623,Áurea Oliva,F,8.0,99.8,4.4,,Bajo-Bajo,Ninguna,0
EST-1624,Isidro Font Rubio,,9.0,100.0,,5.0,Bajo-Bajo,Ninguna,1
EST-1625,Teresa del Arjona,M,10.0,90.4,5.0,4.6,Bajo-Bajo,Robótica,1
EST-1626,Paulino Somoza Chamorro,F,,90.9,5.0,5.0,Medio-Bajo,Música,0
EST-1627,Eligia Teodora Amigó Corral,M,10.0,89.1,3.5,5.0,Bajo,Robótica,0
EST-1628,Arsenio Juan Luis Aramburu Domingo,F,10.0,97.2,4.7,5.0,Bajo,Deportes,0
EST-1629,Maristela Saavedra Mascaró,M,9.0,95.9,5.0,3.1,Bajo,Robótica,0
EST-1630,Aitor Carmelo Valbuena Zamora,M,10.0,94.2,3.7,4.8,Bajo,Arte,1
EST-1631,Pastora Alegre,F,8.0,99.0,3.6,3.8,Bajo,Robótica,0
EST-1632,Camilo Leonel Rico Gálvez,M,6.0,100.0,4.4,,,,1
EST-1633,Abraham Toledo Zorrilla,F,9.0,87.4,4.6,5.0,Medio-Bajo,Ninguna,0
EST-1634,Inocencio del Carbonell,F,9.0,92.0,5.0,3.9,Bajo-Bajo,Robótica,0
EST-1635,Eva Seco Narváez,F,9.0,99.1,3.7,,Medio,Deportes,0
EST-1636,Anselmo Naranjo Salvador,M,7.0,92.7,2.2,3.8,Bajo-Bajo,Robótica,0
EST-1637,Marcelino Zabala-Bonilla,M,11.0,91.0,4.3,3.2,Medio,Ninguna,0
EST-1638,Rosalinda Marqués Sandoval,M,9.0,100.0,2.9,3.5,Medio-Bajo,Música,0
EST-1639,Asdrubal Bustamante Aramburu,O,6.0,88.6,1.7,3.5,Medio-Bajo,Ninguna,0
EST-1640,Eustaquio Juárez Gutiérrez,F,8.0,93.5,2.9,5.0,Medio,Música,1
EST-1641,Tito Pedrosa Carrillo,F,10.0,96.6,4.4,3.5,Bajo-Bajo,,0
EST-1642,Carmen Vives Giménez,F,10.0,92.1,5.0,5.0,Bajo-Bajo,Robótica,0
EST-1643,Inmaculada Murcia Guillen,F,8.0,98.9,4.0,5.0,Bajo,Deportes,0
EST-1644,Verónica Arias,F,11.0,92.2,4.7,4.6,Bajo,Música,1
EST-1645,Belén Pinedo Arteaga,M,7.0,100.0,5.0,4.9,Bajo,Robótica,0
EST-1646,Francisco Javier Recio Vall,F,8.0,,2.1,4.2,Medio-Bajo,Música,0
EST-1647,Jose Ignacio Alcaraz Diez,M,11.0,98.4,5.0,5.0,Bajo-Bajo,Deportes,1
EST-1648,Salud Ávila,F,11.0,98.7,4.4,4.8,Bajo,Deportes,1
EST-1649,Ramiro Orozco-Urrutia,F,9.0,91.9,4.7,2.3,Bajo,,0
EST-1650,Gala Aguilar-Araujo,F,11.0,84.7,3.3,4.2,Medio-Bajo,Robótica,1
EST-1651,Jacinta Royo Barrena,M,6.0,96.8,3.0,5.0,Medio-Alto,Robótica,0
EST-1652,Rosario Egea Moraleda,M,11.0,95.4,4.6,3.7,Bajo,Ninguna,1
EST-1653,Calisto Jerez Azcona,M,7.0,97.8,5.0,4.1,Bajo,Ninguna,0
EST-1654,Rubén Arias Mendizábal,M,6.0,93.9,5.0,,Bajo,Ninguna,0
EST-1655,Maximino Cerro Ricart,M,7.0,92.8,3.8,2.8,Medio-Bajo,Deportes,1
EST-1656,Rosa María Expósito Noriega,F,8.0,100.0,2.4,2.6,Bajo-Bajo,Música,0
EST-1657,Paz Soto Manso,F,7.0,87.6,1.5,2.4,Medio,Robótica,0
EST-1658,Valero Torrecilla-Puerta,M,7.0,98.7,,4.9,Bajo,,0
EST-1659,Candelaria Sevillano Bosch,M,6.0,92.1,2.9,1.7,Bajo,Deportes,0
EST-1660,Horacio Clemente Pulido Naranjo,M,7.0,93.3,3.6,3.5,Medio,Robótica,0
EST-1661,Ana Sofía Muro Giner,F,9.0,93.4,5.0,3.4,Medio,Robótica,0
EST-1662,Wálter Llobet Acosta,F,8.0,91.0,2.5,3.7,Medio-Bajo,Ninguna,1
EST-1663,Luis Rivera Zaragoza,F,7.0,97.9,5.0,2.3,Bajo-Bajo,Música,0
EST-1664,Imelda Duran Priego,F,10.0,100.0,4.1,4.6,Medio-Bajo,Robótica,1
EST-1665,Seve Aramburu Valls,O,11.0,97.4,2.6,2.9,Bajo,Robótica,0
EST-1666,Laura López Pujadas,F,10.0,95.5,3.7,5.0,Bajo,Robótica,0
EST-1667,Áurea Barrio Diaz,M,7.0,90.1,3.1,3.6,Bajo-Bajo,Música,0
EST-1668,Octavia Alcalde Batalla,F,10.0,97.6,4.9,4.1,Bajo,Música,1
EST-1669,Eufemia Morata Vall,M,6.0,100.0,3.2,4.2,Medio-Bajo,Robótica,0
EST-1670,Florentino Chico Salas,F,6.0,93.1,1.7,4.2,Bajo,Ninguna,0
EST-1671,Evita Tejedor Abella,M,7.0,93.1,3.7,4.2,Medio,Música,0
EST-1672,Lucio Ferrera Amor,F,10.0,92.2,2.8,3.8,Bajo-Bajo,,1
EST-1673,Julio Alcázar Mercader,F,7.0,92.6,4.2,4.5,Bajo-Bajo,Deportes,0
EST-1674,Alcides Solsona-Torrecilla,F,6.0,81.3,2.1,4.4,Medio-Bajo,Arte,0
EST-1675,Edgardo del Santiago,F,6.0,97.0,3.8,3.2,Medio-Bajo,Ninguna,1
EST-1676,Moisés Andres-Maestre,M,11.0,90.8,4.2,4.4,Medio,Ninguna,0
EST-1677,Milagros Andrade Aranda,M,9.0,86.9,3.6,5.0,Medio-Bajo,Música,1
EST-1678,Obdulia Macías Ramos,M,7.0,98.8,4.7,4.7,Bajo-Bajo,Ninguna,1
EST-1679,Morena Zurita Narváez,M,9.0,89.6,4.3,4.6,Medio,Ninguna,0
EST-1680,Tomás Seguí Miranda,F,9.0,93.3,2.6,4.4,Medio,Robótica,0
EST-1681,Priscila Pagès Tudela,M,9.0,100.0,3.9,3.1,,Ninguna,0
EST-1682,Rogelio Rivero Salinas,O,7.0,88.0,1.4,2.9,Medio-Bajo,,1
EST-1683,Ruperta Francisco Molins,F,11.0,87.3,3.8,4.2,Medio-Bajo,Arte,0
EST-1684,Ximena Llorente,F,7.0,96.3,4.0,4.9,Bajo,Ninguna,1
EST-1685,Zaira Manola Ros Andrade,M,10.0,100.0,2.8,5.0,Medio,Ninguna,0
EST-1686,Graciana Vargas,F,6.0,87.1,3.9,4.7,Bajo-Bajo,Ninguna,0
EST-1687,Alejandro Bastida Perelló,F,8.0,97.0,5.0,3.0,Medio-Bajo,Deportes,0
EST-1688,Armida Cerdá Lucas,F,8.0,97.9,3.4,3.4,Bajo,,0
EST-1689,Gabriel Cobos,F,9.0,84.7,2.4,5.0,Bajo,Ninguna,0
EST-1690,Samanta Martirio Prats Nuñez,F,6.0,99.0,4.2,3.8,Medio-Bajo,Ninguna,0
EST-1691,Donato Martí Jover,M,10.0,99.4,2.4,4.2,Bajo,Deportes,0
EST-1692,Narcisa Requena Gil,F,7.0,93.4,3.2,3.0,Bajo,Ninguna,0
EST-1693,Seve Salom Pulido,M,9.0,100.0,5.0,5.0,Medio,Arte,0
EST-1694,Crescencia Figueroa Pombo,M,10.0,100.0,4.1,4.7,Medio-Bajo,Música,0
EST-1695,Virgilio Gargallo Toro,M,9.0,95.5,1.7,3.2,Medio-Bajo,Ninguna,0
EST-1696,Abraham Checa Rosales,M,10.0,92.7,1.8,3.2,Bajo,Deportes,0
EST-1697,Marcos Clemente Márquez Calzada,M,9.0,90.1,4.6,4.5,Bajo,Robótica,1
EST-1698,Marcela Navarro Vallejo,M,8.0,94.8,5.0,4.0,Medio-Bajo,Ninguna,0
EST-1699,Abilio del Cepeda,O,10.0,97.8,2.5,5.0,Medio-Bajo,,1
EST-1700,María Cristina Sabater Morán,F,7.0,93.4,4.5,4.7,Bajo,Deportes,0
EST-1701,Faustino Reyes Belmonte,O,,84.0,5.0,3.4,Medio-Bajo,Ninguna,1
EST-1702,Vicenta del Tello,M,10.0,100.0,5.0,3.7,Bajo-Bajo,Robótica,0
EST-1703,Custodia Albero Vera,M,8.0,96.0,4.4,3.8,Bajo-Bajo,Ninguna,0
EST-1704,Ángeles Sastre García,F,7.0,93.1,4.6,3.6,Medio-Bajo,,0
EST-1705,Tomás Almeida Tenorio,M,8.0,99.3,1.5,4.1,Bajo,Robótica,0
EST-1706,Balduino Vara Tomás,M,10.0,100.0,5.0,4.0,Bajo-Bajo,Ninguna,0
EST-1707,Alonso Pereira Mariño,,11.0,81.0,2.8,3.0,Medio-Bajo,Música,0
EST-1708,Febe Noguera Blanch,M,9.0,97.2,2.9,4.8,Bajo,Deportes,0
EST-1709,Nilda del Alberto,F,9.0,87.9,3.2,3.5,Medio-Bajo,Deportes,0
EST-1710,Felipa Ferrera,F,11.0,97.5,5.0,3.4,Medio-Bajo,Robótica,1
EST-1711,Valeria Vicens Solano,M,6.0,95.6,5.0,3.8,Medio-Bajo,,0
EST-1712,Adolfo Álamo Ayuso,M,7.0,98.2,4.2,4.4,Bajo,Robótica,0
EST-1713,Virgilio Cabanillas Piquer,,10.0,92.5,5.0,4.1,Bajo,Ninguna,0
EST-1714,Enrique Pont,M,10.0,85.6,,4.3,Medio-Bajo,Deportes,0
EST-1715,Nélida Martorell,M,11.0,92.7,2.8,5.0,Bajo-Bajo,,0
EST-1716,Sarita Marquez,O,8.0,97.0,5.0,5.0,Medio-Bajo,Música,0
EST-1717,Teófila Pastor Sabater,M,6.0,100.0,3.3,4.5,Bajo,Arte,0
EST-1718,Rosaura Heras Puerta,F,8.0,89.1,5.0,2.8,Bajo,Música,0
EST-1719,Dulce Palau Aguilar,O,7.0,100.0,5.0,3.7,Medio-Bajo,Ninguna,0
EST-1720,Leonardo Arteaga Domingo,M,7.0,91.8,5.0,,Medio,Deportes,1
EST-1721,Guillermo de Herrera,M,10.0,96.8,5.0,5.0,Bajo-Bajo,Ninguna,1
EST-1722,Jose Luis Morillo Garay,M,6.0,92.5,5.0,5.0,Bajo-Bajo,Música,0
EST-1723,Ezequiel Castelló Agullo,M,10.0,95.9,,4.7,Medio-Bajo,Ninguna,0
EST-1724,Adelaida Azcona Rodrigo,M,8.0,99.5,3.0,4.9,Bajo-Bajo,Ninguna,0
EST-1725,Flor del Prats,F,9.0,88.9,1.3,4.2,Bajo-Bajo,Música,0
EST-1726,Amor Sáenz-Crespo,M,6.0,91.6,5.0,4.6,Bajo,Robótica,0
EST-1727,Zaida Guiomar Gomis Fonseca,F,7.0,95.9,3.5,2.6,Bajo,Música,0
EST-1728,Azeneth Ainara Pérez Puig,O,6.0,100.0,5.0,4.1,Medio-Bajo,Deportes,0
EST-1729,Martina Torre Millán,F,11.0,90.7,3.5,3.3,Bajo,Robótica,1
EST-1730,Elpidio Maximino Lledó Manrique,F,10.0,100.0,5.0,4.5,Medio,Música,1
EST-1731,Nidia Vidal Aller,M,8.0,100.0,3.6,4.1,Medio-Bajo,Deportes,1
EST-1732,Jose Angel Marcos,F,7.0,94.5,2.6,5.0,Medio,Deportes,0
EST-1733,Manola Fuentes-Artigas,F,11.0,93.5,4.1,5.0,Bajo,Música,1
EST-1734,Nuria Acevedo Nicolás,M,7.0,91.5,3.4,4.5,Bajo-Bajo,Robótica,0
EST-1735,Heliodoro Salazar Cabello,M,6.0,94.7,4.7,3.9,Medio,Robótica,0
EST-1736,Gilberto Camacho Benitez,F,9.0,88.0,3.8,5.0,Bajo-Bajo,Robótica,1
EST-1737,Blas Pedrero-Carreras,M,11.0,94.6,5.0,4.2,Medio-Bajo,Robótica,1
EST-1738,Trini Serra Bernal,M,6.0,100.0,4.1,4.5,Bajo-Bajo,Música,1
EST-1739,Gregorio Pavón Elías,M,7.0,91.9,3.2,4.0,Medio-Bajo,,0
EST-1740,Custodio Carro Angulo,M,11.0,93.8,3.3,3.8,Medio,Arte,0
EST-1741,Lalo Almeida,F,6.0,86.5,,3.9,Bajo,Deportes,0
EST-1742,Elías Fuertes Salcedo,F,6.0,96.9,4.7,,,,1
EST-1743,Maite Gibert Escobar,F,9.0,96.3,1.6,2.5,Bajo,,0
EST-1744,Mariana de Catalá,M,11.0,95.3,3.4,4.5,Bajo,Deportes,0
EST-1745,Leonardo González-Morillo,M,8.0,93.9,,5.0,Bajo-Bajo,Deportes,0
EST-1746,Cristian Plana Plaza,F,11.0,93.5,5.0,4.5,Medio-Bajo,,0
EST-1747,Benita Losa,M,9.0,97.5,5.0,3.3,Bajo,Ninguna,1
EST-1748,Flavia Nadal Villalonga,M,6.0,94.9,2.9,2.6,Bajo,Ninguna,0
EST-1749,José Sevillano Lledó,F,11.0,96.6,5.0,5.0,Bajo,Arte,0
EST-1750,Casemiro Pío Abril Blanco,M,8.0,96.1,4.4,3.4,Medio-Bajo,Ninguna,1
EST-1751,Juliana Solís Guzman,F,7.0,100.0,5.0,4.8,Bajo-Bajo,Deportes,0
EST-1752,Benigna Navarrete Domínguez,M,9.0,98.4,3.0,4.4,Medio-Bajo,Ninguna,1
EST-1753,Eliana Heras Lledó,M,7.0,96.0,,4.7,Medio,Deportes,1
EST-1754,Toribio Germán Ramos Lucena,M,6.0,100.0,2.3,4.0,Bajo,Ninguna,0
EST-1755,Ramiro Barbero Gabaldón,O,6.0,97.1,1.5,4.6,Bajo-Bajo,Música,0
EST-1756,Lucho Paredes Beltrán,F,8.0,100.0,5.0,4.1,Medio-Bajo,Música,0
EST-1757,Cecilio Segovia-Herrera,O,10.0,98.0,4.3,3.6,Bajo-Bajo,Arte,0
EST-1758,Vito Llopis,F,9.0,,2.4,2.7,Bajo-Bajo,Ninguna,0
EST-1759,Imelda Rocamora Ayllón,M,11.0,100.0,,1.6,Medio-Bajo,Ninguna,0
EST-1760,Odalys Lara Criado,F,7.0,95.7,4.2,3.8,Bajo,Ninguna,0
EST-1761,Jose Francisco Escolano Palau,M,7.0,94.7,4.7,5.0,Bajo-Bajo,Deportes,0
EST-1762,Flavio Catalá,F,6.0,96.4,5.0,4.9,Medio,Música,0
EST-1763,Jonatan Pavón Calzada,M,6.0,93.3,3.7,4.4,Bajo,Música,0
EST-1764,Corona Barrera Rocha,F,7.0,96.1,2.9,3.3,Medio,,0
EST-1765,Marisela Benavent Ramis,M,,92.0,5.0,5.0,Bajo-Bajo,Robótica,0
EST-1766,Estefanía Barbero Perea,M,11.0,100.0,5.0,4.1,Medio-Bajo,Robótica,0
EST-1767,Emperatriz Saura Serrano,F,11.0,94.4,4.5,5.0,Bajo,Robótica,1
EST-1768,Sandra Tejera Nevado,M,,93.1,5.0,3.2,Bajo-Bajo,Deportes,0
EST-1769,Abril Castro Lucas,M,11.0,90.4,3.9,3.3,Medio-Bajo,Ninguna,1
EST-1770,Mamen Baeza-Cerezo,,7.0,96.3,2.9,3.4,Medio,Música,0
EST-1771,Álvaro Ferrero Seguí,M,6.0,95.9,4.5,2.7,Bajo-Bajo,,0
EST-1772,Manuelita Saez-Alonso,F,11.0,96.9,3.6,3.3,Medio-Bajo,Arte,1
EST-1773,Custodia del Marquez,F,9.0,89.9,4.1,4.0,Bajo,Deportes,0
EST-1774,Teobaldo Codina,O,6.0,87.0,2.5,3.0,Medio-Bajo,Ninguna,0
EST-1775,Jimena Acedo Echevarría,F,8.0,98.1,,1.5,Medio-Bajo,Música,0
EST-1776,Asdrubal Sáenz,M,7.0,100.0,5.0,,Bajo-Bajo,Ninguna,0
EST-1777,Xavier Campoy Marco,F,10.0,89.9,3.0,2.0,Bajo-Bajo,Ninguna,0
EST-1778,Juan Pablo Quintero Bernal,M,8.0,100.0,3.0,4.8,Bajo,Música,0
EST-1779,José Luis Peiró,M,11.0,96.4,5.0,4.2,Medio,Deportes,0
EST-1780,Jaime Carnero,F,6.0,95.0,3.1,5.0,Bajo,Ninguna,1
EST-1781,Cayetana Peral Goñi,M,8.0,93.0,3.6,5.0,Medio-Bajo,Ninguna,1
EST-1782,Anastasia Rios Cuadrado,F,8.0,88.1,4.2,3.4,Bajo-Bajo,Música,0
EST-1783,Albina del Lopez,M,8.0,99.9,5.0,3.3,Medio-Bajo,Ninguna,1
EST-1784,Pepita del Arévalo,F,7.0,91.1,5.0,5.0,Medio-Bajo,Música,0
EST-1785,Rafael Aliaga Segura,F,10.0,91.1,3.1,2.5,Medio-Bajo,Ninguna,0
EST-1786,Julie Gelabert Andrade,F,11.0,100.0,5.0,4.2,Medio,Ninguna,1
EST-1787,Inmaculada Torrent Sola,F,11.0,85.6,2.9,3.8,Bajo-Bajo,Música,0
EST-1788,Manuelita Bejarano Carnero,F,10.0,87.4,2.8,3.6,Bajo,Deportes,0
EST-1789,Dimas Salinas Escudero,M,11.0,94.9,5.0,4.6,Alto,Música,0
EST-1790,Íñigo Horacio Clavero Sancho,F,9.0,96.5,3.3,4.4,Bajo-Bajo,Deportes,0
EST-1791,Custodia Nidia Iborra Otero,M,10.0,97.4,4.3,4.5,Medio-Bajo,Ninguna,0
EST-1792,Marino Dan Espinosa Calatayud,F,7.0,93.5,4.6,4.3,Medio-Bajo,Deportes,1
EST-1793,Ester Luís Gras,F,8.0,100.0,2.7,4.6,Medio-Bajo,,0
EST-1794,Evita Torrijos Valenzuela,F,7.0,93.9,5.0,4.3,Bajo,Deportes,0
EST-1795,Dan Campos Carlos,M,8.0,93.8,4.7,3.5,Bajo,Robótica,0
EST-1796,Felicidad Ester Artigas Carbonell,M,7.0,91.0,2.0,4.0,,,1
EST-1797,Enrique Vicente Sancho,F,11.0,95.6,4.3,3.3,Bajo-Bajo,Ninguna,0
EST-1798,Nilda Acosta,M,7.0,98.1,3.1,3.4,Medio-Bajo,Música,0
EST-1799,Rosalía Sabater Rincón,M,6.0,100.0,5.0,3.7,Bajo,Ninguna,1
EST-1800,Nicodemo Maestre Ricart,M,9.0,87.6,1.8,3.8,Bajo,,0
EST-1801,Tomás Teófilo Dávila Fuente,O,6.0,93.8,3.6,4.0,Bajo,Ninguna,0
EST-1802,Jose Ramón Tello Gonzalo,F,6.0,97.2,4.4,5.0,Medio,Robótica,0
EST-1803,Mateo Valero,M,7.0,97.9,4.1,3.5,Bajo,Ninguna,0
EST-1804,Mercedes Galiano Pinto,M,8.0,95.0,4.9,4.2,Medio-Bajo,Ninguna,0
EST-1805,Carmina Posada Prat,M,8.0,97.7,2.2,4.3,Medio,Música,0
EST-1806,Danilo Arnaiz-Tejedor,F,10.0,91.0,5.0,3.6,Medio-Bajo,Música,0
EST-1807,Maximiano Torres,F,10.0,100.0,5.0,4.3,Medio,Deportes,1
EST-1808,Yéssica Maestre Nieto,M,8.0,100.0,5.0,5.0,Bajo-Bajo,Ninguna,0
EST-1809,Rogelio Escrivá Baños,M,7.0,88.3,4.5,4.1,Medio-Bajo,Arte,0
EST-1810,Jose Miguel Villar Hervia,M,7.0,89.6,3.9,4.1,Bajo,Robótica,1
EST-1811,Anunciación Pujol,F,10.0,89.8,2.0,3.2,Medio-Bajo,Arte,0
EST-1812,Cecilia Alemán Asensio,F,6.0,98.4,3.3,5.0,Medio-Bajo,,0
EST-1813,Alberto Solé Alcalá,M,6.0,88.6,5.0,3.3,Bajo,,0
EST-1814,Primitiva Gomez Coloma,M,10.0,93.3,5.0,2.5,Bajo,Música,0
EST-1815,Rafaela María Belén Saez Aparicio,M,8.0,97.3,3.3,5.0,Medio-Bajo,Robótica,0
EST-1816,Rosenda Real Plaza,O,6.0,94.7,1.5,3.9,Bajo-Bajo,Ninguna,0
EST-1817,Román Asenjo Montalbán,M,7.0,96.3,4.1,3.9,Medio-Bajo,Música,1
EST-1818,Marcela de Romero,F,11.0,89.7,3.2,3.2,Bajo-Bajo,Ninguna,0
EST-1819,Casandra Prieto Coll,F,11.0,98.0,3.7,5.0,Medio,Música,0
EST-1820,Efraín Gimeno Colomer,M,10.0,91.9,4.6,4.6,Bajo,,0
EST-1821,Ángeles de Rico,M,8.0,93.4,5.0,4.7,Medio-Bajo,Deportes,1
EST-1822,Toni Arenas-Grande,M,9.0,96.2,5.0,4.4,Bajo-Bajo,Arte,0
EST-1823,Anastasia Baró Pintor,F,11.0,95.5,4.9,4.3,,Ninguna,1
EST-1824,Luisina Vives,F,11.0,95.1,1.8,,Bajo,Robótica,0
EST-1825,Juan Luis Cisneros-Arévalo,F,7.0,91.2,3.6,3.9,,Robótica,0
EST-1826,Trinidad Gascón Muro,F,10.0,93.5,5.0,2.7,Bajo-Bajo,Deportes,0
EST-1827,Lorenzo Mármol Rozas,M,7.0,95.0,4.4,5.0,Medio,Arte,0
EST-1828,Primitivo Checa Ferreras,O,7.0,88.1,3.9,4.4,Bajo-Bajo,Arte,0
EST-1829,Adriana Esteban Abellán,F,9.0,92.7,4.4,4.3,Medio-Bajo,Arte,0
EST-1830,Bárbara Fuster-Delgado,M,8.0,96.9,4.9,4.7,Bajo,Deportes,1
EST-1831,Raquel Hurtado,O,11.0,88.6,1.4,3.5,Bajo,Arte,1
EST-1832,María Ángeles Navarrete Quiroga,F,6.0,100.0,3.7,4.2,Bajo,Robótica,0
EST-1833,Emperatriz Alegre Gimenez,F,8.0,100.0,4.4,4.1,Medio-Bajo,Arte,1
EST-1834,Casemiro Roura Larrañaga,F,11.0,88.8,5.0,3.3,Medio-Bajo,Deportes,0
EST-1835,Anselmo Sarabia Gonzalo,F,11.0,100.0,4.1,5.0,Bajo-Bajo,Ninguna,0
EST-1836,Lucio Solera Marqués,F,6.0,94.3,2.0,2.6,Bajo,Ninguna,0
EST-1837,Javiera Oliver Montoya,M,8.0,97.1,4.5,5.0,Bajo-Bajo,Ninguna,0
EST-1838,Leonel Esteban Mateos,M,9.0,92.5,3.0,5.0,Bajo-Bajo,Deportes,0
EST-1839,Obdulia de Rosell,F,6.0,99.6,2.5,2.4,Bajo-Bajo,Música,0
EST-1840,Sigfrido Perea Pagès,M,11.0,97.0,3.4,3.8,Bajo,Ninguna,1
EST-1841,Felix Ariza Hervás,M,11.0,90.9,4.7,4.0,Medio-Bajo,Deportes,0
EST-1842,Ximena Guadalupe Sureda Jaume,M,6.0,89.2,5.0,4.1,Bajo,Ninguna,1
EST-1843,Aura Galván,M,6.0,87.7,4.1,2.9,Bajo,Deportes,0
EST-1844,Susana Elodia Pallarès Losada,F,6.0,95.9,4.8,4.2,Bajo-Bajo,Deportes,0
EST-1845,Ana Sofía Antón Marco,F,11.0,97.9,5.0,4.1,Medio-Bajo,Arte,1
EST-1846,Emelina Leire Velasco Bueno,M,7.0,98.3,4.1,3.3,Bajo,Ninguna,0
EST-1847,Román Guitart Belmonte,M,8.0,94.4,5.0,3.3,Medio-Bajo,,1
EST-1848,Florencio Lino Batlle Ramírez,M,8.0,89.2,1.0,4.8,Medio-Bajo,Robótica,0
EST-1849,Anunciación Batalla,F,,91.6,4.5,2.5,Medio-Bajo,Robótica,1
EST-1850,Roxana Alvarado,F,6.0,100.0,,4.7,Bajo,Robótica,0
EST-1851,Salud Roman-Herrero,M,7.0,92.6,5.0,5.0,Bajo,Música,0
EST-1852,Anita Fernandez Mercader,F,11.0,95.7,3.8,4.0,Bajo,Arte,0
EST-1853,Ignacio Ponce-Velázquez,F,11.0,89.6,3.9,4.0,Medio,Música,1
EST-1854,Marcelo Bueno Sanabria,F,10.0,96.7,2.2,5.0,Medio-Bajo,Arte,0
EST-1855,Diego Oller Gallardo,F,6.0,92.7,,3.3,Bajo,Ninguna,1
EST-1856,Carmelita del Morán,M,7.0,100.0,4.8,3.6,Medio,Robótica,0
EST-1857,Evelia Calderón Lumbreras,F,9.0,98.9,4.7,,Medio-Bajo,Música,0
EST-1858,Encarnación Quiroga,M,7.0,92.5,3.0,5.0,Bajo,Robótica,0
EST-1859,Lalo Solera Hernandez,F,11.0,94.4,3.1,5.0,Bajo-Bajo,Arte,0
EST-1860,Sebastián Benet Arrieta,F,9.0,92.2,4.3,2.8,Medio-Bajo,Deportes,0
EST-1861,Efraín Juárez Roura,,6.0,87.9,2.7,4.9,Medio-Bajo,Robótica,0
EST-1862,Fortunata Peiró Criado,F,11.0,90.7,4.9,5.0,Medio-Bajo,Deportes,1
EST-1863,Cipriano Arana Castañeda,M,11.0,96.0,1.5,5.0,Medio-Bajo,Robótica,0
EST-1864,León Armengol Valentín,F,6.0,96.6,3.4,4.4,Bajo,Ninguna,0
EST-1865,Albano Cal-Arenas,O,9.0,95.7,5.0,4.2,Medio-Bajo,Música,0
EST-1866,José Mari Daza Lucas,F,7.0,93.5,4.9,5.0,Medio-Bajo,Música,1
EST-1867,Ruth Casanovas Conesa,M,8.0,99.7,4.2,4.9,Bajo,Arte,0
EST-1868,Lucio Gallart-Sevillano,M,6.0,95.3,5.0,5.0,Bajo,Ninguna,0
EST-1869,Atilio Borrás Vigil,M,9.0,98.5,1.5,5.0,Medio-Bajo,,0
EST-1870,Paula Barriga Yáñez,F,11.0,86.1,,3.9,Medio,Ninguna,1
EST-1871,Nadia Bustos,F,8.0,75.4,3.4,2.5,Medio-Bajo,Ninguna,1
EST-1872,Adelaida Mariscal Girón,M,6.0,96.4,5.0,3.6,Bajo-Bajo,Música,1
EST-1873,Emma Navarrete,F,9.0,87.9,,,Bajo-Bajo,Ninguna,1
EST-1874,Estrella Alonso Tenorio,F,7.0,93.9,3.0,4.0,Medio-Bajo,Deportes,0
EST-1875,Hernando Damián Domínguez Téllez,F,11.0,93.5,5.0,5.0,Medio-Bajo,Música,0
EST-1876,Pepito Corominas Sanmartín,F,8.0,100.0,3.5,4.0,Bajo,Ninguna,0
EST-1877,Rodolfo Gargallo Figueroa,F,7.0,97.0,5.0,5.0,Medio-Bajo,Robótica,0
EST-1878,Ulises Iglesias Peñas,F,7.0,95.8,2.8,4.3,Medio,Ninguna,0
EST-1879,Isa Company,M,10.0,99.2,3.9,3.8,Medio,Deportes,0
EST-1880,Jose Antonio Pla-Bayo,F,7.0,96.8,3.4,4.1,Medio-Bajo,Ninguna,0
EST-1881,África Teruel Leiva,F,10.0,92.7,5.0,4.5,Bajo,Ninguna,0
EST-1882,Leoncio Figueras Duque,F,7.0,100.0,3.4,4.3,Medio-Bajo,Música,0
EST-1883,Sabas Torrent Nogués,F,7.0,89.5,3.4,4.1,Bajo-Bajo,Arte,0
EST-1884,León Valenzuela Terrón,F,8.0,96.6,5.0,3.4,Medio,Deportes,1
EST-1885,Luis Miguel Batalla Teruel,M,11.0,87.3,4.2,3.3,,Ninguna,0
EST-1886,Amílcar Huerta Frutos,M,11.0,96.0,5.0,5.0,Medio-Bajo,Ninguna,1
EST-1887,Pía Carmen Yuste Heredia,M,7.0,96.0,4.3,5.0,Medio-Bajo,Música,0
EST-1888,Ignacia Díaz Gutierrez,,8.0,100.0,3.5,2.7,Medio-Bajo,Deportes,0
EST-1889,Candelas Vigil Bru,F,6.0,87.2,3.1,1.5,Medio-Bajo,Robótica,0
EST-1890,Hernando Norberto Fuertes Manjón,O,8.0,92.0,4.0,4.3,Bajo-Bajo,Robótica,0
EST-1891,Iker Mosquera Lorenzo,M,8.0,99.1,4.7,4.9,Medio-Bajo,Ninguna,1
EST-1892,Evelia Campo Bas,M,11.0,96.7,3.8,3.5,Bajo,Ninguna,0
EST-1893,Emigdio Tejera Bermúdez,F,11.0,95.9,4.4,5.0,Bajo,Música,1
EST-1894,Iris Concha Conesa Portillo,M,8.0,90.2,2.2,4.1,Medio-Alto,,0
EST-1895,Selena Solera Reina,F,8.0,92.0,4.8,3.8,Medio-Bajo,Ninguna,0
EST-1896,Rodolfo Alfredo Navarrete Solera,F,11.0,100.0,4.2,,Medio-Bajo,Ninguna,0
EST-1897,Luisa Iris Arce Aparicio,F,10.0,94.7,,3.7,Bajo,Robótica,0
EST-1898,Ovidio Núñez Padilla,M,6.0,96.9,4.0,3.7,Medio-Bajo,Ninguna,0
EST-1899,Armando Belmonte Cervera,M,7.0,94.4,1.9,4.9,Medio-Bajo,Robótica,0
EST-1900,Porfirio Castro,F,8.0,89.1,3.5,3.9,Medio-Bajo,Arte,1
EST-1901,Alexandra Alsina-Chamorro,F,7.0,99.7,3.8,5.0,Alto,Ninguna,0
EST-1902,Luis Prada Bustamante,M,7.0,97.5,4.9,4.9,Bajo,Música,0
EST-1903,Miguel Saura-Ropero,F,6.0,100.0,1.9,4.8,Medio-Bajo,Deportes,1
EST-1904,Patricio Valera Calderón,M,9.0,89.9,3.5,3.9,Medio-Bajo,Robótica,0
EST-1905,Tadeo Cabezas Trillo,F,7.0,99.1,4.6,4.9,Bajo,,0
EST-1906,Nuria Gilabert Ibáñez,M,6.0,88.4,2.7,3.4,Bajo,Ninguna,0
EST-1907,Adolfo Horacio Villaverde Bonet,O,7.0,95.8,4.5,4.5,Medio,Música,1
EST-1908,Maite Martín Almagro,M,10.0,99.9,3.2,3.3,Bajo-Bajo,,0
EST-1909,Leandro Galiano Villalobos,M,11.0,84.6,2.6,4.7,Bajo,Ninguna,0
EST-1910,Pascual Conde Montesinos,M,8.0,94.0,3.9,4.5,Bajo,Deportes,1
EST-1911,Casemiro Cordero Mancebo,M,8.0,92.2,3.5,,Bajo-Bajo,Deportes,1
EST-1912,Angelino Tormo,F,11.0,91.5,4.8,5.0,Medio,Ninguna,0
EST-1913,Ana Sofía Barba-Guillén,O,7.0,96.9,3.5,5.0,Bajo,Deportes,1
EST-1914,Leticia Salmerón Mur,M,7.0,100.0,3.3,4.1,Bajo,Ninguna,1
EST-1915,Álvaro Cánovas Perelló,M,7.0,94.3,5.0,3.3,Medio-Bajo,Música,0
EST-1916,Saturnina Cid Zorrilla,F,6.0,96.0,5.0,4.9,Bajo,Ninguna,0
EST-1917,Beatriz de Egea,F,8.0,95.6,2.2,,Medio-Bajo,Música,1
EST-1918,Amada Planas Pazos,F,11.0,95.0,3.1,4.5,Medio-Bajo,Ninguna,0
EST-1919,Ruben Duarte Corbacho,M,9.0,89.6,3.8,5.0,Medio-Bajo,Música,0
EST-1920,Consuela Rodríguez-Velázquez,M,8.0,100.0,4.8,3.2,Medio-Bajo,Ninguna,1
EST-1921,Moisés Marco,F,11.0,96.5,2.6,3.3,Bajo-Bajo,Deportes,1
EST-1922,Trinidad Gisbert Torralba,M,6.0,97.0,5.0,3.8,Bajo-Bajo,Ninguna,0
EST-1923,Yésica Aller-Cruz,F,7.0,91.0,5.0,,Bajo,Ninguna,0
EST-1924,Asunción del Hernando,M,9.0,92.7,4.6,4.6,Bajo-Bajo,,0
EST-1925,Luciano Hoyos,F,9.0,94.1,5.0,3.1,Bajo,Ninguna,0
EST-1926,Reinaldo Sanabria Aguirre,M,6.0,87.3,4.4,4.7,Bajo,Deportes,1
EST-1927,Valero Somoza Tejero,F,8.0,86.6,4.0,2.7,Medio-Bajo,Arte,0
EST-1928,Anacleto Régulo Marco Palacios,F,9.0,92.0,5.0,3.4,Bajo,Deportes,0
EST-1929,Jesús Lozano,F,10.0,97.6,5.0,4.1,Bajo,Deportes,1
EST-1930,Gregorio Melero-Sarabia,M,9.0,91.7,3.0,3.4,Bajo,Ninguna,0
EST-1931,Bibiana Roldan Terrón,F,7.0,89.9,4.3,4.6,Bajo-Bajo,Ninguna,0
EST-1932,Nilda Elodia Álvarez Abascal,F,6.0,90.9,3.2,4.5,Medio-Bajo,Música,0
EST-1933,Isaías Solera Salmerón,F,8.0,92.7,4.6,5.0,Medio-Bajo,Arte,0
EST-1934,Febe Pinilla Villegas,F,6.0,93.2,4.6,4.0,Medio-Bajo,Música,0
EST-1935,Aitor del Carrera,F,11.0,100.0,2.3,4.1,Medio-Bajo,Robótica,0
EST-1936,Laura Belmonte Cano,F,8.0,100.0,3.9,,Medio-Bajo,,0
EST-1937,Guadalupe Escudero Perales,M,7.0,100.0,4.7,3.9,Medio-Bajo,Ninguna,1
EST-1938,Domitila Valbuena,F,10.0,100.0,3.5,5.0,Bajo-Bajo,,0
EST-1939,Ale del Villar,F,8.0,90.0,,4.4,Bajo-Bajo,Deportes,0
EST-1940,Josefina Fábregas Cordero,M,7.0,88.9,4.5,1.3,Medio-Bajo,Ninguna,0
EST-1941,Fidel Peiró Pont,M,10.0,89.5,3.5,5.0,Bajo,Deportes,0
EST-1942,Nidia Pastor Recio,M,11.0,100.0,4.3,5.0,Bajo,Arte,0
EST-1943,Crescencia Benet-Buendía,F,9.0,92.3,5.0,5.0,Bajo-Bajo,Deportes,1
EST-1944,Anastasio Girona Meléndez,F,6.0,88.7,4.1,2.0,Bajo-Bajo,,0
EST-1945,Jacinta Pellicer Vilaplana,F,9.0,92.8,4.2,3.3,Medio-Bajo,Ninguna,0
EST-1946,Aurelia Gual Isern,F,10.0,93.8,2.9,3.6,Bajo,,0
EST-1947,Tamara Adriana Ballesteros Barrios,M,6.0,96.3,4.8,3.4,Bajo,Robótica,0
EST-1948,Gala Mercader Agustí,M,7.0,96.3,4.8,5.0,Bajo-Bajo,Deportes,1
EST-1949,Amalia Donaire Roca,M,11.0,90.9,5.0,4.0,Medio-Bajo,Ninguna,1
EST-1950,Luz Mireia Bravo Puente,M,6.0,98.4,4.1,4.2,Medio-Bajo,Robótica,0
EST-1951,Pepe Herranz,M,10.0,91.8,2.2,4.6,Bajo,Ninguna,1
EST-1952,José Luis Aragonés Berrocal,M,8.0,94.2,2.0,4.6,Medio-Bajo,Ninguna,0
EST-1953,Edgardo Óscar Cabrera Simó,F,8.0,98.4,4.9,,Bajo,Arte,0
EST-1954,Raimundo de Tenorio,F,6.0,91.8,3.7,3.6,Medio-Bajo,,1
EST-1955,Trinidad Trujillo,O,10.0,92.2,4.5,2.8,Medio-Bajo,Música,0
EST-1956,Jose Angel Celso Amaya Barral,F,8.0,98.0,4.1,4.6,Medio,,0
EST-1957,Noelia de Batalla,F,9.0,90.7,3.8,3.9,Bajo,,0
EST-1958,Ainara Chaparro Bilbao,M,9.0,93.1,3.9,4.2,Bajo-Bajo,Robótica,0
EST-1959,Silvio Valbuena Benito,F,10.0,97.8,3.0,2.1,Bajo,Deportes,0
EST-1960,César Jáuregui-Macias,F,11.0,100.0,4.4,3.9,Bajo-Bajo,Robótica,1
EST-1961,Fabián Gutiérrez,M,9.0,98.0,3.3,,Bajo-Bajo,Música,0
EST-1962,Rodolfo Cepeda,M,8.0,97.4,3.6,5.0,Bajo,Arte,0
EST-1963,Venceslás Zabaleta,F,11.0,97.7,3.6,4.9,Bajo,Robótica,0
EST-1964,Ismael Martin Marqués,M,9.0,89.6,3.2,2.6,Medio,Robótica,0
EST-1965,Ruperta Castilla Sanmartín,F,7.0,95.6,5.0,5.0,Bajo-Bajo,Arte,1
EST-1966,Marina Bautista,F,6.0,94.9,4.2,4.9,Medio,Arte,1
EST-1967,Ileana Arrieta,M,11.0,96.6,5.0,4.1,Medio-Bajo,Arte,1
EST-1968,Cristina Aroca Colomer,M,8.0,95.6,5.0,2.2,Medio,Música,0
EST-1969,Maximino del Clemente,M,9.0,96.9,5.0,5.0,Medio,Robótica,1
EST-1970,Amparo Narcisa Revilla Bellido,M,8.0,93.4,4.6,3.4,Medio-Bajo,,0
EST-1971,Víctor Bonet Múñiz,M,7.0,95.3,4.4,4.3,Medio-Bajo,Ninguna,0
EST-1972,Nereida Requena Sebastián,F,9.0,88.9,4.9,4.0,Bajo,Deportes,1
EST-1973,Maxi Benavides-Álvaro,M,6.0,93.4,4.1,5.0,Bajo,Ninguna,0
EST-1974,Alba Garrido Cid,F,8.0,100.0,5.0,4.1,Medio,Música,0
EST-1975,Luciano Zabala Matas,M,9.0,96.6,5.0,4.2,,Arte,1
EST-1976,Rufina Castilla Ruiz,F,8.0,94.9,4.0,5.0,Bajo-Bajo,Arte,1
EST-1977,Aníbal Carrasco Aguado,M,10.0,100.0,5.0,3.3,Medio-Bajo,Ninguna,0
EST-1978,Joel Peralta Barberá,M,10.0,88.2,4.0,4.7,Medio-Bajo,,1
EST-1979,Felisa Palomar Quero,F,10.0,89.5,3.8,3.7,Medio-Bajo,Deportes,1
EST-1980,Gilberto Gimenez Luna,F,6.0,100.0,3.8,3.2,Bajo-Bajo,,1
EST-1981,Rafa Páez Girón,M,7.0,95.2,4.2,4.2,Medio-Bajo,Deportes,0
EST-1982,Lisandro Coronado Iñiguez,F,9.0,93.8,5.0,,Bajo,Deportes,1
EST-1983,Chuy Ibarra Miró,M,11.0,89.0,5.0,5.0,Medio,,1
EST-1984,Fabricio Sosa Sancho,F,10.0,97.2,4.4,5.0,Bajo-Bajo,,0
EST-1985,Lázaro Ricardo Francisco Martínez,M,11.0,97.7,4.7,3.9,Medio-Bajo,Robótica,0
EST-1986,Rocío Guerra Torrents,M,7.0,89.5,5.0,2.9,Bajo-Bajo,Música,0
EST-1987,Consuelo Escalona Rebollo,F,8.0,94.3,3.8,3.9,Bajo-Bajo,Robótica,0
EST-1988,Rosalinda Rebollo Escudero,F,8.0,93.3,3.1,3.0,Bajo,Deportes,1
EST-1989,Hector Girona Peña,M,6.0,96.3,5.0,4.0,Bajo,,0
EST-1990,Lupe Oliver Ponce,F,6.0,89.4,2.9,3.4,Medio-Bajo,Ninguna,0
EST-1991,Ramona Carnero Camino,F,11.0,100.0,,4.9,Bajo-Bajo,Arte,1
EST-1992,Gisela Llano,M,7.0,99.6,1.8,2.0,Bajo,Música,0
EST-1993,Virgilio Rueda-Palomino,F,7.0,93.2,4.7,3.5,Bajo-Bajo,Deportes,0
EST-1994,Gisela Angulo Peñas,M,6.0,93.9,2.1,3.3,Medio-Bajo,,0
EST-1995,Zaira Coello Diaz,F,,94.3,3.1,5.0,Bajo-Bajo,Ninguna,0
EST-1996,Eligio Tomé Piñol,F,9.0,91.1,5.0,3.1,Bajo,Robótica,1
EST-1997,Haydée Cruz Zamorano,O,9.0,92.8,5.0,4.4,Medio-Bajo,Robótica,1
EST-1998,Maricela Juan Feliu,M,11.0,93.6,3.2,3.9,Medio,Ninguna,0
EST-1999,Lucio Buendía Vila,M,7.0,100.0,4.2,5.0,Medio-Bajo,Deportes,1
EST-2000,Selena Duque-Hervás,M,9.0,,3.0,,Medio,Robótica,0
EST-2001,Consuela Barrena Alarcón,M,6.0,99.7,3.3,4.3,Bajo-Bajo,Arte,0
EST-2002,Berta Ordóñez Rubio,M,6.0,96.8,4.3,3.6,Medio-Bajo,Música,0
EST-2003,Ale Vaquero,F,10.0,89.4,3.3,1.8,Medio-Bajo,Ninguna,1
EST-2004,Flor Viñas Castelló,M,10.0,94.8,3.7,4.4,Medio,Música,0
EST-2005,Lorenza Núñez Mora,M,8.0,99.9,2.2,4.7,Bajo,Arte,0
EST-2006,Luisina Estévez Montalbán,F,8.0,88.7,4.9,2.3,Medio,Música,0
EST-2007,Victorino Casanovas-Pérez,M,9.0,98.2,4.6,2.8,Bajo,Ninguna,0
EST-2008,Ceferino de Trillo,F,6.0,100.0,5.0,4.5,Medio-Bajo,Arte,1
EST-2009,Ángeles Pedrosa Téllez,M,7.0,100.0,5.0,4.3,Bajo,Ninguna,0
EST-2010,Rico Gil Pombo Cervantes,F,7.0,100.0,3.4,3.2,Bajo,Música,1
EST-2011,Rosaura Vila,M,7.0,96.1,3.6,3.6,Medio-Bajo,Música,0
EST-2012,Elpidio Fonseca,M,10.0,99.8,2.1,2.4,Bajo,Robótica,1
EST-2013,Ulises Jara Lerma,F,7.0,91.4,,5.0,Medio-Bajo,Ninguna,1
EST-2014,Irma Segura Fajardo,M,7.0,99.0,3.8,2.9,Medio-Bajo,Arte,0
EST-2015,Fidela Reyes Tomás Montesinos,F,8.0,98.3,5.0,4.7,Medio-Bajo,Arte,0
EST-2016,Elodia Matas Sevilla,M,11.0,96.4,2.9,4.2,Bajo,Música,1
EST-2017,Alcides del Morante,M,7.0,100.0,5.0,5.0,Medio,Ninguna,1
EST-2018,Teresita Nicolás,F,6.0,92.3,5.0,3.2,Medio-Bajo,Ninguna,0
EST-2019,Fausto Blanco-Villegas,M,8.0,94.1,3.9,4.1,Bajo-Bajo,Ninguna,0
EST-2020,Miguel Ángel Eduardo Juliá Ibañez,F,10.0,95.5,3.2,2.5,Medio-Bajo,Música,1
EST-2021,Kike de Corominas,O,9.0,89.9,3.3,2.0,Bajo-Bajo,Robótica,0
EST-2022,Cosme Santamaria Estevez,F,10.0,96.1,1.5,,Bajo-Bajo,Ninguna,0
EST-2023,Amanda Valencia Pozuelo,F,11.0,86.4,3.9,,Bajo,Robótica,1
EST-2024,Filomena Vera Batlle,M,10.0,100.0,5.0,4.0,Medio-Bajo,Deportes,1
EST-2025,Severiano Valentín Solsona,M,9.0,95.2,4.4,5.0,Bajo-Bajo,Deportes,1
EST-2026,Blas Soriano,M,8.0,92.4,3.7,4.9,Bajo,Música,0
EST-2027,Gaspar Viñas,F,6.0,90.8,5.0,3.5,Medio,Deportes,1
EST-2028,Blas Matas Pla,O,11.0,93.8,4.7,2.6,Bajo,Robótica,0
EST-2029,Adán Martí Alcalde,M,8.0,98.4,2.0,4.7,Bajo-Bajo,,0
EST-2030,Apolonia Batalla Canales,F,6.0,97.7,4.1,5.0,Medio-Alto,Deportes,0
EST-2031,Cristian Quintanilla Yuste,M,9.0,91.5,5.0,3.5,Bajo,Deportes,1
EST-2032,Trinidad Huertas Bernal,F,7.0,90.8,2.4,3.4,Medio-Bajo,Robótica,0
EST-2033,Etelvina Pedraza Madrigal,M,9.0,98.3,4.3,3.7,Bajo,Música,1
EST-2034,Prudencio Diez Castrillo,O,9.0,91.4,5.0,4.8,Medio-Bajo,Arte,1
EST-2035,Valeria Cepeda Casado,F,8.0,95.3,5.0,5.0,Bajo,Música,0
EST-2036,Rosalía del Maza,M,10.0,95.6,3.8,3.0,Medio,Música,1
EST-2037,Lucas Arturo Acedo Galan,M,7.0,96.6,4.6,2.7,Bajo,Deportes,1
EST-2038,Espiridión Osuna Uriarte,M,8.0,99.3,4.0,5.0,Medio-Bajo,,0
EST-2039,Armida Benítez Velasco,M,9.0,88.7,2.6,3.7,Medio,Música,0
EST-2040,Eugenio Hernández Novoa,M,9.0,85.4,3.4,4.2,Medio-Alto,Arte,0
EST-2041,Candelario Alberdi Villalonga,F,10.0,,3.7,3.5,Bajo-Bajo,,0
EST-2042,Guiomar Escobar Enríquez,F,8.0,100.0,4.5,4.5,Medio-Bajo,Ninguna,1
EST-2043,Félix Jara Guerrero,F,9.0,100.0,3.1,5.0,Bajo,,0
EST-2044,Álvaro Jorge Avilés Carballo,M,6.0,100.0,2.9,4.3,Medio-Bajo,Ninguna,1
EST-2045,Maribel del Valle,F,11.0,94.0,4.4,5.0,Bajo,Música,1
EST-2046,Concepción Luján Calleja,F,8.0,86.1,5.0,3.4,Bajo,Ninguna,0
EST-2047,Gustavo Ávila Méndez,M,10.0,83.3,3.6,3.6,Bajo-Bajo,Música,0
EST-2048,Clementina Olalla Priego Corral,F,6.0,91.9,3.6,4.4,Medio-Bajo,Música,0
EST-2049,Pío Peláez-Montenegro,F,7.0,94.0,4.9,4.7,Medio-Bajo,Robótica,0
EST-2050,Esther Ríos Pavón,M,8.0,100.0,3.8,4.4,,Robótica,0
EST-2051,María José Cuéllar Anguita,M,11.0,99.3,5.0,,Medio-Bajo,Ninguna,0
EST-2052,Mercedes Carrión Ferrández,F,9.0,96.1,4.0,4.5,Medio,Robótica,0
EST-2053,Carmelita Juliá Morera,M,11.0,90.6,4.8,3.8,Medio-Bajo,Robótica,0
EST-2054,Emelina Arteaga,F,8.0,90.2,3.5,3.4,Bajo,Ninguna,1
EST-2055,Concha de Arnal,F,8.0,96.3,4.6,4.2,Medio,Deportes,0
EST-2056,Nilda Bas Palomo,F,6.0,98.5,4.3,3.2,Medio-Bajo,Deportes,0
EST-2057,Josué Sosa Cuéllar,M,10.0,97.0,3.9,2.9,Bajo-Bajo,Ninguna,0
EST-2058,Juan Francisco Gallo Rovira,M,7.0,89.8,2.9,1.1,Medio-Bajo,Ninguna,0
EST-2059,Sosimo Muñoz-Galvez,F,11.0,98.3,3.2,5.0,Bajo-Bajo,Ninguna,0
EST-2060,Rosaura Becerra Quirós,F,11.0,97.1,4.3,4.8,Medio-Bajo,Música,0
EST-2061,Cruz Pallarès Múñiz,M,11.0,89.6,4.3,3.6,Medio,Ninguna,0
EST-2062,Kike Sáenz Barba,F,9.0,91.1,3.8,3.3,Bajo,Ninguna,0
EST-2063,Primitiva Solera Redondo,F,9.0,98.4,4.3,1.5,Bajo,Robótica,0
EST-2064,Glauco Feliu,M,10.0,93.8,4.0,3.5,Bajo,Arte,0
EST-2065,Francisca Roman Bueno,M,6.0,100.0,4.1,4.9,Bajo,Música,0
EST-2066,Odalis Fortuny Gibert,F,9.0,97.5,4.2,5.0,Medio-Bajo,Deportes,1
EST-2067,Albino Carreño-Cuervo,M,6.0,92.6,4.0,4.6,Medio-Bajo,Ninguna,0
EST-2068,Dan Ripoll Gomis,M,8.0,94.9,5.0,4.2,Bajo-Bajo,,0
EST-2069,Marisa Casas Abellán,M,6.0,95.3,,5.0,Medio-Bajo,Ninguna,1
EST-2070,Pedro Caparrós Paz,M,6.0,91.4,5.0,3.9,Bajo-Bajo,Arte,1
EST-2071,Genoveva Suarez-Blanca,F,8.0,90.4,4.9,5.0,Medio,Robótica,1
EST-2072,Jose Valenciano Borrás,F,8.0,98.5,3.7,3.8,Bajo,Robótica,0
EST-2073,Delia Herrera-Pujadas,M,9.0,99.2,5.0,3.3,Medio-Bajo,Robótica,0
EST-2074,Poncio Reguera Iborra,F,6.0,98.0,3.7,3.2,Bajo-Bajo,Deportes,0
EST-2075,Máxima Mercader Olmo,F,8.0,100.0,5.0,3.1,Bajo,Robótica,1
EST-2076,Horacio Álamo Conde,F,6.0,92.3,4.0,4.9,Medio-Bajo,Música,1
EST-2077,Tadeo Alsina Acosta,M,9.0,100.0,2.8,3.5,Bajo,Arte,0
EST-2078,Carmelo Rueda Vélez,M,9.0,90.5,4.4,3.2,Medio,Robótica,0
EST-2079,Modesta Coll Mármol,O,9.0,89.9,2.2,,Medio-Bajo,Música,0
EST-2080,Isaura Guitart,F,10.0,86.2,4.1,4.2,Medio,Música,0
EST-2081,Leocadia Folch Abril,M,7.0,92.8,3.0,5.0,Medio,Deportes,1
EST-2082,Eva Jordá-Ferrando,M,10.0,92.5,3.6,4.5,Bajo,Ninguna,0
EST-2083,Luisina Vilalta Osuna,M,8.0,97.6,2.3,3.2,Medio-Bajo,Ninguna,0
EST-2084,Pedro de Guzman,F,8.0,96.2,5.0,4.3,Medio-Bajo,Deportes,1
EST-2085,Aurora Nuñez Laguna,F,9.0,89.0,1.5,4.0,Bajo,Robótica,0
EST-2086,Augusto Fabra Francisco,F,6.0,93.0,4.0,3.3,Medio-Bajo,Arte,0
EST-2087,Daniel Catalán Simó,M,9.0,93.1,5.0,3.1,Medio-Bajo,Música,0
EST-2088,Florentina Zamorano-Narváez,F,9.0,86.1,4.7,3.2,Medio-Bajo,,0
EST-2089,Salud Quiroga Pla,F,7.0,90.1,5.0,5.0,Bajo-Bajo,,0
EST-2090,Miguela Gimenez Zurita,M,6.0,91.1,3.6,3.8,Medio-Bajo,Deportes,0
EST-2091,Dorita Bou,F,6.0,100.0,5.0,5.0,Bajo,Música,0
EST-2092,Mercedes Guillén Ávila,O,11.0,96.0,5.0,3.7,Medio-Bajo,Música,0
EST-2093,Eva Riquelme Espada,M,9.0,98.3,4.3,4.9,Bajo,Ninguna,0
EST-2094,Natalio Arteaga Revilla,F,6.0,87.5,4.2,4.8,Bajo,Arte,1
EST-2095,Sandra Cardona Donaire,M,8.0,100.0,,5.0,Medio,Robótica,0
EST-2096,Heraclio Gaya,F,9.0,100.0,2.9,4.4,Medio-Bajo,Ninguna,0
EST-2097,Ágata del Morcillo,F,10.0,85.0,5.0,5.0,Medio-Alto,,0
EST-2098,María Giner Losa,F,6.0,91.5,5.0,4.6,Bajo,Deportes,0
EST-2099,Julia de Sotelo,F,7.0,97.5,2.9,5.0,Medio-Bajo,Robótica,0
EST-2100,Lino Núñez-Figueras,M,11.0,98.2,4.2,2.6,Medio-Bajo,Arte,1
EST-2101,Agustín de Fonseca,F,6.0,91.6,3.8,4.3,Medio-Bajo,Ninguna,0
EST-2102,María Dolores Gutierrez Cazorla,F,7.0,93.5,4.0,4.3,Bajo-Bajo,Ninguna,0
EST-2103,Elvira Calzada Mateos,M,11.0,92.0,4.1,3.3,Bajo,Música,0
EST-2104,Bernabé Exposito,F,9.0,95.6,5.0,4.6,Medio,Ninguna,1
EST-2105,Brunilda Gomis-Adadia,F,7.0,,3.5,2.7,Bajo,Arte,1
EST-2106,Enrique del Arjona,M,6.0,91.1,3.0,3.5,Medio,Deportes,0
EST-2107,Rico de Poza,F,6.0,100.0,5.0,2.2,Bajo,Robótica,0
EST-2108,Baudelio Mateos Amat,F,7.0,91.1,,5.0,Alto,Deportes,0
EST-2109,Ainoa Losa Alonso,M,11.0,90.8,2.9,3.8,Medio-Bajo,Ninguna,1
EST-2110,Gema Codina-Calderón,O,8.0,99.1,3.4,5.0,Medio-Bajo,Música,0
EST-2111,Bienvenida Cantero Pol,M,10.0,99.6,3.6,5.0,Bajo,Arte,0
EST-2112,Heriberto Lara Tamayo,M,11.0,99.3,5.0,4.6,Medio,Deportes,0
EST-2113,Celia Carina Tomé Ureña,M,8.0,88.4,4.6,3.3,Medio-Bajo,Robótica,0
EST-2114,Soledad Núñez,F,7.0,92.7,5.0,3.0,Medio-Bajo,Ninguna,0
EST-2115,Apolonia Abella Herrero,F,8.0,99.1,5.0,4.5,Bajo-Bajo,Ninguna,0
EST-2116,Benjamín Patiño Catalán,M,11.0,95.2,5.0,4.1,Medio-Bajo,Música,1
EST-2117,María Fernanda del Narváez,M,10.0,89.6,2.7,2.6,Medio,Música,0
EST-2118,Samuel Márquez Sáez,F,6.0,97.3,3.8,2.5,Bajo-Bajo,Ninguna,0
EST-2119,Isaura Ortiz Parra,M,10.0,91.4,2.8,3.2,Medio-Bajo,Robótica,0
EST-2120,Gabriel del Hernández,F,9.0,100.0,3.7,5.0,Bajo-Bajo,,0
EST-2121,Clementina Menendez Pardo,F,11.0,100.0,4.8,5.0,Medio,Robótica,0
EST-2122,Mariana Calvo Daza,F,6.0,98.0,4.6,4.2,Medio,Ninguna,1
EST-2123,Francisca Cornejo Sanabria,O,9.0,100.0,5.0,4.3,Bajo,Arte,0
EST-2124,Rubén Catalá,M,11.0,95.3,3.0,3.7,Bajo-Bajo,Ninguna,1
EST-2125,Gerardo Miranda Robles,O,8.0,98.8,4.6,3.3,,Deportes,0
EST-2126,Mateo Mendizábal-Sánchez,F,8.0,100.0,2.5,5.0,Bajo-Bajo,Ninguna,0
EST-2127,Teresa Donoso Catalá,F,6.0,96.2,4.1,5.0,Bajo,Robótica,0
EST-2128,Narcisa Vélez Pellicer,M,7.0,93.7,5.0,3.3,Bajo,Robótica,1
EST-2129,Evangelina Trillo Ortega,F,7.0,86.5,3.2,3.8,Bajo,Música,0
EST-2130,Jacinta del Uriarte,,11.0,94.6,4.7,,Bajo-Bajo,Música,0
EST-2131,Apolinar Vila Pedrosa,M,7.0,99.1,2.8,3.6,Bajo-Bajo,Ninguna,0
EST-2132,Verónica del Pi,M,8.0,99.7,2.0,5.0,Bajo-Bajo,Música,0
EST-2133,Arcelia Tur Buendía,F,9.0,97.5,4.7,2.9,Medio-Bajo,Robótica,0
EST-2134,Toni Alfonso Nieto Portero,F,6.0,92.3,5.0,4.5,Medio-Bajo,Ninguna,0
EST-2135,Adelardo Plana,F,8.0,85.1,2.7,4.6,Bajo,Arte,1
EST-2136,Catalina Montero,F,10.0,92.5,5.0,4.1,Medio-Bajo,,0
EST-2137,Marisa Coronado Lozano,M,11.0,93.5,4.1,5.0,Medio,Deportes,0
EST-2138,Isaura Perelló Gras,F,9.0,93.4,2.8,4.3,Bajo,,1
EST-2139,Sergio del Teruel,M,9.0,98.1,2.6,5.0,Medio-Bajo,Ninguna,0
EST-2140,Evaristo Antón Nieto,F,6.0,100.0,4.0,2.7,Medio-Bajo,Música,0
EST-2141,Pánfilo Bastida Vergara,F,11.0,95.6,3.9,3.9,Bajo-Bajo,Deportes,1
EST-2142,Elena Salinas Múñiz,F,6.0,93.9,,3.9,Bajo,Ninguna,0
EST-2143,Alonso Casares,F,,93.7,2.0,1.5,Bajo,Robótica,0
EST-2144,Felicidad Velázquez Urrutia,M,7.0,95.6,3.0,3.1,Medio-Bajo,Robótica,0
EST-2145,Eva Reguera Rivera,M,11.0,90.9,4.2,3.2,Bajo,Ninguna,0
EST-2146,Matilde Saldaña Morante,F,10.0,95.6,4.0,5.0,Medio,Robótica,0
EST-2147,Sandalio Marcial Jurado Caparrós,M,10.0,97.3,3.4,3.5,Medio-Bajo,Arte,0
EST-2148,Tadeo Palmer-Peñas,M,7.0,96.0,4.2,3.4,Bajo,Deportes,0
EST-2149,Ciriaco Vendrell Oliver,F,8.0,97.3,5.0,4.8,Bajo-Bajo,Ninguna,0
EST-2150,Estrella del Artigas,F,9.0,97.2,4.9,2.6,Bajo-Bajo,Música,1
EST-2151,Ceferino Teruel Boix,M,10.0,86.1,3.4,1.6,Bajo,Ninguna,0
EST-2152,Micaela Guzman Anaya,M,6.0,98.2,5.0,3.8,Bajo,Música,1
EST-2153,Lucía Costa Moliner,F,11.0,91.6,2.8,2.8,Medio-Bajo,Deportes,0
EST-2154,Toño Mesa Zorrilla,F,11.0,89.5,3.2,2.5,Medio-Bajo,Música,0
EST-2155,Aurora Bonet Asenjo,M,7.0,89.5,3.3,4.5,Bajo-Bajo,Deportes,0
EST-2156,Daniela Pont Perelló,M,10.0,97.2,2.5,5.0,Medio-Bajo,Robótica,0
EST-2157,Diego Dalmau Galindo,M,8.0,93.9,3.5,5.0,Bajo-Bajo,Música,0
EST-2158,Tamara Ojeda Montoya,M,8.0,86.6,1.4,5.0,Bajo,Música,1
EST-2159,Paz del Portero,M,7.0,97.4,5.0,5.0,Medio-Bajo,Deportes,0
EST-2160,Urbano Escobar,F,9.0,87.8,2.4,1.8,Bajo,,0
EST-2161,Carolina Galván Arnau,F,10.0,95.7,5.0,4.7,Medio-Bajo,Arte,0
EST-2162,Nerea Duque Iniesta,F,8.0,96.2,4.0,3.7,Medio,Deportes,0
EST-2163,Amando Lozano Frías,M,9.0,99.4,4.7,,Medio-Bajo,Deportes,0
EST-2164,Blas Gual Acedo,F,10.0,100.0,3.8,4.8,Bajo-Bajo,Deportes,1
EST-2165,Nidia Páez Cuéllar,,10.0,88.2,3.7,2.0,Bajo,Ninguna,0
EST-2166,Ambrosio Arteaga Blanco,O,6.0,94.7,4.8,2.4,Bajo-Bajo,Robótica,0
EST-2167,Emiliano Sancho-Hervia,F,11.0,93.6,4.8,4.8,Medio-Bajo,Música,0
EST-2168,Carmelo Santos Ballester,M,8.0,97.2,5.0,4.7,Medio-Bajo,Robótica,1
EST-2169,Virginia Buendía Cobo,F,7.0,96.1,3.6,4.3,Medio-Bajo,Deportes,0
EST-2170,Ceferino Orozco Fuster,M,7.0,93.2,3.4,3.1,Medio-Bajo,Ninguna,0
EST-2171,Olimpia Silva Cid,F,8.0,92.8,2.1,4.7,Medio-Bajo,,0
EST-2172,Leonel Tirado Carpio,M,11.0,89.4,4.1,4.6,Medio-Bajo,Deportes,0
EST-2173,Odalys Bernat Lozano,M,8.0,99.9,,4.1,Bajo,Ninguna,1
EST-2174,Paco Galvez,F,10.0,97.3,5.0,2.8,Medio-Bajo,Ninguna,0
EST-2175,Amor del Ibañez,M,6.0,99.6,4.8,3.8,Medio-Bajo,Robótica,1
EST-2176,Marisa Rosell Milla,F,8.0,93.4,3.1,5.0,Bajo,Deportes,0
EST-2177,Gabriel Marin,M,11.0,91.7,2.0,5.0,Medio-Alto,Música,0
EST-2178,Elisa Cerdán Carlos,F,10.0,89.6,4.8,3.6,Medio,Arte,0
EST-2179,Marino Roselló Carbó,F,7.0,96.8,2.2,3.8,Medio-Bajo,Ninguna,1
EST-2180,Narciso Andrés Garay,F,8.0,89.8,3.1,3.7,Medio-Bajo,Deportes,0
EST-2181,Pacífica Alberdi Campos,M,7.0,100.0,3.7,4.3,Bajo,Ninguna,0
EST-2182,Faustino Lozano,M,8.0,88.5,3.8,3.1,Bajo,Ninguna,1
EST-2183,Purificación Encarnacion Cerdán Matas,M,10.0,96.4,,1.5,Bajo-Bajo,Robótica,0
EST-2184,Ofelia Morales-Gallego,M,10.0,100.0,4.2,5.0,Bajo,Ninguna,0
EST-2185,Amarilis del Espejo,F,7.0,98.0,1.9,5.0,Bajo,Robótica,1
EST-2186,Ángela Porcel Castañeda,F,11.0,95.9,4.0,3.6,Bajo,Robótica,0
EST-2187,Judith Sánchez Marquez,F,9.0,90.2,1.9,2.9,Medio-Bajo,Ninguna,1
EST-2188,Adora Morell Villalonga,F,8.0,88.1,4.4,3.8,Bajo-Bajo,Deportes,0
EST-2189,Samu Ferrández Rivas,F,8.0,98.9,3.3,4.0,Bajo-Bajo,Robótica,0
EST-2190,Miriam Riba Alba,F,9.0,100.0,1.5,5.0,Bajo,Arte,0
EST-2191,Eusebia Vives Matas,M,9.0,92.8,3.0,4.3,Bajo,Deportes,0
EST-2192,Jessica Bayo-García,F,8.0,89.3,2.8,2.9,Bajo,Ninguna,0
EST-2193,Esmeralda Soraya Iglesias Echevarría,F,8.0,82.7,,2.6,Bajo,Música,0
EST-2194,Melania Giménez Mercader,F,6.0,90.1,4.6,5.0,Bajo,Música,1
EST-2195,Trinidad Gracia Expósito,M,10.0,94.4,4.8,4.8,Bajo-Bajo,Deportes,1
EST-2196,Jose Carlos Acero Romeu,M,9.0,100.0,5.0,5.0,Bajo,Deportes,0
EST-2197,Juliana Tejedor Casal,M,6.0,98.4,3.9,3.2,Medio,Música,0
EST-2198,Oriana Durán Pinilla,F,10.0,96.5,4.9,5.0,Bajo,Ninguna,0
EST-2199,Lino Cornejo,,11.0,93.0,4.8,2.5,Medio-Bajo,Robótica,0
EST-2200,Eladio Anglada Coello,M,11.0,92.1,2.9,4.9,Bajo-Bajo,Deportes,1
EST-2201,Bautista Vendrell Coll,O,8.0,100.0,5.0,,Bajo,Deportes,0
EST-2202,Bárbara Villanueva Pomares,M,6.0,96.0,2.3,3.4,Bajo,Deportes,0
EST-2203,Lara Revilla Grau,M,8.0,84.5,4.6,5.0,Medio,Música,0
EST-2204,Hernán Jerez Pomares,M,6.0,91.6,2.2,4.8,Bajo,,0
EST-2205,América Piquer Guillen,F,11.0,90.7,4.7,3.7,Medio-Bajo,,0
EST-2206,Genoveva de Cantón,F,6.0,92.3,5.0,3.7,Medio-Bajo,,0
EST-2207,Matilde Alcántara Morante,M,7.0,97.8,3.7,4.1,Bajo-Bajo,Ninguna,0
EST-2208,Íñigo Doménech Somoza,F,8.0,94.5,3.7,4.5,Medio,Ninguna,0
EST-2209,Carlito Casanova-Ferrán,M,8.0,94.6,4.7,5.0,Bajo,Música,0
EST-2210,Guadalupe Valenzuela,F,10.0,100.0,4.0,3.7,Bajo-Bajo,Deportes,1
EST-2211,Teobaldo Jiménez Barranco,F,8.0,91.5,5.0,2.6,,Robótica,0
EST-2212,Violeta Goicoechea Fernández,F,6.0,100.0,4.2,4.2,Bajo,Ninguna,0
EST-2213,Silvestre Verdugo Cárdenas,M,7.0,91.6,3.6,,Bajo-Bajo,Música,0
EST-2214,Aníbal Estévez Valverde,O,8.0,95.4,3.4,,Medio-Bajo,Robótica,0
EST-2215,María Vall,F,6.0,93.6,3.3,4.5,Bajo,Robótica,1
EST-2216,Esther Ródenas Benet,M,9.0,95.6,3.6,4.0,Medio-Bajo,Música,1
EST-2217,Beatriz Perelló Mármol,F,9.0,97.2,4.0,4.5,Bajo-Bajo,Deportes,1
EST-2218,Darío Correa Andrés,M,10.0,97.2,3.8,3.3,Medio,Música,1
EST-2219,Nidia Prats-Aznar,F,11.0,91.2,3.6,,Bajo-Bajo,Música,1
EST-2220,Amalia Morante Milla,M,11.0,,5.0,2.6,Medio-Bajo,Música,0
EST-2221,Danilo Carmelo Mínguez Navas,F,11.0,100.0,2.8,3.4,Medio-Bajo,Música,0
EST-2222,Cayetana Eligia Torrijos Vallejo,F,7.0,92.6,4.2,4.0,Bajo-Bajo,Robótica,0
EST-2223,Alex Barros Herrero,M,6.0,98.5,5.0,5.0,Bajo-Bajo,Robótica,1
EST-2224,Cándido Riquelme Heras,M,7.0,87.0,4.3,4.7,Bajo-Bajo,Robótica,0
EST-2225,Amelia Morales Jaén,M,11.0,93.6,3.9,5.0,Bajo,Arte,0
EST-2226,Amado Bartolomé,M,11.0,94.4,4.1,5.0,,Deportes,1
EST-2227,Carolina Pozuelo-Campos,M,11.0,97.4,4.5,5.0,Medio-Bajo,Música,0
EST-2228,Apolonia Tirado Andrés,F,6.0,81.4,3.8,3.9,Bajo,Arte,0
EST-2229,Sosimo Nico Rebollo Donaire,M,11.0,95.8,4.1,5.0,Medio-Bajo,Deportes,1
EST-2230,María Carmen de Alegria,M,8.0,89.3,2.0,4.9,Bajo-Bajo,Arte,1
EST-2231,Odalys Josefa Galiano Royo,F,6.0,96.6,3.8,5.0,Medio-Bajo,Ninguna,1
EST-2232,Aura Cazorla Guitart,M,8.0,89.8,,5.0,Bajo-Bajo,Deportes,1
EST-2233,Melisa Ramón Prat,F,6.0,90.7,3.2,3.8,Bajo,Música,0
EST-2234,Mar de Benavent,F,9.0,93.6,4.0,3.7,Bajo-Bajo,Deportes,0
EST-2235,Tatiana Miranda Bernat,F,7.0,89.7,3.9,4.0,Bajo-Bajo,Ninguna,0
EST-2236,Valerio de Barrena,F,8.0,,5.0,4.0,Medio-Bajo,Música,1
EST-2237,Gabino Sáez Gallego,F,9.0,89.0,2.9,4.2,Medio-Bajo,Robótica,0
EST-2238,Sofía de Crespi,M,11.0,85.8,4.4,5.0,Medio-Bajo,Deportes,0
EST-2239,Emigdio Mateo Márquez,M,9.0,100.0,4.4,3.7,Medio-Bajo,Deportes,0
EST-2240,Etelvina Ocaña Quesada,M,8.0,88.5,5.0,3.4,Medio,Ninguna,0
EST-2241,Anna Cuéllar Feliu,F,10.0,94.1,4.7,4.2,Bajo,Ninguna,0
EST-2242,Raúl de Royo,M,11.0,98.8,3.2,4.0,Bajo,,1
EST-2243,Poncio Estrada Cordero,F,6.0,91.9,1.9,2.3,Bajo,Música,0
EST-2244,Nerea Lledó,,9.0,90.9,4.4,3.6,Bajo-Bajo,Música,0
EST-2245,Encarnación Aranda Olivé,F,7.0,96.1,3.4,4.9,Medio-Bajo,Deportes,0
EST-2246,Emiliana Franco Burgos,F,6.0,100.0,2.8,5.0,Bajo,Deportes,0
EST-2247,Roldán Jódar Cuadrado,M,9.0,89.2,2.0,2.5,Bajo,Ninguna,0
EST-2248,Tito Ayala Gómez,F,11.0,94.2,4.2,3.0,Bajo,Música,0
EST-2249,Nilo Tiburcio Borrell Manzano,F,6.0,86.3,5.0,3.9,,Deportes,1
EST-2250,Felipa Rius Collado,M,10.0,93.0,3.9,2.1,Alto,Deportes,1
EST-2251,Perlita Reig Benito,M,11.0,95.2,5.0,3.6,Bajo,Ninguna,1
EST-2252,Pilar Noa Landa Pera,F,11.0,90.7,3.9,2.3,Medio-Bajo,Ninguna,0
EST-2253,Juan Manuel Peralta,F,7.0,92.7,2.9,5.0,Medio-Bajo,Ninguna,1
EST-2254,Yago Jara Jara,F,11.0,88.0,4.8,3.1,Alto,Arte,1
EST-2255,Marino Sedano-Bustamante,F,7.0,95.4,3.1,5.0,Bajo,Robótica,1
EST-2256,Paola Serna,F,9.0,100.0,4.0,,Medio-Bajo,Robótica,0
EST-2257,Sol Huertas,F,6.0,89.5,3.1,3.1,Bajo,Ninguna,0
EST-2258,Candela Montalbán Pintor,M,,91.9,5.0,2.9,Medio-Bajo,Ninguna,0
EST-2259,Sandra de Valcárcel,M,10.0,97.5,3.1,4.0,Medio-Bajo,Música,1
EST-2260,Augusto Caro-Toledo,M,8.0,100.0,,4.1,Medio-Bajo,Música,0
EST-2261,Reyes Ramirez Macías,F,7.0,87.5,2.5,4.2,Bajo,,0
EST-2262,Noelia Ariza Fuente,F,7.0,94.2,3.4,3.2,Medio-Bajo,Ninguna,0
EST-2263,Mayte Gilabert,F,9.0,96.4,1.9,4.9,Bajo,Robótica,1
EST-2264,María Luisa Gema Camps Uría,M,6.0,94.5,5.0,4.5,Bajo,Deportes,1
EST-2265,Narcisa Dávila Moraleda,F,10.0,82.6,4.6,3.4,Medio-Bajo,Ninguna,1
EST-2266,Genoveva Núñez Puente,F,6.0,97.5,3.5,,Medio-Bajo,,1
EST-2267,Gonzalo Talavera Barrena,F,7.0,100.0,2.7,3.8,,Ninguna,0
EST-2268,Damián Céspedes Vega,F,8.0,95.6,3.4,3.2,Medio-Bajo,,0
EST-2269,Íngrid Peña-Hervia,M,8.0,89.8,,4.0,Bajo-Bajo,Robótica,1
EST-2270,Benigno Canet-Yuste,F,8.0,92.4,2.1,4.3,Bajo-Bajo,Arte,1
EST-2271,Brígida Guardiola Ramis,M,7.0,100.0,3.8,4.5,Bajo-Bajo,Robótica,0
EST-2272,Marco Fajardo Menendez,M,11.0,99.5,5.0,5.0,Bajo-Bajo,Música,0
EST-2273,Aura Ropero Bonet,F,9.0,98.2,2.6,4.1,Bajo,Música,0
EST-2274,Cosme Bernad Ferreras,F,6.0,96.8,4.1,5.0,Bajo,Ninguna,0
EST-2275,Rolando Piñol Barón,O,8.0,91.7,5.0,4.2,Bajo-Bajo,,0
EST-2276,Mónica Valls Casal,F,11.0,94.0,4.8,4.0,Medio,Arte,0
EST-2277,Leandro Godoy Castells,F,7.0,94.6,4.6,3.9,Medio-Bajo,Ninguna,1
EST-2278,Zoraida de Ribera,F,6.0,97.7,4.6,4.1,Medio-Bajo,Música,0
EST-2279,Roberto Carbó Menéndez,F,10.0,100.0,3.5,,Bajo,Arte,0
EST-2280,Guadalupe Ros,M,9.0,100.0,5.0,3.0,Bajo,Ninguna,0
EST-2281,Carmelo Garriga Oliva,M,9.0,87.9,3.4,2.4,Bajo,Robótica,1
EST-2282,Rodrigo Planas Flor,M,6.0,96.1,1.6,4.7,Bajo,Ninguna,0
EST-2283,Francisca Teresita Castells Yuste,M,6.0,98.7,3.5,4.9,Medio-Bajo,Ninguna,0
EST-2284,Severo Murillo-Roura,M,9.0,98.1,2.8,4.7,Bajo,Ninguna,0
EST-2285,Espiridión Pineda Vall,M,7.0,91.9,3.7,4.4,Medio-Bajo,Música,0
EST-2286,Leticia Pinedo Barco,M,8.0,100.0,3.7,5.0,Medio,Deportes,0
EST-2287,Ricarda del Santos,O,9.0,88.6,4.9,4.6,Bajo,Música,0
EST-2288,Pánfilo Bas-Dominguez,M,7.0,89.6,4.3,4.7,Bajo,Arte,0
EST-2289,Yéssica Morata Arnal,F,11.0,96.2,4.3,3.1,Medio,Ninguna,0
EST-2290,Natividad Plana Suarez,M,11.0,100.0,4.0,3.1,Medio-Bajo,Robótica,0
EST-2291,Trinidad Gálvez Ledesma,F,10.0,90.8,3.1,3.8,Medio-Bajo,Robótica,1
EST-2292,Roberta Tamarit-Mateo,M,6.0,93.7,1.9,4.0,Medio-Bajo,Ninguna,1
EST-2293,Quirino de Solano,M,6.0,100.0,,3.8,Bajo-Bajo,Ninguna,0
EST-2294,Tomás Caparrós Martorell,F,8.0,94.9,5.0,,Bajo-Bajo,Robótica,0
EST-2295,Trini Luz Tejada,M,6.0,93.3,3.9,5.0,Bajo-Bajo,Deportes,0
EST-2296,Esmeralda Inés Calzada Cuervo,M,11.0,97.8,3.4,3.9,Bajo-Bajo,Arte,0
EST-2297,Valeria del Expósito,M,6.0,96.4,5.0,4.2,Bajo,Ninguna,1
EST-2298,Eva María Tudela Escalona,,8.0,100.0,3.9,5.0,Bajo-Bajo,Deportes,0
EST-2299,Hector Milla Bru,M,8.0,100.0,5.0,1.9,Medio-Bajo,Deportes,1
EST-2300,Edelmiro Manzano-León,M,9.0,96.5,5.0,3.7,Medio-Bajo,Robótica,1
EST-2301,Marita Pintor Murcia,F,6.0,96.5,5.0,3.6,Bajo,Ninguna,0
EST-2302,Concepción Simó Morata,F,8.0,96.1,4.9,3.9,Bajo-Bajo,Arte,0
EST-2303,Marcia Maricela Salamanca Haro,F,7.0,97.4,2.5,4.0,Medio-Bajo,Música,0
EST-2304,Elvira Salas Pera,M,11.0,95.3,4.8,5.0,Bajo-Bajo,Arte,0
EST-2305,Ernesto Botella Iniesta,F,6.0,95.0,4.9,4.9,Medio-Bajo,Robótica,1
EST-2306,Herberto Fernández Daza,M,11.0,100.0,4.7,5.0,Medio-Bajo,,0
EST-2307,Aurora Ferrán Polo,M,10.0,100.0,4.6,4.0,Medio-Bajo,Ninguna,0
EST-2308,Amalia Contreras Cobos,F,7.0,87.5,4.4,2.5,Bajo-Bajo,Arte,1
EST-2309,Mohamed Bayona Fonseca,M,10.0,95.1,5.0,1.9,Medio-Bajo,Ninguna,1
EST-2310,Juan Antonio Adelardo Cerezo Huertas,M,6.0,91.6,3.9,2.5,Bajo,Ninguna,0
EST-2311,Espiridión Nogueira Hernandez,F,11.0,93.4,,4.6,Bajo,Música,1
EST-2312,Teodosio Recio Valcárcel,F,9.0,97.0,3.4,4.2,Bajo,Robótica,0
EST-2313,Prudencio Ordóñez Reyes,F,7.0,98.3,5.0,3.8,Medio,Ninguna,1
EST-2314,Onofre Ayllón Romeu,F,8.0,94.4,5.0,3.8,Bajo,Música,0
EST-2315,Bernardita Paloma Casado Feliu,O,6.0,85.4,4.3,5.0,Medio,Robótica,1
EST-2316,Amador Quirino Vilar Martí,M,11.0,90.2,5.0,3.4,Bajo-Bajo,Robótica,0
EST-2317,María Carmen Mascaró Guerrero,M,6.0,99.5,2.9,4.9,Bajo-Bajo,Ninguna,0
EST-2318,Victor del Lorenzo,M,9.0,81.3,2.9,3.9,Medio-Bajo,Música,0
EST-2319,Ágata Aguado Sevilla,M,8.0,100.0,4.3,3.9,Bajo-Bajo,,0
EST-2320,Rosalina Rius-Cabo,M,11.0,97.6,5.0,5.0,Bajo,Ninguna,0
EST-2321,Baudelio de Aguiló,F,,100.0,4.6,5.0,Bajo-Bajo,Deportes,1
EST-2322,Noemí Renata Arjona Lago,F,9.0,94.0,5.0,4.0,Bajo,Robótica,1
EST-2323,Buenaventura Prats,F,8.0,84.7,3.1,4.5,Bajo,Ninguna,1
EST-2324,Antonia Correa Costa,M,10.0,97.2,3.0,4.6,Medio-Bajo,,1
EST-2325,José Ángel Espejo Cañellas,F,6.0,100.0,4.8,4.0,Medio-Bajo,Ninguna,1
EST-2326,Vicente Gallego Serra,O,7.0,99.6,4.3,4.2,Medio,Ninguna,1
EST-2327,Quirino Palomino Colomer,F,7.0,91.7,4.7,3.5,Medio-Bajo,Música,0
EST-2328,Bienvenida Garcés,M,10.0,95.4,4.4,3.9,Medio-Bajo,Deportes,1
EST-2329,Agapito Fernandez Carrasco,F,6.0,92.3,3.6,3.6,Medio-Bajo,Deportes,0
EST-2330,Mónica Marisol Tejada Aliaga,M,9.0,90.9,4.3,5.0,Medio,Robótica,1
EST-2331,Samanta de Manrique,M,7.0,99.8,4.0,4.1,Bajo,Robótica,0
EST-2332,Evita de Camps,M,11.0,89.0,3.1,2.6,Bajo,Deportes,0
EST-2333,Martina Aguirre Piña,F,11.0,90.5,3.8,3.3,Medio-Bajo,Ninguna,0
EST-2334,Dorotea Laguna,F,8.0,89.5,3.0,1.0,Bajo,Ninguna,0
EST-2335,Arcelia del Menéndez,M,8.0,87.5,4.5,3.4,Medio,Música,0
EST-2336,Adoración Roig Navarrete,M,7.0,95.7,4.6,4.2,Bajo,,1
EST-2337,Matías Morales Alberola,M,6.0,100.0,5.0,4.1,Bajo,Deportes,0
EST-2338,Esteban Domínguez Soriano,M,7.0,94.1,4.2,5.0,Medio-Bajo,Ninguna,0
EST-2339,Olimpia Valera Mosquera,M,9.0,87.5,2.8,4.5,Bajo,Robótica,0
EST-2340,Aarón Mesa Riera,M,9.0,99.2,5.0,4.7,Medio,Deportes,0
EST-2341,Teo Fortuny,F,11.0,100.0,4.5,2.6,Medio,Robótica,0
EST-2342,Bernarda Rocamora,M,8.0,91.8,5.0,3.8,Medio-Bajo,Música,0
EST-2343,Sofía Salcedo,M,10.0,92.6,4.7,3.5,Bajo-Bajo,Ninguna,0
EST-2344,Ciríaco Danilo Romeu Lobo,M,8.0,97.6,4.7,3.2,Bajo,Ninguna,0
EST-2345,Amador Varela-Pavón,F,8.0,100.0,4.6,3.2,Bajo,Ninguna,0
EST-2346,Eva María Arnaiz Palomar,F,7.0,92.4,3.1,2.4,Medio-Bajo,Robótica,1
EST-2347,Maximiliano Colom Martín,F,8.0,88.3,3.9,2.6,Bajo-Bajo,Arte,0
EST-2348,Narcisa Priego Almansa,M,8.0,98.2,2.4,5.0,Bajo-Bajo,Deportes,0
EST-2349,Mayte Rueda Jover,F,10.0,99.0,3.8,4.1,Bajo-Bajo,Música,0
EST-2350,Melisa Bautista Fernández,M,11.0,95.0,3.1,3.7,Bajo,Deportes,0
EST-2351,Segismundo Carmona Ibáñez,F,7.0,92.2,4.4,4.2,Medio,Música,0
EST-2352,Lorenzo del Huerta,F,6.0,100.0,4.4,5.0,Bajo-Bajo,,0
EST-2353,Nydia Carbajo Guijarro,F,8.0,97.6,5.0,4.0,Bajo,Ninguna,1
EST-2354,Ale Ortega-Artigas,F,9.0,91.2,4.3,4.7,Medio-Bajo,Música,0
EST-2355,Soraya de Borrego,F,6.0,95.2,3.3,3.2,Medio-Bajo,Ninguna,0
EST-2356,Victorino Bernat,M,10.0,88.2,3.2,,Medio-Bajo,Robótica,0
EST-2357,Andrés Huertas Barrio,F,11.0,98.4,5.0,4.6,Medio-Bajo,Deportes,0
EST-2358,Luis Ángel Mir-Esteban,M,11.0,93.7,5.0,5.0,Bajo-Bajo,Ninguna,0
EST-2359,Joel Pacheco Álvarez,F,,92.8,2.6,,Bajo,Ninguna,0
EST-2360,Pía Marín Pozuelo,M,11.0,94.8,2.6,,Medio,Ninguna,1
EST-2361,Chus Amigó Saldaña,M,10.0,95.2,3.1,4.4,Medio-Alto,Música,0
EST-2362,Vito del Muñoz,M,8.0,99.5,5.0,5.0,Medio-Bajo,Ninguna,0
EST-2363,León del Vaquero,M,9.0,98.0,5.0,5.0,Medio-Bajo,Música,1
EST-2364,Priscila Cáceres Casas,F,11.0,94.2,2.9,1.9,Medio,,0
EST-2365,Cesar de Ribas,F,8.0,98.8,4.4,3.1,Bajo,Música,0
EST-2366,Rafaela Reyes Andrade,M,8.0,97.0,5.0,4.3,Bajo-Bajo,Ninguna,0
EST-2367,Salomón Landa-Castelló,M,8.0,92.9,4.5,2.4,Medio-Bajo,Arte,0
EST-2368,Carlito Galindo Aller,F,9.0,94.4,5.0,3.3,Medio,Robótica,1
EST-2369,Lucila Aguilera,M,6.0,94.3,5.0,3.5,Medio-Bajo,Deportes,0
EST-2370,Juan Pablo Blanch Perea,F,11.0,97.5,2.9,3.9,,Deportes,0
EST-2371,Lorenza González-Cortina,F,9.0,93.2,4.2,3.9,Bajo,Robótica,1
EST-2372,Elodia de Morcillo,F,9.0,93.0,4.0,3.7,Bajo-Bajo,Ninguna,0
EST-2373,Consuelo Cañellas,F,6.0,100.0,4.1,5.0,Bajo-Bajo,Música,0
EST-2374,Susanita Niño,M,9.0,99.7,5.0,3.9,Medio,Música,0
EST-2375,Pascual Giner,F,6.0,91.2,4.9,3.8,Bajo,,1
EST-2376,Pánfilo Isidro Atienza Moya,M,6.0,97.9,1.9,2.7,Bajo-Bajo,Ninguna,1
EST-2377,Vito Cordero,M,9.0,95.6,2.4,5.0,Medio,Ninguna,0
EST-2378,Rómulo de Juárez,F,8.0,97.0,1.9,3.5,Bajo,Robótica,1
EST-2379,Remedios Saura Morillo,M,9.0,95.7,4.6,2.9,Medio-Bajo,Ninguna,1
EST-2380,Lidia Acero Saura,F,6.0,100.0,4.7,4.4,Medio-Bajo,Arte,1
EST-2381,Maribel Losa Belmonte,F,8.0,96.7,4.3,3.2,Bajo-Bajo,Ninguna,0
EST-2382,Marisol Maldonado Castillo,F,6.0,94.7,3.2,3.7,Medio-Bajo,Robótica,1
EST-2383,Modesta del Tello,F,11.0,100.0,4.8,4.5,Alto,Deportes,0
EST-2384,Demetrio del Royo,M,9.0,96.2,,3.9,Bajo-Bajo,Deportes,1
EST-2385,Eufemia Soriano Frías,M,9.0,95.6,2.5,5.0,Medio-Bajo,Robótica,0
EST-2386,Jafet Saez Carpio,F,7.0,96.6,2.2,3.9,Bajo,Ninguna,0
EST-2387,Lorenzo Ríos Cerdán,M,6.0,94.5,4.4,4.6,Bajo,Ninguna,1
EST-2388,Reyna Graciana Villaverde Aragón,F,11.0,95.0,5.0,2.3,Bajo,Robótica,1
EST-2389,Fanny Amaya Agustí,F,7.0,92.1,5.0,3.3,Medio,Robótica,0
EST-2390,Nidia Castellanos Oller,F,8.0,91.2,4.7,3.1,Bajo,,0
EST-2391,Agustín Pons,M,9.0,90.0,2.6,2.7,Bajo,Ninguna,0
EST-2392,Marina Daza Pujol,M,6.0,88.0,4.6,4.3,,Arte,0
EST-2393,Alma del Guzmán,M,10.0,90.6,3.5,5.0,Bajo-Bajo,Ninguna,0
EST-2394,Rómulo Quintana Chacón,M,9.0,94.1,,,Bajo-Bajo,Robótica,0
EST-2395,Clarisa Agustí Morán,F,7.0,95.5,,4.0,Bajo-Bajo,Arte,0
EST-2396,Aurora Almazán Tello,M,6.0,93.6,4.1,,Medio-Bajo,Música,0
EST-2397,Hector Novoa,M,6.0,83.2,2.7,5.0,Bajo,Robótica,0
EST-2398,Arturo Garzón Diego,M,11.0,100.0,4.5,5.0,Medio,Ninguna,1
EST-2399,Valentina Morell Busquets,F,9.0,100.0,1.5,4.3,Bajo,Arte,0
EST-2400,Brígida Crespo Moll,F,7.0,97.2,4.2,4.9,Bajo,Ninguna,0
EST-2401,Candelario de Agustín,M,6.0,100.0,1.9,4.5,Medio-Bajo,Música,1
EST-2402,Sonia León Delgado,M,10.0,90.1,,5.0,Bajo,Deportes,0
EST-2403,Maite Carro,M,9.0,100.0,4.6,2.8,Medio,,0
EST-2404,Oriana Ariño Barral,M,8.0,90.2,3.7,3.7,Bajo,Deportes,0
EST-2405,Dionisia Falcó Iriarte,F,8.0,96.2,4.7,4.6,Bajo-Bajo,Arte,0
EST-2406,Malena Rozas Padilla,F,7.0,88.6,2.3,5.0,Bajo,Música,0
EST-2407,Enrique Borrás Villaverde,M,9.0,95.1,4.1,3.4,Bajo-Bajo,Robótica,0
EST-2408,Bernabé Chico Cruz,M,11.0,96.9,5.0,2.2,Bajo-Bajo,Deportes,1
EST-2409,Cirino Arco Amorós,O,6.0,94.2,1.5,3.7,Bajo,Música,0
EST-2410,Valentina Melero Bayo,M,9.0,98.6,3.9,5.0,Bajo,Deportes,1
EST-2411,Espiridión Aureliano Franco Mena,F,8.0,95.5,4.0,2.6,Bajo-Bajo,Música,0
EST-2412,Clemente Ariño Chamorro,M,8.0,92.4,3.8,2.8,Bajo,Ninguna,0
EST-2413,Tiburcio del Bellido,F,7.0,92.2,5.0,4.2,Bajo,Ninguna,0
EST-2414,Aurelia Águeda Giralt Lozano,M,10.0,99.1,2.7,3.9,Bajo,Ninguna,0
EST-2415,Isidro Bueno Guitart,F,8.0,91.7,3.7,4.6,Bajo-Bajo,,1
EST-2416,Blanca Araujo-Baños,O,9.0,99.6,1.7,2.8,Medio-Bajo,Ninguna,0
EST-2417,Ruben de Garrido,M,7.0,100.0,5.0,3.9,Medio-Bajo,Robótica,0
EST-2418,Eladio Ripoll Rubio,M,6.0,86.7,3.2,4.9,Medio-Bajo,Ninguna,0
EST-2419,Jose Ramón Marín Fuster,M,6.0,100.0,3.5,3.0,Bajo,,0
EST-2420,Raúl Haro Mariño,M,10.0,100.0,4.3,5.0,Bajo-Bajo,Deportes,1
EST-2421,Roberto Mesa Cabrera,,7.0,96.3,5.0,3.1,Bajo,Música,1
EST-2422,Carlos Cepeda Batlle,M,10.0,98.0,4.8,5.0,Medio,Robótica,1
EST-2423,Ana Marti,F,8.0,100.0,5.0,3.6,Bajo,Ninguna,0
EST-2424,Ovidio Cal Vargas,M,8.0,93.6,,3.1,Bajo-Bajo,Robótica,0
EST-2425,Ani Pomares Benavides,M,8.0,95.9,3.4,3.7,Bajo-Bajo,Música,0
EST-2426,Nydia Vicens Llobet,F,8.0,88.4,2.8,4.4,Medio,Deportes,0
EST-2427,Felicidad de Pozo,M,6.0,95.7,3.5,4.0,Medio-Bajo,Ninguna,0
EST-2428,Teresa Solano Coronado,O,7.0,97.5,2.6,5.0,Bajo,Deportes,1
EST-2429,Lupe de Villena,M,9.0,97.6,4.4,5.0,Bajo,Deportes,1
EST-2430,Natalia Baquero Gallo,F,9.0,100.0,5.0,3.0,Medio,,1
EST-2431,María Luisa Carvajal,F,7.0,91.1,3.3,2.7,Bajo-Bajo,Ninguna,0
EST-2432,Elvira Rebeca Peral Puente,F,8.0,92.3,3.0,2.9,Medio-Bajo,Música,0
EST-2433,Ricarda Fábregas-Sarmiento,O,7.0,100.0,5.0,3.3,Medio-Bajo,Música,1
EST-2434,Cristian Bustos,M,,94.2,2.7,,Bajo,Robótica,1
EST-2435,Hugo de Roura,O,6.0,96.0,1.9,4.8,Bajo-Bajo,Robótica,1
EST-2436,Pepita Tejedor Alberto,M,11.0,94.7,2.6,3.5,Bajo,Ninguna,0
EST-2437,Raquel del Botella,M,7.0,90.9,2.6,4.0,Medio,Ninguna,1
EST-2438,Cornelio Victoriano Pardo Torrents,M,7.0,100.0,4.5,5.0,Bajo,Ninguna,0
EST-2439,Perlita Jódar-Trillo,F,7.0,92.4,3.6,5.0,Medio-Bajo,Ninguna,0
EST-2440,Curro Blanes Adán,M,6.0,89.4,3.6,4.0,Medio-Bajo,Ninguna,1
EST-2441,Maristela de Grau,F,9.0,92.7,5.0,1.3,Medio,Ninguna,0
EST-2442,Ileana Montaña Fuentes,F,6.0,85.0,2.7,4.0,Medio,Ninguna,0
EST-2443,Anastasia Nicolasa Lloret Tormo,F,6.0,91.7,4.9,5.0,Bajo,Deportes,0
EST-2444,Rómulo Andres Castañeda,F,9.0,90.2,5.0,4.4,Bajo,Deportes,0
EST-2445,Galo Solé Andrés,M,7.0,98.1,3.5,4.9,Medio-Bajo,Robótica,0
EST-2446,Amelia León Botella,M,10.0,91.6,4.9,4.6,Medio-Bajo,Robótica,0
EST-2447,Tito Busquets Corral,M,9.0,99.4,3.7,3.0,Bajo,,0
EST-2448,Flavia Torrens Vila,M,7.0,100.0,5.0,3.3,Medio-Bajo,Música,0
EST-2449,María Pilar Ávila Figueras,M,9.0,98.9,2.5,3.7,Bajo-Bajo,Ninguna,1
EST-2450,Agapito Marin Simó,M,6.0,93.9,2.0,5.0,Bajo,Deportes,0
EST-2451,Abril Bernardita Cadenas Barón,M,9.0,95.7,3.9,3.4,Medio-Bajo,Robótica,1
EST-2452,Desiderio Cases Barroso,O,8.0,87.4,2.4,4.4,Bajo,Música,0
EST-2453,Bernardino Lledó,F,7.0,94.3,3.4,4.5,Bajo,Arte,0
EST-2454,Antonia Robledo Navarro,M,9.0,90.7,3.7,,Medio,,0
EST-2455,Adriana Solís Alfaro,F,11.0,98.5,4.9,4.2,Medio-Bajo,Arte,0
EST-2456,Raúl Luciano Borrell Sosa,M,11.0,100.0,3.9,2.4,Medio,Robótica,1
EST-2457,Tatiana Olmo Boix,M,9.0,97.5,3.0,4.8,Medio-Bajo,,0
EST-2458,Zaida Tello Tejedor,F,8.0,85.0,3.5,5.0,Medio-Bajo,Robótica,1
EST-2459,Edgardo Losada Zurita,F,7.0,93.2,3.1,4.9,Medio-Bajo,Deportes,0
EST-2460,Bernardino Canet Puente,M,7.0,95.6,3.3,3.2,Bajo-Bajo,Ninguna,1
EST-2461,Felipe Barriga Sarmiento,O,8.0,95.4,2.1,3.1,Bajo,Música,0
EST-2462,Florencia Cañizares Priego,F,8.0,91.3,4.1,3.2,Bajo,Deportes,0
EST-2463,María Teresa Merino-Doménech,F,11.0,96.2,3.3,5.0,Alto,Robótica,0
EST-2464,Cosme de Merino,F,8.0,88.8,4.7,3.4,Bajo,Ninguna,0
EST-2465,Xavier Ugarte Carro,F,8.0,90.3,2.3,3.3,Bajo,Ninguna,0
EST-2466,Francisco Jose Escalona,M,8.0,98.2,3.3,4.0,Medio-Bajo,Música,0
EST-2467,Leyre Iniesta Cánovas,M,10.0,89.9,5.0,3.6,Bajo,Deportes,0
EST-2468,Emilia Anunciación Pozo Guardiola,M,9.0,97.7,3.3,5.0,Bajo-Bajo,Robótica,1
EST-2469,Vicente Graciano Coronado Jover,M,9.0,88.2,3.6,2.9,Bajo-Bajo,,1
EST-2470,Fortunata Abril Losa,F,7.0,100.0,2.5,5.0,Medio-Bajo,Ninguna,0
EST-2471,María José del Llabrés,M,10.0,91.1,2.4,4.3,Bajo,Robótica,0
EST-2472,Lupita Huguet,O,6.0,93.9,5.0,5.0,Bajo-Bajo,Robótica,0
EST-2473,Eliana Porcel,F,11.0,96.7,4.6,5.0,Bajo,Música,1
EST-2474,Valentín Javier Gual Martinez,F,8.0,92.2,4.2,4.3,Bajo,Arte,0
EST-2475,Carlota Llabrés Bartolomé,F,8.0,95.7,2.0,3.9,Bajo,Deportes,0
EST-2476,Adelia Dalmau Torrents,F,8.0,97.9,4.4,4.1,Medio,Ninguna,0
EST-2477,Teófila Heredia Huertas,M,9.0,99.8,5.0,4.1,Bajo,Música,0
EST-2478,Félix del Roma,F,6.0,99.0,5.0,2.3,Bajo-Bajo,Ninguna,0
EST-2479,Lisandro Paz Larrañaga,M,11.0,94.1,4.8,5.0,Medio,,0
EST-2480,Silvio del Barreda,F,8.0,94.3,2.6,4.2,Medio-Bajo,Ninguna,0
EST-2481,Javiera Cid Hervia,M,7.0,100.0,4.4,,Bajo,Robótica,0
EST-2482,Adolfo Bru Figueroa,F,6.0,99.7,4.8,2.1,Bajo,Música,0
EST-2483,Nicanor Piquer-Paniagua,F,8.0,90.4,1.8,1.9,Medio-Bajo,Robótica,0
EST-2484,Eliana Carrillo Patiño,M,8.0,95.5,2.7,5.0,Bajo,Arte,0
EST-2485,Blanca Marín Gomez,M,8.0,93.3,5.0,3.4,Medio-Bajo,Ninguna,0
EST-2486,Marcial Ortega-Galindo,O,9.0,94.3,5.0,3.7,Bajo,Robótica,0
EST-2487,Angelino Fernandez Pujol,F,8.0,88.9,1.6,4.4,Bajo,Robótica,0
EST-2488,Yago Feijoo-Rosell,F,11.0,92.9,5.0,3.5,Medio-Bajo,Ninguna,0
EST-2489,María Manuela Iborra-Salvador,F,9.0,100.0,4.1,4.7,Bajo,Arte,0
EST-2490,Espiridión Paniagua Miranda,M,10.0,97.9,5.0,4.3,Bajo-Bajo,Robótica,1
EST-2491,Gerardo Cuéllar Mena,M,6.0,82.5,2.7,3.8,Medio-Bajo,Arte,0
EST-2492,Adelardo Heredia Navarrete,M,8.0,100.0,4.8,2.6,Bajo-Bajo,Robótica,0
EST-2493,Clementina Juan Boada,F,7.0,100.0,5.0,3.2,Bajo,Ninguna,0
EST-2494,Reina Montoya Báez,M,9.0,93.2,3.6,4.6,Medio-Bajo,Ninguna,0
EST-2495,Elodia Encarnación Echevarría Saldaña,F,11.0,98.6,4.4,3.5,Medio-Bajo,,1
EST-2496,Nerea Blanes Vidal,F,6.0,90.7,3.6,5.0,Bajo,Ninguna,1
EST-2497,Cándido Caballero Peláez,F,6.0,92.6,5.0,5.0,Medio-Bajo,,0
EST-2498,Lino Ríos Leon,F,11.0,100.0,3.9,4.9,Bajo-Bajo,Robótica,0
EST-2499,Jenny Romero Santamaria,O,7.0,93.6,3.3,5.0,Medio-Bajo,Ninguna,1
EST-2500,Camilo Domínguez-Ocaña,M,9.0,85.7,3.0,4.6,Medio-Bajo,Música,1
EST-2501,María Belén del Seguí,F,9.0,94.7,,3.5,Medio,Ninguna,0
EST-2502,Leandra Baena Melero,F,10.0,94.6,4.9,4.2,Medio-Bajo,Ninguna,0
EST-2503,Iris Yuste Crespo,F,6.0,100.0,2.8,5.0,Bajo,Deportes,1
EST-2504,Telmo Zacarías Elías Barceló,O,6.0,95.1,5.0,3.7,Bajo-Bajo,Robótica,1
EST-2505,Tadeo Fabregat Diez,M,9.0,92.9,4.4,3.2,Bajo,Música,0
EST-2506,Gerardo Zorrilla Bermudez,M,11.0,100.0,4.6,2.9,Medio-Bajo,Ninguna,0
EST-2507,Norberto del Campoy,F,8.0,95.6,3.9,3.8,Bajo-Bajo,Ninguna,0
EST-2508,Reina Casal Catalán,M,7.0,91.2,4.0,3.2,Medio,Robótica,0
EST-2509,Telmo Pedrero Bernal,F,9.0,100.0,3.8,5.0,Medio,Música,0
EST-2510,Baltasar Dominguez Cal,F,11.0,96.0,5.0,4.4,Bajo-Bajo,Deportes,0
EST-2511,Belén del Zabaleta,M,10.0,95.0,4.4,5.0,Medio-Bajo,,1
EST-2512,Galo de Ayala,F,11.0,95.9,4.9,3.9,Medio-Bajo,Deportes,0
EST-2513,Néstor Pelayo-Sarabia,M,6.0,89.6,,2.6,Bajo,Ninguna,0
EST-2514,Álvaro Roldan Tejera,F,6.0,92.4,4.6,2.7,Bajo,Ninguna,1
EST-2515,Félix Soler Perea,F,9.0,95.0,3.0,3.1,Bajo,Ninguna,0
EST-2516,Nicodemo Haroldo Gracia Abril,F,10.0,94.0,5.0,4.5,Bajo-Bajo,Deportes,1
EST-2517,Marisela Garmendia Pi,M,7.0,100.0,3.4,4.7,Medio-Bajo,Deportes,1
EST-2518,Javiera Galan,M,7.0,96.1,3.6,4.6,Medio-Alto,Ninguna,0
EST-2519,Américo del Molins,F,10.0,99.3,3.6,2.5,Bajo,Ninguna,0
EST-2520,Faustino Leon Chacón,F,6.0,95.0,4.0,4.2,Medio-Bajo,Música,1
EST-2521,María Del Carmen Aranda Zapata,F,8.0,100.0,4.9,3.2,Bajo,Deportes,0
EST-2522,Lourdes del Perez,M,8.0,97.0,,4.6,Medio,Deportes,0
EST-2523,Elvira Peláez Bello,M,9.0,95.1,5.0,4.5,Medio-Bajo,Ninguna,1
EST-2524,Adán Uría Casals,M,10.0,94.9,3.0,,Bajo-Bajo,Música,0
EST-2525,Dan Coello Ibáñez,F,8.0,90.2,4.2,5.0,Medio,Deportes,0
EST-2526,Ernesto Tejera Nuñez,,9.0,97.5,3.1,5.0,Bajo-Bajo,Ninguna,0
EST-2527,Telmo Quintana Casal,M,9.0,94.8,4.5,5.0,Bajo-Bajo,Música,0
EST-2528,Rosario Mercader-Corbacho,O,9.0,92.5,4.0,4.0,Medio-Bajo,Robótica,0
EST-2529,Raúl Morera Vázquez,M,9.0,100.0,3.8,3.7,Bajo,Ninguna,0
EST-2530,Patricio Pi Blázquez,,7.0,88.7,4.9,3.7,Bajo,Arte,0
EST-2531,Victoriano Calvet-Barón,F,6.0,92.9,3.2,3.4,Medio-Bajo,Arte,0
EST-2532,Pablo Talavera,F,6.0,100.0,5.0,4.5,Bajo-Bajo,Robótica,1
EST-2533,Telmo Chico Gonzalez,M,7.0,96.6,3.1,2.9,Bajo,Ninguna,0
EST-2534,Estrella Belmonte,M,8.0,94.8,4.1,2.3,,Deportes,0
EST-2535,Anselma Bernad Andres,F,11.0,96.3,2.6,4.2,Bajo,Ninguna,0
EST-2536,Rosalina Lladó,F,10.0,95.9,3.6,4.0,Bajo-Bajo,Ninguna,1
EST-2537,Amelia Asensio-Cánovas,F,10.0,87.4,3.4,3.3,Bajo-Bajo,Robótica,0
EST-2538,Ana Belén Cid Boada,M,8.0,93.3,5.0,2.9,Medio-Bajo,Música,0
EST-2539,Fanny Moll,F,8.0,100.0,4.5,4.3,Medio,Ninguna,1
EST-2540,Prudencia Pino Terrón,F,8.0,91.7,5.0,3.2,Bajo-Bajo,,1
EST-2541,Aurelio Herrero-Benítez,F,7.0,93.4,4.3,3.9,Bajo,Ninguna,0
EST-2542,Fito Perez Villalba,F,6.0,92.3,3.9,5.0,Medio-Bajo,Deportes,1
EST-2543,Nieves Marí Domínguez,F,9.0,94.6,5.0,4.9,Medio,Arte,1
EST-2544,Olimpia de Salgado,F,11.0,92.1,4.9,2.8,Bajo,Deportes,1
EST-2545,Griselda Cervera-Valentín,M,6.0,97.4,3.2,,Medio-Bajo,Robótica,0
EST-2546,Calista Azcona Tirado,F,6.0,96.0,4.6,4.2,Bajo,Ninguna,0
EST-2547,Emma Mendizábal,M,10.0,98.9,3.6,2.8,Medio,Deportes,0
EST-2548,Paloma Agustín Pina,,7.0,89.7,1.1,1.9,Bajo-Bajo,Arte,0
EST-2549,Adela Calvet Noguera,M,10.0,93.3,5.0,4.5,Medio,Ninguna,0
EST-2550,Emma Talavera Blanco,M,10.0,93.9,5.0,4.5,Bajo,Robótica,0
EST-2551,Narcisa Pozuelo Viñas,M,11.0,97.3,5.0,,Medio,Robótica,0
EST-2552,Ciríaco Royo Bilbao,M,8.0,91.0,4.5,4.5,Bajo,Robótica,0
EST-2553,Macarena Peláez Gabaldón,F,9.0,99.6,3.7,4.1,Bajo,Robótica,0
EST-2554,Francisco Javier de Castrillo,F,8.0,100.0,5.0,3.5,Medio-Bajo,Arte,0
EST-2555,Roberta Palomino,M,9.0,90.1,5.0,,Medio-Bajo,Ninguna,0
EST-2556,Marciano de Sandoval,O,8.0,92.5,5.0,5.0,Medio-Bajo,Robótica,0
EST-2557,Ruben Escalona Cerdá,F,6.0,92.3,4.3,3.7,Bajo,Arte,1
EST-2558,José Manuel Gómez Gual,M,8.0,100.0,4.2,3.2,Medio-Bajo,Robótica,1
EST-2559,Maximino Artigas Sarabia,M,9.0,92.9,3.1,3.1,Medio,Deportes,0
EST-2560,Aitor Gonzalo Olivares,F,10.0,100.0,4.6,3.1,Bajo-Bajo,Ninguna,0
EST-2561,Abril Velasco Castillo,F,10.0,88.7,1.6,4.1,Medio-Bajo,Arte,0
EST-2562,Maristela Roca Montserrat,F,9.0,90.1,4.9,1.9,Medio-Bajo,,0
EST-2563,Régulo Salcedo Moliner,M,6.0,91.6,,4.6,Medio-Bajo,Arte,0
EST-2564,Gabriel Paniagua Marcos,M,10.0,90.8,4.7,,Medio-Bajo,Ninguna,0
EST-2565,Casandra de Salvà,M,8.0,93.7,4.2,2.4,Medio,Robótica,0
EST-2566,Noemí Esteve Nogueira,M,11.0,91.5,5.0,3.2,Medio-Bajo,,0
EST-2567,Remigio Cadenas Contreras,M,11.0,90.9,5.0,4.3,Medio-Bajo,Robótica,0
EST-2568,Narcisa Ochoa Fuertes,M,6.0,100.0,3.7,,Medio,Ninguna,1
EST-2569,Dorita Amigó Cuervo,F,10.0,100.0,3.7,4.7,Medio-Bajo,Arte,1
EST-2570,Lino Roura Higueras,F,6.0,99.7,2.9,4.1,Medio-Bajo,,0
EST-2571,Jesusa Marín Fabra,M,8.0,97.6,,5.0,Bajo-Bajo,,1
EST-2572,Nieves Soledad Neira Cid,F,9.0,95.5,3.2,3.7,Bajo,Ninguna,1
EST-2573,Malena Cobos Aguiló,M,6.0,92.5,5.0,3.2,Medio-Bajo,Deportes,1
EST-2574,Griselda Royo Duarte,M,10.0,90.2,5.0,3.1,Medio-Bajo,Música,1
EST-2575,Mamen Carbajo,M,6.0,96.8,3.3,4.9,Bajo,Arte,1
EST-2576,Vito Marco Ferrández,F,6.0,89.1,3.3,3.9,Bajo-Bajo,Robótica,0
EST-2577,Simón Puga,O,9.0,90.0,3.5,4.3,Bajo,,0
EST-2578,Marianela Escribano,F,10.0,100.0,5.0,4.8,Medio-Bajo,Robótica,1
EST-2579,Leandra Machado Barberá,M,11.0,100.0,5.0,2.2,Medio,Deportes,0
EST-2580,Charo Cuervo Cueto,F,10.0,97.0,2.4,3.1,Medio,Música,1
EST-2581,Gertrudis Parra Ferrera,M,,100.0,4.0,3.2,Bajo,Deportes,1
EST-2582,Jose Luis Vizcaíno Escobar,F,8.0,93.8,3.7,3.2,Bajo,Ninguna,0
EST-2583,Américo Jordá Roig,F,6.0,88.3,,3.5,Bajo,Música,0
EST-2584,Vanesa Domínguez-Cañellas,M,6.0,98.1,3.4,5.0,Bajo,Arte,0
EST-2585,Alex del Jerez,F,9.0,97.8,4.5,5.0,Medio-Bajo,,0
EST-2586,Onofre Luis Miguel Talavera Manso,F,9.0,95.4,3.7,3.7,Bajo,Ninguna,0
EST-2587,Gervasio Bautista Carrillo,M,8.0,93.8,2.1,3.9,Bajo-Bajo,Deportes,0
EST-2588,Gabriela Marisol Tenorio Morata,F,10.0,99.8,5.0,3.5,Bajo,Robótica,0
EST-2589,Calixta Encarna Álvarez Barrena,M,9.0,90.1,4.3,4.3,Bajo,Música,0
EST-2590,Zaida Coca,F,6.0,91.1,4.1,4.4,Bajo-Bajo,Música,0
EST-2591,Graciana Guerra,F,7.0,90.0,2.6,4.7,Bajo,Arte,1
EST-2592,Amado Morante Manuel,F,10.0,95.4,4.7,5.0,Bajo,Deportes,1
EST-2593,Cleto Gracia Iniesta,F,10.0,89.6,3.3,1.6,Bajo,Música,0
EST-2594,Sigfrido Escamilla,F,11.0,91.6,1.7,3.8,Bajo,Ninguna,0
EST-2595,Salomé Priego Bolaños,M,6.0,91.5,3.1,5.0,Medio-Bajo,Ninguna,1
EST-2596,Mireia Cardona Simó,F,11.0,93.7,5.0,3.8,Medio-Alto,Deportes,0
EST-2597,Nacio Jurado Guerrero,M,7.0,87.6,5.0,5.0,Medio-Bajo,Música,0
EST-2598,Gertrudis Carreño-Vallés,F,6.0,95.4,4.4,3.9,Medio-Bajo,Deportes,0
EST-2599,Cristian Cabello Ferrández,M,11.0,100.0,5.0,4.4,Medio,Robótica,0
EST-2600,Nazaret Colom Leiva,M,7.0,95.7,3.8,2.9,Bajo,Ninguna,0
EST-2601,Graciana Quintanilla Barragán,F,9.0,100.0,3.9,3.1,Bajo-Bajo,,0
EST-2602,Jenny del Andreu,M,6.0,100.0,5.0,4.7,Bajo,Ninguna,0
EST-2603,Valentina Losada-Bertrán,F,9.0,98.9,5.0,5.0,Bajo,Deportes,0
EST-2604,Abel Gisbert Benitez,M,11.0,95.4,5.0,4.2,Medio-Bajo,Deportes,0
EST-2605,Paco Guillen Palomares,M,7.0,95.1,2.7,2.8,,Ninguna,0
EST-2606,Eric Crespi Cobo,F,9.0,98.8,3.9,4.2,Medio-Bajo,Música,0
EST-2607,Adelina Mesa-Benavides,M,6.0,93.0,4.3,5.0,Bajo-Bajo,Deportes,0
EST-2608,Daniel Arnau Moles,M,9.0,85.6,3.6,5.0,Medio,,1
EST-2609,Narcisa Camino,F,,97.5,4.5,3.9,Medio,Música,0
EST-2610,Rolando Peñalver Coello,M,7.0,89.3,4.5,2.2,Medio-Alto,Robótica,0
EST-2611,Saturnino Mulet Bustamante,F,7.0,90.2,5.0,5.0,Medio-Bajo,Deportes,0
EST-2612,Ulises Atienza Lozano,M,6.0,95.0,5.0,,Bajo-Bajo,Robótica,1
EST-2613,Teresita Catalá Pozuelo,M,11.0,94.5,4.0,5.0,Medio-Bajo,Deportes,1
EST-2614,Ainara Sureda,F,8.0,87.9,1.9,4.2,Bajo-Bajo,Deportes,0
EST-2615,Eugenia Herrero Pomares,M,7.0,95.8,,3.3,Medio,Deportes,0
EST-2616,Margarita de Marco,M,8.0,99.8,5.0,4.3,Bajo,Arte,0
EST-2617,María Cristina Losa Bauzà,M,7.0,89.4,2.9,5.0,Bajo,Deportes,0
EST-2618,Alexandra Aguilar Benitez,M,10.0,100.0,5.0,3.9,Medio,Ninguna,1
EST-2619,Casandra Guerrero Villalobos,F,11.0,87.2,4.3,2.7,Bajo-Bajo,Ninguna,0
EST-2620,Santos Elorza Velázquez,M,8.0,100.0,,2.4,Bajo-Bajo,Ninguna,0
EST-2621,Basilio Cañizares Abascal,F,11.0,92.9,4.0,3.2,Bajo,Ninguna,0
EST-2622,Leonor Pavón Ortega,F,9.0,95.7,2.9,3.6,Medio-Bajo,Ninguna,0
EST-2623,Custodio Colom Miralles,M,6.0,85.5,1.0,4.7,Medio-Bajo,Música,0
EST-2624,África Baró Galan,F,10.0,94.7,2.7,2.9,Medio-Bajo,Ninguna,0
EST-2625,Fulgencio Flores Trillo,M,8.0,96.1,3.5,5.0,Medio,,0
EST-2626,Cintia Feliu Amores,O,9.0,94.6,5.0,,Bajo-Bajo,Deportes,0
EST-2627,Fortunata Charo Moliner Guillen,M,11.0,92.2,3.9,5.0,Bajo,Deportes,0
EST-2628,Manu Guardiola Lobo,F,8.0,90.3,3.4,5.0,Medio-Bajo,Arte,0
EST-2629,María Andrés Mateu,F,11.0,100.0,2.9,4.1,Medio-Bajo,Ninguna,0
EST-2630,Ildefonso Sotelo Conesa,M,10.0,95.2,4.8,2.6,Bajo,Música,0
EST-2631,Florina Ibañez Benavent,F,8.0,100.0,5.0,4.1,Bajo-Bajo,Robótica,1
EST-2632,Raúl Herranz Carbajo,F,9.0,92.4,5.0,3.8,Bajo-Bajo,Robótica,0
EST-2633,Renato Cuesta Duque,M,7.0,92.8,4.7,2.9,Bajo-Bajo,Música,0
EST-2634,José Antonio Amores Verdú,M,11.0,99.1,2.6,4.3,Bajo,Ninguna,1
EST-2635,Jordana Mur Garcia,F,9.0,86.9,3.5,2.9,Bajo-Bajo,,1
EST-2636,Rosalina Carlos Gisbert,F,6.0,88.9,5.0,3.2,Bajo,Deportes,1
EST-2637,Socorro Rufina Criado Ribera,O,7.0,100.0,5.0,4.0,Bajo-Bajo,Deportes,0
EST-2638,Amílcar Carpio Aroca,F,9.0,89.1,1.7,3.3,Medio-Bajo,,0
EST-2639,Trinidad Palomar Arrieta,,6.0,85.9,,5.0,Medio-Bajo,Ninguna,0
EST-2640,Candelaria Montoya Rovira,F,6.0,100.0,4.4,3.7,Bajo,Robótica,0
EST-2641,Inocencio Ismael Pelayo Jara,M,8.0,88.0,2.6,4.1,Bajo,Ninguna,0
EST-2642,Marc Águila,M,7.0,95.9,1.9,4.3,Medio,Arte,1
EST-2643,David Tejedor Saldaña,F,8.0,95.3,4.1,4.6,Medio-Bajo,Deportes,0
EST-2644,Eliseo Esteve Rivas,F,7.0,80.9,2.6,4.1,Alto,Ninguna,0
EST-2645,Silvio Escudero Pozuelo,M,6.0,93.7,3.1,4.9,Bajo-Bajo,Ninguna,0
EST-2646,Juan Antonio Capdevila Crespo,M,9.0,97.2,3.6,4.5,Medio-Bajo,Música,0
EST-2647,Diana Almazán-Pardo,O,8.0,96.8,4.2,4.2,Bajo,Ninguna,1
EST-2648,Leire Nuñez Quiroga,F,7.0,99.5,4.0,4.3,Bajo-Bajo,Arte,0
EST-2649,Germán Granados-Sanmiguel,M,7.0,93.1,2.9,,Medio,Deportes,0
EST-2650,Sarita Rico Alcalá,M,9.0,98.6,3.7,3.1,Medio,Ninguna,0
EST-2651,Paz Tere Mateo Berenguer,M,6.0,91.6,2.3,3.9,Bajo,Ninguna,1
EST-2652,Susana Conde Arcos,,6.0,87.9,4.3,4.1,Medio,Deportes,1
EST-2653,Amado Rivas Lledó,M,6.0,88.5,1.0,4.3,Bajo-Bajo,Robótica,0
EST-2654,Rómulo Uriarte Jove,M,10.0,87.7,3.2,4.1,Medio-Bajo,Música,0
EST-2655,Juan Bautista Cases Machado,F,10.0,100.0,5.0,3.8,Bajo-Bajo,Ninguna,0
EST-2656,Nerea Seguí Chaparro,M,10.0,87.4,2.6,3.6,Bajo,Ninguna,1
EST-2657,Nieves Busquets Rubio,F,10.0,96.4,4.9,3.6,Medio-Bajo,Música,0
EST-2658,Hortensia Gaya,F,9.0,93.7,5.0,4.5,Bajo,Robótica,0
EST-2659,Elisabet Roselló-Comas,M,8.0,94.5,1.5,3.8,Bajo-Bajo,Ninguna,0
EST-2660,Renata Mancebo Herranz,F,9.0,100.0,4.2,4.2,Bajo,,1
EST-2661,Jose Ramón Baltasar Carreras Echeverría,M,6.0,92.8,1.9,5.0,Bajo,Música,1
EST-2662,José María Mateo Alfaro,F,9.0,98.1,3.9,3.5,Medio-Bajo,Deportes,0
EST-2663,Candelas Morante Pino,M,10.0,95.2,4.0,4.6,Bajo-Bajo,,0
EST-2664,Ascensión Plaza Vilanova,F,8.0,94.2,1.5,4.2,Medio-Bajo,,0
EST-2665,Claudio Esparza-Porras,F,8.0,100.0,5.0,5.0,Bajo,Ninguna,0
EST-2666,Rocío Galiano Sacristán,M,7.0,87.8,3.8,3.7,Bajo,Robótica,0
EST-2667,Nico de Núñez,M,9.0,100.0,3.4,4.9,Bajo,Deportes,1
EST-2668,Armando Andrade Sanabria,F,10.0,98.3,5.0,4.2,Medio-Bajo,Música,1
EST-2669,Jenaro Valverde-Caparrós,F,11.0,92.6,2.2,2.6,Bajo-Bajo,Ninguna,1
EST-2670,Loida Guerra Delgado,M,7.0,100.0,2.5,3.5,Bajo,Ninguna,0
EST-2671,Mamen Alemany Montserrat,F,10.0,85.8,1.0,4.6,Bajo,,0
EST-2672,Ale Montero,M,9.0,92.4,5.0,3.8,Medio,Deportes,1
EST-2673,Valero Badía Cabañas,F,11.0,89.0,3.9,1.5,Bajo-Bajo,Ninguna,0
EST-2674,César del Pizarro,M,9.0,97.1,4.8,4.0,Medio-Bajo,Ninguna,0
EST-2675,Olegario Aznar Plana,F,8.0,89.4,3.9,2.6,Bajo-Bajo,Ninguna,0
EST-2676,Ignacio Barral,M,9.0,97.2,5.0,4.3,Bajo-Bajo,Robótica,1
EST-2677,Efraín Sandoval Vilanova,M,10.0,94.1,4.5,,Bajo-Bajo,Deportes,1
EST-2678,Faustino Diez Sala,M,11.0,92.6,4.3,4.8,Bajo-Bajo,Ninguna,0
EST-2679,Haydée Peláez Cabello,M,6.0,96.9,4.1,5.0,Bajo,Música,0
EST-2680,Saturnino Poza Girona,F,6.0,93.7,3.7,3.4,Medio-Alto,Ninguna,1
EST-2681,Ani Alvarado-Ávila,M,11.0,89.6,3.8,3.8,Bajo-Bajo,Robótica,1
EST-2682,Azahar Gargallo Carrillo,F,9.0,100.0,4.3,3.0,Bajo,Ninguna,0
EST-2683,Manuelita Alcolea Guitart,M,9.0,92.6,4.1,3.3,Bajo,,0
EST-2684,María Del Carmen Solé,M,8.0,83.9,1.7,3.0,Bajo,Robótica,0
EST-2685,Josué Armengol Serna,M,6.0,90.8,2.4,2.9,Bajo,Deportes,0
EST-2686,Reyes Planas Acuña,M,10.0,88.7,5.0,,Medio,Deportes,1
EST-2687,Fermín Marqués-Agullo,M,10.0,99.1,3.6,2.1,Bajo-Bajo,Robótica,0
EST-2688,Nando Bermejo Carlos,M,7.0,96.6,4.7,5.0,Medio-Bajo,Ninguna,0
EST-2689,Albina Aitana Dominguez Perea,F,7.0,97.0,2.7,5.0,Bajo,Ninguna,0
EST-2690,Juan Manuel Ochoa-Milla,M,10.0,93.1,2.2,4.7,Bajo,Música,0
EST-2691,Zaida de Ramírez,F,6.0,93.6,3.0,3.1,Bajo,Deportes,0
EST-2692,Simón Carranza Borja,F,11.0,93.1,4.1,2.6,Bajo,,1
EST-2693,Bienvenida Azorin Verdú,M,7.0,94.6,,3.7,Bajo-Bajo,,0
EST-2694,Maricela Carvajal Revilla,M,9.0,99.2,5.0,4.8,Bajo-Bajo,Robótica,0
EST-2695,Ciriaco Gutierrez Sedano,O,11.0,96.7,4.2,4.2,Bajo,Música,0
EST-2696,Victoria Gomez,F,9.0,97.5,5.0,3.2,Medio-Bajo,Robótica,1
EST-2697,Teófila Delgado Peláez,F,8.0,97.5,4.9,5.0,Bajo-Bajo,Música,1
EST-2698,Simón Piñol Leiva,M,9.0,99.4,1.5,5.0,Medio-Bajo,,0
EST-2699,Fausto Roig,F,7.0,96.4,5.0,3.8,Bajo,Ninguna,0
EST-2700,Maxi Jaén-Rivero,F,7.0,96.8,2.2,4.1,Medio,Ninguna,0
EST-2701,Tristán Carretero Soto,F,11.0,100.0,4.3,2.7,Bajo,Robótica,0
EST-2702,Almudena Aller Ribes,O,10.0,91.7,,3.8,Bajo-Bajo,Música,0
EST-2703,Graciana Alcalá Jaén,M,9.0,90.7,5.0,4.7,Medio-Alto,Deportes,1
EST-2704,Teresa Fábregas Royo,M,8.0,89.1,5.0,4.3,Bajo-Bajo,Deportes,0
EST-2705,Onofre Bernad,F,6.0,95.9,3.5,3.7,Medio-Bajo,Arte,1
EST-2706,Modesta Flor,F,6.0,85.7,3.3,3.4,Medio-Bajo,Ninguna,0
EST-2707,Lorena del Zurita,M,9.0,97.3,4.3,3.8,Bajo,Robótica,0
EST-2708,Adelina Viñas Jove,M,10.0,94.5,5.0,,Medio,Música,0
EST-2709,María Luisa Andres,M,9.0,100.0,4.0,4.6,Medio-Bajo,Deportes,0
EST-2710,Edmundo Oliva,M,11.0,91.6,2.8,2.0,Medio-Bajo,Ninguna,0
EST-2711,Tito Pozo Garcés,F,6.0,94.0,3.5,3.9,Medio,Ninguna,1
EST-2712,David Montaña,F,8.0,100.0,,4.5,Bajo,Robótica,0
EST-2713,Amaya Puerta-Torres,M,7.0,100.0,5.0,3.6,Bajo-Bajo,Arte,0
EST-2714,Eliseo Amo Palacio,M,8.0,91.6,4.9,3.7,Medio-Bajo,Deportes,1
EST-2715,Federico Agustín-Manzanares,M,6.0,95.9,3.5,3.7,Bajo,Robótica,1
EST-2716,Ligia Oliver,M,11.0,96.5,4.8,3.7,Bajo-Bajo,Deportes,0
EST-2717,Maximino Tejedor Gomez,F,7.0,96.9,3.9,4.0,Bajo,Ninguna,1
EST-2718,Ambrosio Serna-Garcés,O,11.0,93.7,5.0,4.3,Medio,Robótica,0
EST-2719,Geraldo Sotelo Mariscal,F,8.0,100.0,5.0,2.1,Bajo-Bajo,Deportes,0
EST-2720,Teresa Carrillo Marín,M,11.0,85.6,3.1,4.4,Medio-Bajo,Ninguna,0
EST-2721,Florencia Ricart Bermejo,F,9.0,92.9,5.0,3.7,Bajo,Ninguna,1
EST-2722,Ema Capdevila Rosales,F,11.0,97.2,3.1,5.0,Bajo-Bajo,Deportes,0
EST-2723,Silvio Germán Polo Abril,F,6.0,97.3,3.9,3.0,Medio-Bajo,Música,0
EST-2724,Gregorio Conde Crespo,M,10.0,100.0,4.0,3.3,Medio,Arte,0
EST-2725,Adoración Canals Sierra,M,11.0,100.0,,3.8,Bajo,Ninguna,0
EST-2726,Espiridión Chaves-Benitez,M,6.0,93.6,5.0,4.6,Bajo,Robótica,0
EST-2727,María Jesús Varela Roma,M,6.0,100.0,3.6,2.2,Bajo,Robótica,0
EST-2728,Jenaro Custodio Aranda Jordá,M,8.0,91.4,4.7,3.4,Medio-Bajo,Deportes,0
EST-2729,Dulce Catalán Armengol,M,11.0,99.7,1.7,4.6,Bajo-Bajo,Ninguna,0
EST-2730,Edu Salom Balaguer,F,9.0,100.0,4.5,3.3,Bajo,Robótica,0
EST-2731,Adán Acevedo Daza,,9.0,100.0,5.0,5.0,Medio-Bajo,Ninguna,0
EST-2732,Rodrigo Pozuelo Huerta,M,6.0,95.5,3.4,3.7,Bajo,Deportes,0
EST-2733,Marcial Aragón Seguí,M,6.0,93.3,1.5,3.1,Bajo,Ninguna,0
EST-2734,Soraya Hervás Colom,O,10.0,87.4,,4.3,Medio-Bajo,Ninguna,1
EST-2735,Reyes Valderrama Vergara,F,6.0,96.6,4.0,,Medio,Robótica,0
EST-2736,Marciano Soria,F,9.0,89.4,4.4,,Medio,Robótica,0
EST-2737,Elisa Ayuso Noguera,O,11.0,91.0,5.0,5.0,Bajo,Ninguna,1
EST-2738,Gustavo del Saez,F,7.0,89.0,3.0,5.0,Medio,Ninguna,0
EST-2739,Agapito Marco Plaza,O,9.0,92.7,3.0,,Medio-Bajo,,0
EST-2740,Oriana Hierro Gracia,M,6.0,94.9,3.0,4.9,Bajo-Bajo,Ninguna,1
EST-2741,Carlos Bastida-Quintanilla,M,9.0,96.4,4.2,2.5,Medio-Bajo,Ninguna,0
EST-2742,Teo del Hidalgo,M,6.0,92.0,4.6,4.4,Bajo-Bajo,Ninguna,0
EST-2743,David Acevedo Amigó,M,10.0,100.0,3.7,4.1,Medio-Bajo,Arte,1
EST-2744,Gisela Melisa Leiva Salvà,M,7.0,94.0,4.9,5.0,Medio-Bajo,Ninguna,0
EST-2745,Gloria Agudo Casal,F,8.0,91.1,4.6,5.0,Medio-Bajo,Deportes,0
EST-2746,Feliciano Peñas-Pablo,F,9.0,96.1,4.1,4.8,Bajo-Bajo,,0
EST-2747,Gerardo Torrijos Moraleda,F,6.0,100.0,2.9,4.5,Medio-Bajo,Robótica,0
EST-2748,Lorena Benigna Bellido Caballero,M,10.0,96.7,3.4,4.5,Bajo-Bajo,Ninguna,0
EST-2749,Eli Samanta Salgado Verdejo,F,7.0,93.2,1.5,4.3,Medio,Música,0
EST-2750,Brígida Crescencia Rivero Tur,F,9.0,87.4,4.2,3.8,Medio-Bajo,Deportes,1
EST-2751,Pía Alejandra Dominguez Villalonga,M,6.0,93.9,4.4,5.0,Bajo-Bajo,Deportes,1
EST-2752,María José Torrents Pomares,F,9.0,96.2,4.2,5.0,Bajo-Bajo,Deportes,0
EST-2753,Aura Beltrán Jordán,M,6.0,93.1,5.0,3.9,Medio-Bajo,Ninguna,1
EST-2754,Antonia Bou Rosell,M,8.0,86.7,4.0,4.1,Bajo,Música,0
EST-2755,Salud Vall Murillo,F,7.0,90.7,3.9,4.1,Medio-Bajo,Ninguna,0
EST-2756,Saturnino Casanova Cortina,M,10.0,100.0,4.5,2.6,Bajo,,1
EST-2757,Bernarda Aguilar,M,7.0,100.0,2.3,3.9,Medio-Bajo,Música,0
EST-2758,Domingo Campoy Cases,F,11.0,90.6,3.3,5.0,Bajo-Bajo,Ninguna,0
EST-2759,Nayara Torrecilla Montesinos,F,11.0,98.4,4.1,3.3,Medio-Bajo,Ninguna,0
EST-2760,Elena Acuña Tirado,,7.0,89.1,2.6,5.0,Medio,Ninguna,0
EST-2761,Lisandro Zurita Alarcón,M,9.0,100.0,5.0,5.0,Medio-Bajo,Robótica,0
EST-2762,Angelino del Royo,M,6.0,96.2,3.2,4.6,Bajo-Bajo,Deportes,0
EST-2763,Fanny Pineda-Pastor,F,8.0,99.7,4.7,4.8,Medio-Alto,Música,1
EST-2764,Guadalupe Soler,M,10.0,86.4,3.6,3.0,Bajo-Bajo,Deportes,0
EST-2765,Abel de Carbonell,M,9.0,98.4,4.9,3.7,Medio-Bajo,Ninguna,0
EST-2766,Prudencio Vila Bru,O,9.0,95.0,5.0,5.0,Bajo,Ninguna,0
EST-2767,Timoteo Mena Torrecilla,F,7.0,,4.8,3.4,Bajo,Ninguna,0
EST-2768,Amando Cañizares Hidalgo,M,8.0,99.6,1.9,5.0,Bajo-Bajo,Robótica,1
EST-2769,Alejo Montaña Leon,F,6.0,95.3,5.0,,Bajo-Bajo,Música,1
EST-2770,Ruben Ayuso,F,10.0,92.0,5.0,3.0,Medio-Bajo,Deportes,1
EST-2771,Guillermo Sarabia Arjona,M,8.0,98.9,3.4,5.0,Medio-Bajo,Robótica,0
EST-2772,Maxi Caro Noguera,M,10.0,94.7,,4.2,Bajo,Música,1
EST-2773,Yaiza Alfonso Roma,F,7.0,90.6,2.9,3.5,Bajo-Bajo,Ninguna,0
EST-2774,Araceli del Mena,M,7.0,90.4,1.7,5.0,Medio,Ninguna,0
EST-2775,Marisela Figuerola Quintana,F,7.0,87.6,2.6,4.9,Bajo,,0
EST-2776,Américo Bernat Mateos,M,6.0,92.4,3.8,5.0,Bajo,Música,1
EST-2777,Rico Iglesias,M,7.0,100.0,3.6,,Bajo,,0
EST-2778,Manu Porras Álvaro,M,10.0,95.9,2.8,3.7,Bajo,Ninguna,0
EST-2779,Inmaculada Emperatriz Gárate Amo,M,11.0,92.4,3.1,4.5,Bajo,Música,0
EST-2780,Gerónimo Escudero Somoza,M,8.0,99.0,4.0,4.9,Medio-Bajo,Música,0
EST-2781,Zacarías Olivares Roca,M,8.0,90.8,3.5,3.5,Bajo,,1
EST-2782,Custodia Torrens Cañellas,F,6.0,95.5,4.7,4.4,Medio,Música,0
EST-2783,Luís Torres,O,11.0,94.1,4.8,4.5,Bajo,Deportes,0
EST-2784,Custodio Lamas Salgado,F,6.0,98.9,5.0,5.0,Medio-Bajo,Ninguna,0
EST-2785,Matilde Cáceres Urrutia,F,11.0,87.1,5.0,4.7,Bajo,Música,1
EST-2786,Guadalupe Villar Palmer,M,8.0,90.7,4.3,2.5,Medio-Bajo,Ninguna,0
EST-2787,Matías Oliva Llobet,O,7.0,86.8,2.8,3.7,Bajo-Bajo,Deportes,0
EST-2788,Mamen Pomares Perea,M,11.0,93.7,4.4,3.3,Bajo-Bajo,Arte,0
EST-2789,Nicodemo Olegario Céspedes Patiño,O,6.0,100.0,4.4,4.8,Medio-Bajo,Robótica,0
EST-2790,Lucila Elorza Gómez,O,9.0,92.5,3.8,4.9,Bajo-Bajo,Ninguna,1
EST-2791,Samu Escalona-Fuster,F,9.0,92.4,5.0,4.3,Medio-Bajo,Robótica,1
EST-2792,Cornelio Viñas,O,7.0,99.4,2.3,3.7,Medio,Ninguna,0
EST-2793,Eladio Manjón Jaén,F,8.0,100.0,3.7,4.1,Bajo,Ninguna,0
EST-2794,José Luis Duarte Verdú,M,9.0,94.6,4.7,4.4,,Música,0
EST-2795,Marianela Batalla Padilla,M,10.0,98.4,3.7,3.4,Bajo,Ninguna,0
EST-2796,Godofredo Almazán Valderrama,F,6.0,89.6,3.3,,Medio-Bajo,Ninguna,0
EST-2797,Beatriz Arellano Gimenez,M,11.0,100.0,3.8,2.1,Bajo,Deportes,0
EST-2798,Eligia Anaya,F,6.0,100.0,3.4,5.0,Medio-Bajo,,1
EST-2799,Berto Rovira Valero,O,7.0,97.6,5.0,4.5,Medio-Bajo,Ninguna,1
EST-2800,Leopoldo Cano Requena,M,7.0,84.6,2.7,4.3,Bajo,Música,1
EST-2801,Arsenio del Torralba,F,6.0,92.2,4.4,5.0,Medio-Bajo,Arte,0
EST-2802,María Dolores Cisneros,F,6.0,98.1,4.9,2.7,Bajo,Ninguna,1
EST-2803,Marta Hernández Gallo,F,11.0,92.9,2.9,2.5,Bajo,Robótica,0
EST-2804,Rico Salom Morán,O,7.0,100.0,4.1,4.6,Medio-Bajo,Deportes,0
EST-2805,Corona Oliva Villa,F,6.0,97.9,3.3,4.5,Bajo-Bajo,Música,1
EST-2806,Juan Luis Padilla Ferrera,O,6.0,91.5,5.0,,Bajo,,1
EST-2807,Merche Barrio Fuentes,,10.0,95.2,3.0,4.4,Medio-Bajo,Ninguna,1
EST-2808,Julio de Ros,M,11.0,90.5,3.6,,Medio-Bajo,Deportes,1
EST-2809,Jose Antonio Baquero Bárcena,M,7.0,94.1,2.9,3.4,Bajo,Arte,1
EST-2810,Carolina Ribera Campo,F,6.0,92.2,2.4,3.9,Medio-Bajo,Deportes,0
EST-2811,Corona Ortega Pintor,M,7.0,100.0,5.0,1.8,Bajo,Arte,1
EST-2812,Manuela Linares Duran,,6.0,100.0,4.7,3.6,Medio,Música,0
EST-2813,Plácido Joan Abascal Pons,F,6.0,87.8,3.7,3.2,Medio-Bajo,Arte,0
EST-2814,Jose Quiroga Alcázar,M,8.0,85.4,3.1,4.5,Bajo,Música,1
EST-2815,Íngrid Galán-Azcona,F,7.0,93.8,5.0,4.0,Bajo,Arte,1
EST-2816,Domitila de Frías,F,8.0,87.4,2.5,4.3,Medio-Bajo,Ninguna,0
EST-2817,Jose Carlos Arana Guerrero,F,7.0,95.2,5.0,1.7,Medio,Deportes,1
EST-2818,Marco Pablo Soler,M,11.0,98.7,3.0,3.2,Bajo-Bajo,Ninguna,0
EST-2819,Elpidio Sainz Artigas,M,11.0,100.0,3.6,4.6,Bajo,Ninguna,1
EST-2820,Estrella Nereida Herrero Nadal,M,9.0,96.0,4.9,3.9,Bajo-Bajo,Música,0
EST-2821,Inmaculada del Llobet,F,8.0,94.0,5.0,5.0,Bajo,,0
EST-2822,Rafael Nogués Agullo,,8.0,85.1,4.6,1.9,Medio-Bajo,Ninguna,1
EST-2823,Nacio Redondo Llorente,F,8.0,95.1,3.1,4.9,Bajo-Bajo,Arte,1
EST-2824,Gala Reyes-Colom,M,10.0,95.4,3.9,3.6,Medio-Bajo,Música,1
EST-2825,Manolo Somoza,M,8.0,98.2,4.6,3.5,Medio,Arte,1
EST-2826,Natividad Reyes Rosales Bas,F,11.0,91.5,3.0,5.0,Medio,Arte,0
EST-2827,Luciano Alsina Sedano,F,11.0,92.8,5.0,5.0,Bajo,Robótica,0
EST-2828,Ester Caparrós Estrada,M,7.0,87.6,1.4,4.7,Medio-Bajo,Ninguna,1
EST-2829,Benjamín del Barriga,M,9.0,83.5,3.0,5.0,Medio,Ninguna,1
EST-2830,Adelina Fabiana Milla Perelló,M,6.0,89.5,2.9,5.0,Bajo-Bajo,Música,0
EST-2831,Noé Ferrer Oliveras,F,7.0,87.1,1.0,3.1,Bajo,Música,0
EST-2832,Alba Montes Gelabert,F,8.0,96.7,2.3,4.3,Medio,Robótica,0
EST-2833,Eduardo Oliver Navas,M,7.0,92.4,4.8,3.8,Bajo-Bajo,Robótica,0
EST-2834,Antonio Orozco,M,11.0,92.3,4.4,5.0,Medio,Ninguna,1
EST-2835,Azahara Osuna,M,6.0,90.1,5.0,5.0,Bajo,,0
EST-2836,Odalis Amador Crespi,F,8.0,,,3.5,Bajo-Bajo,,0
EST-2837,Pedro del Noriega,O,9.0,100.0,4.9,5.0,Bajo,Deportes,1
EST-2838,Jose Angel Ibáñez-Uribe,M,10.0,90.0,3.9,2.5,Bajo,Ninguna,0
EST-2839,Aurelio Arnaiz,F,8.0,92.9,4.5,4.5,Bajo,Robótica,1
EST-2840,Carlito Saturnino Otero Pascual,M,11.0,87.7,1.0,2.8,Medio-Bajo,Ninguna,0
EST-2841,Íngrid de Sierra,M,9.0,99.9,2.3,2.5,Bajo,Deportes,0
EST-2842,Adalberto Villegas Valera,F,8.0,95.7,4.1,5.0,Bajo,Robótica,0
EST-2843,Ana Sofía Carrillo Mendizábal,F,6.0,90.9,4.7,4.9,Bajo-Bajo,,0
EST-2844,Rosa María Ariza-Planas,O,8.0,93.0,4.3,4.7,Medio-Bajo,Música,0
EST-2845,Judith Rivas Caparrós,F,10.0,100.0,3.3,4.0,Bajo,Arte,1
EST-2846,Natividad Manso Jara,M,9.0,94.6,5.0,,Medio-Bajo,Arte,0
EST-2847,Gastón Tudela Posada,F,10.0,94.1,5.0,2.8,Medio-Bajo,Ninguna,0
EST-2848,Celestina Salcedo-Moles,M,8.0,90.3,5.0,,Bajo,Deportes,1
EST-2849,Albino Lamas Saavedra,F,6.0,85.5,4.7,3.5,Bajo-Bajo,Ninguna,0
EST-2850,Juan Carlos Fabra Andres,M,6.0,94.2,3.7,5.0,Medio,Ninguna,1
EST-2851,Ámbar Olivé Angulo,F,7.0,96.6,5.0,5.0,Medio-Bajo,Robótica,0
EST-2852,Yolanda del Saez,M,10.0,100.0,4.2,2.4,Bajo-Bajo,Ninguna,0
EST-2853,Adelardo Borja Baró,M,10.0,83.8,4.1,3.2,Medio-Bajo,Deportes,0
EST-2854,Griselda Cornejo Calatayud,F,7.0,89.4,3.9,3.2,Bajo-Bajo,Arte,0
EST-2855,Bernardita Román Pagès,M,8.0,92.1,3.9,1.5,Bajo-Bajo,Ninguna,0
EST-2856,Carmelita Cámara,F,8.0,95.0,3.0,4.6,Bajo,Ninguna,0
EST-2857,Blas Acedo Alfaro,M,8.0,94.3,3.9,4.0,Bajo-Bajo,Robótica,0
EST-2858,Diego Teófilo Saez Robles,M,7.0,94.4,5.0,4.1,Medio,,1
EST-2859,Nicodemo Hipólito Mur Quiroga,M,6.0,97.0,3.9,5.0,Medio,Arte,1
EST-2860,Celestino Pedro Calatayud Villena,M,7.0,90.5,5.0,4.3,Medio-Bajo,Deportes,0
EST-2861,Magdalena Hervás Zaragoza,F,,99.7,4.9,3.8,Bajo-Bajo,,0
EST-2862,Glauco Cal Bayo,M,,,3.6,4.6,Bajo,Ninguna,0
EST-2863,Ruben Ruano Puerta,O,6.0,93.4,5.0,5.0,Bajo,Deportes,0
EST-2864,Dulce Ayala Querol,F,9.0,100.0,4.0,4.3,Bajo,Ninguna,1
EST-2865,Angélica Anna Asensio Barrio,M,7.0,100.0,5.0,4.9,Bajo-Bajo,Arte,0
EST-2866,Rogelio Ferrero Bernal,F,11.0,99.7,4.5,3.9,Medio-Bajo,Ninguna,0
EST-2867,Irma Llanos-Mateo,F,7.0,79.9,3.5,3.8,Bajo,Música,0
EST-2868,Blas Gordillo Guillen,F,7.0,100.0,2.9,4.1,Medio,Ninguna,0
EST-2869,Malena Ródenas Gisbert,M,8.0,99.0,4.3,3.4,Medio,,1
EST-2870,Josefina Gonzalez Carro,M,6.0,100.0,3.8,3.6,Medio-Bajo,Música,0
EST-2871,Federico Gomis Marin,F,10.0,100.0,2.9,5.0,Medio-Bajo,,1
EST-2872,Ciro Perales Sebastián,F,6.0,100.0,3.7,5.0,Bajo-Bajo,Deportes,0
EST-2873,Eugenio Solsona Mancebo,F,11.0,99.4,3.0,5.0,Bajo,Música,0
EST-2874,Isaac Cabrera,M,11.0,100.0,4.7,2.7,Medio,Ninguna,0
EST-2875,Jose Manuel Zabaleta Amigó,F,9.0,100.0,5.0,2.8,Medio-Bajo,Deportes,1
EST-2876,Lorenzo Bastida Sala,M,9.0,96.1,2.5,3.0,Bajo-Bajo,Deportes,0
EST-2877,Cayetana Palacio Lastra,F,9.0,87.1,5.0,3.8,Medio-Bajo,Ninguna,0
EST-2878,Reynaldo Barroso Cruz,M,8.0,93.5,3.8,1.5,Medio,Deportes,0
EST-2879,Marciano de Fonseca,F,9.0,96.9,2.8,3.6,Bajo,Arte,0
EST-2880,Petrona Soler Coca,M,6.0,95.4,5.0,5.0,Bajo-Bajo,Música,1
EST-2881,Armando Vilalta Soto,M,6.0,88.8,3.0,4.7,Medio,Ninguna,0
EST-2882,Candelas Araujo Blanes,F,8.0,86.8,3.4,,Bajo,Música,0
EST-2883,Juanito de Menéndez,M,9.0,91.3,3.5,3.8,Bajo,Robótica,0
EST-2884,Mariana de Planas,M,11.0,99.0,3.0,4.8,Bajo,Música,0
EST-2885,Bárbara Aguirre Vallejo,M,6.0,100.0,5.0,5.0,Medio,Música,1
EST-2886,Cristina Soria Zabala,F,10.0,99.6,3.7,3.7,Medio-Bajo,Arte,0
EST-2887,Trinidad Roberto Muñoz Bertrán,F,7.0,100.0,2.3,4.0,Bajo,Música,0
EST-2888,Violeta Romero Sans,M,8.0,94.6,5.0,3.4,Bajo-Bajo,Ninguna,1
EST-2889,Aarón Ballester Lladó,F,7.0,86.3,2.1,2.6,Bajo,Deportes,0
EST-2890,Sosimo del Alemany,F,8.0,92.7,3.0,4.0,Bajo-Bajo,Robótica,1
EST-2891,Rita Fuente Varela,M,6.0,93.7,5.0,3.7,,Ninguna,1
EST-2892,Bienvenida Ayuso Soriano,F,8.0,92.5,2.6,2.9,Bajo,Robótica,0
EST-2893,Eleuterio de Canals,F,10.0,95.3,1.5,4.6,Bajo-Bajo,Ninguna,0
EST-2894,Santos Martorell Pombo,F,8.0,97.2,4.7,4.7,Medio,,0
EST-2895,Maximiliano Amador Vara,M,8.0,,3.6,4.9,Bajo-Bajo,Música,0
EST-2896,Edgardo del Mosquera,F,11.0,93.6,3.7,3.4,Bajo,,0
EST-2897,Adalberto Miguel Benavides,F,10.0,85.5,3.5,1.7,Bajo-Bajo,Ninguna,1
EST-2898,Jose Angel Mayo Cerdá,M,8.0,92.6,4.7,4.7,Medio-Bajo,Deportes,1
EST-2899,Gala Cervera-Crespo,M,7.0,95.2,3.1,3.5,Bajo-Bajo,,0
EST-2900,Feliciano Alonso Alcaraz,M,11.0,100.0,5.0,3.3,Medio-Bajo,Robótica,1
EST-2901,Aura Solera García,M,9.0,92.2,2.2,2.9,Medio-Bajo,Arte,0
EST-2902,Albino Garmendia Dávila,F,7.0,97.6,4.5,3.9,Medio,Robótica,0
EST-2903,Obdulia Carnero Cuervo,M,7.0,96.5,4.8,5.0,Medio-Bajo,,0
EST-2904,Eugenia Chaparro Heras,M,10.0,95.2,3.1,3.5,Bajo-Bajo,Ninguna,0
EST-2905,Pelayo Ignacio Pujadas Llanos,F,6.0,99.7,3.2,3.1,Bajo-Bajo,Robótica,1
EST-2906,Pancho Mascaró Chaparro,M,11.0,91.7,5.0,4.9,Medio-Bajo,Deportes,0
EST-2907,Cayetano Anastasio Arenas Salas,O,6.0,92.1,2.8,,,Deportes,0
EST-2908,Alex Barriga Buendía,M,10.0,94.9,,2.1,Bajo,,0
EST-2909,Edelmira Tena Cervera,M,8.0,91.8,5.0,4.9,Medio,Arte,0
EST-2910,María Ángeles Pedro-Narváez,M,8.0,97.5,4.4,5.0,Medio-Bajo,,1
EST-2911,Mayte Cueto Parra,M,11.0,91.4,2.2,1.6,Medio-Bajo,Música,1
EST-2912,Adelardo Asensio Angulo,M,8.0,96.1,5.0,3.0,Medio-Bajo,Robótica,0
EST-2913,Purificación Serra,F,9.0,94.5,3.4,1.5,Medio-Bajo,Música,0
EST-2914,Catalina Ibarra Cobos,O,6.0,96.1,3.5,4.1,Medio-Bajo,Robótica,0
EST-2915,Luisina del Julián,M,6.0,92.7,4.3,5.0,Bajo,Robótica,0
EST-2916,Julia Catalá Abellán,F,7.0,93.3,4.8,4.3,Alto,Arte,0
EST-2917,Ciríaco Benavides Álvaro,F,9.0,95.5,5.0,5.0,Bajo,,0
EST-2918,Antonia Cañizares-Marqués,F,6.0,96.0,2.4,4.8,Medio-Bajo,Ninguna,1
EST-2919,Flavio Noriega Salvador,M,6.0,95.0,5.0,5.0,Bajo,Ninguna,0
EST-2920,Renato Casals Moreno,M,8.0,100.0,4.9,5.0,Bajo-Bajo,Robótica,0
EST-2921,Leonor Llorente Medina,M,9.0,90.0,3.3,3.5,Medio-Bajo,Robótica,0
EST-2922,Sandra Prada Plaza,F,10.0,94.7,4.9,4.1,Bajo,Ninguna,0
EST-2923,Julio Bartolomé,F,6.0,87.1,4.6,3.0,Medio-Bajo,Música,0
EST-2924,Casemiro Pellicer,M,6.0,96.9,2.3,4.0,Medio-Bajo,Música,0
EST-2925,Fanny del Estrada,M,11.0,89.4,5.0,,Medio-Bajo,Deportes,0
EST-2926,Anunciación Donoso Bello,F,7.0,93.6,,4.1,Bajo-Bajo,Arte,0
EST-2927,Iker Hernán Saez Mate,F,11.0,93.1,2.6,,Bajo,Música,0
EST-2928,Elisa Valero Lucena,O,11.0,96.4,,3.7,Medio-Bajo,Ninguna,0
EST-2929,Telmo Jerónimo Font Solís,F,10.0,92.2,5.0,3.1,,Ninguna,1
EST-2930,Juan Luis Zorrilla Toro,,6.0,92.0,4.0,3.3,Bajo,Deportes,1
EST-2931,Cosme Yuste Reguera,F,10.0,100.0,4.4,4.9,Bajo,Música,1
EST-2932,Cándida Sanjuan Cuéllar,F,10.0,96.4,5.0,2.6,Medio-Bajo,Ninguna,0
EST-2933,Marciano Poza Suárez,M,9.0,92.2,3.6,3.8,Medio-Bajo,Ninguna,0
EST-2934,Roberto Ortiz Pi,F,7.0,93.7,2.6,5.0,Bajo-Bajo,Deportes,0
EST-2935,Visitación del Carmona,F,7.0,100.0,3.5,4.5,Medio-Bajo,Música,0
EST-2936,Diana Manola Conde Escamilla,M,6.0,93.8,5.0,4.1,Medio-Bajo,Música,1
EST-2937,Herminio Vidal Pardo,F,8.0,91.6,4.1,4.0,Medio-Bajo,Ninguna,0
EST-2938,Almudena Pinilla,F,9.0,91.6,5.0,3.2,Bajo,Música,1
EST-2939,Malena Dominga Bas Morata,O,8.0,92.3,5.0,,Medio-Bajo,Deportes,1
EST-2940,Jaime Suarez-Campoy,M,8.0,92.0,3.6,4.0,Bajo,Deportes,1
EST-2941,Sebastián Orozco-Tovar,M,8.0,88.6,4.0,4.2,Medio-Bajo,Deportes,1
EST-2942,Máxima Priego,F,9.0,89.4,2.5,4.8,Medio,,0
EST-2943,Cristóbal Perera Cobo,M,11.0,90.9,3.2,4.3,Medio,Música,0
EST-2944,Flora Marti Gibert,F,6.0,98.0,5.0,5.0,Bajo,Robótica,0
EST-2945,Marianela Sandra Baños Morales,F,8.0,93.1,5.0,5.0,Medio-Bajo,,0
EST-2946,Judith Rios Cortés,M,6.0,94.0,5.0,5.0,Bajo-Bajo,Deportes,0
EST-2947,Joan Mascaró Mínguez,F,9.0,100.0,3.3,5.0,Bajo-Bajo,Música,0
EST-2948,Simón Sánchez Mínguez,F,10.0,100.0,5.0,3.2,Medio-Bajo,Música,1
EST-2949,Tiburcio Riba Lago,M,11.0,93.6,5.0,3.1,Medio-Bajo,Arte,0
EST-2950,Susana Canet Barco,F,7.0,91.8,5.0,4.7,Bajo-Bajo,Arte,1
EST-2951,Eugenia Viña Abella,F,11.0,90.7,5.0,2.9,Bajo,,0
EST-2952,Elena Plaza Rius,F,6.0,98.5,2.6,3.7,Bajo-Bajo,Ninguna,1
EST-2953,Tatiana Abascal Roldán,F,9.0,94.0,2.7,5.0,Medio-Bajo,Robótica,0
EST-2954,Ani Cadenas Bauzà,M,6.0,93.1,2.8,5.0,Medio-Bajo,Arte,0
EST-2955,Fidel Lasa Ramirez,F,11.0,90.9,2.9,3.7,Medio-Bajo,Ninguna,0
EST-2956,Luciano Sotelo Lago,F,9.0,91.2,4.8,3.6,Bajo,Arte,1
EST-2957,Luciana Ureña Delgado,F,9.0,96.6,3.3,4.3,Medio-Alto,Ninguna,0
EST-2958,María Fernanda Villena,F,10.0,88.4,5.0,2.8,Medio-Bajo,Música,1
EST-2959,Paca Miralles Paz,M,6.0,100.0,5.0,4.0,Medio-Bajo,,0
EST-2960,Lino Hernandez Luna,F,6.0,92.3,4.0,4.0,Medio-Bajo,Ninguna,0
EST-2961,Benjamín Benet Fabregat,M,11.0,94.3,5.0,4.2,Medio-Alto,Arte,0
EST-2962,Gregorio Aranda Amigó,M,7.0,88.3,5.0,4.0,Medio-Bajo,Música,1
EST-2963,Eligio Gelabert-Carranza,M,6.0,94.9,3.5,3.2,Bajo,Ninguna,0
EST-2964,Duilio Alex Carbajo Meléndez,O,8.0,93.4,2.0,3.5,Bajo,Robótica,1
EST-2965,Dalila Corbacho Santos,F,9.0,94.7,3.7,,Medio-Bajo,,0
EST-2966,Fidel Hoyos Saura,F,6.0,100.0,3.2,2.4,Medio-Bajo,Ninguna,0
EST-2967,Adoración Alsina Benavides,F,7.0,95.9,4.2,4.5,Medio-Bajo,Deportes,0
EST-2968,Salomé Gallego Arroyo,F,6.0,91.0,4.1,4.9,Bajo,Ninguna,0
EST-2969,Rosalva Silva Iglesias,F,8.0,91.4,4.1,4.8,Bajo,Ninguna,0
EST-2970,Iván del Orozco,F,11.0,98.0,5.0,3.7,Medio-Bajo,Ninguna,1
EST-2971,Dulce Bustamante Echeverría,M,11.0,100.0,2.9,,Medio-Bajo,Ninguna,1
EST-2972,Arcelia Peinado Heredia,M,9.0,96.4,4.5,4.9,Medio-Bajo,,0
EST-2973,Natalia Abascal-Chamorro,F,6.0,98.4,3.5,4.8,Bajo-Bajo,Arte,0
EST-2974,Felipe Carro Sotelo,F,11.0,98.0,4.2,4.2,Bajo,,0
EST-2975,Julie Morera,M,8.0,,5.0,5.0,Bajo-Bajo,,1
EST-2976,Isaura Armas-Ariño,M,6.0,85.3,2.4,,Bajo-Bajo,Ninguna,1
EST-2977,Teodosio Gomez Marco,F,11.0,98.3,3.7,3.9,Bajo,,0
EST-2978,Aitor Lledó Bueno,M,10.0,99.9,3.9,3.8,Medio-Bajo,Deportes,0
EST-2979,Amaro Héctor Samper Diego,F,10.0,88.3,3.3,2.3,Medio,,1
EST-2980,Dulce Porcel-Reig,O,10.0,90.6,5.0,4.7,Bajo,Ninguna,0
EST-2981,Ciríaco Vilar Juan,M,7.0,90.7,3.5,4.1,Medio-Bajo,Música,1
EST-2982,Héctor del Jerez,,7.0,91.4,3.3,4.7,Medio-Bajo,Música,0
EST-2983,Calixta Alonso Guardiola,F,9.0,,3.1,5.0,Medio,Música,0
EST-2984,Estela Ruperta Reina Mascaró,F,7.0,96.2,5.0,3.8,Medio,Robótica,0
EST-2985,Julia Comas Cabañas,F,8.0,99.3,3.4,1.9,Bajo-Bajo,Deportes,0
EST-2986,Eva María Ramón,O,10.0,100.0,5.0,4.7,Bajo,Robótica,1
EST-2987,Consuela Robles Ríos,M,10.0,90.8,5.0,4.2,Bajo-Bajo,Ninguna,0
EST-2988,Albino Gimenez Cid,F,8.0,90.8,3.9,3.5,Medio-Bajo,Robótica,0
EST-2989,Juan José Mate,F,10.0,100.0,5.0,4.6,Medio-Bajo,Robótica,1
EST-2990,Maximiano Gálvez Rius,F,10.0,98.2,5.0,4.8,Bajo,Ninguna,0
EST-2991,Ester Fuster Gomis,M,9.0,95.4,5.0,3.3,Medio-Bajo,Música,0
EST-2992,Leocadio Mateo Piña,F,7.0,97.4,4.0,3.9,Bajo,,0
EST-2993,Ruperta Luz-Estevez,F,7.0,94.9,4.8,5.0,Alto,Música,0
EST-2994,Sancho del Bernat,M,7.0,97.6,2.5,3.5,Bajo-Bajo,Robótica,0
EST-2995,Vasco Salinas Roca,M,6.0,93.3,3.1,4.3,Bajo-Bajo,Deportes,0
EST-2996,Román Marí Rebollo,F,7.0,96.3,3.3,1.6,Bajo,,0
EST-2997,Lucio Benito Ferrer,M,7.0,87.4,5.0,2.4,Bajo-Bajo,Robótica,0
EST-2998,Sabina Losa Naranjo,M,8.0,91.6,3.0,4.4,Medio-Bajo,,0
EST-2999,Albino Lucas Talavera Frías,M,11.0,91.6,3.0,,Bajo-Bajo,Deportes,0
EST-3000,Marino Revilla Tirado,F,6.0,93.1,2.7,2.6,Medio-Bajo,Ninguna,0
EST-3001,Rodolfo Manjón Quirós,F,10.0,90.4,4.7,4.3,Bajo-Bajo,Robótica,0
EST-3002,Edu del Téllez,F,9.0,92.3,4.2,,Bajo,Ninguna,0
EST-3003,Yago Muro Martí,M,6.0,87.4,4.8,4.9,Medio-Bajo,Arte,0
EST-3004,Ignacio Calderón Badía,F,11.0,97.7,4.8,2.8,Medio,Ninguna,0
EST-3005,Eutropio Hermenegildo Quesada Carmona,F,9.0,94.6,2.7,4.4,Bajo,,1
EST-3006,Amanda Cuesta Palmer,F,8.0,86.5,2.5,3.2,Medio,Robótica,0
EST-3007,Selena Tomé Expósito,F,10.0,90.8,5.0,4.4,Medio-Bajo,Deportes,0
EST-3008,Miriam Viñas Escrivá,M,7.0,96.7,4.2,4.3,Bajo,Robótica,1
EST-3009,Soraya Quiroga Nieto,F,10.0,92.3,5.0,,Medio-Bajo,Deportes,1
EST-3010,Aránzazu Roselló,M,6.0,91.5,4.2,4.7,Bajo,Música,1
EST-3011,Ciríaco Zapata Serra,F,10.0,94.6,2.8,4.2,Bajo,Música,0
EST-3012,Eustaquio Barceló-Baró,M,8.0,96.7,3.6,4.1,Medio-Bajo,Deportes,0
EST-3013,Adelardo Pozuelo Garay,M,9.0,87.8,2.3,,Bajo,Ninguna,0
EST-3014,Prudencio del Polo,M,7.0,97.8,3.3,4.3,Bajo-Bajo,,0
EST-3015,Marc Lorenzo Pinilla,F,9.0,91.0,4.2,4.4,Bajo-Bajo,Deportes,0
EST-3016,Dafne Pablo Boix,M,,94.9,5.0,3.2,Medio-Bajo,Arte,1
EST-3017,Pascual Roca,F,8.0,94.8,2.1,3.9,Medio-Bajo,Deportes,0
EST-3018,Jordi Mínguez Arnal,M,9.0,92.4,4.0,3.1,Bajo,Deportes,0
EST-3019,Daniela Riera Molina,M,8.0,89.9,2.8,3.7,Medio,Ninguna,0
EST-3020,Máxima Meléndez Benet,F,11.0,93.6,3.6,3.6,Bajo,Robótica,1
EST-3021,Alfredo Samper Ferrán,M,8.0,100.0,4.2,5.0,Medio-Bajo,Robótica,0
EST-3022,Amador Vicens Naranjo,M,11.0,88.2,3.2,4.4,Medio,Ninguna,1
EST-3023,Ricardo Barrera Navarro,F,10.0,100.0,5.0,3.3,Medio-Bajo,Deportes,1
EST-3024,Edmundo Coloma Fortuny,M,8.0,93.7,5.0,4.0,Bajo,Ninguna,1
EST-3025,Abraham de Barriga,M,7.0,95.2,5.0,4.6,Medio-Bajo,Ninguna,1
EST-3026,Loida Lobo Chico,M,8.0,89.6,2.9,3.7,Bajo,Deportes,0
EST-3027,Rosendo Orozco Riquelme,F,10.0,91.1,3.2,3.5,Medio-Bajo,Arte,1
EST-3028,Carlos Real Arenas,F,7.0,92.5,4.1,,Bajo,Deportes,0
EST-3029,Francisco Javier Ayala Moll,F,9.0,89.8,3.3,4.8,Bajo,Deportes,0
EST-3030,Paulino Clavero Peñas,F,10.0,94.0,3.3,5.0,Bajo,Música,0
EST-3031,Ema Ferrán Tamarit,M,8.0,93.0,2.6,4.0,Bajo-Bajo,Deportes,0
EST-3032,Patricia Perera Salas,M,9.0,100.0,4.0,5.0,Medio-Bajo,Robótica,0
EST-3033,Agustín del Blanch,F,7.0,89.2,3.0,1.2,Medio-Bajo,Arte,0
EST-3034,María Ángeles Sarabia Zabaleta,M,6.0,95.5,4.8,5.0,Bajo-Bajo,,0
EST-3035,Camila Becerra Arnau,M,10.0,96.2,5.0,4.0,Bajo-Bajo,Deportes,1
EST-3036,Tristán Juan Luis Palacios Iriarte,M,6.0,89.6,4.8,4.0,Bajo,Música,0
EST-3037,Edelmira Visitación Arellano Alcázar,M,7.0,98.4,2.5,3.9,Medio-Bajo,Música,0
EST-3038,Gerardo Arenas Ferrer,O,11.0,93.0,4.5,5.0,Bajo-Bajo,Deportes,0
EST-3039,Loreto Salcedo,M,7.0,82.5,2.6,2.8,Bajo-Bajo,Deportes,0
EST-3040,María Fernanda del Perera,F,11.0,98.3,2.5,5.0,Bajo,Deportes,0
EST-3041,Emiliano Gordillo Nieto,M,11.0,89.4,3.4,4.1,Medio-Bajo,Ninguna,1
EST-3042,Vicente Álvarez Cardona,O,7.0,89.8,4.8,4.3,Bajo-Bajo,Ninguna,0
EST-3043,Valentín Benet Fábregas,M,6.0,98.4,3.6,3.7,Bajo,Ninguna,0
EST-3044,Jose Ramón Gabaldón,M,10.0,93.3,5.0,2.7,Medio-Bajo,Ninguna,1
EST-3045,José Josefa Alberola Andrés,F,8.0,99.6,4.7,4.9,Bajo-Bajo,,0
EST-3046,Noa de Batalla,F,6.0,100.0,3.5,4.5,Bajo,Deportes,0
EST-3047,José Ángel de Reyes,M,10.0,91.8,5.0,5.0,Medio-Bajo,Robótica,1
EST-3048,Melania de Toledo,M,6.0,99.0,4.5,4.0,Medio,Deportes,0
EST-3049,Constanza Martin Tomé,M,11.0,91.2,2.9,3.8,Bajo,Robótica,0
EST-3050,Dulce Segovia-Amigó,M,6.0,100.0,5.0,5.0,Bajo,Música,0
EST-3051,Hernán Avilés Tapia,M,6.0,91.5,4.3,5.0,Bajo,Ninguna,0
EST-3052,Baudelio de Ponce,F,6.0,100.0,4.0,4.2,Medio,Deportes,0
EST-3053,Eloy Paredes Girón,M,11.0,99.2,3.4,3.4,Bajo-Bajo,Deportes,1
EST-3054,Toni Jose Angel Andres Alcalá,M,10.0,96.6,,5.0,Medio-Bajo,Robótica,0
EST-3055,Matilde Ochoa Lopez,F,10.0,91.6,4.6,3.9,Medio-Bajo,Robótica,0
EST-3056,Miguel Ángel Prieto Ayllón,O,8.0,94.2,4.8,4.6,Medio-Alto,Ninguna,0
EST-3057,Óscar Toledo Francisco,F,7.0,84.2,3.3,3.6,Medio-Bajo,Deportes,1
EST-3058,Dan Nieto Romeu,M,7.0,96.1,5.0,5.0,Bajo,Deportes,1
EST-3059,Bernardita Santana Lerma,,8.0,96.7,5.0,3.5,Bajo,Música,1
EST-3060,Toribio Sabater Hervás,O,9.0,95.7,3.2,4.5,Bajo,Ninguna,0
EST-3061,Plinio Viana Jódar,,9.0,80.1,,3.2,Medio-Bajo,Ninguna,1
EST-3062,Ciro Galiano Cabeza,M,7.0,88.7,4.6,3.4,Medio-Bajo,Ninguna,1
EST-3063,Benita Montes Ballester,F,11.0,91.3,2.1,,Medio-Bajo,Ninguna,0
EST-3064,Casemiro Carranza Pina,F,6.0,96.5,4.6,4.7,Bajo,Ninguna,1
EST-3065,Macaria Tena León,F,11.0,96.4,,4.9,Medio-Bajo,Ninguna,1
EST-3066,Kike Gelabert Valls,M,6.0,94.1,5.0,4.8,Medio,Música,1
EST-3067,Luis Ángel Jose Miguel Maldonado Iglesias,M,8.0,98.2,3.9,,Medio,Robótica,1
EST-3068,Jose Miguel Plaza-Montserrat,O,7.0,89.9,5.0,4.0,Medio-Bajo,Robótica,1
EST-3069,Esther Amaya López,M,8.0,98.1,3.8,5.0,Medio-Bajo,Música,1
EST-3070,Nilo Herranz Páez,F,9.0,97.4,5.0,5.0,Bajo,Música,0
EST-3071,Martina Salinas Palma,F,8.0,96.9,5.0,1.5,Bajo-Bajo,Música,1
EST-3072,Luis Miguel Castells Tapia,F,8.0,94.1,2.7,3.7,Bajo-Bajo,,0
EST-3073,Arcelia Ibarra Jurado,M,10.0,100.0,4.8,4.0,Bajo,Deportes,1
EST-3074,Lázaro Martinez Aroca,,9.0,97.5,5.0,4.9,Bajo-Bajo,Arte,1
EST-3075,Calixto Adán Barreda,F,10.0,90.2,4.5,4.1,Medio-Bajo,,1
EST-3076,Juliana González Raya,F,7.0,96.2,4.5,4.7,Medio-Bajo,Ninguna,1
EST-3077,Alma del Campos,F,9.0,98.8,4.9,3.1,Bajo,Deportes,0
EST-3078,Benito Avilés Casado,M,9.0,92.1,4.0,,Bajo-Bajo,Arte,0
EST-3079,Tomasa Rico Mendoza,M,8.0,100.0,2.0,4.9,Bajo-Bajo,Ninguna,0
EST-3080,Amando Jacobo Morera Carmona,F,8.0,96.9,5.0,2.5,Bajo-Bajo,Ninguna,0
EST-3081,Prudencio del Molina,F,7.0,83.3,1.1,5.0,Bajo-Bajo,Deportes,0
EST-3082,Jacinta Sacristán Abellán,F,6.0,96.5,3.5,5.0,Medio-Alto,Robótica,0
EST-3083,Adrián Arroyo-Pol,M,7.0,93.0,5.0,4.2,Bajo,Arte,0
EST-3084,Lourdes Anselma Exposito Arias,F,6.0,97.7,3.6,3.2,Bajo,Ninguna,0
EST-3085,Jose Gómez,F,9.0,99.7,3.2,4.0,Bajo-Bajo,Deportes,0
EST-3086,Américo Ferreras Salas,F,9.0,96.0,5.0,4.1,Medio-Bajo,Ninguna,1
EST-3087,Pacífica Real Zamorano,M,11.0,,3.0,4.4,Medio-Bajo,Ninguna,0
EST-3088,Edelmira Palacios Salom,M,10.0,94.1,2.5,5.0,Bajo-Bajo,Arte,0
EST-3089,Ramiro Coello Marí,F,6.0,98.1,4.7,3.5,Medio,Ninguna,1
EST-3090,Apolonia Perea Quintana,M,11.0,99.0,3.8,,Medio-Bajo,Ninguna,0
EST-3091,Sosimo Becerra Garcés,M,11.0,94.5,2.5,2.9,Bajo,Deportes,0
EST-3092,Adela Castilla Figueroa,O,8.0,98.9,4.8,3.6,Bajo,Ninguna,0
EST-3093,Danilo Jordá Blanes,M,9.0,92.0,5.0,4.4,,Ninguna,1
EST-3094,Narcisa Adán Ariño,F,11.0,92.9,3.6,4.9,Bajo,Robótica,0
EST-3095,Caridad Bastida Zamora,,9.0,88.4,3.6,3.1,Medio-Bajo,Música,1
EST-3096,Gabino Arregui Navarro,F,11.0,96.2,4.6,3.8,Bajo-Bajo,Deportes,0
EST-3097,Nélida Jurado,O,6.0,96.6,5.0,5.0,Bajo,Deportes,0
EST-3098,Vasco Rafael Sabater Viñas,M,7.0,100.0,3.7,,Bajo,Música,0
EST-3099,Ruth Maza Barreda,M,8.0,99.0,4.8,4.4,Bajo,Robótica,0
EST-3100,Rogelio Pedrero-Roura,M,9.0,93.6,5.0,2.0,Medio-Bajo,Robótica,1
EST-3101,Evelia Sandoval Borrell,M,10.0,89.1,4.6,5.0,Bajo,,0
EST-3102,Saturnino del Salgado,F,11.0,97.2,4.4,4.2,Bajo-Bajo,Deportes,1
EST-3103,Evelia Sanabria-Ibáñez,F,8.0,100.0,2.9,3.9,Medio-Bajo,Arte,0
EST-3104,Amelia Cabezas-Meléndez,M,6.0,98.8,3.4,3.7,Bajo-Bajo,,0
EST-3105,Lupe Varela Cantón,M,10.0,100.0,4.4,4.6,Bajo-Bajo,Robótica,0
EST-3106,Amaya Cañizares Quintero,M,9.0,93.9,5.0,4.6,Bajo,Música,1
EST-3107,Sarita Zurita López,F,7.0,92.7,3.4,5.0,Bajo,Música,0
EST-3108,Jacinta Reyes Cases,M,8.0,91.3,5.0,3.1,Bajo,Ninguna,0
EST-3109,Amalia Correa Juliá,F,10.0,94.7,3.6,3.7,Bajo,Ninguna,0
EST-3110,Álvaro Martorell Pont,F,10.0,94.6,4.1,5.0,Bajo-Bajo,Deportes,0
EST-3111,Benigna Bermejo Vives,F,8.0,96.0,5.0,4.4,Medio-Bajo,Música,0
EST-3112,Timoteo Olivares Castell,M,7.0,94.4,4.9,4.0,Bajo-Bajo,Música,0
EST-3113,Tiburcio del Vicens,F,11.0,94.3,2.9,3.3,Medio,Música,1
EST-3114,Gastón Alemany Pacheco,M,9.0,91.1,3.3,4.7,Bajo,Deportes,0
EST-3115,Jesús Recio Hernandez,,8.0,99.7,5.0,5.0,Medio-Bajo,Ninguna,1
EST-3116,Joaquina Asensio Rius,F,7.0,95.4,4.2,5.0,Medio-Bajo,,0
EST-3117,Jenaro Pagès,F,,94.1,2.6,3.9,Bajo,Robótica,0
EST-3118,Kike Tur Peñas,M,7.0,91.3,3.4,4.6,Medio-Bajo,,1
EST-3119,Amparo de Patiño,M,6.0,88.3,4.3,5.0,Medio-Bajo,Música,0
EST-3120,Eloy Miranda Luna,M,9.0,100.0,5.0,5.0,Bajo,Arte,0
EST-3121,Vinicio del Escribano,M,7.0,97.8,4.0,3.4,Medio-Alto,Robótica,0
EST-3122,Soraya Montenegro Castellanos,M,9.0,86.9,5.0,1.4,Bajo-Bajo,Arte,1
EST-3123,Mar Otero Huerta,M,6.0,98.8,5.0,4.5,Bajo,Deportes,0
EST-3124,Ruperto Huertas,M,9.0,99.6,4.1,5.0,Medio-Bajo,Música,1
EST-3125,Roxana del Cadenas,F,7.0,95.6,3.0,3.1,Bajo-Bajo,,0
EST-3126,Bruno del Farré,F,6.0,100.0,2.8,4.2,Medio-Bajo,Robótica,0
EST-3127,Édgar Ibáñez Pellicer,F,6.0,96.1,4.4,3.9,Medio-Bajo,Deportes,0
EST-3128,Wilfredo Ruano Arellano,M,11.0,87.9,3.3,4.0,Medio,Música,1
EST-3129,Leoncio Canet Corominas,O,11.0,96.8,5.0,3.7,Bajo,Robótica,1
EST-3130,Jonatan Julián Avilés,F,7.0,96.2,5.0,5.0,Medio,,0
EST-3131,Dorita de Nieto,F,10.0,92.0,4.8,4.3,Bajo,,0
EST-3132,Édgar José Ángel Palacios Tolosa,F,9.0,97.9,2.6,3.1,Bajo,Ninguna,0
EST-3133,Morena Piñol Gárate,F,11.0,86.7,2.7,4.6,Bajo,,0
EST-3134,Natalio Jover Palomo,F,8.0,100.0,5.0,2.7,Medio-Bajo,Ninguna,0
EST-3135,Gabino Emiliano Lopez Albero,M,9.0,90.6,3.7,5.0,Bajo,Ninguna,1
EST-3136,Renato de Tapia,F,6.0,90.1,5.0,5.0,Medio-Bajo,Robótica,0
EST-3137,Ligia Calzada Palau,F,8.0,94.4,5.0,5.0,Bajo,Deportes,1
EST-3138,Alexandra Aparicio Murcia,F,11.0,97.2,4.1,,Bajo,Robótica,0
EST-3139,María Fernanda Maestre Gómez,F,9.0,95.8,3.2,3.5,Medio,Ninguna,0
EST-3140,Primitivo Manso Raya,M,7.0,91.3,4.3,4.3,Bajo,Robótica,1
EST-3141,Laura Beltran Sevilla,M,6.0,92.5,4.2,4.1,Bajo,Arte,0
EST-3142,Máxima Paz Bru Valenzuela,F,10.0,89.3,4.7,3.2,Medio-Bajo,Robótica,0
EST-3143,Concha Criado Chacón,F,9.0,93.9,3.3,3.6,Bajo,Arte,1
EST-3144,Juan José Hoz Rincón,F,8.0,100.0,3.7,3.6,Medio-Bajo,Ninguna,0
EST-3145,Carolina Anguita España,M,11.0,95.0,4.1,2.8,Bajo-Bajo,Ninguna,0
EST-3146,Juanito Ballester Sales,M,6.0,99.3,4.8,4.9,Bajo,,0
EST-3147,Ángel Cristian Roura Peñas,F,7.0,100.0,2.9,4.1,Bajo-Bajo,Música,0
EST-3148,Raimundo Carranza Cerdá,F,11.0,92.1,2.4,3.9,Bajo-Bajo,Deportes,0
EST-3149,Anastasia Rosselló Tomás,F,7.0,94.1,4.8,3.1,,Deportes,0
EST-3150,Mar Roman Osuna,M,7.0,100.0,2.2,2.8,Bajo,Ninguna,0
EST-3151,Lorena Ayala,F,9.0,100.0,5.0,5.0,Medio-Bajo,Música,0
EST-3152,Aránzazu Quintanilla Ángel,M,10.0,86.6,3.7,3.3,Bajo,Música,1
EST-3153,Íñigo Jose Manuel Nicolau Vera,F,6.0,96.9,2.1,4.8,Bajo,Deportes,0
EST-3154,Iker Galan Ojeda,M,11.0,95.0,3.4,4.4,Medio-Bajo,Robótica,0
EST-3155,Asdrubal Milla Torres,M,10.0,99.1,4.5,1.3,Medio-Bajo,Ninguna,0
EST-3156,Gastón Mir Ortuño,F,6.0,91.3,3.8,5.0,Medio-Bajo,Música,1
EST-3157,Fabiola Salamanca Iñiguez,F,10.0,90.8,4.0,4.9,Medio-Bajo,Arte,0
EST-3158,Saturnina Vicens-Benitez,M,8.0,91.6,4.9,3.2,Bajo-Bajo,Ninguna,0
EST-3159,Ariel Piquer Sáenz,F,8.0,92.1,3.8,4.0,Medio-Bajo,Ninguna,0
EST-3160,Marcia Amor Rosales Pi,M,10.0,99.1,3.3,3.1,Bajo,,1
EST-3161,Vito Mascaró Guijarro,M,11.0,89.1,3.1,5.0,Bajo,Deportes,0
EST-3162,Genoveva Ariadna Ros Giménez,M,6.0,91.9,5.0,3.3,Medio,Robótica,0
EST-3163,Violeta Visitación Acevedo Villena,M,8.0,86.1,5.0,3.2,Bajo,Ninguna,0
EST-3164,Lucila Aguilar Amaya,F,,100.0,1.6,3.5,Medio-Bajo,Música,0
EST-3165,Gonzalo Palacio Aliaga,M,8.0,100.0,5.0,4.1,Bajo,Ninguna,1
EST-3166,Graciela Abascal Hervia,F,8.0,93.4,4.7,5.0,Bajo-Bajo,Ninguna,1
EST-3167,Eleuterio Medina Acero,F,6.0,93.5,5.0,5.0,Bajo,Robótica,0
EST-3168,Arsenio del Parra,M,9.0,97.3,3.7,3.8,Medio-Bajo,Robótica,1
EST-3169,Matilde Ribes,F,8.0,100.0,1.9,4.6,Bajo,Robótica,0
EST-3170,Alberto Gallego,M,7.0,97.0,5.0,4.1,Bajo,Ninguna,1
EST-3171,Lupita Soriano Arnau,F,10.0,91.5,2.9,3.2,Medio-Bajo,Robótica,0
EST-3172,Mireia Santamaria-Girona,M,10.0,86.9,1.8,5.0,Bajo-Bajo,Deportes,0
EST-3173,Benito Segovia Cerdán,M,8.0,89.4,2.3,5.0,Bajo,Robótica,1
EST-3174,Eric Parra Arnau,M,7.0,95.4,5.0,4.4,Medio-Bajo,Música,1
EST-3175,Zoraida Luís,M,9.0,91.7,4.6,5.0,Medio,Ninguna,1
EST-3176,Ileana Gil,M,7.0,96.0,5.0,5.0,Bajo,Ninguna,1
EST-3177,Itziar Otero-Armengol,F,7.0,92.2,4.8,4.3,Medio,Deportes,0
EST-3178,Francisca Manjón Perelló,F,10.0,89.7,3.0,4.2,Bajo-Bajo,,0
EST-3179,Elodia de Ramírez,F,6.0,89.1,3.4,5.0,Bajo,Robótica,0
EST-3180,Lorenza Alcázar Rivas,F,6.0,100.0,3.4,3.3,Medio-Bajo,Deportes,0
EST-3181,Francisco Javier Blasco Toro,M,6.0,99.4,3.7,5.0,Medio,,0
EST-3182,Marino Cortés Vilalta,M,6.0,100.0,2.8,4.0,Bajo,Deportes,0
EST-3183,Odalys Angulo Ródenas,M,6.0,97.7,4.5,5.0,Bajo-Bajo,Música,0
EST-3184,Carmelita Palomino Marti,M,11.0,92.9,5.0,4.0,Bajo-Bajo,Ninguna,0
EST-3185,Leoncio Naranjo-Gascón,F,7.0,100.0,3.0,4.5,Bajo,Arte,0
EST-3186,José Manuel Robles Fábregas,F,6.0,94.8,5.0,,Medio-Bajo,Arte,0
EST-3187,Lucho Pedro,M,7.0,96.1,4.1,3.5,Bajo,Ninguna,0
EST-3188,Crescencia de Ayllón,M,11.0,94.8,4.7,3.9,Bajo,Deportes,1
EST-3189,Vanesa Carrasco-Roselló,F,9.0,80.3,1.5,5.0,Medio-Bajo,Robótica,0
EST-3190,Guiomar Quirino Rovira Bolaños,F,8.0,100.0,1.8,1.9,Medio,Música,0
EST-3191,Salvador Redondo Suarez,M,11.0,97.5,4.2,2.8,Bajo-Bajo,Ninguna,0
EST-3192,Sabina Parejo Sales,F,8.0,96.6,5.0,3.5,Medio-Bajo,Música,1
EST-3193,Germán Vicens Sales,O,7.0,94.7,3.2,2.9,Medio,Ninguna,0
EST-3194,Ruperta de Pascual,M,7.0,95.8,5.0,5.0,Bajo,Música,1
EST-3195,Luisa Lladó Higueras,M,8.0,92.0,4.9,,Medio-Bajo,Ninguna,0
EST-3196,Hernán Pagès Garcia,F,7.0,98.1,2.9,4.8,Medio-Bajo,Robótica,0
EST-3197,Martin Luís Pulido Alcalá,F,9.0,88.5,3.5,3.3,Bajo-Bajo,,0
EST-3198,Lupita Linares Lloret,F,7.0,95.9,5.0,5.0,Bajo,Deportes,1
EST-3199,Esmeralda Talavera Alvarado,M,9.0,97.8,2.5,2.4,Medio-Bajo,Ninguna,0
EST-3200,Obdulia Ariño Hernández,M,6.0,94.0,4.6,5.0,Bajo,Deportes,0
EST-3201,Ambrosio Palacio Infante,F,7.0,96.9,3.6,3.5,Bajo,,0
EST-3202,Anselmo Reguera,F,8.0,90.0,4.3,3.6,Bajo,Deportes,0
EST-3203,Dolores Hierro Zurita,M,11.0,90.2,,3.8,Medio-Bajo,Música,1
EST-3204,Eliseo Cabañas Lopez,F,8.0,,3.5,3.1,Bajo,Deportes,0
EST-3205,Benigno Ayala Manuel,F,9.0,98.4,5.0,5.0,Bajo,Música,0
EST-3206,Crescencia Falcón Prats,F,7.0,85.6,5.0,4.7,Bajo,,0
EST-3207,Amelia del Barco,F,6.0,97.6,4.1,5.0,Medio-Bajo,Robótica,0
EST-3208,Tomasa de Briones,F,6.0,92.3,4.9,3.0,Bajo-Bajo,Arte,0
EST-3209,Chus Carrión Saura,,7.0,94.0,3.3,4.4,Bajo,Deportes,0
EST-3210,Francisca Barceló,F,6.0,88.3,3.5,4.4,Bajo-Bajo,Robótica,0
EST-3211,Manola Amo Rocamora,M,6.0,90.7,4.2,4.3,Bajo-Bajo,Ninguna,1
EST-3212,Diana Escudero-Huertas,F,10.0,99.8,5.0,3.0,Bajo,Deportes,0
EST-3213,Jesusa Olivé Lumbreras,M,6.0,95.2,5.0,5.0,Medio-Bajo,Arte,1
EST-3214,Salomón Albino Carballo Juan,F,9.0,93.1,4.3,4.1,Medio-Bajo,Ninguna,1
EST-3215,Zaida de Uribe,M,8.0,94.4,5.0,3.2,Medio-Bajo,Arte,0
EST-3216,Moreno Perales Cervantes,,8.0,97.4,5.0,2.1,Bajo,Ninguna,0
EST-3217,Pepe Folch Águila,M,9.0,97.2,5.0,4.8,Bajo-Bajo,Arte,1
EST-3218,Concha Oliver Morell,M,7.0,94.6,3.8,5.0,Medio,Deportes,1
EST-3219,María Del Carmen Cañas,F,7.0,100.0,3.3,3.2,Bajo-Bajo,Robótica,0
EST-3220,Adora Clavero Huertas,F,10.0,99.9,3.0,4.4,Medio-Bajo,Robótica,0
EST-3221,Tomasa Barragán Fábregas,F,11.0,97.1,5.0,5.0,Medio,Música,0
EST-3222,Silvia Matilde Escrivá Tomás,M,7.0,95.3,2.5,2.9,Medio-Bajo,Música,0
EST-3223,Loida del Campos,M,6.0,98.3,5.0,,Bajo,Arte,1
EST-3224,Régulo Arnaiz Luna,M,11.0,96.6,2.7,3.3,Bajo,Deportes,0
EST-3225,César Roldan Campoy,M,7.0,100.0,5.0,5.0,Bajo-Bajo,Música,1
EST-3226,Nacho Duarte Sobrino,F,9.0,99.5,4.0,5.0,Medio-Bajo,Arte,0
EST-3227,Nidia Vázquez,M,8.0,89.9,5.0,4.1,Medio-Bajo,Música,0
EST-3228,Lucho Doménech,M,6.0,89.6,4.9,3.1,Medio-Bajo,Deportes,0
EST-3229,Osvaldo Espada Prieto,M,9.0,91.5,5.0,3.8,Bajo-Bajo,Deportes,0
EST-3230,Isabel Ruano Perales,M,9.0,99.9,5.0,3.6,Medio-Bajo,Arte,1
EST-3231,Josué Lladó Rocha,F,7.0,87.1,3.7,2.7,Medio-Bajo,Ninguna,0
EST-3232,Eduardo Valenzuela Agullo,F,8.0,97.0,3.0,4.1,Bajo-Bajo,Música,1
EST-3233,Evangelina Peiró-Alonso,M,10.0,96.8,3.1,4.8,Bajo,Robótica,1
EST-3234,Aureliano Garriga Cordero,M,9.0,100.0,1.5,4.7,Medio-Bajo,Robótica,0
EST-3235,Álvaro Pareja Salvador,M,6.0,95.9,2.7,4.2,Bajo,Robótica,0
EST-3236,Antonio Molina Castillo,M,9.0,88.3,4.0,4.0,Bajo-Bajo,Deportes,1
EST-3237,Agustín Carro Rosa,M,10.0,90.2,3.3,4.1,Bajo-Bajo,Robótica,0
EST-3238,Rebeca Alberola Casanova,O,10.0,89.1,3.7,2.6,Medio-Bajo,Robótica,1
EST-3239,Jacinta Cabello,F,9.0,92.3,4.6,4.2,Bajo-Bajo,Ninguna,0
EST-3240,Gustavo Solé-Puerta,F,6.0,94.1,3.6,3.4,Bajo-Bajo,Ninguna,0
EST-3241,Salomé del Gracia,M,10.0,89.2,2.6,2.6,Medio-Bajo,Música,1
EST-3242,Jose Francisco Mulet Barrios,M,9.0,100.0,4.3,4.4,Medio-Bajo,Ninguna,1
EST-3243,Dionisia Benet Torralba,F,6.0,88.4,2.8,3.1,Medio-Bajo,Ninguna,1
EST-3244,Bernardino Arranz-Luís,F,8.0,100.0,,4.4,Bajo,Música,0
EST-3245,Yolanda Tirado Isern,F,7.0,100.0,5.0,,Medio-Bajo,Ninguna,1
EST-3246,Natalia Llobet Mármol,M,9.0,99.5,3.7,3.0,Medio-Bajo,Ninguna,0
EST-3247,Alfonso Cuadrado Campo,F,7.0,91.5,5.0,4.3,Medio,,0
EST-3248,Faustino Montoya Barroso,M,9.0,96.7,5.0,2.4,Bajo,Deportes,1
EST-3249,Javi Pelayo Soria,F,11.0,,2.8,5.0,Bajo,Robótica,0
EST-3250,Heriberto Gómez Ribera,F,10.0,99.6,2.7,2.8,Bajo-Bajo,Robótica,0
EST-3251,Hugo Francisco Contreras,F,11.0,94.6,3.9,3.7,Medio-Bajo,,0
EST-3252,Belen Falcón Peña,M,11.0,93.0,5.0,5.0,Medio-Bajo,Ninguna,0
EST-3253,Dafne Ileana Pareja Izaguirre,F,6.0,88.9,3.3,3.7,Bajo-Bajo,Música,1
EST-3254,Segismundo Matas Moraleda,M,9.0,82.6,4.6,2.7,Bajo,Música,0
EST-3255,Beatriz Tejera-Mateu,M,8.0,89.8,5.0,4.6,Bajo-Bajo,Deportes,1
EST-3256,Gervasio Botella Vallejo,M,11.0,100.0,3.5,4.9,Bajo,Arte,1
EST-3257,María Barroso Camino,F,7.0,93.0,3.2,3.6,Medio,Robótica,0
EST-3258,Rosalinda Lumbreras Sosa,M,11.0,,4.9,3.7,Medio-Bajo,Robótica,0
EST-3259,Teodora del Antúnez,M,9.0,98.3,4.2,3.8,Bajo-Bajo,Música,0
EST-3260,Américo Vélez Martín,F,10.0,100.0,3.6,4.0,Bajo,Arte,1
EST-3261,Reinaldo Gerardo Peinado Marin,M,6.0,100.0,3.6,2.3,Bajo-Bajo,Deportes,0
EST-3262,Rosa María de Cerdá,F,6.0,90.1,4.3,4.0,Medio-Bajo,Música,1
EST-3263,Paula Pazos-Frías,M,10.0,85.3,1.6,5.0,Bajo,Deportes,0
EST-3264,Glauco Bermudez Cerdán,M,6.0,100.0,4.9,3.1,Medio-Alto,Ninguna,0
EST-3265,Florentina Arco Castejón,F,10.0,100.0,3.4,3.6,Medio-Bajo,Robótica,0
EST-3266,Tamara Bonet Sureda,M,6.0,95.9,1.5,2.8,Bajo,Ninguna,0
EST-3267,Amado Millán Villar,M,9.0,88.6,3.9,4.3,Medio-Bajo,Ninguna,1
EST-3268,Lara Yolanda Blanca Lamas,F,8.0,99.8,3.5,5.0,Medio-Bajo,Música,1
EST-3269,Fidel Villalba Ballesteros,F,9.0,94.5,5.0,5.0,Bajo,Deportes,0
EST-3270,Glauco Díez,F,10.0,94.4,3.3,3.0,Bajo,Música,0
EST-3271,Rebeca Cortés Rebollo,M,7.0,99.5,2.7,4.7,Medio-Bajo,Música,0
EST-3272,Anunciación Arco,M,6.0,96.7,4.6,5.0,Bajo,Ninguna,0
EST-3273,Flor Torrent-Carmona,F,6.0,89.1,2.7,4.4,Bajo-Bajo,Música,0
EST-3274,Nacio Leal Santamaría,F,9.0,93.4,3.1,4.7,Bajo,,0
EST-3275,Danilo Vicente Espinosa,F,9.0,98.3,4.6,3.7,Bajo,Música,0
EST-3276,Antonia Lasa Losa,F,10.0,97.6,2.8,4.4,Bajo-Bajo,Robótica,0
EST-3277,Elisabet Colomer-Soler,F,8.0,96.3,2.7,5.0,Medio,Música,1
EST-3278,Jose Ramón Almagro Cabello,F,8.0,99.7,5.0,4.5,Medio-Bajo,Robótica,0
EST-3279,Priscila Prada-Iglesias,,8.0,93.2,4.7,3.0,Medio-Bajo,Música,0
EST-3280,Milagros Llorens Lorenzo,F,6.0,95.9,3.7,3.5,Medio-Bajo,Ninguna,0
EST-3281,Mariana Pazos Pastor,M,7.0,78.1,3.9,5.0,Medio-Bajo,Robótica,1
EST-3282,Gerónimo Rosado Fabra,M,11.0,92.8,4.6,4.5,Medio,,0
EST-3283,Cosme Andrade Solsona,F,11.0,98.8,5.0,,Bajo,Deportes,0
EST-3284,Rodolfo Cándido Abascal Peña,F,7.0,93.0,3.5,3.6,Medio-Bajo,Deportes,1
EST-3285,Nieves Graciana Torrent Rebollo,M,9.0,92.7,4.4,5.0,Bajo,Arte,0
EST-3286,Andrea Luís Cabrero,M,11.0,89.8,2.9,5.0,Medio-Bajo,Música,0
EST-3287,Bernarda Carbonell Bautista,M,8.0,100.0,3.8,5.0,Medio-Bajo,Robótica,0
EST-3288,Nazaret Montalbán,F,6.0,97.7,4.6,5.0,Medio,Deportes,1
EST-3289,Camila Casares Patiño,F,6.0,99.1,4.0,3.8,Bajo-Bajo,Robótica,0
EST-3290,Silvestre Salom,M,8.0,86.4,4.4,3.2,Bajo,Ninguna,0
EST-3291,Casemiro Salmerón Burgos,M,11.0,94.2,4.6,,Bajo-Bajo,Deportes,0
EST-3292,Imelda Aragonés,F,10.0,93.6,2.2,4.0,Bajo,Ninguna,0
EST-3293,Eugenia Fabra Sanjuan,M,6.0,93.6,2.4,5.0,Bajo,Ninguna,0
EST-3294,Gustavo Blanch Morell,F,6.0,91.9,3.6,5.0,Bajo,Deportes,0
EST-3295,Gonzalo Tolosa Coello,O,10.0,93.3,5.0,4.7,Medio-Bajo,Deportes,0
EST-3296,Íngrid Heras Casanova,M,11.0,99.2,3.0,2.8,Bajo,Deportes,0
EST-3297,Francisco Javier Matas González,F,9.0,85.4,3.3,2.0,Medio-Bajo,Ninguna,0
EST-3298,Ani de Domínguez,M,9.0,100.0,3.4,4.4,Bajo-Bajo,Deportes,0
EST-3299,Leopoldo de Cerezo,M,6.0,97.4,3.3,5.0,Bajo,Deportes,0
EST-3300,Fermín Priego Iniesta,F,10.0,94.8,4.2,4.1,Medio-Bajo,Deportes,0
EST-3301,Pascuala Fabregat Pablo,M,10.0,99.5,5.0,5.0,Medio-Bajo,Deportes,0
EST-3302,Etelvina Mendizábal Otero,O,7.0,87.7,4.0,2.8,Bajo-Bajo,Música,0
EST-3303,Prudencia del Olmo,F,10.0,91.7,3.4,,Medio-Bajo,Ninguna,1
EST-3304,Leticia de Bustos,M,7.0,94.4,5.0,3.5,Medio-Bajo,Deportes,1
EST-3305,Bibiana Lastra Diaz,,6.0,100.0,4.5,3.5,Medio-Bajo,Música,1
EST-3306,Filomena Cuéllar Arce,M,7.0,94.8,3.3,4.7,Medio-Bajo,Robótica,0
EST-3307,Abel Galvez Alemán,M,6.0,97.3,5.0,3.8,Medio-Bajo,Deportes,0
EST-3308,Tomás Sureda Costa,M,7.0,92.1,3.8,2.7,Medio,Música,1
EST-3309,Rufino Clemente Badía,M,8.0,97.4,5.0,5.0,Medio-Bajo,Música,0
EST-3310,Sofía del Pérez,M,8.0,100.0,3.0,2.4,Medio,Robótica,0
EST-3311,Pancho Ávila Pinto,F,8.0,100.0,5.0,2.9,Medio-Bajo,Ninguna,1
EST-3312,Gonzalo Ibáñez Águila,F,7.0,94.6,4.2,,Medio-Bajo,Ninguna,0
EST-3313,Gabriel Escalona Bauzà,F,6.0,98.4,5.0,4.4,Bajo,Deportes,0
EST-3314,Mireia Cánovas-Pino,,9.0,97.9,5.0,4.2,Bajo,Ninguna,0
EST-3315,Leonardo Andres Caballero,M,8.0,97.5,3.0,5.0,Medio,Ninguna,1
EST-3316,Jerónimo del Otero,F,7.0,100.0,5.0,5.0,Medio-Bajo,Arte,1
EST-3317,Hugo Palau Oller,F,11.0,100.0,2.7,5.0,Bajo,Ninguna,1
EST-3318,Ruperto de Piñeiro,M,10.0,94.4,2.7,4.5,Bajo,Música,0
EST-3319,Jose Ramón Cobo Amorós,F,11.0,98.2,3.0,3.2,Medio-Bajo,Arte,0
EST-3320,Abigaíl Fiol,F,8.0,93.1,4.6,4.3,Bajo,Música,0
EST-3321,Adelardo de Noriega,F,6.0,90.4,4.0,4.8,Bajo-Bajo,Deportes,0
EST-3322,Imelda Tecla Iglesias Aguiló,M,10.0,93.7,4.2,4.9,Bajo-Bajo,,1
EST-3323,Isabela del Múñiz,F,7.0,94.6,4.2,3.7,Medio-Bajo,Deportes,0
EST-3324,Leandra Díez Gibert,F,8.0,86.7,4.2,4.4,Bajo,Música,0
EST-3325,Apolinar Pol,F,6.0,99.3,4.8,3.3,Bajo,,0
EST-3326,Toño Porta Maestre,F,10.0,81.2,4.8,2.9,Medio-Bajo,Robótica,0
EST-3327,Héctor Rodríguez Arteaga,F,6.0,100.0,5.0,3.1,Medio-Bajo,Deportes,0
EST-3328,Juana Otero Saavedra,F,11.0,100.0,4.0,4.2,Bajo-Bajo,Deportes,0
EST-3329,Angelino del Quintero,M,11.0,93.7,3.4,3.0,Bajo-Bajo,Deportes,0
EST-3330,Bernabé Carbajo Macias,F,8.0,95.0,4.7,3.8,Medio-Bajo,,0
EST-3331,Magdalena Escolano,F,10.0,96.5,2.6,5.0,Medio-Bajo,Robótica,0
EST-3332,Íngrid Peña-Llamas,F,9.0,92.1,3.6,3.2,Bajo-Bajo,Robótica,1
EST-3333,Marcio Gallo Cañas,M,10.0,96.0,5.0,3.5,Bajo,,0
EST-3334,Nazaret Gastón Núñez Galan,M,8.0,94.3,,4.3,Medio-Bajo,Deportes,0
EST-3335,Lola Arrieta Gutierrez,F,10.0,94.5,2.6,4.2,Medio,Ninguna,0
EST-3336,Wilfredo Mendizábal Valls,F,8.0,95.9,2.2,3.7,Bajo,Robótica,0
EST-3337,Marita Galvez,F,11.0,88.4,4.0,4.7,Bajo-Bajo,Deportes,1
EST-3338,Chelo Ruano,F,8.0,95.2,5.0,4.6,Bajo,Ninguna,1
EST-3339,Lilia Cabrera Viñas,F,8.0,95.8,,5.0,Bajo,Arte,0
EST-3340,Salomón Hoz Taboada,F,10.0,95.6,4.1,3.9,Bajo,Ninguna,0
EST-3341,Loreto Valero Puig,F,10.0,93.9,5.0,3.7,Bajo,Arte,0
EST-3342,Paulina Rebollo Parejo,F,9.0,100.0,3.9,3.5,Medio-Bajo,Robótica,0
EST-3343,Amparo del Garcia,F,6.0,93.2,4.2,4.3,Bajo-Bajo,Ninguna,1
EST-3344,Begoña Ani Donaire Marquez,M,8.0,96.1,1.5,3.8,Medio,Música,0
EST-3345,Purificación Sala-Oliver,M,11.0,100.0,3.5,3.6,Medio-Bajo,Deportes,0
EST-3346,Maricruz Emiliana Bas Palomo,F,,94.6,5.0,3.8,Medio-Bajo,Robótica,0
EST-3347,Ale Barroso Domingo,M,10.0,96.1,5.0,,Medio-Alto,Música,0
EST-3348,Abel Alegre Crespi,M,6.0,94.5,,4.4,Medio-Bajo,Arte,0
EST-3349,Valentina Sanz,M,8.0,100.0,5.0,2.6,Medio,Ninguna,1
EST-3350,Merche Palomo,M,9.0,93.7,5.0,4.5,Bajo,Deportes,0
EST-3351,Brunilda Carla Cortina Morell,M,10.0,100.0,4.4,,Bajo,Ninguna,1
EST-3352,Lucila Morcillo Agullo,,6.0,94.5,1.5,3.6,Bajo,,0
EST-3353,Basilio Navas Salamanca,F,11.0,90.7,4.7,5.0,Bajo,Ninguna,1
EST-3354,Concepción Figueras Losa,F,9.0,98.4,,4.2,Bajo,Robótica,0
EST-3355,Luís Roig-Corbacho,M,7.0,93.5,2.9,2.4,Medio-Bajo,Ninguna,0
EST-3356,Édgar del Castejón,M,7.0,98.1,3.7,3.9,Bajo-Bajo,Robótica,0
EST-3357,Augusto de Naranjo,F,7.0,81.4,2.1,4.0,Medio-Bajo,,0
EST-3358,Rosa María Carrión Mármol,M,9.0,95.0,1.5,4.6,Bajo,,0
EST-3359,Yolanda Perea Gimenez,F,6.0,92.7,5.0,3.9,Medio-Bajo,Música,0
EST-3360,Calixto Mena Barbero,F,6.0,89.7,3.5,2.9,Bajo,Música,0
EST-3361,Concepción Cadenas Cabello,F,10.0,92.2,5.0,2.9,Medio,Ninguna,0
EST-3362,Encarnacion Bermejo,M,6.0,92.1,5.0,3.5,Bajo,Arte,1
EST-3363,Ángel Aranda,F,7.0,94.8,3.6,3.6,Medio,Robótica,0
EST-3364,Vidal Esteve Estevez,M,8.0,88.2,3.4,2.6,Bajo-Bajo,Ninguna,0
EST-3365,Marcia Ferrando-Mir,F,8.0,96.6,4.7,3.5,Medio-Bajo,Música,0
EST-3366,Odalys Sevillano-Paz,F,10.0,100.0,5.0,4.9,Bajo,Deportes,1
EST-3367,Gabino Iván Reina Soriano,M,8.0,96.4,4.8,5.0,Medio-Bajo,Ninguna,1
EST-3368,Juan José Omar Cases Múñiz,M,10.0,99.0,5.0,4.8,Medio-Bajo,Ninguna,0
EST-3369,Luís Paredes Galán,M,9.0,100.0,4.0,5.0,Medio-Bajo,Deportes,1
EST-3370,Luisa Barranco Mata,F,6.0,100.0,3.2,5.0,Bajo-Bajo,Música,1
EST-3371,Artemio Vizcaíno Romeu,M,6.0,100.0,3.9,,Medio-Bajo,Robótica,0
EST-3372,Elías Robledo Medina,F,8.0,92.5,4.2,3.9,Bajo,Arte,0
EST-3373,Fortunato Bernardo Sotelo Bernad,M,8.0,91.4,2.6,4.1,Bajo-Bajo,Ninguna,0
EST-3374,Olimpia Barba Araujo,F,10.0,98.9,2.4,3.8,Bajo,Música,0
EST-3375,Octavia Tatiana Bautista Fernández,F,9.0,98.5,4.5,4.0,Bajo,Robótica,0
EST-3376,Clemente Llorens Vicente,F,8.0,98.9,3.5,4.1,Medio-Bajo,Ninguna,0
EST-3377,Blas Matas-Mate,F,6.0,100.0,3.8,,Bajo,Ninguna,0
EST-3378,Eligio Vila Gras,M,,95.1,3.6,4.6,Bajo-Bajo,Música,0
EST-3379,Josefina Torrecilla Asenjo,M,9.0,97.1,5.0,3.8,Medio-Bajo,,1
EST-3380,Marcelo de Rebollo,F,8.0,90.1,5.0,4.3,Medio,Música,0
EST-3381,Apolinar Teobaldo Marquez Marin,M,8.0,100.0,2.5,4.6,Medio-Bajo,Arte,0
EST-3382,Tania Angulo Campoy,M,6.0,93.3,3.8,4.9,Medio-Bajo,Deportes,1
EST-3383,Ambrosio Sedano,M,9.0,93.5,5.0,2.7,Medio-Bajo,Robótica,0
EST-3384,Leonor Arana Fiol,M,11.0,93.3,4.7,,Medio-Bajo,Ninguna,0
EST-3385,Alcides Fernandez Rodrigo,M,7.0,91.8,4.0,5.0,Medio,Robótica,0
EST-3386,Graciana Valdés,F,8.0,91.4,3.0,4.1,Medio-Bajo,Robótica,1
EST-3387,Rosalva Paniagua Vallés,M,11.0,92.4,3.2,3.8,Bajo,Arte,0
EST-3388,Leocadio Palomares-Varela,F,7.0,88.2,3.3,3.6,Medio-Bajo,Arte,1
EST-3389,Cirino Almansa Sarmiento,M,9.0,91.1,4.7,3.9,Medio,Robótica,1
EST-3390,Tatiana Mayo-Tolosa,F,6.0,100.0,5.0,4.6,Bajo-Bajo,Ninguna,0
EST-3391,Geraldo Murcia Oliver,M,9.0,98.7,3.2,3.1,Medio-Bajo,Arte,0
EST-3392,Marciano de Ferreras,F,6.0,99.6,2.8,,Medio-Bajo,Deportes,0
EST-3393,Luisina de Berrocal,F,11.0,100.0,3.9,4.4,Bajo,Música,0
EST-3394,Sarita Sarabia Montenegro,M,10.0,100.0,5.0,4.6,Bajo,Robótica,0
EST-3395,Caridad Seco Diaz,F,10.0,86.1,2.2,4.1,Medio-Bajo,Robótica,1
EST-3396,Anacleto Blanca Aliaga,O,10.0,88.9,5.0,4.4,Bajo,Arte,0
EST-3397,Esperanza Anna Rosales Losada,F,9.0,91.0,3.8,3.4,Bajo,Ninguna,0
EST-3398,Nilda Canals,F,8.0,92.7,3.1,3.3,Medio-Alto,Deportes,0
EST-3399,Rosenda Diez-Alcalde,M,11.0,93.5,2.1,5.0,Medio-Bajo,Ninguna,0
EST-3400,Diana Conde Arranz,F,11.0,92.8,4.8,3.9,Medio-Bajo,Arte,0
EST-3401,Leocadia Pont Falcó,M,8.0,96.1,3.8,4.0,Medio-Bajo,Música,0
EST-3402,Paca Camino Baquero,,11.0,95.2,4.6,4.7,Medio-Bajo,Ninguna,1
EST-3403,Amancio Río Solsona,O,9.0,91.4,2.9,5.0,Medio-Bajo,Ninguna,0
EST-3404,Aroa Valentín-Paz,M,9.0,84.1,3.5,,Bajo,Música,1
EST-3405,Guadalupe Ibañez Ayllón,F,8.0,90.0,3.3,2.7,Medio-Bajo,Ninguna,1
EST-3406,Ambrosio de Figuerola,F,7.0,92.3,3.9,3.0,Medio-Bajo,,0
EST-3407,Pánfilo Carbajo Egea,F,6.0,93.8,3.2,5.0,Medio-Bajo,Ninguna,0
EST-3408,Ileana de Paz,O,7.0,89.4,1.7,2.7,Bajo-Bajo,Ninguna,0
EST-3409,Roque Lledó-Román,M,8.0,92.5,5.0,4.2,Bajo,Música,0
EST-3410,Aureliano Marquez-Zorrilla,M,8.0,89.3,1.9,2.9,Bajo,Música,0
EST-3411,Lina Abril Ortega Guzmán,M,8.0,94.4,4.2,2.8,Medio-Bajo,Robótica,0
EST-3412,Isaac Mariscal,M,11.0,89.6,1.4,3.6,Medio,Robótica,0
EST-3413,Leire Sandoval-Navarrete,M,8.0,90.8,1.6,,Medio,Música,0
EST-3414,Perla Eva Madrid Guillén,M,8.0,88.5,3.6,3.2,Bajo,Música,0
EST-3415,Marcia Garrido Barroso,F,6.0,,4.2,5.0,Bajo,Ninguna,0
EST-3416,Marcela Almeida,F,6.0,90.7,5.0,4.4,Bajo-Bajo,Ninguna,0
EST-3417,Rogelio Gras Gras,M,10.0,99.5,4.5,4.9,Bajo,Ninguna,0
EST-3418,Evita Prado,F,9.0,97.0,4.2,5.0,Medio-Bajo,Música,1
EST-3419,Lino Goyo Valentín Osorio,M,10.0,94.7,2.9,4.1,Medio,Música,0
EST-3420,Danilo Sevilla Pinto,M,6.0,91.0,5.0,3.8,Bajo,,1
EST-3421,Iván del Jordán,F,9.0,96.9,5.0,4.4,Bajo,Deportes,0
EST-3422,Sancho Bernal Galindo,F,7.0,98.5,2.5,4.4,Bajo,Robótica,0
EST-3423,Merche Girón Estévez,F,7.0,95.7,4.0,3.6,Bajo,Música,0
EST-3424,Armando Tejera Mur,M,6.0,100.0,4.6,4.1,Medio-Bajo,Ninguna,1
EST-3425,Toribio Fuertes Arregui,F,6.0,97.3,3.6,3.5,Medio-Bajo,Deportes,0
EST-3426,Martin Espada Carvajal,F,7.0,99.6,5.0,4.0,Medio-Bajo,Música,1
EST-3427,Encarnita Goicoechea Correa,F,6.0,95.7,5.0,3.9,Medio-Bajo,Deportes,0
EST-3428,Estela Hilda Casanova Canales,F,11.0,98.4,3.8,2.9,Bajo,Deportes,0
EST-3429,Eva María Florentina Alcántara Nieto,F,7.0,91.0,3.7,1.8,Bajo,Deportes,0
EST-3430,Obdulia del Arjona,F,6.0,92.7,5.0,3.3,Bajo-Bajo,Deportes,1
EST-3431,Jose Miguel Viña Garay,F,7.0,96.7,5.0,5.0,Medio-Bajo,Robótica,1
EST-3432,Primitivo Borja,O,9.0,96.7,4.1,3.9,Medio-Bajo,Robótica,0
EST-3433,Mireia Agustí Lorenzo,F,6.0,97.5,2.4,5.0,Medio-Bajo,Arte,1
EST-3434,Leire Pallarès Ojeda,M,11.0,100.0,4.8,2.1,Bajo-Bajo,Arte,1
EST-3435,Perla Losada Doménech,F,11.0,87.9,4.3,2.9,,Música,0
EST-3436,Carmen de Clavero,M,7.0,90.1,1.5,2.8,Bajo-Bajo,Robótica,0
EST-3437,Úrsula Chico,M,8.0,96.1,4.3,4.0,Bajo-Bajo,,0
EST-3438,Isidoro Español Morcillo,F,6.0,91.4,3.5,5.0,Bajo,Robótica,0
EST-3439,Brunilda Neira-Roma,F,9.0,100.0,4.1,,Bajo,Ninguna,1
EST-3440,José María del Jover,F,8.0,97.6,2.9,5.0,Medio-Bajo,Música,0
EST-3441,Perlita Espada-Riba,M,7.0,94.6,4.2,3.7,Medio-Bajo,Ninguna,1
EST-3442,Paco Yáñez Rojas,F,7.0,,5.0,5.0,Bajo-Bajo,Robótica,1
EST-3443,Dora Itziar Blanes Ponce,M,9.0,92.6,3.9,5.0,Bajo,Deportes,1
EST-3444,María Cristina Aller Valenciano,O,8.0,95.2,5.0,3.9,Bajo,Ninguna,0
EST-3445,Amanda Terrón Antúnez,O,6.0,95.6,3.0,3.7,Bajo-Bajo,Arte,0
EST-3446,Edelmira Pinedo Rueda,F,9.0,92.7,4.9,2.9,Bajo,Arte,0
EST-3447,Ernesto Casanovas Reguera,F,9.0,93.6,4.4,,Medio-Bajo,Deportes,1
EST-3448,Calixto Mayo Perera,F,11.0,100.0,4.4,4.3,Bajo,Arte,0
EST-3449,Adriana Cañizares Álvaro,F,6.0,100.0,4.0,5.0,Medio-Bajo,Música,0
EST-3450,Reina Bermejo-Cabrero,M,10.0,96.3,4.8,2.9,Bajo,,0
EST-3451,Valentín de Villa,M,9.0,88.3,1.0,4.0,Bajo,Deportes,0
EST-3452,Ignacia Sancho Sarmiento,F,6.0,97.7,2.3,2.4,Bajo,Robótica,0
EST-3453,Marcia Morata Barba,F,10.0,100.0,4.5,3.8,Medio-Bajo,Robótica,0
EST-3454,Armida Roura,M,8.0,100.0,1.5,4.5,Bajo,,0
EST-3455,Emelina del Saavedra,F,11.0,98.7,3.8,4.7,Bajo-Bajo,,1
EST-3456,Jacobo Bartolomé Zaragoza,M,6.0,100.0,,4.8,Medio,,0
EST-3457,Ximena del Vélez,F,9.0,95.3,3.4,4.6,Bajo-Bajo,Música,1
EST-3458,Íngrid Pina Aguilar,F,8.0,98.1,3.2,4.8,Medio,Deportes,0
EST-3459,Jessica Caballero Luna,F,11.0,91.6,4.7,4.2,Bajo-Bajo,Música,1
EST-3460,Liliana Cid,F,7.0,96.5,5.0,3.2,Medio-Bajo,Robótica,1
EST-3461,Cosme Nicodemo Campos Infante,M,11.0,100.0,3.2,2.1,Bajo,Ninguna,1
EST-3462,María Luisa García-Osuna,M,11.0,92.1,3.3,3.7,Bajo,,0
EST-3463,Marciano Sobrino Llobet,F,7.0,90.7,3.5,3.9,Bajo-Bajo,Ninguna,1
EST-3464,Estrella Milla-Piñeiro,F,10.0,95.5,1.5,5.0,Bajo,Arte,0
EST-3465,Marianela Bravo Arnal,M,11.0,93.9,4.2,4.1,Medio-Bajo,Deportes,0
EST-3466,Dalila Díez Carreño,F,7.0,98.2,5.0,4.0,Medio,Música,0
EST-3467,Alonso de Belmonte,M,8.0,92.7,5.0,4.6,Bajo,Arte,0
EST-3468,Gabriel Cabo Pinedo,F,9.0,100.0,3.0,3.9,Bajo,Música,0
EST-3469,Ruben Pinto Mesa,,7.0,88.6,2.0,4.5,Bajo-Bajo,Ninguna,0
EST-3470,Cebrián de Fabra,M,6.0,100.0,4.4,5.0,Medio-Bajo,,1
EST-3471,Eloy Ballester Carrera,M,7.0,91.2,5.0,5.0,Bajo,Ninguna,0
EST-3472,Belén Lina Meléndez Tur,F,7.0,86.0,3.7,4.0,Bajo-Bajo,,0
EST-3473,Belen del Pera,F,8.0,96.2,4.3,4.5,Medio-Bajo,Robótica,0
EST-3474,Arcelia Jordán Rojas,F,6.0,93.7,5.0,5.0,Bajo,Deportes,0
EST-3475,Ruperto Benavent Yáñez,F,11.0,89.5,2.6,3.8,Bajo-Bajo,Música,0
EST-3476,Vicente del Sobrino,F,10.0,86.6,3.2,4.6,Bajo-Bajo,Robótica,0
EST-3477,María Jesús Cañizares Vives,O,6.0,95.0,5.0,3.1,Medio-Bajo,Robótica,1
EST-3478,Juana Vanesa Carvajal Julián,F,9.0,99.9,4.2,3.9,Bajo-Bajo,Música,1
EST-3479,Aitana Atienza Alcázar,,9.0,97.9,2.5,5.0,Medio-Bajo,Ninguna,0
EST-3480,Francisco Jose Andrés Llopis Vara,M,11.0,95.3,3.2,3.3,Bajo,Ninguna,0
EST-3481,Osvaldo Estevez,M,6.0,97.4,2.9,4.1,Bajo-Bajo,Deportes,0
EST-3482,Zacarías Valerio Cepeda Palomar,F,7.0,94.9,4.4,2.6,Medio-Bajo,Robótica,0
EST-3483,Teresita Amor Raya,M,11.0,87.9,2.4,5.0,Bajo,Ninguna,0
EST-3484,Vito Alcázar Zaragoza,F,11.0,87.9,3.8,5.0,Bajo,Robótica,0
EST-3485,Juan Francisco de Serrano,F,10.0,94.0,3.1,4.4,Bajo,,0
EST-3486,Nicanor Báez Mas,F,10.0,94.2,1.5,4.7,Bajo-Bajo,Deportes,0
EST-3487,Irma Noriega Lerma,M,6.0,99.3,4.4,4.6,Medio-Bajo,Arte,0
EST-3488,Úrsula Aznar Quirós,M,8.0,98.8,4.6,5.0,Bajo,Deportes,1
EST-3489,Régulo Talavera Marqués,,7.0,98.0,5.0,3.7,Medio-Bajo,Robótica,1
EST-3490,Candelario Alberdi Fortuny,M,6.0,93.6,,4.7,Medio-Bajo,Ninguna,1
EST-3491,Cristian Pereira-Pavón,M,10.0,88.1,3.0,4.8,Medio-Bajo,Ninguna,1
EST-3492,Guillermo Falcón Rocamora,F,6.0,97.1,4.5,5.0,Medio-Bajo,Música,0
EST-3493,Crescencia Ríos Nuñez,F,8.0,97.6,5.0,1.9,Medio-Bajo,Música,1
EST-3494,Xavier Adadia Bayón,F,11.0,83.1,3.5,3.3,Bajo,Música,0
EST-3495,Victor Omar Barroso Bello,F,6.0,90.8,4.9,3.0,Bajo,Ninguna,1
EST-3496,Jose Sosa,M,11.0,91.5,4.0,4.3,Bajo-Bajo,Robótica,1
EST-3497,Ariel Folch Lobo,F,11.0,95.6,2.1,2.0,Medio-Bajo,Ninguna,0
EST-3498,Marcelino Garrido Chaves,F,9.0,91.0,5.0,2.2,Medio-Bajo,Deportes,0
EST-3499,Edmundo Clavero,M,6.0,94.8,5.0,5.0,Bajo,Ninguna,0
EST-3500,Victoriano Manzano Casado,F,7.0,93.9,4.9,4.8,Medio-Bajo,Música,0
EST-3501,Maura Caro Gonzalez,M,8.0,94.2,4.2,4.1,Medio-Bajo,Ninguna,1
EST-3502,Pascuala Revilla Rius,F,7.0,91.4,5.0,4.6,Bajo,Música,1
EST-3503,Rita Barral Nicolau,O,7.0,91.8,5.0,4.1,Bajo-Bajo,Ninguna,0
EST-3504,Eli Arnal Cadenas,M,11.0,89.6,5.0,4.7,Bajo,Ninguna,0
EST-3505,Marisela Cerro Barberá,F,6.0,96.9,5.0,3.4,Medio-Bajo,Ninguna,0
EST-3506,Azeneth Maza Mayo,F,10.0,97.9,4.5,4.4,Bajo-Bajo,,1
EST-3507,Bienvenida del Soriano,O,6.0,91.1,2.8,4.4,Bajo,,1
EST-3508,Natalio Llobet Tormo,M,9.0,100.0,4.2,3.2,Medio-Alto,Deportes,0
EST-3509,José Bayón Peral,F,11.0,93.4,4.3,5.0,Medio-Bajo,Ninguna,0
EST-3510,Vicenta Molins Martínez,M,7.0,100.0,5.0,3.6,Medio-Bajo,Ninguna,1
EST-3511,Jose Ezequiel Larrea Capdevila,M,6.0,91.8,5.0,5.0,Bajo,Música,0
EST-3512,Ramona Ariza,M,9.0,84.9,3.8,4.0,Bajo-Bajo,Música,1
EST-3513,Urbano Andrés Oller,O,10.0,97.0,5.0,5.0,Medio,Ninguna,0
EST-3514,Pablo Bernal Pozo,F,9.0,96.2,1.9,3.2,Medio,Música,0
EST-3515,Eufemia Mulet Ibáñez,F,7.0,95.2,4.5,3.1,Medio-Bajo,Deportes,0
EST-3516,Luciano Jacobo Espejo Montenegro,F,7.0,91.8,3.0,3.3,Bajo-Bajo,Robótica,0
EST-3517,Lorena Hernández Herrera,M,11.0,94.8,1.7,4.3,Bajo,Música,0
EST-3518,Sabina de Morera,M,11.0,92.4,3.8,5.0,Bajo-Bajo,Ninguna,0
EST-3519,Aurelia Carreño Sebastián,M,8.0,93.5,2.7,5.0,Bajo,Ninguna,1
EST-3520,Brunilda de Antúnez,M,11.0,99.2,4.2,1.9,Bajo,Arte,1
EST-3521,Marco Real Palau,M,8.0,95.9,4.0,4.2,Medio-Bajo,Ninguna,0
EST-3522,Haroldo Pablo Fortuny,M,,98.0,5.0,1.3,Medio-Bajo,Ninguna,0
EST-3523,Patricio Martí,M,6.0,93.8,,5.0,Bajo-Bajo,Arte,0
EST-3524,Amalia Carro,M,8.0,93.3,5.0,5.0,Medio-Bajo,Deportes,0
EST-3525,Rolando Colom Arnau,M,9.0,89.2,3.6,3.9,Bajo-Bajo,Música,0
EST-3526,Goyo Hoyos Vives,M,,93.1,5.0,4.3,Medio-Bajo,Música,1
EST-3527,Benita de Mariño,O,8.0,78.4,3.4,4.0,Bajo,Deportes,1
EST-3528,Tito Pereira Delgado,F,10.0,92.0,2.4,3.4,Bajo,Deportes,0
EST-3529,Marta del España,O,9.0,94.6,2.9,,Bajo-Bajo,,1
EST-3530,Isaac Víctor Sacristán Benet,M,9.0,97.8,2.8,4.0,Medio-Alto,Robótica,1
EST-3531,Heraclio Ramón Madrigal,M,11.0,93.7,5.0,4.9,Medio-Bajo,Ninguna,1
EST-3532,Jaime Anaya-Sevillano,F,6.0,96.7,5.0,3.9,Bajo,,0
EST-3533,Evita Ramón Huerta,M,9.0,84.1,3.2,3.0,Bajo-Bajo,Robótica,1
EST-3534,Gonzalo Morell Conde,M,10.0,94.7,4.8,2.7,Medio-Bajo,Música,0
EST-3535,Juan José de Soler,,9.0,86.6,1.7,1.8,Bajo,Ninguna,0
EST-3536,Morena Gimenez Arévalo,M,7.0,,3.7,5.0,Medio-Alto,Robótica,0
EST-3537,Raquel Almansa Valdés,M,6.0,94.1,4.8,3.7,Medio,Música,0
EST-3538,Casandra Corbacho-Vilaplana,M,11.0,100.0,2.3,4.5,Medio-Bajo,Música,0
EST-3539,Jacinto Gaya Quintero,F,8.0,96.9,3.8,5.0,Medio,Deportes,0
EST-3540,Marisa Campo Artigas,M,11.0,95.1,5.0,3.6,Bajo-Bajo,Deportes,1
EST-3541,Azeneth Pablo Francisco,M,9.0,94.9,1.9,3.6,Bajo,Arte,1
EST-3542,Nico Nevado Pont,F,9.0,91.4,5.0,4.1,Bajo,Música,1
EST-3543,Florencia Izaguirre Lucena,M,10.0,92.3,4.4,4.2,Bajo-Bajo,,0
EST-3544,Feliciana Serrano Casanovas,M,9.0,97.1,5.0,5.0,Medio,Deportes,1
EST-3545,Loreto López Gámez,F,8.0,88.1,3.0,5.0,Bajo-Bajo,Deportes,0
EST-3546,Eulalia Espejo Rey,M,8.0,98.0,1.9,,Medio-Bajo,Deportes,0
EST-3547,Mario Mateo Soria,M,10.0,93.1,4.6,5.0,Medio-Bajo,Música,0
EST-3548,Prudencio Clavero Campos,F,8.0,99.1,4.3,3.8,Bajo,Ninguna,1
EST-3549,Cipriano Agustín Fonseca Huerta,M,8.0,99.8,4.0,4.5,Bajo-Bajo,Deportes,0
EST-3550,Manuela Ibáñez Santamaria,F,6.0,86.6,5.0,3.6,Bajo-Bajo,,1
EST-3551,Amparo Clarisa Viñas Ferrando,F,11.0,92.1,5.0,2.9,Bajo-Bajo,Deportes,1
EST-3552,Sol Sacristán-Cazorla,M,6.0,90.7,5.0,5.0,Bajo,Ninguna,1
EST-3553,Heliodoro Uribe-Vigil,,9.0,85.9,4.1,4.4,Bajo,,1
EST-3554,Micaela Mendez Mosquera,F,8.0,89.8,2.7,3.9,Medio-Bajo,Robótica,0
EST-3555,Goyo Rodriguez Bustamante,M,8.0,100.0,4.2,4.2,Medio-Bajo,Deportes,1
EST-3556,Nicanor Céspedes Martínez,F,9.0,98.0,4.9,2.7,Bajo,Deportes,1
EST-3557,Belen Salamanca Pont,M,6.0,100.0,5.0,3.0,Bajo-Bajo,,1
EST-3558,Amador Lorenzo Alonso,F,9.0,99.1,2.6,4.5,Medio-Bajo,Música,1
EST-3559,Jesús Porta Campo,,10.0,91.3,4.4,3.5,,Ninguna,1
EST-3560,Débora Gallego Benet,M,10.0,93.1,5.0,4.0,Bajo,Robótica,0
EST-3561,Wilfredo Busquets Padilla,M,6.0,97.9,4.1,4.1,Medio-Bajo,Robótica,1
EST-3562,Teo Cerdán Llorens,F,11.0,97.2,5.0,3.5,Medio,,0
EST-3563,Íñigo Hermenegildo Coronado Tolosa,M,9.0,92.1,4.6,3.2,Medio,Deportes,0
EST-3564,Hortensia Duarte Pomares,M,11.0,87.5,4.6,2.3,Bajo-Bajo,Robótica,0
EST-3565,Piedad Vicens Moles,M,8.0,100.0,3.0,4.1,Bajo,Música,0
EST-3566,Cloe Landa Tormo,F,9.0,94.3,3.0,4.8,Bajo-Bajo,Música,0
EST-3567,Gisela Montalbán Gisbert,F,11.0,93.4,,2.6,Medio,Robótica,1
EST-3568,Jose Ignacio de Ferrando,F,11.0,95.6,2.6,4.2,Bajo,Arte,1
EST-3569,Guiomar Clavero Hernández,F,8.0,93.8,3.7,,Bajo-Bajo,Deportes,0
EST-3570,Emiliano Matas Pozo,F,7.0,95.6,4.3,3.0,Medio,Ninguna,0
EST-3571,Rosalina Cortés Pérez,M,8.0,100.0,5.0,,Medio,Música,1
EST-3572,Alexandra Flor Amador Morera,F,8.0,94.4,4.5,3.6,Medio-Bajo,Ninguna,0
EST-3573,Roque Bonilla López,F,7.0,89.2,4.3,3.8,Bajo-Bajo,Música,0
EST-3574,Josué Montserrat Mora,O,7.0,94.2,5.0,4.0,Bajo,Música,0
EST-3575,Aitor Nogués Blanes,F,11.0,92.7,3.2,2.2,Medio-Bajo,Ninguna,1
EST-3576,Amalia Ávila Niño,M,6.0,100.0,3.8,5.0,Medio-Bajo,Deportes,0
EST-3577,Seve Fausto Garriga Gómez,M,9.0,100.0,5.0,3.2,Bajo-Bajo,Música,1
EST-3578,Clímaco Falcó Luís,F,6.0,95.5,3.9,4.0,Bajo-Bajo,Arte,0
EST-3579,Griselda Carro,F,7.0,88.6,,4.3,Medio-Bajo,Ninguna,0
EST-3580,Teresa Iglesia Arana,F,6.0,88.9,4.7,5.0,Bajo,,0
EST-3581,Gabriela Guerrero,F,7.0,95.1,2.2,3.1,Medio-Bajo,Deportes,0
EST-3582,Olga Lillo Carballo,F,10.0,96.7,4.4,3.6,Bajo,Ninguna,0
EST-3583,Paca Abascal Bonet,M,11.0,93.1,4.2,5.0,Bajo,,0
EST-3584,Chita Tapia-Moya,F,7.0,92.6,4.4,4.7,Medio,Deportes,0
EST-3585,Dorita Saldaña Corral,M,8.0,92.0,3.1,4.9,Bajo,Música,0
EST-3586,Paulino Sedano Revilla,M,8.0,,3.1,,,Robótica,1
EST-3587,Rosario del Riquelme,M,11.0,83.1,3.3,3.5,Bajo-Bajo,Arte,1
EST-3588,Jafet Nuñez Huerta,F,10.0,89.5,3.8,3.5,Bajo-Bajo,Ninguna,1
EST-3589,Elvira de Palacio,M,8.0,91.9,5.0,3.3,Medio-Bajo,Robótica,1
EST-3590,Severiano Roman Pedro,M,9.0,100.0,5.0,2.5,Medio-Bajo,Música,0
EST-3591,Gil Bernat Clavero,O,11.0,90.9,5.0,3.7,Medio-Bajo,Música,0
EST-3592,Felipa Loreto Baquero Porras,M,6.0,95.9,5.0,,Bajo-Bajo,Ninguna,0
EST-3593,Ramiro Hervás Gracia,F,8.0,96.1,2.8,4.3,Bajo,Música,0
EST-3594,Alba Canales Valentín,F,11.0,100.0,3.5,5.0,,Deportes,0
EST-3595,Alberto Vendrell Uría,F,10.0,100.0,4.7,4.4,Bajo,Música,1
EST-3596,Juan Luis Hervás Pons,F,9.0,94.7,3.6,3.4,Medio-Bajo,Música,1
EST-3597,Maxi Mir Escribano,M,9.0,92.6,4.7,5.0,Bajo,Ninguna,0
EST-3598,Elodia de Otero,F,7.0,91.7,4.9,4.4,Medio,Deportes,0
EST-3599,Aurora Mulet Hernandez,M,9.0,93.8,4.6,5.0,Medio,Robótica,0
EST-3600,América Marín Marti,F,9.0,92.8,5.0,3.1,Bajo-Bajo,Arte,1
EST-3601,Valeria del Higueras,M,8.0,97.8,2.9,5.0,Medio-Bajo,Ninguna,0
EST-3602,Ale Duarte-Castells,F,10.0,97.1,5.0,5.0,Bajo-Bajo,Robótica,0
EST-3603,María Cardona Lasa,M,,98.0,3.6,4.3,Bajo,Ninguna,1
EST-3604,Begoña de Simó,M,6.0,100.0,3.3,3.4,Bajo,Música,1
EST-3605,Primitiva Catalá Sáez,M,8.0,100.0,4.6,4.0,Medio-Bajo,Ninguna,0
EST-3606,Fanny Florencia Cornejo Puig,M,8.0,95.6,5.0,4.8,Bajo,Deportes,0
EST-3607,Obdulia Bueno,F,9.0,100.0,4.6,4.4,Medio-Bajo,Deportes,0
EST-3608,Sara Folch Abellán,M,7.0,93.2,4.4,4.6,Bajo-Bajo,Ninguna,1
EST-3609,Florinda Hoz Vergara,F,9.0,100.0,4.4,5.0,Bajo-Bajo,Ninguna,0
EST-3610,René Pablo Baeza,O,11.0,100.0,4.6,3.6,Medio-Bajo,Deportes,1
EST-3611,Armando Gabaldón-Carmona,F,8.0,100.0,2.6,3.0,Bajo,Robótica,0
EST-3612,René Bernat Gallo,M,11.0,95.5,2.5,4.2,Medio-Bajo,Robótica,0
EST-3613,Alcides Valero-Abril,M,11.0,91.7,4.3,3.7,Medio-Bajo,,1
EST-3614,María Dolores Viñas,F,6.0,88.0,3.6,,Medio,Robótica,0
EST-3615,Marita Canales Mendez,M,7.0,94.8,4.0,2.9,Bajo,Ninguna,0
EST-3616,Martin Sanmiguel Cámara,M,11.0,100.0,4.8,5.0,Bajo-Bajo,Música,0
EST-3617,Amancio Montaña-Porta,F,11.0,93.5,4.1,5.0,Medio-Bajo,,1
EST-3618,Araceli Leiva Ribes,F,6.0,98.9,4.7,4.2,Medio-Bajo,Deportes,0
EST-3619,Gerardo Becerra Benet,F,6.0,99.2,3.8,4.3,Bajo,Robótica,0
EST-3620,Miguela Valdés,M,6.0,93.6,5.0,3.4,Medio-Bajo,,0
EST-3621,Olimpia Bru Paredes,F,11.0,100.0,4.1,3.5,Bajo,Ninguna,0
EST-3622,Loida Calderón Alcolea,M,6.0,80.5,5.0,3.5,Bajo-Bajo,,1
EST-3623,Lucho Xavier Olivares Cañellas,M,8.0,88.9,3.9,5.0,Medio-Bajo,Música,0
EST-3624,Modesto Plaza Puerta,F,11.0,90.4,3.7,3.9,Bajo,Ninguna,0
EST-3625,Sebastián Carballo Vargas,M,6.0,90.9,2.9,2.7,Bajo,Ninguna,0
EST-3626,Carmelo del Cal,M,9.0,96.7,2.7,4.3,Bajo,Ninguna,1
EST-3627,José Ángel Isidoro Criado Lasa,M,7.0,96.5,2.8,4.8,Bajo,Ninguna,0
EST-3628,Tamara Almeida-Ortiz,F,11.0,97.0,3.3,4.2,Medio-Bajo,Música,1
EST-3629,Arcelia Alvarez-Mascaró,F,7.0,98.0,4.5,,Bajo-Bajo,Robótica,0
EST-3630,Cesar Cervera-Palau,F,9.0,90.2,3.4,5.0,Medio-Alto,Arte,0
EST-3631,Juan Pablo Ruiz Benítez,F,9.0,88.9,3.7,2.7,Medio-Bajo,Ninguna,0
EST-3632,Calixta Almansa Borja,M,7.0,97.0,5.0,3.6,Bajo,Deportes,0
EST-3633,Clementina Guardiola-Martín,M,6.0,91.8,3.9,4.4,Bajo-Bajo,Robótica,0
EST-3634,Dora de Ferrer,M,8.0,87.1,5.0,2.0,Bajo-Bajo,,0
EST-3635,Aníbal Ramos Vidal,M,7.0,99.9,2.6,4.5,Medio-Bajo,Arte,0
EST-3636,Claudio Pinedo Arjona,F,10.0,100.0,4.2,2.4,Bajo,Deportes,1
EST-3637,Bernardita Durán Escribano,F,10.0,100.0,3.8,5.0,Bajo,Música,1
EST-3638,Encarnación Arana,M,8.0,95.9,5.0,5.0,Bajo,Música,0
EST-3639,Mateo Timoteo Melero Valbuena,M,9.0,98.1,1.5,,Medio-Bajo,,0
EST-3640,Eva Sacristán Múgica,M,9.0,100.0,2.7,3.5,Medio-Bajo,Música,1
EST-3641,Marcelo Edmundo Artigas Camino,M,10.0,91.8,3.9,4.2,Medio-Bajo,Ninguna,0
EST-3642,Raúl Losa Soria,F,8.0,100.0,5.0,3.5,Medio-Bajo,,1
EST-3643,Irma Moliner Maldonado,,7.0,96.4,4.3,3.2,Bajo,Música,0
EST-3644,Ainoa Aguado,M,7.0,99.6,2.8,3.9,Medio-Bajo,Música,1
EST-3645,Eulalia Miguela Tena Cabeza,F,9.0,95.9,2.6,4.9,Bajo-Bajo,Deportes,0
EST-3646,Nazaret Lillo Ariño,M,8.0,100.0,5.0,4.0,Medio-Bajo,Ninguna,0
EST-3647,Amado Aguiló-Pla,F,8.0,96.1,3.3,5.0,Medio-Bajo,,0
EST-3648,Laura Escobar-Crespo,M,6.0,87.6,2.4,4.7,Bajo,Música,0
EST-3649,Víctor Villanueva Soto,F,10.0,100.0,5.0,4.9,Bajo,Música,0
EST-3650,Aníbal Villalonga Álamo,O,7.0,90.3,5.0,2.4,Medio-Bajo,Ninguna,0
EST-3651,Charo Valverde Busquets,F,7.0,100.0,5.0,3.9,Bajo-Bajo,Arte,0
EST-3652,Pepita Pino Valverde,M,8.0,94.5,2.9,3.1,Bajo,,0
EST-3653,Chita Badía Cerezo,F,7.0,100.0,2.2,4.0,Medio,Música,0
EST-3654,Victor Manuel Carretero Luís,M,9.0,100.0,4.2,3.5,Bajo,Arte,0
EST-3655,Lucas Valle Amat,M,8.0,97.2,4.4,3.8,Medio-Bajo,Arte,0
EST-3656,Eduardo Serna-Palacio,M,8.0,97.5,4.4,5.0,Medio-Bajo,Ninguna,0
EST-3657,Ovidio Monreal Cortes,M,9.0,97.1,5.0,4.7,Bajo-Bajo,Arte,0
EST-3658,Florina Cañas Avilés,F,7.0,84.9,1.8,4.9,,Deportes,1
EST-3659,Crescencia Valero Bartolomé,F,6.0,95.6,5.0,2.4,Medio-Bajo,Ninguna,1
EST-3660,Édgar Somoza Fuertes,F,11.0,89.4,2.2,3.8,Medio-Bajo,Ninguna,0
EST-3661,Leocadia Sanmartín Sancho,F,8.0,95.9,5.0,5.0,Bajo-Bajo,Robótica,0
EST-3662,Óscar Vera Sastre,F,8.0,89.3,2.9,5.0,Bajo,Música,0
EST-3663,Wilfredo Marino Arellano Ferrándiz,M,6.0,89.1,2.5,2.4,Bajo,Deportes,0
EST-3664,Cruz Mayo Santamaría,M,8.0,100.0,3.3,3.6,Medio-Bajo,Ninguna,0
EST-3665,Armando Cabezas-Huerta,F,9.0,100.0,2.3,5.0,Bajo,Deportes,0
EST-3666,Quique Navas Pineda,M,9.0,95.0,4.0,4.0,Medio,,0
EST-3667,Pepito Abascal Ibarra,F,10.0,95.9,3.1,3.3,Alto,Música,0
EST-3668,Noemí Mariana Pizarro Jara,M,6.0,93.8,4.9,2.7,Medio-Bajo,Arte,0
EST-3669,Tatiana Saldaña-Cabo,M,7.0,97.8,4.8,3.3,Medio-Bajo,Deportes,0
EST-3670,Pío Castell Dalmau,M,10.0,91.6,5.0,2.3,Bajo,,0
EST-3671,Paulino Perea Castells,M,11.0,100.0,4.4,4.3,Bajo-Bajo,Deportes,0
EST-3672,Pascual de Cózar,M,6.0,93.7,,5.0,Medio-Bajo,Arte,0
EST-3673,Marcela Mariana Rosa Fabra,F,8.0,92.9,5.0,2.7,Bajo,Ninguna,0
EST-3674,Albano Mariscal Benitez,M,7.0,95.1,3.2,4.5,Bajo,Arte,0
EST-3675,Sebastián Zabaleta Calderón,F,6.0,92.0,2.2,4.8,Medio-Bajo,,0
EST-3676,Martirio Saez Sanmartín,M,7.0,96.6,4.6,4.2,Bajo,Música,1
EST-3677,Marco Cañizares Fajardo,M,6.0,92.3,2.3,2.6,Medio-Bajo,Deportes,0
EST-3678,Felix Díez Marqués,M,,97.3,5.0,4.6,Bajo,Deportes,0
EST-3679,Candelario Arrieta-Carpio,F,9.0,100.0,5.0,4.1,Bajo-Bajo,Deportes,0
EST-3680,Jose Ramón Mateos Sotelo,M,6.0,91.4,,4.0,Bajo,Música,0
EST-3681,Pascuala Aguilar Tenorio,F,6.0,94.3,4.5,3.7,Medio,,1
EST-3682,África Bermejo Campillo,M,10.0,97.3,5.0,4.3,Medio-Bajo,Música,1
EST-3683,Ester Brígida Vázquez Losada,F,6.0,92.8,3.4,4.7,Bajo,Robótica,0
EST-3684,Emperatriz del Girón,M,9.0,97.3,5.0,5.0,Bajo,Música,0
EST-3685,Milagros Ferrando Cabanillas,F,7.0,97.8,2.5,4.3,Medio,Deportes,0
EST-3686,Lourdes Casanova Marí,F,9.0,100.0,1.9,,Bajo-Bajo,Robótica,1
EST-3687,Moreno Uriarte,F,7.0,92.0,,4.6,Bajo,Música,1
EST-3688,Silvia Pellicer-Vaquero,M,6.0,90.3,2.3,3.9,Bajo,Ninguna,0
EST-3689,Jesusa Soriano,M,7.0,93.5,5.0,4.3,Medio-Bajo,Música,0
EST-3690,Berta Borrás Garzón,M,6.0,90.2,5.0,2.8,Bajo,Ninguna,1
EST-3691,Virgilio Cañizares Campoy,F,8.0,97.8,2.3,4.5,Bajo-Bajo,Robótica,0
EST-3692,Cayetana Lourdes Fabregat Ochoa,F,9.0,89.2,5.0,1.7,Medio-Bajo,Ninguna,0
EST-3693,Caridad Cornejo Vélez,F,7.0,100.0,5.0,3.1,Bajo-Bajo,Ninguna,0
EST-3694,Victor Manuel del Mercader,M,6.0,100.0,2.1,4.3,Medio-Bajo,Robótica,0
EST-3695,Mayte González,M,8.0,95.1,3.9,5.0,Bajo,Robótica,1
EST-3696,Nicolás Cabello Piña,M,9.0,99.3,3.7,5.0,Bajo,,1
EST-3697,Carmelita Cortes-Palmer,O,11.0,86.8,4.4,3.5,Bajo-Bajo,Ninguna,0
EST-3698,Hernando Torrijos Godoy,F,9.0,100.0,2.5,4.4,Medio-Bajo,Arte,0
EST-3699,Lucila Laura Rueda Pina,F,8.0,92.0,3.9,5.0,Bajo,Ninguna,0
EST-3700,Leyre Ramos Vergara,M,9.0,94.4,3.2,2.9,Bajo,Deportes,0
EST-3701,Pilar Vega,F,11.0,85.7,4.1,4.3,Medio-Bajo,Deportes,0
EST-3702,Nydia Bosch-Rojas,F,10.0,97.4,3.7,3.2,Medio-Bajo,Ninguna,0
EST-3703,Xavier Torrecilla Catalá,M,7.0,89.5,3.3,3.7,Bajo-Bajo,Robótica,1
EST-3704,Jenny Sarabia Vilaplana,F,7.0,95.5,3.7,3.7,Bajo-Bajo,Arte,0
EST-3705,Aníbal Bautista Téllez,F,7.0,92.3,5.0,,Bajo,Música,0
EST-3706,Yolanda Adela Galán Cornejo,F,8.0,89.6,3.0,4.3,Medio-Bajo,Ninguna,0
EST-3707,Amalia Castell-Sainz,F,10.0,91.0,2.8,5.0,Medio-Bajo,Robótica,0
EST-3708,Ruperto Valencia Baró,M,8.0,96.1,4.7,4.5,Medio-Bajo,Robótica,0
EST-3709,Jordán Cases Muro,M,6.0,88.6,3.3,4.1,Medio-Bajo,Deportes,0
EST-3710,Silvia Escolano Mena,O,10.0,91.3,2.3,5.0,Medio-Bajo,Arte,0
EST-3711,Calisto López Vilanova,M,10.0,98.3,5.0,2.5,Bajo,,0
EST-3712,Laura Barrena Arnaiz,F,7.0,100.0,3.6,5.0,Bajo,,0
EST-3713,Marta Paula Girón Sureda,F,9.0,97.4,3.5,3.7,Medio-Bajo,Ninguna,0
EST-3714,Guillermo Ródenas España,F,8.0,90.4,4.2,4.8,Bajo,Arte,0
EST-3715,Eva Baró Bayo,O,11.0,93.2,5.0,3.9,Bajo,Música,0
EST-3716,Teresita Soto Fajardo,M,11.0,95.2,2.0,3.5,Bajo-Bajo,Deportes,0
EST-3717,Maxi Gálvez Verdugo,M,9.0,93.3,4.3,4.7,Medio,Robótica,0
EST-3718,Flor Ángel Cuadrado,M,10.0,99.5,5.0,5.0,Bajo,Deportes,0
EST-3719,Nazaret Arribas Álvarez,M,11.0,96.1,4.2,4.5,Bajo,Ninguna,0
EST-3720,Juanito Barrio,M,8.0,99.5,2.5,3.7,Medio-Bajo,Arte,0
EST-3721,Socorro Alfonso Marcos,M,7.0,93.4,3.3,5.0,Bajo,Robótica,0
EST-3722,Francisca Escribano Pastor,F,10.0,100.0,4.2,,Medio,Deportes,0
EST-3723,Florencio Carretero Camps,F,7.0,94.2,5.0,4.9,Bajo,,0
EST-3724,Vilma Zamora Tamayo,M,8.0,90.1,3.6,3.8,Medio-Bajo,Música,0
EST-3725,Fabiana del Andres,M,11.0,100.0,5.0,3.6,Bajo,Robótica,1
EST-3726,Juan Pujadas Escribano,F,10.0,85.9,1.8,3.4,Medio-Bajo,Ninguna,0
EST-3727,Dulce Talavera Morales,M,8.0,91.3,2.7,5.0,Medio,Robótica,1
EST-3728,Cirino Marcos,M,7.0,91.9,3.4,3.2,Medio-Bajo,Música,0
EST-3729,Teo Azorin Barbero,M,8.0,100.0,5.0,2.9,Medio-Bajo,Ninguna,0
EST-3730,Maricruz Bueno Burgos,F,7.0,100.0,4.5,4.5,Bajo-Bajo,Ninguna,1
EST-3731,Crescencia Bello Rosales,M,6.0,100.0,4.7,4.5,Medio,Robótica,1
EST-3732,Germán Mur Herranz,O,10.0,93.3,4.3,3.4,Medio-Bajo,Robótica,0
EST-3733,Ale Palmer-Santamaria,M,7.0,100.0,5.0,3.1,Medio-Bajo,Robótica,0
EST-3734,Andrés Pinilla Alberdi,F,8.0,96.8,3.3,5.0,Medio-Bajo,Robótica,0
EST-3735,Valentina Guerra,M,8.0,99.9,5.0,4.4,Bajo-Bajo,Ninguna,1
EST-3736,Aristides Olivares Murillo,M,11.0,95.9,3.0,2.6,Medio-Bajo,Ninguna,0
EST-3737,Maricela Prieto Robledo,F,8.0,94.8,5.0,2.9,Bajo-Bajo,Deportes,0
EST-3738,Gloria Leiva,F,6.0,93.7,3.0,3.6,Medio-Bajo,Ninguna,0
EST-3739,Bárbara Gomez-Castrillo,,6.0,94.0,2.9,4.9,Bajo,Música,0
EST-3740,Plinio del Zabaleta,F,9.0,98.0,5.0,4.8,Bajo-Bajo,Robótica,1
EST-3741,Dionisia Araujo Marqués,F,9.0,96.8,4.5,5.0,Medio,Arte,1
EST-3742,Florencia Calvet Prieto,F,8.0,94.8,4.4,2.5,Medio,Ninguna,0
EST-3743,Agapito Peñalver,F,8.0,100.0,4.3,4.4,Medio,Deportes,0
EST-3744,Filomena Tolosa Pino,M,6.0,80.2,2.6,5.0,Medio-Bajo,Robótica,1
EST-3745,Iker Cervantes Talavera,M,8.0,97.5,5.0,5.0,Medio-Bajo,Ninguna,0
EST-3746,Eutimio Roura Roselló,M,8.0,98.6,5.0,4.4,Medio-Bajo,Ninguna,0
EST-3747,Consuela Oliva,F,6.0,100.0,5.0,,Bajo-Bajo,Robótica,0
EST-3748,Eric Jaén Durán,M,6.0,94.7,3.4,4.8,Medio,Robótica,0
EST-3749,Leyre Agustín Uribe,M,6.0,96.0,4.9,5.0,Medio,Robótica,1
EST-3750,Estefanía del Asenjo,F,6.0,99.9,4.2,4.2,Medio-Bajo,Arte,0
EST-3751,Fermín Quiroga Aguilera,F,9.0,100.0,5.0,3.4,Medio,Robótica,0
EST-3752,Diana Apolonia Almeida Frutos,F,7.0,93.5,5.0,3.3,Medio-Bajo,Robótica,1
EST-3753,Azeneth Villegas,M,7.0,96.3,4.2,4.4,Bajo,Deportes,0
EST-3754,Emelina Rueda Correa,F,6.0,100.0,2.2,4.0,Medio,Deportes,0
EST-3755,Esteban Araujo Higueras,M,11.0,84.4,5.0,1.9,Bajo,Ninguna,1
EST-3756,Paula Taboada Molins,M,11.0,91.5,4.7,3.2,Medio-Bajo,Deportes,0
EST-3757,Saturnina Jaén Duran,M,7.0,100.0,3.3,3.9,Bajo,,0
EST-3758,Nacio Cantón-Río,M,7.0,100.0,4.5,4.7,Medio-Bajo,Ninguna,0
EST-3759,Norberto Donato Arcos Chacón,M,7.0,97.6,2.2,4.0,Medio-Bajo,Ninguna,0
EST-3760,Leticia Figueroa-Sabater,F,8.0,92.8,,3.9,Medio-Bajo,Ninguna,1
EST-3761,Susana Barón Pedrosa,M,6.0,90.6,2.2,3.2,Bajo,Robótica,0
EST-3762,Ulises Viñas,F,9.0,92.0,4.1,4.0,Bajo,,1
EST-3763,Remedios Yuste Herranz,F,9.0,100.0,4.3,5.0,Medio-Bajo,Robótica,0
EST-3764,Fabiana del Izquierdo,M,11.0,91.9,5.0,,Medio,Música,1
EST-3765,Blanca Jesusa Gonzalez Palmer,F,6.0,95.5,4.1,2.7,Bajo-Bajo,,0
EST-3766,Rolando del Guillen,M,10.0,91.2,4.8,2.9,Bajo-Bajo,Música,0
EST-3767,Agustín Mas Pombo,F,10.0,99.2,4.4,,Bajo-Bajo,Música,1
EST-3768,Priscila Díaz Cifuentes,M,6.0,92.3,4.0,4.0,Medio,Deportes,0
EST-3769,Edelmira Pons Diaz,M,8.0,94.5,4.1,4.1,Medio-Bajo,Deportes,0
EST-3770,María Belén Goñi Mendez,M,6.0,86.6,3.7,3.3,Medio,Deportes,1
EST-3771,Reina Yésica Ayala Carrillo,F,7.0,86.9,1.9,4.2,Medio-Bajo,Ninguna,1
EST-3772,Cosme Linares Jaén,F,7.0,95.0,3.5,3.7,Bajo,Ninguna,1
EST-3773,Jordana Acero Folch,M,9.0,88.4,3.8,3.7,Medio-Bajo,Música,0
EST-3774,Ángela Ibañez Roig,F,8.0,100.0,3.7,3.3,Bajo-Bajo,,0
EST-3775,Guadalupe Ariza,F,11.0,84.7,3.3,4.6,Bajo,Ninguna,0
EST-3776,Ascensión Eli Zaragoza Roldan,F,6.0,91.0,3.6,3.8,Bajo,Ninguna,0
EST-3777,Efraín Redondo Nicolás,F,11.0,95.1,3.0,4.8,Bajo,Arte,0
EST-3778,Heliodoro Coloma Pereira,F,7.0,93.2,3.4,3.0,Bajo,,0
EST-3779,Teresita Riba Marqués,F,10.0,89.5,3.1,5.0,Bajo-Bajo,Robótica,0
EST-3780,Selena Acuña Bilbao,F,7.0,90.2,4.0,5.0,Bajo-Bajo,Ninguna,0
EST-3781,Adela Calvo,M,6.0,90.0,4.0,2.0,Bajo,Deportes,0
EST-3782,Emilio Tadeo Priego Vila,M,11.0,93.6,3.8,3.4,Medio-Bajo,Robótica,0
EST-3783,Pelayo Cerdán Acero,M,7.0,100.0,3.2,4.5,Bajo-Bajo,Ninguna,1
EST-3784,Aureliano Pomares Benitez,F,9.0,95.4,2.3,2.9,Bajo,Arte,0
EST-3785,Daniel Marqués Baños,F,9.0,100.0,5.0,4.1,Bajo-Bajo,Deportes,0
EST-3786,Silvia Inmaculada Moliner Viñas,M,8.0,97.5,2.6,4.6,Medio-Bajo,Deportes,0
EST-3787,Salomé Higueras Márquez,F,8.0,100.0,3.4,4.0,Medio-Bajo,Arte,0
EST-3788,María Silva Olmedo,M,10.0,81.0,4.1,4.4,Medio-Bajo,Robótica,0
EST-3789,Melisa Cruz Baeza,M,6.0,93.5,4.4,3.5,Medio-Bajo,Deportes,0
EST-3790,Rodrigo Andrade Estévez,O,9.0,100.0,4.6,1.8,Bajo,Ninguna,0
EST-3791,Fausto Moreno Recio Rios,M,11.0,92.1,,5.0,Bajo-Bajo,Música,1
EST-3792,Dolores Rojas Cueto,M,6.0,100.0,4.3,5.0,Bajo-Bajo,Ninguna,0
EST-3793,Ruperto Noé Pavón Alfonso,F,6.0,100.0,4.1,,Medio,Ninguna,0
EST-3794,Jacinta Marti Patiño,F,10.0,,3.6,2.0,Medio-Bajo,Robótica,0
EST-3795,Milagros Cloe Portero Céspedes,M,8.0,92.5,4.7,4.8,Bajo-Bajo,Ninguna,1
EST-3796,Adelina Girón Uriarte,F,8.0,89.9,4.8,1.9,Bajo-Bajo,Robótica,0
EST-3797,Ovidio Valentín Menendez Agullo,F,6.0,91.9,4.4,5.0,Bajo,Música,1
EST-3798,Amor Falcón Sanabria,M,8.0,88.8,3.9,4.4,Bajo,Música,1
EST-3799,Evangelina Saez Teruel,M,6.0,97.1,5.0,3.0,Medio-Bajo,Ninguna,0
EST-3800,Georgina Larrañaga Sans,F,8.0,87.7,4.7,4.5,Medio-Bajo,Ninguna,0
EST-3801,Juan Francisco Espinosa Pallarès,M,10.0,98.0,5.0,3.6,Medio-Bajo,Música,0
EST-3802,Hilario Benítez Báez,F,7.0,98.1,1.9,4.5,Bajo,Música,0
EST-3803,Aurelio Carrasco Romero,F,8.0,86.7,4.6,3.9,Bajo,Ninguna,0
EST-3804,Buenaventura Amador Dalmau,O,11.0,100.0,5.0,5.0,Medio-Bajo,Música,1
EST-3805,Felipa Valls-Salom,M,9.0,97.6,2.9,5.0,Medio-Bajo,Deportes,0
EST-3806,Emiliana Calatayud Carbonell,O,11.0,98.7,4.3,3.4,,,0
EST-3807,Adelaida Escamilla-Polo,M,8.0,91.2,5.0,5.0,Bajo,Robótica,0
EST-3808,Gabriel Aragón Seco,M,10.0,98.1,3.0,4.6,Medio-Bajo,Robótica,0
EST-3809,Reyna Luís-Perelló,M,6.0,100.0,4.9,2.8,Bajo-Bajo,Arte,1
EST-3810,Belen Elorza,M,6.0,94.5,5.0,3.3,Medio-Bajo,Ninguna,0
EST-3811,Gracia Ortiz Boada,F,7.0,,2.7,5.0,Bajo,Robótica,0
EST-3812,Aarón Barranco-Perera,M,8.0,95.2,3.8,4.6,Medio-Bajo,Deportes,0
EST-3813,Juanito del Fábregas,M,11.0,100.0,4.8,5.0,Bajo-Bajo,Robótica,1
EST-3814,Amarilis Agustí,F,7.0,96.5,3.0,4.0,Medio-Bajo,Música,0
EST-3815,Débora Julie Mora Saavedra,M,9.0,97.9,2.9,3.5,Bajo-Bajo,Ninguna,0
EST-3816,Amelia Barco-Castell,F,10.0,86.6,3.7,3.9,Bajo-Bajo,,1
EST-3817,Martin Espada Burgos,M,9.0,96.9,5.0,3.9,Medio-Bajo,,1
EST-3818,Amor Mamen Priego Vallejo,F,8.0,91.3,4.8,2.7,Medio-Bajo,Música,0
EST-3819,Arsenio Llorente Cuevas,F,9.0,90.8,,3.0,Medio,Ninguna,0
EST-3820,Tania Ballesteros Clavero,M,7.0,100.0,5.0,4.7,Bajo,Ninguna,1
EST-3821,Constanza Cornejo Maestre,,6.0,93.9,3.4,3.8,Bajo,Música,1
EST-3822,Lupe Zaragoza-Torrents,M,11.0,90.0,1.6,3.7,Medio-Bajo,,0
EST-3823,Moreno Girona,F,6.0,93.2,3.6,4.4,Bajo,Música,0
EST-3824,Adelina Castellanos Catalán,M,6.0,88.5,4.8,4.2,Bajo-Bajo,Música,0
EST-3825,Mauricio del Lucena,M,11.0,100.0,4.8,5.0,Bajo,Deportes,0
EST-3826,Dorotea del Ibáñez,M,7.0,91.5,4.0,2.9,Bajo,Ninguna,0
EST-3827,Ángeles de Gutiérrez,M,9.0,97.6,3.5,4.8,Bajo,Música,0
EST-3828,Luna Quesada Bueno,F,7.0,100.0,3.9,5.0,Medio,,1
EST-3829,Ainoa Torres-Peñas,F,8.0,92.5,4.1,5.0,Medio-Bajo,Robótica,0
EST-3830,Ámbar Múgica,M,7.0,97.7,3.1,2.8,,Deportes,1
EST-3831,Rufino Jimenez Santiago,M,7.0,89.8,3.1,4.0,Alto,Ninguna,0
EST-3832,Abigaíl de Padilla,F,8.0,100.0,3.7,5.0,Bajo,,0
EST-3833,Emilia de Corbacho,,10.0,99.7,2.4,4.1,Bajo,Arte,0
EST-3834,Ignacia Casado-Ramírez,M,8.0,94.0,3.0,4.7,Medio-Bajo,Robótica,0
EST-3835,Pedro Enríquez,M,11.0,91.1,4.5,,Medio,Robótica,0
EST-3836,Sergio Cerdá,M,6.0,94.4,4.0,3.0,Bajo,Ninguna,0
EST-3837,Bruno Alegria-Molins,F,8.0,93.3,4.0,5.0,Bajo,Música,1
EST-3838,Osvaldo Alonso-Castejón,M,9.0,100.0,2.9,4.7,Bajo-Bajo,Música,0
EST-3839,José Ángel Ayuso,F,11.0,88.9,5.0,4.2,Bajo,Ninguna,1
EST-3840,Soledad Rovira Vergara,F,6.0,95.7,3.4,2.5,Bajo,Deportes,1
EST-3841,Susana Peralta Castelló,F,9.0,94.9,4.7,5.0,Bajo,Deportes,1
EST-3842,Bruno Alcázar Galán,M,11.0,94.4,3.4,4.7,Medio,Arte,0
EST-3843,Camila Gaya Folch,M,7.0,94.5,4.4,5.0,Bajo-Bajo,Música,1
EST-3844,Evaristo Boada Aragón,M,11.0,94.4,4.5,3.9,Medio,Robótica,0
EST-3845,Dulce Reyes Ibáñez,M,6.0,99.4,2.8,3.2,Bajo-Bajo,Deportes,1
EST-3846,Duilio del Moliner,F,10.0,98.0,4.0,3.5,Medio,Robótica,0
EST-3847,Esteban Borrell Puga,O,11.0,97.1,5.0,3.7,Medio-Bajo,Música,0
EST-3848,Eli Viñas-Sarmiento,F,9.0,79.8,5.0,2.8,Medio-Bajo,Música,1
EST-3849,Angelina Luque,F,,96.5,3.8,,Bajo-Bajo,Robótica,0
EST-3850,Renata Vives,,6.0,86.7,3.6,,Medio-Bajo,Ninguna,0
EST-3851,Cándida Gibert Estrada,M,11.0,98.2,5.0,3.8,,Ninguna,0
EST-3852,Jorge Puerta Fortuny,M,8.0,100.0,5.0,3.8,Bajo-Bajo,Robótica,0
EST-3853,Julio César del Quintanilla,F,6.0,90.4,3.7,2.4,Bajo-Bajo,Robótica,1
EST-3854,Fulgencio Bartolomé Sanabria,F,9.0,93.7,3.3,4.9,Bajo,,0
EST-3855,Iris Miró Cañas,F,8.0,92.0,5.0,5.0,Bajo-Bajo,Robótica,1
EST-3856,Pepito Marquez Benítez,M,6.0,100.0,2.8,3.4,Bajo-Bajo,Ninguna,0
EST-3857,Iris Fernanda Escamilla Rius,M,7.0,95.5,,4.1,Medio-Bajo,Robótica,0
EST-3858,Adán Acevedo Valle,F,6.0,100.0,4.4,4.4,Bajo,Ninguna,0
EST-3859,Carmina Gomila Blázquez,M,9.0,97.1,4.6,5.0,Medio-Bajo,Ninguna,0
EST-3860,Amalia Chus Recio Zorrilla,F,9.0,96.2,4.1,,Medio-Bajo,Ninguna,1
EST-3861,María Belén Barberá Salvà,F,8.0,95.3,3.6,4.4,,Robótica,1
EST-3862,Eloísa Robles Ferrándiz,F,10.0,99.1,5.0,4.2,Bajo-Bajo,Ninguna,0
EST-3863,Santos Ros Arroyo,M,11.0,86.3,3.2,2.3,Medio-Bajo,Ninguna,0
EST-3864,Emigdio de Mayol,M,9.0,95.4,3.5,2.8,Bajo,Deportes,0
EST-3865,Ale Malo Mariño,M,,94.6,3.9,3.2,Bajo,Ninguna,0
EST-3866,Angelina Bayo Manuel,M,10.0,98.6,4.6,5.0,Bajo,Ninguna,1
EST-3867,Marta Sanmiguel Gascón,M,,94.1,3.2,3.9,Medio,Arte,1
EST-3868,Teo Tovar Iglesias,F,9.0,89.8,2.8,3.4,Medio-Bajo,Música,0
EST-3869,Eutimio Aguilera Garrido,F,9.0,95.0,3.7,3.5,Bajo-Bajo,Ninguna,1
EST-3870,Rómulo Guardia Ricart,M,8.0,89.6,4.5,3.6,Bajo,,0
EST-3871,Ana Carretero Vigil,M,11.0,85.4,2.4,5.0,Bajo,Música,0
EST-3872,Conrado Arregui Asenjo,M,6.0,98.6,2.3,4.0,Medio,Música,1
EST-3873,Belen Sanjuan Planas,M,9.0,97.9,1.6,3.2,Medio,Ninguna,0
EST-3874,Leocadio Perelló Merino,F,6.0,97.3,2.2,4.0,Bajo,Ninguna,0
EST-3875,Araceli del Ayuso,M,11.0,100.0,5.0,5.0,Bajo,Arte,0
EST-3876,Concepción Andrés Herrera,M,6.0,91.7,4.0,3.7,Medio-Bajo,Música,0
EST-3877,Dani Almazán Priego,M,6.0,87.8,4.1,2.7,Bajo,Robótica,0
EST-3878,Roque Arranz Nogués,F,7.0,94.6,4.6,3.5,Bajo,Ninguna,0
EST-3879,Estefanía Verdejo Jáuregui,F,8.0,93.3,,4.1,Medio-Bajo,Ninguna,0
EST-3880,Roberto Angulo-Ríos,M,7.0,90.8,3.9,4.9,Bajo,Robótica,0
EST-3881,Apolinar Abascal Sanchez,F,9.0,94.6,5.0,5.0,Medio-Bajo,Arte,0
EST-3882,Eutropio Sacristán Quero,F,8.0,91.9,4.2,3.0,Bajo,Ninguna,0
EST-3883,Antonia Gil-Verdú,O,6.0,85.8,,2.9,Medio-Bajo,Arte,0
EST-3884,Eliana Ramírez-Checa,M,7.0,92.8,5.0,3.7,Medio-Bajo,Ninguna,1
EST-3885,Elías del Cornejo,F,10.0,89.3,3.2,,Bajo,Robótica,1
EST-3886,Julio Maza,F,9.0,96.2,3.4,2.7,Medio-Bajo,Ninguna,0
EST-3887,Cristóbal Félix Oliva Maldonado,F,10.0,,3.5,3.6,Bajo,Música,1
EST-3888,Urbano Adán Zurita Merino,F,10.0,100.0,5.0,3.6,,Robótica,0
EST-3889,Lucas Franco Serra,F,,100.0,3.5,5.0,Bajo-Bajo,Música,0
EST-3890,Chus Godoy Sureda,M,6.0,98.4,3.0,4.7,Bajo,Música,0
EST-3891,Reinaldo Taboada Mateos,,7.0,87.2,3.9,4.8,Bajo-Bajo,Robótica,0
EST-3892,Custodia Quesada Esteban,F,10.0,100.0,3.9,5.0,Medio-Bajo,Deportes,0
EST-3893,Narcisa Tomé Balaguer,F,11.0,100.0,4.4,,Bajo,,0
EST-3894,María Ángeles Corominas Vigil,M,8.0,95.1,5.0,3.0,Bajo-Bajo,Música,0
EST-3895,Agustina Tejedor Alfonso,F,6.0,100.0,5.0,2.8,Medio-Bajo,Ninguna,0
EST-3896,Armando Isern Correa,F,6.0,92.2,4.0,2.4,Medio-Bajo,Robótica,0
EST-3897,Luis Ángel Barros Frías,M,7.0,85.7,1.8,3.4,Bajo,Deportes,0
EST-3898,Conrado Gracia Vilalta,F,9.0,91.2,3.4,3.6,Bajo,Ninguna,0
EST-3899,Teobaldo Pombo-Velasco,F,6.0,100.0,4.9,5.0,Bajo-Bajo,Arte,0
EST-3900,África Solera Vicens,F,11.0,87.5,2.1,3.9,Bajo,Deportes,0
EST-3901,Damián Jerez Sosa,M,8.0,95.0,,3.7,Medio,Robótica,1
EST-3902,Rosalía Barco Ferreras,M,11.0,95.2,4.0,3.9,Bajo-Bajo,Ninguna,0
EST-3903,Atilio Barrera Espejo,F,10.0,92.4,4.1,3.2,Medio-Bajo,Deportes,0
EST-3904,Kike del Paz,M,10.0,92.8,3.2,5.0,Medio,Deportes,0
EST-3905,Dimas Reguera-Valderrama,F,9.0,95.4,5.0,3.2,Medio-Bajo,Ninguna,1
EST-3906,Sancho Hierro Pedro,F,9.0,92.2,2.6,3.1,Bajo,Arte,0
EST-3907,Isidro Solano,F,9.0,87.9,5.0,4.7,Medio-Bajo,Arte,0
EST-3908,Hermenegildo Moreno Márquez,M,9.0,96.1,5.0,4.8,Medio-Bajo,Robótica,0
EST-3909,Calista Mínguez Fábregas,F,9.0,100.0,5.0,2.5,Medio-Bajo,Deportes,0
EST-3910,Emilio Nogués Collado,M,11.0,99.3,2.3,5.0,Medio-Bajo,Robótica,0
EST-3911,Custodia Filomena Teruel Simó,M,10.0,91.0,4.2,3.5,Bajo,Música,0
EST-3912,Herberto Tejada Carretero,M,10.0,88.7,5.0,3.5,Medio-Bajo,Robótica,0
EST-3913,Leticia de Lobato,M,11.0,93.6,4.7,4.2,Medio,Ninguna,0
EST-3914,Pelayo Figueras Vidal,O,7.0,100.0,2.8,4.8,Bajo,,0
EST-3915,Ruy Aznar,O,6.0,98.2,3.6,4.4,Medio-Bajo,Ninguna,1
EST-3916,Constanza Caballero,M,8.0,98.5,3.5,4.2,Medio-Bajo,Música,0
EST-3917,Artemio Lara Iborra,F,8.0,99.4,3.7,3.8,Medio-Bajo,Deportes,1
EST-3918,Xavier Sanmiguel Hernandez,M,10.0,97.1,5.0,4.4,Medio-Bajo,Ninguna,1
EST-3919,Alejandro de Carreño,F,8.0,95.6,2.1,4.1,Bajo-Bajo,Robótica,1
EST-3920,Baltasar Pérez Colom,F,9.0,98.3,5.0,5.0,,Música,1
EST-3921,Cayetana Pereira Alcolea,F,9.0,92.3,2.4,4.6,Medio-Bajo,Ninguna,0
EST-3922,Amador Herranz Pavón,M,6.0,87.9,2.7,3.0,Medio-Bajo,Deportes,1
EST-3923,Adán del Berrocal,F,9.0,98.6,1.6,3.7,Medio-Bajo,Robótica,0
EST-3924,Gabriela Ortuño Tirado,M,10.0,100.0,3.7,4.2,Bajo-Bajo,Música,1
EST-3925,Teófila Soriano,O,6.0,89.4,5.0,5.0,Bajo,Ninguna,0
EST-3926,Balduino Maestre Alfaro,M,9.0,99.1,4.3,5.0,Medio-Bajo,Ninguna,0
EST-3927,Edmundo Cayetano Cal Alvarez,F,9.0,100.0,3.0,3.6,Medio,Ninguna,1
EST-3928,Berta Micaela Benito Hervás,F,6.0,95.0,5.0,3.1,Bajo,Ninguna,0
EST-3929,Luís Castejón,F,6.0,90.9,5.0,3.1,Medio-Bajo,Robótica,1
EST-3930,Íngrid Batalla-Alcázar,M,11.0,95.6,4.1,4.5,Medio-Bajo,Música,0
EST-3931,Marianela Rivas Cámara,F,8.0,92.2,5.0,5.0,Medio-Bajo,Ninguna,0
EST-3932,Francisco Jose Rubio Criado,M,7.0,91.9,5.0,4.5,Medio-Bajo,Ninguna,0
EST-3933,Leonardo de Martí,F,6.0,97.2,4.8,,Bajo-Bajo,Robótica,0
EST-3934,Rosalva Larrea Lucas,M,9.0,87.0,2.9,3.2,Medio-Bajo,Deportes,1
EST-3935,Nidia Ferrer Flores,M,9.0,87.8,4.7,3.3,Medio-Bajo,Música,1
EST-3936,Wilfredo Baró Yáñez,F,9.0,95.1,4.7,3.2,Medio-Bajo,Ninguna,1
EST-3937,Lope Ríos Rosado,M,6.0,94.9,5.0,3.8,Medio-Bajo,Deportes,1
EST-3938,Amparo Corral,M,11.0,96.7,3.2,4.6,Bajo,Arte,0
EST-3939,Emelina Vilar Garay,M,8.0,100.0,4.2,4.9,Medio-Alto,Robótica,0
EST-3940,María Teresa Mariño Vicente,M,7.0,95.5,3.0,5.0,Medio-Bajo,Música,0
EST-3941,Renato Sierra Agustín,F,8.0,98.0,1.5,4.7,Medio-Bajo,Robótica,0
EST-3942,Carolina Arregui Fabra,F,8.0,90.1,5.0,2.2,Medio,Arte,0
EST-3943,Nicolasa Torre Boada,M,11.0,98.8,2.2,3.1,Medio,Música,0
EST-3944,Manuel Rogelio Crespo Ibarra,M,11.0,92.4,4.1,4.0,Medio-Bajo,Arte,0
EST-3945,Clímaco Pablo,M,7.0,95.4,4.4,4.1,,,0
EST-3946,Rosario Carlos Peiró,M,11.0,94.5,4.4,5.0,Bajo,Robótica,0
EST-3947,Camila Riera Gascón,F,10.0,100.0,3.7,4.2,Bajo,Deportes,0
EST-3948,Raimundo Berrocal Uría,F,11.0,88.5,4.2,4.0,Bajo,Deportes,1
EST-3949,Martin Gordillo Mariscal,M,7.0,83.6,4.1,4.1,Bajo,Deportes,0
EST-3950,Arturo Vilanova Farré,M,9.0,93.9,4.9,3.9,Medio-Bajo,Deportes,0
EST-3951,Isidoro Pina Lucena,M,7.0,97.3,5.0,4.3,Bajo,Deportes,1
EST-3952,Alba Morillo Gargallo,F,,95.8,4.3,5.0,Medio,Música,0
EST-3953,Constanza Luján Tello,O,6.0,100.0,4.1,4.1,Medio-Bajo,Robótica,0
EST-3954,Bartolomé de Alemany,M,9.0,97.2,3.3,4.2,Bajo,Robótica,1
EST-3955,Mateo Sanmiguel Piñol,M,7.0,92.2,4.5,4.2,Bajo,Robótica,0
EST-3956,Piedad Jara Benet,F,7.0,83.4,4.3,5.0,Bajo-Bajo,Música,0
EST-3957,Isaac Requena Bernat,F,9.0,93.8,3.8,3.1,Medio,Robótica,0
EST-3958,Bernarda Solís Peñalver,M,11.0,100.0,4.7,5.0,Bajo,Ninguna,0
EST-3959,Bautista Torralba Lobato,M,9.0,93.0,3.6,2.8,Medio-Bajo,Ninguna,0
EST-3960,Lalo Almagro Marti,M,11.0,95.1,4.8,3.5,Medio-Bajo,Arte,0
EST-3961,Cristian Lerma Ferrán,F,7.0,97.1,5.0,,Medio-Bajo,Ninguna,1
EST-3962,Aarón Hernandez,M,8.0,89.9,4.6,4.7,Bajo,Ninguna,0
EST-3963,Humberto Linares Tejedor,M,8.0,98.1,4.1,2.8,Bajo-Bajo,Robótica,0
EST-3964,Aurelio Peñalver-Zabaleta,F,6.0,100.0,2.8,2.9,Bajo,Ninguna,0
EST-3965,Clarisa Guardiola-Ramos,M,9.0,94.1,3.7,4.5,Bajo,Robótica,1
EST-3966,Pancho Tur Perelló,F,9.0,89.4,4.2,5.0,Medio-Bajo,Ninguna,0
EST-3967,Adoración Sevillano Álvarez,M,9.0,94.7,5.0,5.0,Bajo,Ninguna,0
EST-3968,Ofelia Pujol Pineda,M,10.0,83.9,3.1,3.7,Bajo-Bajo,Deportes,0
EST-3969,Felicia Giner Sosa,F,9.0,96.7,4.5,1.8,Bajo-Bajo,Deportes,0
EST-3970,Norberto Bustamante Zaragoza,M,6.0,97.3,3.3,,Medio-Bajo,Ninguna,0
EST-3971,Emigdio Iglesias Moll,O,6.0,100.0,2.8,4.6,Bajo,Música,0
EST-3972,Danilo Moreno Esteve,F,9.0,94.0,3.2,3.8,Bajo-Bajo,Música,0
EST-3973,Edelmiro Rebollo,M,7.0,97.0,1.5,3.3,Medio-Bajo,Deportes,0
EST-3974,Eligia del Llabrés,,6.0,90.7,5.0,4.4,Bajo,Robótica,0
EST-3975,Julio Ríos Canals,M,8.0,93.2,1.5,3.1,Bajo,,0
EST-3976,Román Aguilera Canals,F,9.0,87.4,3.2,5.0,Bajo,Música,0
EST-3977,Cristian Toro Lluch,M,7.0,94.0,2.6,5.0,Medio,Robótica,0
EST-3978,Amor Bustamante-Cerezo,F,10.0,93.5,3.3,4.7,Bajo,Ninguna,1
EST-3979,Catalina Pedro Elorza,M,,96.5,5.0,4.3,Bajo,Robótica,0
EST-3980,Jose Francisco Báez,M,7.0,91.9,,3.5,Medio,Deportes,1
EST-3981,Verónica Araujo Fuster,F,10.0,95.4,2.8,4.2,Bajo,Robótica,0
EST-3982,Aroa Aragón-Folch,F,9.0,93.3,3.3,5.0,Medio-Bajo,Ninguna,0
EST-3983,Adriana Ojeda Navarrete,M,9.0,93.3,3.5,5.0,Bajo,Deportes,1
EST-3984,Berto Javier Tenorio Rocha,M,9.0,95.4,3.9,4.4,Bajo-Bajo,Deportes,0
EST-3985,Marta Valera Amores,F,6.0,95.2,4.2,5.0,Medio-Bajo,Robótica,0
EST-3986,Sandra Iriarte,F,10.0,98.8,5.0,4.7,Medio,Robótica,0
EST-3987,Joaquina Duque,M,8.0,94.4,1.7,,Bajo,Música,0
EST-3988,Gabino José Luis Montenegro Maza,M,11.0,93.3,4.4,5.0,Medio-Bajo,Ninguna,1
EST-3989,Brígida Anaya-Miralles,M,10.0,94.1,3.6,4.7,Medio-Bajo,Música,0
EST-3990,Enrique del Sans,F,9.0,91.4,5.0,5.0,Bajo,Deportes,1
EST-3991,Paula Valenciano-Hernandez,M,7.0,93.2,4.8,4.4,Medio-Bajo,Robótica,1
EST-3992,Fermín Pino Macías,M,7.0,100.0,4.7,3.7,Bajo,Ninguna,0
EST-3993,Cleto Mendizábal Botella,F,7.0,90.4,4.4,3.5,,,0
EST-3994,Florinda Morante Carbajo,M,8.0,93.6,2.9,3.5,Bajo,Música,0
EST-3995,Susana Benavent Bernat,F,7.0,93.1,5.0,2.4,Medio-Bajo,Ninguna,0
EST-3996,Germán Jara Tejero,M,8.0,93.8,5.0,,Bajo,Robótica,0
EST-3997,Dionisio Javier Cerro Aparicio,M,6.0,93.3,5.0,3.3,Medio-Bajo,Robótica,0
EST-3998,Aura del Asenjo,M,11.0,96.4,5.0,3.5,Bajo,Ninguna,0
EST-3999,Francisca Morena Noriega Montserrat,F,6.0,86.4,4.0,5.0,Bajo,Música,0
EST-4000,Jose Antonio Soto Ribera,M,11.0,100.0,5.0,4.0,Medio-Bajo,Robótica,0
EST-4001,Marisa Fonseca Peral,F,11.0,98.2,4.5,4.4,Medio-Bajo,Música,0
EST-4002,Horacio Elorza Parra,F,9.0,88.8,3.2,4.0,Bajo,Ninguna,0
EST-4003,Edu Bou Sotelo,F,,83.7,3.9,5.0,Bajo,Ninguna,1
EST-4004,Carlota Solé Vallejo,M,8.0,90.1,4.4,3.6,Medio,Deportes,1
EST-4005,Nacio Verdugo Baró,M,9.0,93.8,3.4,4.0,Bajo-Bajo,Deportes,0
EST-4006,Tamara Fabiola Rosselló Soler,M,7.0,100.0,5.0,4.1,Medio-Bajo,Deportes,1
EST-4007,Jose Luis del Bernal,M,7.0,97.7,4.4,5.0,Medio-Bajo,Ninguna,0
EST-4008,Nydia Fuster-Chaparro,M,9.0,86.0,4.0,5.0,Medio-Bajo,Ninguna,1
EST-4009,Evaristo Méndez Salgado,F,8.0,91.6,4.5,,Medio,Música,0
EST-4010,Artemio del Amo,M,9.0,94.7,5.0,5.0,Medio-Bajo,Deportes,0
EST-4011,Carmelita Mendez Baeza,M,7.0,96.3,2.6,4.4,Bajo,Deportes,0
EST-4012,Mónica de Acedo,M,8.0,88.4,2.5,3.7,Bajo,Deportes,0
EST-4013,Claudia Millán-Sanchez,F,6.0,94.3,2.7,5.0,Bajo,Ninguna,1
EST-4014,Renata Rosenda Olmo Abella,M,6.0,91.4,3.7,4.7,Bajo-Bajo,Deportes,0
EST-4015,Lidia Cases Cobos,F,7.0,89.5,3.8,3.2,Medio,Deportes,0
EST-4016,María Manuela del Daza,M,6.0,96.3,3.4,5.0,Bajo-Bajo,Ninguna,0
EST-4017,Julio Sabas Baños Salom,F,6.0,98.9,3.4,4.0,Medio-Bajo,Robótica,0
EST-4018,Reyes Tormo Falcó,F,10.0,99.2,4.2,3.9,Medio-Bajo,Música,0
EST-4019,Asunción Blanch Sevillano,M,6.0,97.9,3.8,4.9,Medio-Bajo,,1
EST-4020,Lino Sabas Manzanares Fernández,M,9.0,92.5,4.4,4.1,Medio-Bajo,Música,0
EST-4021,Calixta Quintanilla,M,7.0,98.6,5.0,4.6,Medio-Bajo,Deportes,0
EST-4022,Nico Sedano Andrés,M,11.0,96.5,5.0,4.9,Bajo,Deportes,1
EST-4023,Pío Moya Balaguer,F,8.0,95.7,,3.4,Medio-Bajo,Arte,0
EST-4024,Marisol Marquez Viñas,F,7.0,91.9,5.0,4.6,Bajo,Robótica,0
EST-4025,Leonor Badía Cortes,F,8.0,92.5,4.3,5.0,Medio,Robótica,0
EST-4026,Gloria Barrera Saez,F,8.0,95.4,3.8,3.2,Bajo-Bajo,Música,0
EST-4027,Socorro Corbacho,M,9.0,100.0,3.1,,Bajo,Robótica,0
EST-4028,Vilma Rivas Pozuelo,M,6.0,96.5,3.5,3.2,Bajo,Ninguna,0
EST-4029,Tatiana Valera Salcedo,F,11.0,91.9,3.4,5.0,Medio-Bajo,Deportes,0
EST-4030,Elías Gastón Valencia Benítez,M,8.0,90.8,5.0,5.0,Medio-Bajo,Ninguna,1
EST-4031,Benita Cantero Andrés,F,7.0,92.5,4.4,3.6,Bajo,Ninguna,0
EST-4032,Roberta Lasa Reina,M,10.0,100.0,5.0,5.0,Bajo-Bajo,,1
EST-4033,Socorro Priego Pellicer,M,8.0,93.0,2.6,5.0,Bajo,Arte,0
EST-4034,Quique Bello Leal,O,10.0,99.5,5.0,4.7,Bajo,Ninguna,0
EST-4035,Gala Vicente Jáuregui,M,8.0,93.1,3.5,4.9,Medio-Bajo,Robótica,0
EST-4036,Ester Alcaraz Ripoll,O,10.0,96.3,2.7,5.0,Bajo,Arte,0
EST-4037,Joel Asenjo Carrasco,O,6.0,99.0,3.5,3.2,Medio-Bajo,Robótica,0
EST-4038,Maura Méndez Olmedo,F,11.0,92.1,5.0,4.2,Bajo,Ninguna,0
EST-4039,Miguel Ángel Milla-Medina,F,10.0,91.8,3.9,4.6,Medio,,1
EST-4040,Noelia Vilaplana Guardia,F,7.0,100.0,3.6,3.6,Bajo,Ninguna,0
EST-4041,Isabela Escamilla Ortega,F,6.0,99.9,3.8,4.5,Medio-Bajo,Ninguna,0
EST-4042,Mariano Navarro-Godoy,M,7.0,99.0,3.8,5.0,Medio-Bajo,Deportes,0
EST-4043,Teófila Recio Saez,M,11.0,98.9,3.5,3.6,Bajo,Ninguna,1
EST-4044,Albino Morera-Céspedes,F,7.0,97.3,4.2,4.1,Bajo,,0
EST-4045,Zacarías Vera,M,8.0,100.0,5.0,3.4,Bajo,Música,0
EST-4046,Cayetana Carbó Borrell,M,6.0,95.2,4.8,2.2,Bajo-Bajo,,1
EST-4047,Xiomara Corbacho Valbuena,M,8.0,97.9,3.1,5.0,Bajo,Música,1
EST-4048,Alexandra Mariscal Acuña,F,9.0,87.7,3.1,3.7,Bajo,Ninguna,0
EST-4049,Silvestre Bilbao Amores,F,11.0,90.9,3.3,4.2,Bajo-Bajo,Robótica,0
EST-4050,Jose Carlos Dominguez,M,8.0,89.0,3.6,2.9,Bajo,Música,0
EST-4051,Urbano Carrera Barros,F,10.0,100.0,5.0,3.8,Bajo,Ninguna,1
EST-4052,Antonio Domingo Falcó,F,9.0,82.2,3.3,5.0,Bajo-Bajo,Música,0
EST-4053,Galo Perea-Mora,F,6.0,93.0,3.9,4.0,Bajo-Bajo,Ninguna,0
EST-4054,Amaro del Roda,F,7.0,80.0,5.0,3.9,Medio-Bajo,Robótica,0
EST-4055,Luisina Corona Gutiérrez Catalá,F,9.0,90.8,5.0,4.4,Medio-Bajo,Deportes,0
EST-4056,Vicenta Rosales-Crespi,M,11.0,92.5,4.7,3.0,Medio,Robótica,0
EST-4057,Norberto Carrión Marco,F,11.0,100.0,5.0,4.8,,Deportes,0
EST-4058,Che de Grande,M,7.0,97.0,4.6,2.9,Bajo-Bajo,Música,0
EST-4059,Sarita Salom Manuel,F,,90.8,2.0,3.3,Bajo-Bajo,Arte,1
EST-4060,Rosalinda Ferrández,O,7.0,100.0,5.0,3.0,Bajo,Ninguna,1
EST-4061,Nerea Lerma Armas,M,11.0,95.1,2.5,4.0,Medio-Bajo,Arte,1
EST-4062,Urbano Abella Jiménez,M,11.0,95.2,4.9,3.8,Bajo,Música,1
EST-4063,Ángela Menéndez Melero,F,10.0,89.0,1.4,3.9,Medio-Bajo,Deportes,0
EST-4064,Yolanda Arenas Pablo,M,8.0,90.0,2.9,3.0,Medio-Bajo,Arte,0
EST-4065,Nereida Hervia Colom,F,8.0,90.9,3.6,5.0,Medio-Alto,Música,0
EST-4066,Melania Gelabert Quirós,M,8.0,95.2,3.1,5.0,Bajo-Bajo,Deportes,0
EST-4067,Adrián Espejo-Serrano,M,7.0,95.4,3.6,4.0,Bajo-Bajo,Música,0
EST-4068,Régulo Escribano Echeverría,O,8.0,100.0,5.0,3.7,Bajo,Música,0
EST-4069,Che de Vargas,F,6.0,96.9,3.5,3.6,Bajo-Bajo,,1
EST-4070,Amílcar Beltran Guerrero,F,6.0,81.5,4.2,3.4,Medio,Ninguna,0
EST-4071,Lino Mauricio Solano Falcó,M,11.0,96.3,2.8,2.8,Bajo,Música,0
EST-4072,Jeremías Alarcón Aznar,F,10.0,87.7,3.3,2.9,Medio-Bajo,Arte,0
EST-4073,Encarnación de Pedraza,F,8.0,90.2,4.8,5.0,Bajo,Deportes,1
EST-4074,Sara Rosa María Burgos Alegre,F,8.0,90.9,3.2,4.5,Bajo,Deportes,1
EST-4075,Lorenza Escrivá Girón,F,8.0,91.7,2.4,5.0,Bajo-Bajo,Música,0
EST-4076,Cleto Piñol Montesinos,F,10.0,88.1,4.1,3.6,Bajo,,0
EST-4077,Malena Alemany Blanch,M,10.0,96.0,5.0,,Medio-Bajo,Ninguna,0
EST-4078,Sandalio Gutierrez Maldonado,M,10.0,87.9,3.8,3.3,Medio,,1
EST-4079,Olalla Moreno Marco,F,10.0,96.8,3.5,3.7,Medio-Bajo,Ninguna,0
EST-4080,Hernando del Cadenas,M,7.0,100.0,4.6,3.5,Bajo,Música,1
EST-4081,Alejandro Guardia Álamo,F,7.0,88.4,3.6,4.2,Bajo-Bajo,Deportes,0
EST-4082,Pepita del Quintanilla,M,8.0,93.6,4.3,4.0,Medio-Bajo,Ninguna,0
EST-4083,Lorena Quevedo,F,7.0,82.4,1.0,3.2,Bajo-Bajo,Ninguna,0
EST-4084,Candelas Maribel Herrero Amo,F,10.0,93.5,3.1,,Medio,,1
EST-4085,Gervasio Chico,M,7.0,98.2,3.4,5.0,Medio-Bajo,,1
EST-4086,Ana Sofía de Goicoechea,M,6.0,98.6,4.6,5.0,Bajo-Bajo,Robótica,1
EST-4087,Leonor Sanabria Cuevas,M,8.0,95.4,4.2,4.6,Bajo,Ninguna,0
EST-4088,Remigio Juanito Tudela Farré,F,11.0,99.4,4.8,5.0,Medio-Alto,Robótica,0
EST-4089,Juan Corral Sastre,F,7.0,100.0,4.7,5.0,Bajo,Arte,1
EST-4090,Juanito Raya Nogueira,M,9.0,100.0,2.4,5.0,Bajo,Robótica,0
EST-4091,Tecla Valderrama Sotelo,F,8.0,92.4,5.0,3.6,Bajo-Bajo,Deportes,1
EST-4092,Mateo Mosquera,M,6.0,87.7,5.0,4.3,Medio-Bajo,Música,0
EST-4093,Paloma Salcedo Alberto,M,8.0,93.0,2.9,4.8,Bajo-Bajo,Robótica,1
EST-4094,Toribio Ferrán-Vázquez,F,10.0,90.3,4.8,3.2,Medio-Bajo,Deportes,1
EST-4095,Abril Castejón-Roselló,M,8.0,97.3,3.3,3.9,Medio,Música,0
EST-4096,Elías Tejera Amat,M,11.0,89.1,3.7,4.8,Medio,Ninguna,0
EST-4097,Bibiana Olimpia Bejarano Olivares,M,7.0,94.6,5.0,2.2,Bajo-Bajo,Ninguna,0
EST-4098,Gonzalo Verdejo Marti,M,6.0,99.2,5.0,2.9,Medio-Bajo,Deportes,0
EST-4099,Aurelio Fabra Aller,M,11.0,94.5,4.9,4.0,Bajo-Bajo,Robótica,0
EST-4100,Rafaela Crespo Villena,M,8.0,90.3,4.4,4.6,Medio-Bajo,Robótica,0
EST-4101,Consuelo Batlle,F,9.0,100.0,3.6,2.6,Medio-Bajo,Ninguna,0
EST-4102,Gertrudis Mateo Garay,M,10.0,85.6,3.7,3.6,Medio-Bajo,Ninguna,0
EST-4103,León Morera-Cano,F,7.0,93.4,5.0,5.0,Medio-Bajo,Deportes,1
EST-4104,Concepción Mateos Lorenzo,M,10.0,94.8,3.9,,Medio-Bajo,Deportes,0
EST-4105,Encarnacion Catalán,M,6.0,95.1,3.3,5.0,Bajo,Música,1
EST-4106,Marcelo Falcó Barros,F,7.0,95.9,2.1,3.4,Medio-Bajo,Ninguna,0
EST-4107,Pedro Belmonte Roca,O,6.0,98.1,5.0,3.4,Bajo-Bajo,Arte,1
EST-4108,Hilario Falcón Bejarano,M,10.0,94.8,4.3,5.0,Bajo,Música,0
EST-4109,Marcia Jaén-Lucas,F,7.0,93.2,3.2,4.6,Bajo,Deportes,0
EST-4110,Calixta Navarrete Perales,F,10.0,93.0,5.0,2.8,Medio,Ninguna,0
EST-4111,Mariano Carrión Iglesias,F,11.0,91.9,3.9,,Bajo,Robótica,1
EST-4112,Reynaldo Mauricio Solís Barco,F,9.0,98.9,3.8,5.0,Medio-Bajo,Deportes,0
EST-4113,Lola Segura,M,9.0,91.8,,3.3,Medio-Bajo,,0
EST-4114,Luz Mármol,M,8.0,99.2,4.0,5.0,Medio-Bajo,Deportes,1
EST-4115,Carmela Gallart Blázquez,F,7.0,95.1,4.3,3.7,Medio-Bajo,Música,0
EST-4116,Jorge Laguna Andrés,M,8.0,92.4,5.0,4.0,Bajo,Ninguna,0
EST-4117,Ainara Bayón Guzman,F,9.0,98.1,2.6,4.5,Medio-Bajo,Deportes,0
EST-4118,Pedro Grau Pazos,M,11.0,91.4,4.6,1.9,Medio-Bajo,Ninguna,0
EST-4119,Vilma Amores Checa,M,11.0,98.2,4.2,2.7,Medio-Bajo,Deportes,0
EST-4120,Luisa Marin Jaén,F,11.0,96.1,4.2,4.3,Bajo-Bajo,Arte,0
EST-4121,Amaya Luque,M,11.0,92.0,5.0,3.5,Bajo,,0
EST-4122,Luisina Miriam Castejón Izaguirre,F,8.0,97.6,4.1,5.0,Medio,Deportes,0
EST-4123,Gervasio Correa Ferrer,F,9.0,97.7,4.6,,Bajo,Música,0
EST-4124,Maura de Casado,F,11.0,100.0,5.0,4.8,Bajo,Música,1
EST-4125,Guadalupe Iglesias,F,8.0,99.8,3.8,2.8,Bajo-Bajo,Deportes,1
EST-4126,Carmela Menéndez Tomé,F,11.0,97.5,4.4,3.6,Bajo-Bajo,Ninguna,0
EST-4127,Sergio Barranco Pedrero,F,8.0,89.4,3.6,2.6,Bajo,Ninguna,1
EST-4128,Miguel Ángel Ruperto Juan Busquets,F,9.0,100.0,4.2,5.0,Medio-Bajo,Música,1
EST-4129,Sara del Vigil,M,10.0,88.0,3.1,2.4,Medio,Ninguna,0
EST-4130,Juan Palau Yuste,M,11.0,99.7,5.0,4.1,Bajo,Arte,1
EST-4131,Mario Pelayo Leon,M,7.0,97.2,4.1,2.5,Bajo,Robótica,0
EST-4132,Yéssica Bilbao,M,10.0,89.1,4.4,5.0,Medio-Bajo,Ninguna,1
EST-4133,Renata Alcántara,F,9.0,94.4,4.0,4.6,Bajo,,0
EST-4134,Raquel Cabezas,F,7.0,94.6,,4.3,Medio,,0
EST-4135,Mohamed Rozas Carrillo,F,10.0,100.0,4.4,5.0,Bajo,Arte,1
EST-4136,Moisés Arcos Tomé,M,9.0,91.4,4.1,4.1,Bajo,Ninguna,0
EST-4137,Pili Infante,F,9.0,93.7,4.3,4.4,,Deportes,0
EST-4138,Petrona Montserrat Roura,M,7.0,83.3,2.8,4.0,Medio-Bajo,Música,0
EST-4139,Angelina Prada,F,8.0,100.0,3.0,4.8,Medio-Bajo,Música,1
EST-4140,Caridad Moraleda Real,F,9.0,89.6,4.6,3.4,Bajo,Deportes,1
EST-4141,Antonio Llorente,M,8.0,96.6,3.7,3.8,Bajo-Bajo,Ninguna,0
EST-4142,Victor Cobo Jerez,M,7.0,94.5,4.2,5.0,Medio,Música,0
EST-4143,Isaac Miralles Cornejo,M,11.0,94.5,3.7,4.5,Medio-Bajo,Robótica,0
EST-4144,Marcio Vidal-Cervantes,F,8.0,99.0,4.0,3.9,Bajo-Bajo,Ninguna,0
EST-4145,Adelia Piñeiro,F,10.0,100.0,3.9,2.6,Medio-Bajo,,1
EST-4146,Baldomero Quintanilla Álvaro,F,8.0,96.3,3.2,5.0,Medio-Bajo,Ninguna,1
EST-4147,Amelia Porras-Marquez,M,8.0,98.3,4.6,3.5,Bajo,Música,0
EST-4148,Cayetana Céspedes Sastre,M,8.0,96.6,3.7,5.0,Bajo-Bajo,Ninguna,1
EST-4149,Fito de Lucena,F,8.0,100.0,4.6,4.4,Medio-Bajo,Música,1
EST-4150,Asunción Quesada Fuentes,F,9.0,92.7,4.5,2.9,Bajo-Bajo,Música,0
EST-4151,Bernardo Gabaldón Urrutia,M,9.0,100.0,3.3,5.0,Medio-Bajo,Arte,0
EST-4152,Clementina Mariño Arco,M,8.0,100.0,2.6,4.5,Bajo-Bajo,Música,0
EST-4153,Olivia Carrasco Bustamante,F,6.0,100.0,5.0,5.0,Medio-Bajo,Arte,0
EST-4154,Custodia Torrijos Belda,M,8.0,91.7,3.8,3.8,Bajo-Bajo,Ninguna,1
EST-4155,Aarón Lucio Bernal Martí,M,6.0,94.2,,4.9,Bajo,,0
EST-4156,Lourdes del Moll,M,6.0,96.2,5.0,2.2,Bajo,Ninguna,1
EST-4157,Ascensión del Soler,F,11.0,88.1,4.4,3.4,Bajo-Bajo,Deportes,0
EST-4158,Nando Ropero,F,9.0,100.0,4.0,2.9,Bajo,Robótica,1
EST-4159,Modesta Ainoa Camino Leiva,O,9.0,94.9,3.9,3.8,Bajo,Música,0
EST-4160,Fabricio Moll-Pacheco,F,8.0,96.4,3.0,4.7,Medio-Alto,Robótica,0
EST-4161,Chucho Escudero,F,11.0,92.1,5.0,3.4,Medio-Bajo,Ninguna,0
EST-4162,Custodio Bayona-Ferreras,M,9.0,88.4,4.6,4.8,Medio-Bajo,Deportes,1
EST-4163,Candelas Escobar Salcedo,F,10.0,92.0,3.8,3.3,Bajo,Arte,1
EST-4164,Zaira Roca Sotelo,M,8.0,96.1,2.7,4.9,Bajo,Ninguna,0
EST-4165,Victoriano Zabala Cadenas,F,11.0,98.4,2.4,5.0,Bajo-Bajo,Arte,0
EST-4166,Josep Salmerón Aguado,M,10.0,95.8,5.0,5.0,Medio-Bajo,Ninguna,0
EST-4167,Esperanza Lago Rincón,M,11.0,96.7,4.5,3.9,Bajo,Deportes,1
EST-4168,Ciro Montenegro Calderon,M,6.0,93.3,4.3,2.1,Medio-Bajo,Arte,0
EST-4169,Yolanda Palma Tenorio,M,7.0,97.5,3.0,4.6,Bajo,Ninguna,0
EST-4170,Isidro Gil Oliver,M,7.0,100.0,2.2,4.1,Medio-Alto,Robótica,0
EST-4171,Ruperta Caballero Márquez,M,7.0,98.5,5.0,3.2,Bajo-Bajo,Robótica,0
EST-4172,Cebrián Bueno,O,11.0,99.0,4.1,3.6,Bajo-Bajo,Robótica,0
EST-4173,Ariel Mínguez Mendez,M,6.0,96.5,5.0,5.0,Medio-Bajo,Deportes,1
EST-4174,Águeda del Buendía,F,6.0,87.5,3.4,2.8,Medio,Música,1
EST-4175,Omar Zamorano Alcalá,F,7.0,89.8,3.6,4.4,Medio-Bajo,Arte,1
EST-4176,Paula Busquets Robledo,O,7.0,97.3,4.9,4.2,Bajo-Bajo,Ninguna,0
EST-4177,Concha Rosell Vargas,F,7.0,94.9,4.9,3.8,Medio-Bajo,Música,0
EST-4178,Óscar Garzón Artigas,F,10.0,97.2,5.0,4.8,Medio,Robótica,1
EST-4179,Adelia Céspedes Fuente,M,9.0,100.0,3.6,5.0,,Arte,0
EST-4180,Itziar de Cortina,M,6.0,98.6,4.7,3.7,Bajo-Bajo,Ninguna,0
EST-4181,Tomás Vall Lara,M,8.0,100.0,5.0,4.0,Medio-Bajo,Arte,0
EST-4182,Regina Rios Chaparro,F,8.0,,3.9,4.8,Medio,Robótica,0
EST-4183,Adrián Guardiola Garcés,F,6.0,91.0,3.4,5.0,Medio-Bajo,Música,0
EST-4184,Amando Saavedra-Pera,M,9.0,94.7,5.0,4.1,Medio-Alto,Robótica,1
EST-4185,Cristian Barragán,M,10.0,91.0,3.6,3.9,Bajo-Bajo,Deportes,1
EST-4186,Carmelita Armida Uribe Mariscal,F,10.0,100.0,4.8,2.0,Medio-Bajo,Música,0
EST-4187,Concha Paz Puig Cornejo,M,10.0,99.0,3.9,3.4,Medio-Bajo,Música,0
EST-4188,Nacio Gallo,F,6.0,97.6,1.8,3.1,,Música,0
EST-4189,Cornelio Espinosa Valdés,F,11.0,100.0,5.0,4.9,Medio-Bajo,Robótica,0
EST-4190,Florencio Alfaro Mayol,F,10.0,84.9,1.4,3.5,Medio,Ninguna,1
EST-4191,Lorenza Palmer Rovira,F,11.0,97.9,1.6,3.9,Bajo,Deportes,0
EST-4192,Leandra Vazquez Lluch,F,6.0,88.4,4.1,3.7,Bajo-Bajo,Ninguna,0
EST-4193,Álvaro Bueno Pedro,F,11.0,,4.6,3.3,Bajo,Deportes,0
EST-4194,Erasmo Mosquera,F,10.0,93.4,3.6,5.0,Medio-Bajo,Música,1
EST-4195,Bernardino Higueras Ferrer,F,10.0,98.3,4.2,5.0,Bajo,Robótica,0
EST-4196,Abril Salom Neira,M,6.0,96.1,1.5,5.0,Medio-Bajo,Música,0
EST-4197,Guadalupe Moll Sosa,M,10.0,100.0,4.8,4.9,Bajo,,0
EST-4198,Remigio Ordóñez Jáuregui,M,11.0,92.0,4.3,4.2,,Deportes,0
EST-4199,Lola del Canales,M,9.0,98.5,3.9,,Bajo,Deportes,0
EST-4200,Samu Tamayo Arenas,F,9.0,95.8,4.4,3.3,Medio-Bajo,,1
EST-4201,Macaria Figuerola-Amo,F,11.0,86.8,4.1,3.0,Bajo,Arte,0
EST-4202,María Fernanda Solano,M,8.0,90.4,4.0,3.6,Medio-Bajo,,0
EST-4203,Atilio del Figueras,M,9.0,94.3,,4.7,Bajo,Deportes,1
EST-4204,Wilfredo Robledo,O,8.0,100.0,5.0,3.2,Bajo-Bajo,Ninguna,0
EST-4205,Marcelo Segarra Arnaiz,M,11.0,97.3,5.0,3.8,Bajo-Bajo,,1
EST-4206,Rebeca Ferrando-Grau,M,6.0,89.2,2.4,2.3,Medio-Bajo,,1
EST-4207,Patricia Beltran Herrera,F,8.0,94.3,3.6,4.7,Bajo,Robótica,0
EST-4208,Manolo Badía Perea,F,9.0,100.0,4.1,2.7,Medio,Arte,1
EST-4209,Asunción Narváez Asensio,M,10.0,95.6,5.0,3.1,Medio-Bajo,Ninguna,0
EST-4210,Pánfilo Roda Ferrán,M,9.0,93.4,1.5,5.0,Bajo,Ninguna,0
EST-4211,Juan Luis Rivas Vilar,M,11.0,97.5,3.8,5.0,Bajo,Ninguna,1
EST-4212,María Manuela Grau Peñas,F,11.0,98.8,2.3,4.4,Bajo-Bajo,Ninguna,1
EST-4213,Agustín Gomila Tirado,F,6.0,92.7,3.7,4.5,Medio-Bajo,Música,0
EST-4214,Anastasio Moraleda Tejero,M,8.0,97.5,,,Medio-Bajo,Música,0
EST-4215,Leocadio Castejón Aragón,F,6.0,93.4,4.1,3.4,Medio-Bajo,Robótica,0
EST-4216,Gabriel Espada Sevilla,F,7.0,98.6,3.7,,Bajo-Bajo,Ninguna,1
EST-4217,Roldán Mármol Murillo,,9.0,95.8,3.5,2.5,Bajo,Ninguna,1
EST-4218,Felipe Garzón Iriarte,F,11.0,97.4,4.7,4.3,Bajo-Bajo,,0
EST-4219,Flavia de Pino,F,11.0,91.2,4.5,4.2,Bajo,Deportes,0
EST-4220,Rosalina Luís Miralles,M,6.0,90.9,5.0,3.3,,,1
EST-4221,Mercedes de Mayo,M,6.0,99.7,3.8,5.0,Medio,Deportes,0
EST-4222,Rebeca Estévez Quintana,F,9.0,94.6,3.3,4.8,Medio-Bajo,Arte,0
EST-4223,Albina Gomila-Tapia,F,9.0,96.4,3.9,4.9,Medio-Bajo,Deportes,0
EST-4224,Jesús Gálvez,F,7.0,93.5,,3.7,Bajo,Robótica,0
EST-4225,Jorge Marcos Larrea,F,11.0,99.5,1.9,4.2,Bajo-Bajo,Robótica,1
EST-4226,Jovita Tatiana Pujol Fonseca,F,11.0,92.0,,4.8,Bajo,Arte,1
EST-4227,Eliseo Galan,M,8.0,94.3,4.4,,Bajo,Música,0
EST-4228,Marisela Campillo Caro,F,11.0,98.9,4.5,5.0,Medio-Bajo,Ninguna,1
EST-4229,Lucas Lucho Cobos Guillen,M,8.0,100.0,3.8,4.0,Bajo,Música,0
EST-4230,Haydée Solé,M,10.0,92.4,1.9,3.7,Medio-Bajo,Arte,1
EST-4231,Yéssica Belda Artigas,F,8.0,100.0,3.5,4.8,Medio-Alto,Deportes,0
EST-4232,Manuelita Luque,F,6.0,96.6,5.0,2.7,Bajo,Ninguna,1
EST-4233,Almudena Aguiló-Baena,M,11.0,89.8,3.5,,Medio-Bajo,Arte,0
EST-4234,Joan Albero Gálvez,F,8.0,96.8,3.6,2.9,Medio-Bajo,Arte,0
EST-4235,Judith Villegas Bermejo,M,10.0,93.1,4.4,4.6,Bajo-Bajo,Ninguna,1
EST-4236,Nicolasa Paz,M,8.0,97.2,4.4,3.6,Medio,Deportes,0
EST-4237,Lucía Grau-Hernando,M,6.0,94.8,5.0,4.7,Bajo-Bajo,Deportes,1
EST-4238,Trinidad Blas Canales Guerrero,F,6.0,95.4,3.7,4.9,Medio-Bajo,Ninguna,0
EST-4239,Guadalupe Consuelo Juliá Jurado,F,8.0,90.4,4.5,4.4,Bajo,Música,0
EST-4240,Inés Villa Aragón,M,9.0,100.0,5.0,3.0,Bajo,Robótica,1
EST-4241,Anastasio Corral Acevedo,F,7.0,89.2,4.7,3.0,Bajo,Música,0
EST-4242,Elena Barberá Carbajo,M,10.0,89.5,,3.2,Medio-Bajo,Arte,0
EST-4243,Perla Frías Marín,F,10.0,96.8,3.2,2.3,Bajo-Bajo,Robótica,0
EST-4244,Melisa Calderón Delgado,M,10.0,100.0,5.0,5.0,Bajo-Bajo,Robótica,0
EST-4245,Valero Barón Carlos,M,8.0,93.2,3.1,4.3,Bajo,Arte,0
EST-4246,Ceferino Riquelme Gutierrez,F,11.0,98.5,4.4,3.1,Bajo-Bajo,Arte,0
EST-4247,Mario Mario Batlle Anglada,M,8.0,100.0,4.9,5.0,Medio-Bajo,,0
EST-4248,Asdrubal Ibáñez Hervia,M,8.0,99.1,3.4,3.5,Medio-Bajo,Arte,0
EST-4249,Claudio Llobet Garcés,F,7.0,93.4,4.5,4.3,Medio-Bajo,Ninguna,1
EST-4250,Cruz Antón Merino,O,7.0,89.5,4.6,3.1,Medio-Bajo,Robótica,0
EST-4251,Jorge Julián Amigó,M,6.0,84.0,2.6,1.9,Medio,Deportes,0
EST-4252,Nerea Estrada Cazorla,M,9.0,93.7,5.0,2.8,Medio-Bajo,Deportes,0
EST-4253,Cristian Adán Valle Barrena,M,7.0,100.0,2.3,,Medio,Deportes,0
EST-4254,Candela Porta,F,7.0,89.4,5.0,4.6,Bajo-Bajo,Ninguna,0
EST-4255,Fausto Carrera,M,10.0,98.5,5.0,4.3,Bajo,Ninguna,0
EST-4256,Francisca Nevado Diego,,7.0,90.2,4.3,,Medio-Alto,Arte,1
EST-4257,Julia Zoraida Gallardo Conde,O,7.0,95.5,3.9,2.0,Medio-Bajo,Ninguna,1
EST-4258,Isaías de Gelabert,M,6.0,98.5,3.4,5.0,Medio,Ninguna,0
EST-4259,Edelmiro Dávila Aguilera,M,10.0,91.7,3.8,4.4,Bajo-Bajo,Deportes,0
EST-4260,Leandra Vicens Acedo,M,6.0,95.9,3.9,4.1,Medio-Bajo,Música,0
EST-4261,Iris Miriam Ruiz Quiroga,M,8.0,92.9,5.0,5.0,Medio-Bajo,Robótica,0
EST-4262,María Fernanda Varela Amigó,,8.0,98.5,5.0,,Bajo-Bajo,Ninguna,1
EST-4263,Alicia Nieves Cal Caballero,M,9.0,96.2,4.6,5.0,Bajo-Bajo,Deportes,1
EST-4264,Francisca Dueñas Esteban,M,9.0,95.3,3.0,4.0,,Arte,0
EST-4265,Marino Valero Bravo,F,10.0,100.0,3.7,3.0,Medio,Ninguna,1
EST-4266,María Chacón Valle,M,6.0,98.3,4.2,,Medio-Bajo,Música,1
EST-4267,Gloria Morera Manrique,F,7.0,91.5,2.8,2.6,Medio,Ninguna,0
EST-4268,Edu Planas Heredia,M,7.0,94.6,2.6,5.0,Bajo,Deportes,0
EST-4269,Julián Bárcena Leal,F,6.0,94.6,5.0,4.2,Medio,Robótica,1
EST-4270,Teo Tovar,,7.0,95.4,4.4,3.1,Bajo,Deportes,0
EST-4271,Paola Cañas-Romeu,F,7.0,100.0,3.4,3.0,Bajo-Bajo,Música,1
EST-4272,Aura Carretero-Ocaña,O,9.0,96.9,5.0,2.9,Bajo-Bajo,Música,0
EST-4273,Gilberto Badía,M,9.0,84.8,2.1,4.0,Medio-Alto,Deportes,0
EST-4274,Domingo Lobo Lara,M,8.0,92.3,2.7,4.2,Bajo,Robótica,0
EST-4275,Quirino Cózar,F,10.0,85.3,2.5,2.7,Bajo-Bajo,Deportes,0
EST-4276,Andrea María Carmen Batlle Ferrer,F,7.0,93.4,5.0,3.8,Bajo-Bajo,Robótica,0
EST-4277,Hortensia Miguel Pavón,M,7.0,85.1,3.6,2.3,Bajo,Ninguna,1
EST-4278,Guadalupe Arregui Baena,M,9.0,90.6,1.9,4.8,Medio,Robótica,1
EST-4279,María Carmen Palomar Navarrete,M,6.0,87.4,5.0,3.8,Bajo,Robótica,1
EST-4280,Loreto Fuertes Piñeiro,M,6.0,96.9,3.6,3.8,Medio-Bajo,Robótica,0
EST-4281,Camila Noguera-Palomino,M,8.0,95.0,1.8,2.9,Medio,Deportes,0
EST-4282,Camila Marco Rozas,F,11.0,96.5,3.6,3.9,Bajo,Música,0
EST-4283,Paula Villalonga Rebollo,M,10.0,94.5,4.6,3.8,Medio-Bajo,Deportes,0
EST-4284,Jose Bustamante Ferrán,M,6.0,88.0,4.0,4.2,Bajo,Música,0
EST-4285,Griselda Estela Mínguez Rozas,F,11.0,97.6,5.0,4.2,Medio,,0
EST-4286,Néstor del Amor,F,10.0,100.0,3.0,4.8,Bajo-Bajo,Ninguna,0
EST-4287,Amada Novoa Pujol,F,9.0,97.0,4.1,3.7,Medio-Bajo,Deportes,0
EST-4288,Luna Arrieta Valentín,F,10.0,92.9,3.2,2.1,Medio-Bajo,Ninguna,0
EST-4289,Abilio Carbonell Pablo,M,8.0,87.9,1.6,4.7,Bajo-Bajo,Ninguna,0
EST-4290,Adelaida de Feijoo,F,7.0,90.5,5.0,3.1,Bajo,Ninguna,1
EST-4291,Hugo Quevedo-Querol,F,8.0,97.3,5.0,3.1,Bajo,Robótica,1
EST-4292,Eusebia de Díez,M,9.0,100.0,4.3,4.2,Bajo-Bajo,Música,0
EST-4293,Adrián Cuadrado Lluch,F,9.0,96.3,4.9,4.3,Medio-Bajo,,1
EST-4294,Faustino Campos Buendía,F,9.0,99.0,3.2,3.7,Medio-Alto,Música,0
EST-4295,Leandro Fábregas Torralba,M,11.0,98.5,2.8,3.7,Medio-Bajo,Robótica,0
EST-4296,Francisco Javier Atilio Bermudez Reig,M,11.0,97.5,4.0,3.8,Medio-Bajo,Deportes,0
EST-4297,Chuy Alonso Mayo,M,11.0,91.7,5.0,5.0,Bajo-Bajo,Deportes,1
EST-4298,Emelina Arévalo Bellido,M,10.0,,5.0,4.2,Bajo-Bajo,Música,0
EST-4299,Itziar Colom Barros,M,11.0,90.8,5.0,,Bajo,Robótica,0
EST-4300,Roberta Piquer Arranz,F,6.0,95.1,4.0,3.0,Medio-Alto,Ninguna,0
EST-4301,Gil Coll,M,7.0,96.7,4.3,3.9,Medio,Deportes,0
EST-4302,Ainara Saavedra Acosta,F,8.0,100.0,4.0,4.4,Bajo,Robótica,0
EST-4303,Luis Miguel Juan Bautista Ortuño Cadenas,F,11.0,88.5,2.7,4.4,Medio-Bajo,Robótica,1
EST-4304,Natividad Álvaro Rius,F,8.0,97.4,4.4,4.3,Medio-Bajo,Arte,1
EST-4305,Carmen Casanova-Tapia,F,10.0,100.0,2.8,3.4,Medio-Bajo,Arte,1
EST-4306,Ovidio Norberto Guijarro Aguilera,M,6.0,98.8,4.3,3.8,Medio-Bajo,Deportes,1
EST-4307,Palmira Gallart,M,7.0,99.2,5.0,4.9,Medio-Bajo,Arte,0
EST-4308,Daniela Cordero-Verdejo,F,10.0,97.9,5.0,3.1,Bajo-Bajo,Deportes,0
EST-4309,Alejandro Conesa Casal,F,6.0,100.0,2.9,3.7,Medio,Deportes,0
EST-4310,Apolonia Palmer Río,F,8.0,89.6,3.4,4.3,Bajo-Bajo,Ninguna,0
EST-4311,Roldán Heras,M,7.0,88.1,2.5,4.8,Bajo,Arte,0
EST-4312,Leticia Azorin Mercader,F,7.0,95.0,4.3,4.0,Medio,Deportes,1
EST-4313,Luciana Verdugo-Lluch,M,10.0,84.2,4.7,3.3,Bajo,Ninguna,0
EST-4314,Lucho Juliá Zaragoza,F,8.0,100.0,5.0,2.9,Bajo-Bajo,,1
EST-4315,Maricela Ámbar Colom Espada,,9.0,100.0,5.0,4.5,Bajo,Ninguna,0
EST-4316,Estefanía Constanza Córdoba Beltrán,M,6.0,92.8,5.0,5.0,Medio-Bajo,,0
EST-4317,Nadia Vilanova-Nicolau,F,10.0,93.1,4.2,5.0,Bajo-Bajo,Música,0
EST-4318,Miguel Benito Ávila,M,8.0,94.6,4.8,4.4,Bajo,Ninguna,0
EST-4319,Ramón Chamorro Montalbán,M,9.0,95.3,3.8,3.9,Bajo,Ninguna,0
EST-4320,Rico de Téllez,F,10.0,95.6,2.6,3.3,Medio-Bajo,Arte,0
EST-4321,Natalio Lozano Galan,F,7.0,97.8,5.0,2.3,Bajo-Bajo,Música,0
EST-4322,Fidel Andreu Alcalá,F,11.0,,5.0,4.4,Medio-Bajo,Robótica,0
EST-4323,Petrona Manzanares,F,9.0,99.7,4.1,5.0,Bajo,Robótica,1
EST-4324,Adriana Miguel Pedraza,F,8.0,97.2,4.3,5.0,Medio-Bajo,Ninguna,0
EST-4325,Ángel Ramón,F,6.0,92.0,5.0,5.0,Bajo,Ninguna,1
EST-4326,Paola Martinez Calzada,O,11.0,100.0,5.0,4.4,Medio-Bajo,Música,0
EST-4327,Abraham Serna Villa,M,10.0,88.2,1.7,4.3,Medio-Bajo,Música,0
EST-4328,Febe Farré Rocamora,O,7.0,94.5,4.7,1.8,Bajo-Bajo,Robótica,1
EST-4329,Irma Cuenca Ortega,M,7.0,99.8,4.2,5.0,Medio-Bajo,Música,1
EST-4330,Hernando Jaén Castejón,F,10.0,91.4,5.0,3.4,Medio-Bajo,Ninguna,1
EST-4331,Íñigo Escalona Oliveras,M,10.0,96.5,5.0,3.5,Bajo-Bajo,Arte,0
EST-4332,Dimas Robles Barberá,M,10.0,97.7,5.0,3.7,Medio-Bajo,Ninguna,0
EST-4333,Curro Alarcón-Vera,M,8.0,90.7,2.7,3.6,Medio-Bajo,Ninguna,0
EST-4334,Belen Collado Roldan,F,10.0,94.6,3.1,3.3,Bajo-Bajo,Ninguna,0
EST-4335,Anastasio Bastida Guerrero,M,8.0,94.2,5.0,4.0,Bajo,Ninguna,1
EST-4336,Aurelia Alcántara Gutierrez,M,7.0,92.2,3.3,3.4,Medio,Ninguna,0
EST-4337,Nico Pizarro,F,9.0,100.0,2.2,,Medio-Bajo,Robótica,0
EST-4338,Desiderio Ibarra Guardiola,F,11.0,91.2,4.6,2.7,Medio,Deportes,0
EST-4339,León Salmerón-Nogueira,M,7.0,100.0,3.7,3.8,Medio-Bajo,Ninguna,1
EST-4340,Lina Marta Galiano Coca,M,8.0,93.0,5.0,3.1,Bajo-Bajo,Robótica,0
EST-4341,Noemí Ocaña Bernat,M,9.0,89.6,4.3,3.3,Bajo-Bajo,Arte,1
EST-4342,Tiburcio Barceló Pedraza,M,9.0,95.5,4.2,4.1,Medio-Bajo,Ninguna,0
EST-4343,Germán Barrera Cantero,F,11.0,98.2,4.0,2.6,Medio-Bajo,Deportes,1
EST-4344,Custodia Neira Ferrándiz,F,10.0,99.6,5.0,3.2,Bajo-Bajo,Ninguna,0
EST-4345,Patricio Bayo Cerdán,F,6.0,100.0,4.8,4.6,Medio-Bajo,Ninguna,1
EST-4346,Francisca Barberá,M,11.0,100.0,3.5,2.8,,,0
EST-4347,Alberto Prada Rubio,F,10.0,96.3,3.4,5.0,Medio-Bajo,,1
EST-4348,Rosario Armas Medina,F,11.0,91.7,3.9,5.0,Bajo,Arte,0
EST-4349,Jose Manuel Plana,F,9.0,97.3,2.8,3.5,Bajo,Ninguna,0
EST-4350,Lupe Agullo Bru,F,11.0,93.7,,3.4,Medio,Música,0
EST-4351,Ale Rocamora Díaz,F,6.0,99.6,2.2,4.4,Medio,Música,1
EST-4352,Javier Galiano-Calderón,F,7.0,88.5,3.3,2.3,Bajo,Ninguna,0
EST-4353,Amelia Bárcena Martorell,,11.0,100.0,4.7,2.2,Medio-Bajo,Deportes,0
EST-4354,Narcisa del Serra,O,7.0,99.3,4.4,3.7,Bajo-Bajo,Robótica,0
EST-4355,Julián Carnero,F,6.0,86.6,2.6,3.8,Bajo-Bajo,Deportes,0
EST-4356,Paola Moll Toledo,F,10.0,91.5,4.8,4.3,Bajo-Bajo,,0
EST-4357,Eugenio Olmo Arco,M,10.0,99.1,2.9,3.6,Bajo-Bajo,Robótica,0
EST-4358,Luis Ángel del Márquez,F,6.0,100.0,4.0,5.0,Medio-Bajo,Robótica,0
EST-4359,Noelia Prat Lopez,F,11.0,88.6,4.3,2.2,Medio-Bajo,Ninguna,0
EST-4360,Visitación Castelló-Borja,M,9.0,98.6,4.6,2.9,Bajo,,0
EST-4361,Florentino Hidalgo Tenorio,M,9.0,85.3,2.7,4.2,Medio-Bajo,Ninguna,0
EST-4362,Ezequiel del Palma,F,10.0,94.6,5.0,3.0,Medio-Bajo,Arte,0
EST-4363,Felicidad Peiró Osorio,F,8.0,100.0,4.1,3.0,Bajo-Bajo,Robótica,0
EST-4364,Cayetana Lillo-Español,F,7.0,92.2,4.9,4.1,Medio-Bajo,Ninguna,0
EST-4365,Francisca Pedraza Díaz,M,7.0,87.5,5.0,2.6,Medio-Bajo,Ninguna,1
EST-4366,Adelina Fernandez-Garay,F,8.0,95.7,5.0,3.9,Medio-Bajo,Ninguna,0
EST-4367,Serafina Robledo Asensio,M,9.0,92.0,5.0,,Medio-Bajo,Ninguna,1
EST-4368,Seve Yago Angulo Expósito,M,10.0,98.1,4.2,3.3,Bajo-Bajo,,0
EST-4369,María Fernanda Santiago Ochoa,M,10.0,90.6,5.0,1.9,Bajo,Ninguna,1
EST-4370,Elba Requena Fiol,M,9.0,91.1,4.3,4.1,Medio-Bajo,Ninguna,0
EST-4371,Elodia Pazos Ledesma,M,10.0,84.9,2.0,2.7,Medio,Música,0
EST-4372,Nilda Suárez Vigil,M,7.0,95.8,4.4,4.0,Bajo,Arte,0
EST-4373,Socorro Carlota Villalba Blasco,M,6.0,94.2,4.7,3.7,,Robótica,1
EST-4374,Ágata Salcedo Alberto,M,11.0,89.1,4.2,3.7,Medio-Bajo,Deportes,0
EST-4375,Carolina Gámez Castro,F,6.0,96.0,3.8,3.9,Bajo,Ninguna,0
EST-4376,Evita Salamanca Cabrero,F,7.0,100.0,3.1,4.4,Bajo,Deportes,0
EST-4377,Rodolfo Garrido Calleja,,10.0,93.9,5.0,3.3,Bajo,Ninguna,1
EST-4378,Ildefonso Benito Montalbán Hoyos,F,8.0,96.3,2.8,5.0,Bajo,Deportes,1
EST-4379,Modesta Sandoval-Atienza,M,11.0,96.4,5.0,2.4,Bajo,Deportes,0
EST-4380,Lara Roura Tapia,F,7.0,89.0,3.6,,Medio-Bajo,Deportes,1
EST-4381,Fausto Sosa,M,6.0,100.0,4.3,5.0,Bajo-Bajo,Deportes,0
EST-4382,Ricarda de Avilés,M,7.0,,5.0,4.7,Medio,Música,1
EST-4383,Leocadia Sureda Cordero,F,9.0,98.3,4.7,3.0,Medio,Ninguna,0
EST-4384,Fabio Valverde Daza,F,8.0,98.8,2.3,3.4,Medio,Música,0
EST-4385,José Antonio Oller-Cortés,F,9.0,94.3,5.0,3.2,Medio,Robótica,0
EST-4386,Jesusa Cabeza,F,11.0,98.0,4.8,4.6,Medio-Bajo,Ninguna,1
EST-4387,Lino Salvà Salazar,O,11.0,96.2,3.6,3.5,Bajo,Robótica,1
EST-4388,Asunción Delgado Tudela,M,7.0,87.9,3.0,4.2,Bajo-Bajo,Música,1
EST-4389,Donato de Ródenas,M,8.0,93.3,3.6,4.3,Bajo-Bajo,Ninguna,0
EST-4390,Camila Fabregat Corominas,M,9.0,91.9,2.4,5.0,Bajo,,0
EST-4391,Ildefonso Madrid Llobet,M,11.0,92.7,5.0,4.5,Bajo,Música,0
EST-4392,Benigno del Mercader,F,11.0,88.5,5.0,2.9,Medio-Alto,,1
EST-4393,Aroa Otero Cruz,F,7.0,100.0,4.9,2.7,Bajo,Robótica,1
EST-4394,María Del Carmen Alemán Bautista,M,10.0,100.0,3.7,3.9,Bajo,Arte,0
EST-4395,Eduardo Olivé,F,8.0,99.9,3.8,4.1,Medio-Bajo,Deportes,0
EST-4396,Onofre Solano Rubio,F,6.0,100.0,5.0,2.0,Bajo-Bajo,Robótica,1
EST-4397,Modesto Múgica Jara,M,6.0,93.3,5.0,3.5,Medio,Robótica,0
EST-4398,Toni Ceferino Sanmiguel Zabaleta,M,8.0,91.8,3.3,4.3,Bajo,Ninguna,0
EST-4399,Gastón Jurado Nuñez,M,8.0,91.1,2.7,3.5,Bajo,Ninguna,0
EST-4400,Lucía Colomer-Tena,M,6.0,98.2,5.0,5.0,Medio,Ninguna,0
EST-4401,Regina Conesa,M,9.0,96.1,2.3,2.6,Medio-Bajo,Arte,1
EST-4402,Natalio Contreras Soriano,F,7.0,94.6,3.2,4.9,Bajo,Arte,1
EST-4403,Diego Manjón Criado,M,9.0,100.0,3.7,5.0,Medio-Bajo,,0
EST-4404,Desiderio Casado,M,7.0,97.0,2.1,5.0,Medio-Bajo,,0
EST-4405,Laura Navarro Serna,O,6.0,90.8,5.0,2.4,Bajo-Bajo,Ninguna,0
EST-4406,Felicidad Dominguez Rosa,F,8.0,91.6,5.0,4.5,Medio-Bajo,Música,1
EST-4407,Pascual Mendez Chaves,F,7.0,98.4,3.3,3.5,Medio,Música,0
EST-4408,Francisco Bravo-Barragán,M,9.0,100.0,5.0,2.8,Medio-Bajo,Robótica,0
EST-4409,Ligia Torre Urrutia,M,7.0,97.8,5.0,3.8,Medio-Bajo,Música,1
EST-4410,Gervasio Varela Carrión,F,8.0,100.0,4.3,3.3,Medio-Bajo,Deportes,1
EST-4411,Ofelia Clavero Aroca,M,6.0,100.0,,5.0,Bajo,,1
EST-4412,Juan Francisco Uribe,M,9.0,97.2,5.0,4.7,Medio-Alto,Música,1
EST-4413,Severiano Sacristán Fábregas,F,10.0,90.8,4.9,3.0,Medio-Bajo,Deportes,0
EST-4414,Samu Rivera Viña,F,6.0,88.5,4.2,3.0,Bajo,Ninguna,1
EST-4415,Custodia Téllez-Herranz,M,8.0,93.1,5.0,3.8,Medio-Bajo,Música,0
EST-4416,Victor de Madrigal,F,6.0,98.8,4.4,3.9,Bajo,Ninguna,0
EST-4417,Marciano Aguiló Corbacho,M,9.0,100.0,3.4,5.0,Bajo-Bajo,Ninguna,0
EST-4418,Malena Tomas Valera,M,7.0,,4.1,4.7,Medio-Bajo,Ninguna,0
EST-4419,Carmen Franco Bermúdez,M,9.0,100.0,5.0,4.1,Medio-Bajo,Ninguna,0
EST-4420,Alicia Juárez Reina,M,8.0,93.8,2.0,3.9,Medio-Bajo,Arte,1
EST-4421,Cándido Mancebo,M,11.0,98.1,3.7,,Bajo-Bajo,Robótica,0
EST-4422,Blas Muñoz-Pol,O,9.0,99.1,5.0,5.0,Medio-Bajo,Arte,1
EST-4423,Evangelina Francisco Sanmiguel,F,9.0,85.1,2.9,3.3,Medio-Bajo,Ninguna,0
EST-4424,Nydia Llamas Gabaldón,F,8.0,92.9,5.0,5.0,Medio-Alto,Ninguna,0
EST-4425,Danilo Vergara Sala,M,11.0,99.7,5.0,4.4,Medio,Música,0
EST-4426,Clímaco Ávila,M,10.0,96.4,4.3,5.0,Medio-Bajo,Robótica,1
EST-4427,Isaac Herrero Aragón,M,7.0,89.0,2.8,4.5,Bajo,Música,0
EST-4428,Encarnita Mur Paredes,M,11.0,82.8,3.6,2.5,Medio-Bajo,Robótica,1
EST-4429,Apolinar Batalla Tena,M,8.0,93.2,5.0,3.6,Bajo-Bajo,Deportes,1
EST-4430,Hilario Iker Español Carrión,F,10.0,94.6,5.0,4.0,Bajo-Bajo,Robótica,1
EST-4431,Geraldo Suárez-Herrera,F,10.0,90.6,4.2,3.3,Bajo-Bajo,Música,0
EST-4432,Ildefonso Taboada-Salom,F,6.0,95.7,3.3,3.8,Medio-Bajo,,0
EST-4433,Miriam Lamas Araujo,,10.0,97.5,4.5,2.8,Bajo-Bajo,Deportes,1
EST-4434,Vicente Giner Menéndez,F,7.0,98.4,4.3,4.2,Bajo-Bajo,Música,0
EST-4435,Eladio Calatayud-Morell,M,7.0,83.2,2.0,4.1,Bajo,Robótica,0
EST-4436,Claudio Mora-Ferrer,M,7.0,88.4,3.6,2.7,Medio-Bajo,Ninguna,0
EST-4437,Salvador de Lucas,M,10.0,93.5,5.0,5.0,Medio,Música,1
EST-4438,Maura Piquer Elorza,F,7.0,97.9,1.8,4.3,Bajo,Arte,0
EST-4439,Camilo Zapata,O,6.0,97.4,5.0,3.2,Medio-Bajo,Ninguna,0
EST-4440,Ramón Marcos Tejero Galán,M,10.0,97.4,5.0,2.6,Bajo-Bajo,Deportes,0
EST-4441,Hector Llorens Barberá,F,6.0,93.1,3.7,4.3,Bajo,Música,1
EST-4442,Carlito Alfonso Mesa,F,6.0,93.4,5.0,3.9,Bajo-Bajo,Música,0
EST-4443,Artemio Barros Bermudez,M,7.0,91.4,3.2,5.0,Bajo,Arte,0
EST-4444,Leticia del Palomino,M,8.0,98.8,4.5,4.1,Medio-Bajo,Música,0
EST-4445,Juan Antonio Xavier Teruel Núñez,M,8.0,90.4,3.6,3.0,Bajo,Deportes,0
EST-4446,Casandra Galan Murillo,O,6.0,99.3,3.6,5.0,Medio-Bajo,Música,0
EST-4447,Cebrián Tiburcio Llabrés Uribe,M,11.0,96.0,3.3,4.4,Medio,Ninguna,0
EST-4448,Rodrigo Asenjo Cuéllar,F,10.0,94.8,4.8,3.9,Bajo-Bajo,Música,0
EST-4449,María Del Carmen Viana Campoy,M,7.0,91.7,5.0,4.4,Bajo-Bajo,Arte,0
EST-4450,Baudelio Andres Palomares,F,7.0,88.2,3.4,4.4,Medio-Bajo,Deportes,0
EST-4451,Gisela Albina Prado Sanabria,M,8.0,91.8,2.8,2.6,Bajo-Bajo,Ninguna,1
EST-4452,Esmeralda del Calderón,F,9.0,93.3,4.5,4.4,Bajo,Robótica,0
EST-4453,Mamen del Soria,F,6.0,83.2,4.0,3.4,Bajo,Música,0
EST-4454,Bernabé Sarmiento Vaquero,F,6.0,94.0,3.7,4.7,Medio,,0
EST-4455,Maura Pareja Muñoz,F,11.0,99.6,5.0,3.3,Medio-Bajo,Ninguna,0
EST-4456,Haydée Galán Roda,M,7.0,97.8,2.5,3.4,Bajo-Bajo,Ninguna,1
EST-4457,Araceli Ortuño Olmedo,F,8.0,92.5,1.9,5.0,Bajo-Bajo,Deportes,1
EST-4458,Amalia Tere Valenzuela Ariza,M,11.0,95.2,3.1,5.0,Bajo-Bajo,Deportes,0
EST-4459,Osvaldo Giralt Diéguez,M,9.0,92.2,,1.5,Bajo,Deportes,1
EST-4460,Magdalena Corral,F,7.0,95.7,3.1,5.0,Bajo,Arte,1
EST-4461,Dafne Huguet Peral,M,9.0,100.0,2.8,4.1,Medio-Bajo,Robótica,0
EST-4462,Olegario Javi Bonilla Porta,F,6.0,99.8,5.0,3.5,Bajo,Deportes,0
EST-4463,Julia Pedrosa Rosell,O,10.0,97.6,4.6,3.2,Bajo,Música,0
EST-4464,Leonel Frías,M,8.0,92.5,4.9,3.3,Bajo,Arte,1
EST-4465,Patricio Benítez-Llorente,F,10.0,98.7,4.9,3.3,Bajo-Bajo,,0
EST-4466,Xiomara Vicenta Plana Aroca,M,11.0,86.6,3.0,2.6,Medio,Ninguna,0
EST-4467,Leire Puente-Ledesma,M,11.0,93.7,3.9,2.8,Bajo-Bajo,Deportes,1
EST-4468,Genoveva Osuna Montaña,M,11.0,97.9,5.0,3.2,Bajo,,0
EST-4469,Wilfredo Soriano Aramburu,F,8.0,98.7,2.4,4.5,Bajo-Bajo,Deportes,0
EST-4470,María Armas Marquez,F,8.0,98.3,1.5,4.3,Bajo,Deportes,0
EST-4471,Carmen Raya Escamilla,F,8.0,96.5,3.5,4.8,Medio,,0
EST-4472,Zoraida Jove Cordero,O,9.0,94.0,5.0,4.1,Bajo-Bajo,Deportes,0
EST-4473,Salomón Madrid Sastre,M,11.0,97.7,4.3,2.9,Bajo,Deportes,0
EST-4474,Blanca Vigil Luque,M,7.0,90.2,5.0,4.7,Bajo-Bajo,Deportes,0
EST-4475,Débora Pedrero Morera,F,11.0,90.8,,3.2,Medio-Bajo,,1
EST-4476,Alberto Naranjo,F,10.0,95.3,4.4,4.6,Medio-Bajo,Ninguna,0
EST-4477,Fulgencio del Arnal,M,11.0,95.9,4.8,3.0,Medio-Bajo,Música,0
EST-4478,Salomé Rubio Fernandez,M,11.0,85.9,1.9,3.2,Bajo,,0
EST-4479,Martín Orozco Perales,F,7.0,97.3,5.0,3.8,Medio,Arte,1
EST-4480,Regina Adelaida Lobato Valenciano,F,6.0,98.9,4.3,4.9,Bajo,Música,1
EST-4481,Camila Frutos Escobar,M,6.0,94.6,5.0,4.4,Bajo,Música,0
EST-4482,Manolo Arcos,M,7.0,100.0,1.5,4.2,Medio-Bajo,Arte,0
EST-4483,Tito Alberola Verdugo,F,9.0,91.6,5.0,5.0,Bajo,Ninguna,1
EST-4484,Albano Cuevas-Salinas,F,10.0,93.2,3.5,2.2,Bajo-Bajo,Ninguna,0
EST-4485,Jose Ramón Alarcón Nuñez,M,11.0,93.0,2.1,3.2,Bajo,Música,0
EST-4486,Gervasio Torrent Mata,F,9.0,94.6,3.4,3.1,Bajo-Bajo,,0
EST-4487,Guadalupe Aller Chico,M,6.0,93.4,4.7,2.4,Bajo,Robótica,1
EST-4488,Estrella Catalán Agustín,M,6.0,,5.0,3.2,Medio-Bajo,Deportes,1
EST-4489,Pía Montaña,F,6.0,92.3,5.0,,Bajo-Bajo,,0
EST-4490,Eligia del Collado,F,8.0,94.5,5.0,3.4,Medio-Bajo,,0
EST-4491,Haroldo Pujadas Miró,M,8.0,100.0,3.2,3.9,Medio,Robótica,1
EST-4492,Lupe Alsina Abril,F,6.0,100.0,5.0,2.3,Bajo,Ninguna,0
EST-4493,Samanta Antón,F,7.0,100.0,4.5,3.4,Bajo,Música,0
EST-4494,Urbano Villalonga Águila,F,6.0,91.1,3.2,3.5,Medio,,0
EST-4495,Maristela Jáuregui Gonzalez,F,9.0,91.5,3.7,4.8,Medio-Bajo,Deportes,0
EST-4496,Saturnino Izaguirre Escudero,F,8.0,94.2,3.5,2.5,Bajo-Bajo,Música,1
EST-4497,Inés de Domingo,F,8.0,100.0,4.0,3.5,Bajo,Ninguna,0
EST-4498,Gala Isabela Bilbao Casal,M,8.0,94.2,3.1,5.0,Medio-Bajo,Robótica,0
EST-4499,Mercedes Vélez Goicoechea,M,11.0,88.4,2.3,3.5,Medio-Bajo,,0
EST-4500,Bibiana Flores Mosquera,M,7.0,92.5,5.0,2.1,Medio-Bajo,Robótica,1
EST-4501,Calixto Romeu Alberdi,F,8.0,98.8,5.0,5.0,Medio-Bajo,Música,1
EST-4502,Eugenio Gerardo Valenzuela Alsina,F,10.0,98.4,3.8,4.9,Medio-Bajo,Arte,0
EST-4503,Dorita Escobar Pallarès,M,9.0,94.0,5.0,5.0,Bajo,Robótica,1
EST-4504,Adelardo Guiomar Real Salinas,M,11.0,98.4,3.7,2.5,Medio-Bajo,Robótica,0
EST-4505,Rolando Viña Torrent,F,8.0,83.6,3.5,5.0,Medio-Alto,Deportes,1
EST-4506,Leocadio Cózar Ariza,M,8.0,95.5,4.8,3.4,Bajo,Robótica,0
EST-4507,Anna Bautista Ros,F,6.0,99.3,,3.5,Medio-Bajo,Ninguna,0
EST-4508,Renata Amorós Jimenez,M,9.0,90.8,4.1,3.3,Bajo,Ninguna,0
EST-4509,Eloy de Gutierrez,F,7.0,90.8,1.5,5.0,Bajo,Arte,0
EST-4510,Gustavo Diez-Palomar,F,6.0,,3.9,3.7,Medio,,1
EST-4511,Gregorio Bustamante Vall,M,9.0,100.0,2.2,4.5,Bajo-Bajo,Ninguna,1
EST-4512,Juan José Rovira Planas,M,9.0,91.4,2.5,4.3,Bajo,Música,0
EST-4513,Vasco Iker Noriega Ponce,M,6.0,96.2,2.4,3.9,Bajo,,0
EST-4514,Iris Sainz,F,10.0,98.0,3.1,3.3,Bajo,Música,1
EST-4515,María Cristina Camino Mate,F,9.0,100.0,3.3,5.0,Medio-Bajo,Ninguna,0
EST-4516,Natividad Nogueira Tenorio,,6.0,94.2,3.4,2.5,Bajo-Bajo,Ninguna,0
EST-4517,Paulina Arias Nogués,F,8.0,92.3,5.0,4.6,Bajo-Bajo,Deportes,1
EST-4518,Ricardo Girona,F,10.0,95.9,4.3,4.6,Bajo,Robótica,0
EST-4519,Dionisia Jordán Carpio,M,9.0,100.0,1.7,5.0,Bajo,Ninguna,0
EST-4520,Norberto Otero,M,8.0,94.1,4.1,5.0,Medio-Bajo,,0
EST-4521,Jose Ignacio Solsona Blázquez,F,7.0,90.2,4.4,4.1,Medio-Bajo,Deportes,0
EST-4522,Dan Hervás-Julián,F,9.0,87.3,3.5,4.4,Medio-Bajo,Música,1
EST-4523,Piedad Lobato Calvet,F,11.0,,3.4,5.0,Bajo,Arte,0
EST-4524,Federico Solera Verdejo,F,9.0,99.3,4.2,4.1,Medio-Bajo,Robótica,0
EST-4525,Fito Mateos Valls,F,6.0,93.4,4.9,2.9,Bajo-Bajo,Ninguna,0
EST-4526,Luis Ángel Ugarte,M,8.0,92.0,2.1,3.6,Bajo-Bajo,Ninguna,0
EST-4527,Marcelo de Arteaga,F,11.0,91.4,3.7,2.9,Medio-Bajo,Robótica,0
EST-4528,Purificación de Espejo,F,6.0,95.4,5.0,4.4,Bajo,Ninguna,1
EST-4529,Vilma Valenzuela Gomila,F,11.0,93.8,5.0,5.0,Bajo,Música,0
EST-4530,Candelaria Bernal Giménez,M,11.0,93.6,5.0,3.9,Bajo,Ninguna,1
EST-4531,Venceslás Murillo Font,M,6.0,100.0,4.6,2.6,Bajo,Robótica,0
EST-4532,Renato Vallejo,M,11.0,100.0,5.0,5.0,Bajo,Ninguna,0
EST-4533,Borja Verdú Mateos,M,8.0,86.9,5.0,,Medio-Alto,Robótica,1
EST-4534,Federico Almazán-Guardia,M,11.0,96.6,3.8,2.7,Bajo,Música,0
EST-4535,Esteban Bravo-Nogués,F,8.0,91.1,2.8,4.0,Medio-Bajo,Robótica,0
EST-4536,Remedios Romero,F,8.0,93.8,3.7,4.5,Medio,Robótica,0
EST-4537,Susana Urrutia Nuñez,M,9.0,96.5,5.0,4.6,Medio-Bajo,Arte,0
EST-4538,Josué Colomer Somoza,F,10.0,93.9,2.5,4.1,,Deportes,1
EST-4539,Georgina Estrada-Pombo,M,6.0,96.2,3.4,5.0,Medio-Bajo,,0
EST-4540,Demetrio Palau Frías,M,9.0,98.4,2.7,4.3,Bajo,Música,1
EST-4541,Rocío Carpio Diego,M,6.0,96.5,4.1,5.0,,Música,0
EST-4542,Reyes de Rebollo,F,7.0,91.8,2.6,4.8,Bajo-Bajo,Ninguna,0
EST-4543,Delia Andreu Madrigal,M,7.0,91.9,4.3,2.7,Medio,Ninguna,1
EST-4544,Ricardo Castro Perera,M,8.0,87.8,1.6,3.7,Medio-Bajo,Música,1
EST-4545,Íngrid Pozuelo Acero,M,7.0,90.7,5.0,5.0,Medio-Bajo,Robótica,1
EST-4546,Beatriz Bertrán-Ballester,F,6.0,100.0,5.0,3.5,Bajo-Bajo,Ninguna,0
EST-4547,Ruperta Camacho Lerma,M,6.0,91.0,3.5,3.3,Medio-Bajo,Ninguna,0
EST-4548,Aroa Caballero Lucas,F,6.0,89.0,3.3,3.9,Bajo-Bajo,Ninguna,0
EST-4549,Esther Colomer Leon,F,8.0,96.6,3.8,3.7,Medio-Bajo,Arte,0
EST-4550,Patricio Ovidio Cerezo Ponce,F,11.0,94.4,4.2,3.2,Bajo,Ninguna,0
EST-4551,David Gaya Azcona,F,6.0,94.0,4.4,3.5,Medio-Bajo,Ninguna,1
EST-4552,Borja Buendía Roig,M,11.0,100.0,,5.0,Medio-Bajo,Música,1
EST-4553,Manuel de Barceló,M,10.0,97.7,5.0,4.1,Bajo-Bajo,Música,0
EST-4554,Edu Eliseo Carlos Dalmau,F,9.0,92.4,3.0,2.9,Bajo,Música,0
EST-4555,Aureliano Moreno Bravo,M,9.0,92.9,4.0,2.7,Bajo,Robótica,1
EST-4556,Ricardo Álamo Llorens,F,10.0,92.5,5.0,5.0,Medio-Bajo,Robótica,0
EST-4557,Juana Luján Giralt,F,6.0,99.4,2.3,4.0,Medio-Bajo,Deportes,0
EST-4558,Luis Miguel Segura Sarabia,F,8.0,93.5,1.6,4.4,Bajo-Bajo,Ninguna,0
EST-4559,Sara Gabaldón Olmo,F,10.0,86.0,3.8,3.1,Bajo,Robótica,0
EST-4560,Chuy Batlle Valentín,O,9.0,94.8,4.6,4.5,Medio-Bajo,Arte,0
EST-4561,Olalla Vicente,F,10.0,87.3,2.6,5.0,Bajo,Ninguna,0
EST-4562,Begoña Inés Calatayud Plaza,M,6.0,100.0,3.3,3.3,Medio,Ninguna,0
EST-4563,Isabel López Chacón,F,10.0,90.2,3.1,4.5,Bajo,Ninguna,0
EST-4564,Bernardita Ferrándiz Elías,M,9.0,94.2,3.0,2.6,Bajo-Bajo,,0
EST-4565,Felicia María Cristina Oliver Coronado,M,8.0,96.3,4.8,5.0,Bajo-Bajo,,0
EST-4566,Gregorio Miranda-Alba,F,7.0,93.6,3.0,4.3,Medio-Bajo,Ninguna,1
EST-4567,Arturo de Frías,M,9.0,93.5,3.7,3.6,Bajo,Ninguna,0
EST-4568,Yéssica Cifuentes Castañeda,M,11.0,97.1,2.9,3.9,Bajo-Bajo,Robótica,0
EST-4569,Eduardo Mendez Lobato,M,8.0,100.0,,3.5,Bajo-Bajo,Ninguna,1
EST-4570,Valero Gabaldón Gómez,F,10.0,98.8,5.0,,Medio-Bajo,Deportes,0
EST-4571,José Manuel de Villalobos,F,8.0,100.0,3.4,1.8,Medio-Bajo,Deportes,0
EST-4572,Antonio Morán,F,6.0,89.8,4.1,3.8,Bajo-Bajo,Robótica,1
EST-4573,Encarna Guerra Tejada,M,6.0,96.6,2.2,4.1,Medio-Bajo,Arte,0
EST-4574,Ricarda Martin Reyes,F,6.0,95.8,3.5,4.7,Medio,Música,1
EST-4575,Manolo Sarabia Salgado,F,8.0,96.8,5.0,3.7,Medio,Deportes,1
EST-4576,Pancho del Sevillano,M,7.0,100.0,5.0,3.2,Medio,Ninguna,0
EST-4577,Julio César del Iniesta,M,10.0,93.9,1.6,4.2,Medio-Bajo,Deportes,0
EST-4578,Nerea Paniagua Zamora,M,10.0,93.0,3.8,2.6,Bajo,Arte,0
EST-4579,Leandro Sanz Macías,O,6.0,97.7,4.5,4.1,Bajo-Bajo,Ninguna,0
EST-4580,Candelario de Rosselló,F,7.0,86.1,3.2,2.0,Bajo,Música,1
EST-4581,Amaya Lucas Lucena,F,7.0,93.8,5.0,5.0,Medio-Bajo,Deportes,0
EST-4582,Eutropio Murcia Gras,M,9.0,94.3,3.0,4.9,Medio-Bajo,Robótica,0
EST-4583,Albina Hernández Artigas,F,6.0,90.4,4.2,3.3,Bajo,Robótica,0
EST-4584,Gabriela Adán,F,6.0,100.0,3.4,4.7,Bajo,Ninguna,0
EST-4585,Alfonso Uría-Solana,F,11.0,89.7,5.0,3.8,Medio-Bajo,Ninguna,0
EST-4586,Rosa Ema Jurado Mancebo,O,10.0,94.3,3.2,3.0,Bajo,Ninguna,0
EST-4587,Fernando Samper Hervia,M,6.0,96.5,4.0,2.2,Bajo,Música,1
EST-4588,Rolando Solera,M,8.0,100.0,5.0,4.5,Bajo,Música,0
EST-4589,Vidal Carrión Sandoval,F,8.0,94.9,2.8,3.4,Medio-Alto,Arte,0
EST-4590,Gerónimo Morillo Romero,F,10.0,99.7,4.1,5.0,Bajo,Música,0
EST-4591,Celestina Gracia Pedro,F,8.0,98.5,1.8,4.0,Bajo,Ninguna,0
EST-4592,Alba Juárez Olivares,M,6.0,95.6,2.7,3.3,Bajo,Ninguna,0
EST-4593,Felipa Álamo Girona,F,10.0,89.6,4.0,5.0,Bajo,Deportes,0
EST-4594,Sandalio Losada-Ruiz,M,8.0,87.8,2.3,4.5,Bajo,Robótica,0
EST-4595,Cipriano Torrijos,M,7.0,,3.3,1.5,Bajo-Bajo,Deportes,0
EST-4596,Liliana Villalba Dominguez,F,8.0,92.3,4.6,3.5,Bajo,Ninguna,0
EST-4597,Nerea Benavente Heredia,F,8.0,99.6,3.7,2.8,Bajo-Bajo,Robótica,1
EST-4598,Ruperto Verdejo Cordero,M,7.0,98.7,5.0,3.4,Medio-Bajo,Robótica,0
EST-4599,Alicia Roldán Vila,M,7.0,94.1,4.7,3.9,Bajo,Ninguna,1
EST-4600,Jordán Corral Miguel,M,8.0,89.2,4.0,4.3,Medio,Deportes,0
EST-4601,Baltasar Augusto Medina Fortuny,M,6.0,97.6,5.0,4.5,Bajo-Bajo,Música,1
EST-4602,Yago Rincón Aller,F,10.0,89.9,3.9,5.0,Bajo-Bajo,Robótica,0
EST-4603,Florencio de Crespo,F,6.0,91.2,5.0,4.8,Medio,Deportes,0
EST-4604,Tito Iñiguez Pont,M,6.0,90.1,5.0,4.8,Bajo-Bajo,Robótica,1
EST-4605,Jose Ramón Uriarte Azorin,F,9.0,94.3,3.8,4.2,Bajo-Bajo,Ninguna,1
EST-4606,Quirino Samper Carmona,F,10.0,100.0,5.0,5.0,Bajo-Bajo,Arte,1
EST-4607,Débora Rivas Abellán,F,10.0,95.0,4.3,3.7,Medio-Bajo,Ninguna,0
EST-4608,Evaristo Doménech Casares,M,8.0,92.8,3.5,3.9,Medio-Bajo,Deportes,0
EST-4609,Gaspar Artemio Díaz Gómez,O,7.0,87.4,3.8,2.0,Bajo,Deportes,0
EST-4610,Juan Carlos Aguado Castell,M,10.0,97.8,5.0,5.0,Medio-Bajo,Ninguna,0
EST-4611,Tristán Linares Barral,M,10.0,91.1,4.9,4.1,Bajo,,1
EST-4612,Reinaldo Casals-Andrés,M,7.0,95.6,5.0,5.0,Medio,Ninguna,0
EST-4613,Clementina Barreda Valera,F,11.0,93.2,5.0,3.8,Bajo-Bajo,Robótica,0
EST-4614,Rómulo Expósito Pintor,M,6.0,99.2,4.6,4.3,Medio-Bajo,Deportes,0
EST-4615,Leopoldo Toledo Almeida,M,11.0,94.2,2.8,4.5,Bajo-Bajo,Ninguna,0
EST-4616,Ángel Carrera Segovia,M,11.0,94.7,3.8,2.9,Bajo,,0
EST-4617,Carlito Ruano-Huguet,F,9.0,97.4,4.1,4.6,Bajo-Bajo,Música,0
EST-4618,Celso Josué Garzón Cifuentes,F,11.0,100.0,4.8,4.2,Medio-Bajo,Música,0
EST-4619,Lucho Rius Barrena,M,10.0,99.4,4.8,3.9,Medio-Bajo,Música,0
EST-4620,Sandra Cueto Paredes,F,7.0,94.6,4.2,5.0,Medio-Bajo,Deportes,0
EST-4621,Isaac Salvador,F,8.0,95.0,4.1,3.3,Medio-Bajo,,0
EST-4622,Duilio Abad Cuéllar,F,6.0,92.4,5.0,4.5,Medio-Bajo,Deportes,1
EST-4623,Patricio del Saura,M,8.0,90.3,3.0,5.0,Medio-Bajo,Ninguna,0
EST-4624,Esperanza Albero,F,10.0,92.2,5.0,3.5,Bajo,,0
EST-4625,Victor Aureliano Zorrilla Sierra,F,8.0,91.1,1.5,3.9,Bajo,Robótica,0
EST-4626,Ariel Pineda Huertas,F,7.0,98.3,5.0,5.0,Bajo-Bajo,Arte,1
EST-4627,Edmundo Julián Ayuso,M,9.0,89.6,3.4,4.4,Bajo,Robótica,0
EST-4628,Nacio Arregui Perelló,F,11.0,100.0,5.0,3.7,Medio-Bajo,Arte,1
EST-4629,Florina del Neira,F,6.0,98.8,4.4,5.0,Medio-Bajo,,0
EST-4630,Juan Bautista de Quintanilla,F,8.0,95.1,4.4,3.6,Medio-Bajo,Deportes,0
EST-4631,Pancho Barberá Torrent,M,6.0,95.0,4.7,2.6,Bajo,,0
EST-4632,Cloe del Arribas,M,10.0,92.2,5.0,5.0,Medio-Bajo,,0
EST-4633,Tamara Hernando Jerez,F,6.0,96.4,3.6,3.1,Bajo,,0
EST-4634,Rosaura Tirado,F,9.0,100.0,5.0,5.0,Medio,Ninguna,0
EST-4635,Isabela Cabello-Quesada,M,7.0,91.5,2.7,3.7,Bajo,Arte,0
EST-4636,Inés Pastor-Gibert,O,7.0,87.3,3.5,5.0,Medio-Bajo,Deportes,0
EST-4637,Aitana Ibañez Hernández,M,11.0,98.5,5.0,,Medio-Bajo,Deportes,0
EST-4638,Fabio del Fuertes,F,6.0,96.6,5.0,5.0,Medio,Robótica,1
EST-4639,Anabel Osuna Castellanos,F,8.0,89.4,4.1,4.2,Bajo,Ninguna,0
EST-4640,Yéssica Esperanza Pla Sabater,F,6.0,91.3,3.5,5.0,Bajo,Música,0
EST-4641,Augusto Godoy-Estrada,F,8.0,90.7,5.0,5.0,Bajo,Robótica,0
EST-4642,Nilda Bustamante Álvarez,M,8.0,91.4,3.2,3.7,Bajo,Deportes,0
EST-4643,Tadeo Zacarías Fonseca Castañeda,F,7.0,93.4,5.0,2.9,Medio-Bajo,Deportes,1
EST-4644,Godofredo Zurita Lillo,M,6.0,93.7,3.9,3.9,Medio,Ninguna,0
EST-4645,Brunilda Asenjo Fiol,F,8.0,91.7,2.2,4.4,Bajo-Bajo,Música,0
EST-4646,Antonio Casares-Frutos,F,9.0,91.2,2.6,3.7,Medio-Bajo,Música,0
EST-4647,Susana Criado Español,F,10.0,93.9,4.1,4.5,Medio,Música,0
EST-4648,Amor del Castilla,M,9.0,95.8,4.6,4.5,Bajo-Bajo,Música,1
EST-4649,Omar Pintor-Reig,F,9.0,93.4,5.0,,Bajo,Ninguna,0
EST-4650,Sandalio Alsina Ordóñez,M,7.0,100.0,3.2,4.4,Medio-Bajo,Ninguna,1
EST-4651,Pancho Leal Guzman,M,7.0,97.5,4.4,3.9,Medio,,1
EST-4652,Montserrat Elías Cueto,F,6.0,87.0,2.6,3.0,,Ninguna,1
EST-4653,Carla Folch-Botella,M,7.0,97.6,3.4,5.0,Bajo-Bajo,Deportes,0
EST-4654,Raquel Soria Montes,F,7.0,98.0,5.0,3.4,Bajo-Bajo,Música,0
EST-4655,Mariano Céspedes Mateu,M,8.0,92.8,2.6,3.7,Medio-Bajo,Arte,0
EST-4656,Imelda Iniesta,M,9.0,87.5,4.6,4.0,Bajo-Bajo,,1
EST-4657,Benita Cueto Tur,F,11.0,95.0,4.5,5.0,Bajo-Bajo,Música,0
EST-4658,Amor Navas Carbajo,F,7.0,95.0,4.4,4.4,Medio-Bajo,Robótica,1
EST-4659,Soledad Santos Figueras,M,9.0,89.4,4.5,4.4,Medio-Bajo,Robótica,1
EST-4660,Nicolasa Castelló Alcalde,F,10.0,87.7,2.5,3.4,Medio-Bajo,Ninguna,1
EST-4661,Isaías Hoyos Luján,F,9.0,94.6,5.0,3.9,Bajo-Bajo,Ninguna,0
EST-4662,Jose Carlos Campillo Cepeda,F,7.0,93.8,5.0,4.2,Bajo-Bajo,,0
EST-4663,Florencio Cazorla Galán,M,7.0,92.9,4.1,4.5,Medio-Bajo,Deportes,0
EST-4664,Úrsula Mayoral Roig,F,6.0,94.6,5.0,3.7,Medio-Bajo,Ninguna,0
EST-4665,Abigaíl Lago-Hoyos,F,7.0,89.5,3.4,5.0,Medio-Bajo,Robótica,1
EST-4666,Sabina Ángel-Colomer,,10.0,92.8,4.9,3.8,Medio-Alto,Música,1
EST-4667,Ana Sofía Mariño Solera,M,6.0,97.7,5.0,2.5,Medio-Bajo,Arte,0
EST-4668,Elvira Baños Gibert,F,7.0,93.3,3.4,5.0,Bajo,Ninguna,0
EST-4669,Jerónimo Toro Marín,F,10.0,86.6,1.8,3.4,Bajo,Ninguna,0
EST-4670,Alicia Acosta Mesa,F,10.0,92.6,2.1,5.0,Medio-Bajo,Arte,0
EST-4671,Cintia Saez-Valderrama,M,8.0,89.6,5.0,5.0,Medio-Bajo,Ninguna,0
EST-4672,Rosa María Barrena Rosado,F,10.0,96.3,3.4,5.0,Bajo,Música,0
EST-4673,Mercedes del Revilla,F,8.0,96.6,4.2,4.0,Medio-Bajo,Música,1
EST-4674,Edgardo Galindo Valera,,6.0,86.7,2.6,4.2,Bajo-Bajo,Robótica,1
EST-4675,Febe Larrea Viana,,8.0,98.8,5.0,2.9,Medio-Bajo,Robótica,0
EST-4676,Hipólito del Garriga,F,9.0,89.4,2.6,5.0,Bajo-Bajo,Deportes,0
EST-4677,Lucas Marqués Mesa,M,11.0,100.0,3.4,3.1,Bajo,Ninguna,0
EST-4678,Montserrat Catalán Arévalo,O,6.0,94.8,4.8,3.7,Medio-Bajo,Ninguna,1
EST-4679,Teresa Jáuregui Vendrell,F,8.0,88.8,2.2,4.0,Bajo-Bajo,Música,0
EST-4680,Amarilis Lladó Herrero,F,7.0,89.3,3.3,3.8,Bajo,Robótica,0
EST-4681,Margarita Tudela Rios,M,8.0,96.7,5.0,3.5,Bajo-Bajo,Música,0
EST-4682,Silvestre de Soria,M,6.0,93.0,4.5,5.0,Medio,Arte,0
EST-4683,Francisco Javier Antón Vázquez,F,7.0,94.5,4.6,5.0,Medio-Bajo,,1
EST-4684,Begoña Pedrero Cornejo,M,10.0,100.0,4.7,4.3,Medio,Ninguna,1
EST-4685,Maricela Carnero Dávila,F,9.0,91.5,3.5,3.8,Medio-Bajo,Robótica,0
EST-4686,Adelia Calderon Grau,M,8.0,95.3,5.0,5.0,Medio-Bajo,Ninguna,1
EST-4687,Araceli Figueroa Blanch,M,7.0,100.0,3.0,3.7,Bajo-Bajo,Arte,0
EST-4688,Jose Ramón Julián Calvet Guzman,M,7.0,96.4,4.3,5.0,Bajo,Robótica,0
EST-4689,Petrona Figueras Tello,F,8.0,87.0,4.0,4.0,Bajo,Robótica,1
EST-4690,Abraham Rosario Cortina Medina,O,10.0,97.5,5.0,5.0,Medio-Bajo,Deportes,0
EST-4691,Victoria Badía,M,11.0,89.2,4.8,3.8,Medio-Bajo,Música,0
EST-4692,María Fernanda Blanch Calvo,M,8.0,100.0,4.4,4.1,Bajo,Ninguna,1
EST-4693,Águeda Alarcón,M,8.0,90.9,4.3,5.0,Bajo-Bajo,Robótica,0
EST-4694,Leandro de Sevilla,F,11.0,100.0,4.4,5.0,,Música,0
EST-4695,Horacio Espinosa Quintero,M,8.0,100.0,1.5,5.0,Bajo-Bajo,Deportes,0
EST-4696,Adoración Royo Vara,,9.0,91.0,2.1,,Medio-Bajo,,0
EST-4697,Raimundo de Serna,F,7.0,95.1,3.3,4.6,Medio-Bajo,Ninguna,0
EST-4698,Teobaldo del Leon,F,10.0,98.8,3.3,3.7,Medio-Bajo,Robótica,0
EST-4699,Hilda Ripoll Nicolau,M,9.0,98.9,2.6,,Bajo-Bajo,Deportes,0
EST-4700,Hilda Franch Mendoza,O,10.0,97.2,,3.3,Medio,Deportes,1
EST-4701,Eligia Aramburu Madrigal,,10.0,100.0,4.4,4.4,Bajo-Bajo,,1
EST-4702,Candelario Márquez Navarrete,M,7.0,94.4,3.7,4.4,Bajo,Ninguna,0
EST-4703,Horacio Tena Barroso,F,10.0,93.2,2.9,2.2,Medio-Bajo,,1
EST-4704,Florentino Sáenz Portero,F,10.0,93.3,3.9,4.2,Bajo-Bajo,Música,0
EST-4705,Francisco Jose Arjona Bayona,M,7.0,99.3,1.9,4.4,Bajo-Bajo,Ninguna,1
EST-4706,Fernanda Mendez Blanes,M,6.0,96.8,4.2,4.1,Bajo-Bajo,Música,1
EST-4707,Pastor Lumbreras Cervantes,F,6.0,96.5,4.1,4.6,Medio-Bajo,Arte,0
EST-4708,Marcela Salom Serrano,M,8.0,99.0,4.3,2.9,Medio,Música,0
EST-4709,Macario Infante,F,8.0,84.7,2.0,3.1,Medio-Bajo,Robótica,1
EST-4710,Alcides Desiderio Torrijos Blanes,F,9.0,96.6,4.3,5.0,Medio-Bajo,Deportes,0
EST-4711,Jordán Eligio Barrena Gomila,M,6.0,96.1,2.8,4.0,Bajo,,0
EST-4712,Amaya Georgina Nogueira Gallego,M,11.0,100.0,3.0,4.5,Bajo-Bajo,Robótica,0
EST-4713,Chita Tejera-Reig,M,7.0,87.4,4.4,3.4,Bajo-Bajo,Música,0
EST-4714,Adán Camilo Orozco Gallardo,F,7.0,100.0,5.0,4.2,Medio,Música,0
EST-4715,Jordana Heredia Mascaró,F,8.0,95.4,4.1,1.9,Bajo-Bajo,Arte,0
EST-4716,Rosendo Lasa Larrañaga,M,8.0,97.4,3.0,4.8,Alto,,0
EST-4717,Joel Villanueva Bru,F,7.0,100.0,4.2,5.0,Bajo-Bajo,Ninguna,0
EST-4718,Clotilde Real Cortina,O,7.0,97.8,5.0,3.1,Medio-Bajo,Arte,0
EST-4719,Héctor Paz Carballo,M,6.0,97.0,5.0,3.1,Medio,,1
EST-4720,Amanda Romero Duque,F,10.0,96.2,5.0,4.6,Bajo,Robótica,1
EST-4721,Samanta Vaquero,M,10.0,92.6,3.1,5.0,Medio-Bajo,Música,0
EST-4722,Augusto Villegas Español,M,8.0,94.9,4.7,4.2,Bajo,Arte,1
EST-4723,Rosa María Saldaña Bello,M,10.0,91.4,5.0,3.0,Bajo,Música,1
EST-4724,Chuy Quintanilla Cal,M,10.0,94.8,5.0,4.0,Bajo-Bajo,Robótica,1
EST-4725,Saturnina de Soria,M,6.0,83.3,1.6,2.9,Medio-Bajo,Música,1
EST-4726,Rosa María Gelabert Ferrando,M,11.0,97.1,4.4,3.5,Bajo,Arte,1
EST-4727,Aurelio Barral Revilla,F,10.0,94.4,5.0,3.9,Bajo,Deportes,0
EST-4728,Áurea Cuevas,F,7.0,93.3,5.0,3.1,Alto,Ninguna,0
EST-4729,Emma Armas,F,6.0,96.1,4.8,3.4,Bajo,Deportes,0
EST-4730,Lupe Garay Godoy,M,6.0,87.8,3.1,4.0,Bajo,,0
EST-4731,Federico Aller Busquets,M,6.0,100.0,3.2,4.4,Medio-Alto,Música,1
EST-4732,Ema Rovira Alegria,M,10.0,94.5,5.0,2.8,Bajo,Música,0
EST-4733,Albino de Herrera,F,8.0,94.3,5.0,4.6,Bajo,Robótica,1
EST-4734,Carmen Flavia Serrano Solís,F,10.0,90.2,3.4,3.8,Medio-Bajo,Música,1
EST-4735,Paco Olmedo Coronado,M,10.0,95.1,3.8,4.9,Bajo,,0
EST-4736,Gabriela Morata-Fernandez,M,9.0,100.0,4.4,,Bajo,Ninguna,0
EST-4737,Jose Pintor Arenas,F,9.0,100.0,4.7,3.5,Bajo,Ninguna,0
EST-4738,María Carmen Valverde Álvaro,M,6.0,99.3,2.9,4.6,Medio-Bajo,Ninguna,0
EST-4739,Andrea Chaparro Franco,M,7.0,97.7,3.7,3.4,,Deportes,1
EST-4740,Belen Vanesa Castells Chacón,F,9.0,93.2,2.4,,Bajo,Música,1
EST-4741,Eligio de Buendía,F,6.0,87.7,4.7,3.1,Bajo,Robótica,0
EST-4742,Cayetana Colom-Rivero,M,6.0,94.0,3.6,4.6,Bajo,Deportes,0
EST-4743,José María Lloret,M,11.0,93.8,,4.0,Medio-Bajo,Deportes,0
EST-4744,Jessica Millán Lobato,O,9.0,100.0,5.0,3.2,Bajo,Arte,0
EST-4745,Aitana Boada Pou,M,7.0,96.5,4.7,4.9,Medio-Bajo,Ninguna,1
EST-4746,Ambrosio Aragón,M,9.0,100.0,,3.6,Bajo,Música,0
EST-4747,Nerea Machado-Vilalta,M,10.0,100.0,4.2,2.5,Bajo,,0
EST-4748,Ildefonso Palma Márquez,M,7.0,92.7,4.1,1.3,Bajo,Ninguna,0
EST-4749,Salomón Mario Barrena Gargallo,M,6.0,86.0,5.0,3.0,Bajo-Bajo,Robótica,0
EST-4750,Rafaela Godoy Escribano,F,11.0,100.0,4.4,5.0,Bajo-Bajo,Robótica,0
EST-4751,Ani del Miranda,M,7.0,100.0,3.3,5.0,Medio-Bajo,Deportes,0
EST-4752,José Ángel Ayllón Zamorano,M,6.0,88.2,4.8,3.2,Medio-Bajo,Robótica,0
EST-4753,Ricarda de Goicoechea,F,8.0,100.0,5.0,3.8,Bajo-Bajo,Robótica,0
EST-4754,Pablo Estevez-Tejedor,F,10.0,96.9,2.4,3.7,Medio-Bajo,Robótica,0
EST-4755,Etelvina Cañizares Mayoral,F,7.0,95.8,5.0,2.7,Medio,Ninguna,0
EST-4756,Angelino Morales Olivares,F,7.0,100.0,4.8,3.3,Bajo-Bajo,Arte,1
EST-4757,Valeria Laguna Julián,M,7.0,100.0,4.7,5.0,Bajo,Robótica,1
EST-4758,Mariana Martín-Taboada,F,11.0,98.3,5.0,4.7,Medio-Bajo,Música,0
EST-4759,Primitiva Lastra Pallarès,M,7.0,97.4,3.7,4.3,Bajo-Bajo,Ninguna,1
EST-4760,Patricia Ángel Asensio,,9.0,98.1,5.0,2.9,Medio-Bajo,Robótica,1
EST-4761,Pastor Lopez,F,11.0,93.0,3.5,,Medio,Arte,0
EST-4762,Rosalía Azorin-Ortega,O,6.0,94.7,2.6,1.9,Bajo-Bajo,Arte,1
EST-4763,Lola Bautista Ropero,F,11.0,90.5,2.8,5.0,Medio-Bajo,Robótica,0
EST-4764,Aureliano Gutierrez Parra,M,11.0,93.3,5.0,4.3,Bajo,Ninguna,1
EST-4765,Cintia Villalba Velasco,F,11.0,93.2,2.9,2.9,Bajo-Bajo,Robótica,0
EST-4766,Merche Tejero Guardiola,O,7.0,91.8,5.0,5.0,Bajo,Robótica,1
EST-4767,Gloria Milagros Tenorio Rocamora,F,9.0,95.7,5.0,2.4,Bajo-Bajo,Música,0
EST-4768,Nilo Vidal Huertas,M,10.0,93.4,5.0,4.7,Bajo,Robótica,0
EST-4769,Lilia Pons Estévez,F,11.0,97.5,4.1,4.8,Bajo-Bajo,Deportes,0
EST-4770,Alicia Abella Gelabert,M,6.0,86.9,3.8,2.7,Medio-Bajo,Deportes,0
EST-4771,Trinidad Pujadas Rios,M,10.0,94.4,2.6,4.0,Bajo,Ninguna,0
EST-4772,Tamara Esther Amores Riera,M,7.0,95.7,5.0,2.6,Bajo,Deportes,0
EST-4773,Yaiza Cerezo Asensio,M,6.0,,,1.5,Bajo-Bajo,Deportes,0
EST-4774,Teodosio Borrell Carballo,F,8.0,94.1,4.7,3.1,Bajo,Música,0
EST-4775,Febe Tomas Conde,M,10.0,87.1,5.0,3.3,Bajo-Bajo,Arte,0
EST-4776,Cayetano Esteve Solera,F,8.0,96.8,3.3,4.8,Medio-Bajo,Deportes,0
EST-4777,Julio Quevedo-Lladó,M,9.0,98.2,3.8,4.3,Bajo-Bajo,Música,0
EST-4778,Jerónimo Bauzà,M,11.0,97.5,,4.3,Medio-Bajo,Arte,0
EST-4779,Victoria Criado Rincón,M,8.0,100.0,2.9,3.2,Bajo,,0
EST-4780,Georgina Moles Gascón,M,9.0,96.0,3.8,3.7,Medio-Bajo,Música,0
EST-4781,María Del Carmen Valle,M,8.0,97.4,4.6,3.3,Medio-Bajo,Robótica,0
EST-4782,Dimas Chaparro Menéndez,M,8.0,95.8,3.6,3.0,Bajo,Deportes,0
EST-4783,Eugenio de Nicolau,F,10.0,98.4,5.0,3.4,Medio-Bajo,Ninguna,0
EST-4784,Emiliano Hernandez-Sabater,M,11.0,87.1,1.7,4.0,Bajo,Robótica,0
EST-4785,Milagros Camino Tenorio,M,9.0,90.5,5.0,3.6,Medio-Bajo,Música,0
EST-4786,Rita Manrique Maestre,M,10.0,100.0,4.8,3.9,Medio-Bajo,Música,0
EST-4787,Eutropio Yáñez Ortiz,F,6.0,82.7,2.8,4.6,,,0
EST-4788,Cruz Pedrero Cózar,F,7.0,94.3,3.3,3.7,Medio,Música,1
EST-4789,Marco Díez Aranda,F,8.0,100.0,1.9,2.7,Medio-Bajo,Ninguna,1
EST-4790,Alexandra Piña Medina,M,6.0,94.5,3.4,4.8,Bajo,Deportes,1
EST-4791,Leticia Badía Gárate,M,7.0,93.0,5.0,4.5,Bajo-Bajo,Música,0
EST-4792,Fidel Torrecilla Padilla,O,8.0,95.6,3.9,4.5,Medio-Bajo,Deportes,0
EST-4793,Belen Bosch Sebastián,M,6.0,93.2,5.0,4.6,Bajo,Ninguna,1
EST-4794,Edu Raya Sáez,M,7.0,95.2,3.3,4.7,Medio-Bajo,Música,0
EST-4795,Cipriano Riera Agullo,M,8.0,91.6,4.8,4.2,Medio-Bajo,Deportes,0
EST-4796,Pablo Girón Tejedor,M,9.0,100.0,3.1,5.0,Medio-Bajo,Robótica,0
EST-4797,Tecla Soria Figuerola,M,11.0,100.0,2.8,2.9,Medio-Bajo,Deportes,0
EST-4798,Juanita Escalona Quevedo,F,9.0,94.3,3.9,3.4,Medio-Bajo,Ninguna,0
EST-4799,Héctor Almeida Nogueira,M,8.0,88.1,3.1,4.9,Bajo-Bajo,Música,1
EST-4800,Alfredo de Polo,F,11.0,92.4,2.5,4.3,Bajo-Bajo,Música,1
EST-4801,Armida Anselma Arévalo Carbonell,M,10.0,94.1,3.8,5.0,Medio-Bajo,Música,0
EST-4802,Rufina Conde Bellido,M,7.0,97.5,4.5,4.4,Bajo,Música,1
EST-4803,Leyre Espinosa Balaguer,F,6.0,90.0,5.0,5.0,Medio-Bajo,Ninguna,0
EST-4804,Cornelio Macías Aranda,M,9.0,91.2,5.0,3.2,Bajo-Bajo,Música,0
EST-4805,Duilio Viana Dávila,F,9.0,97.6,5.0,5.0,Bajo-Bajo,Robótica,0
EST-4806,Concepción Cuadrado Bolaños,F,10.0,99.7,4.9,5.0,Medio-Bajo,Robótica,0
EST-4807,Elvira Solano García,M,10.0,91.9,4.4,3.0,Bajo,Robótica,0
EST-4808,Evelia Pinedo-Malo,O,9.0,88.3,2.0,4.5,Bajo,Robótica,0
EST-4809,Silvia Vicenta Luque Rozas,M,11.0,100.0,4.2,4.2,Bajo,Música,0
EST-4810,Samu de Taboada,F,9.0,98.9,4.7,3.6,Bajo-Bajo,Deportes,0
EST-4811,Adelia Bonet Ayllón,M,6.0,93.7,5.0,2.3,Bajo-Bajo,Robótica,1
EST-4812,Perlita Carpio Echeverría,F,10.0,99.3,5.0,3.2,Bajo-Bajo,Robótica,1
EST-4813,Flora de Madrigal,M,7.0,94.4,5.0,4.9,Medio-Bajo,Robótica,0
EST-4814,Calista Peral Mercader,F,10.0,99.3,2.8,5.0,Medio-Bajo,Música,0
EST-4815,Georgina Galindo-Luque,F,11.0,95.8,4.0,4.0,Bajo,Robótica,1
EST-4816,Onofre Tejero Osorio,F,10.0,95.5,4.9,5.0,Bajo-Bajo,Robótica,1
EST-4817,Luís Mosquera Ortiz,F,9.0,94.4,5.0,5.0,Medio-Bajo,Música,0
EST-4818,Maite Baquero Beltrán,F,,87.8,3.3,3.9,Medio-Bajo,Ninguna,0
EST-4819,Chema Palau-Robledo,F,8.0,100.0,3.9,3.3,Bajo-Bajo,Ninguna,0
EST-4820,Corona Téllez,M,8.0,90.3,4.8,4.4,Bajo,Ninguna,0
EST-4821,Eustaquio Vilaplana Cuesta,M,9.0,88.2,2.5,4.4,Bajo-Bajo,Robótica,1
EST-4822,Isaías Sanchez,M,10.0,93.9,5.0,4.7,Bajo-Bajo,Ninguna,0
EST-4823,Virgilio Amores Posada,M,9.0,90.2,3.3,5.0,Medio-Bajo,Música,1
EST-4824,Ruben Barbero Benavent,M,7.0,,1.7,2.6,Medio,Ninguna,0
EST-4825,Atilio Flor Solana,F,8.0,98.4,4.0,,Medio-Bajo,Robótica,0
EST-4826,Clarisa Gomez Higueras,M,10.0,100.0,5.0,2.1,Medio,Ninguna,0
EST-4827,Lina Sedano Oliveras,F,8.0,99.1,4.7,4.9,Bajo,Música,0
EST-4828,Nuria Mayol Benitez,M,9.0,93.5,4.9,4.0,Medio,Deportes,0
EST-4829,Cesar Venceslás Aznar Vázquez,M,10.0,95.2,4.0,4.6,Bajo,Música,0
EST-4830,Mónica Puga Buendía,F,9.0,97.0,4.2,,Bajo-Bajo,Música,1
EST-4831,Jose Ramón Mayoral Arco,F,8.0,86.2,1.6,5.0,Medio-Bajo,Música,0
EST-4832,Armando Román,F,11.0,97.9,1.5,2.8,Bajo,Ninguna,0
EST-4833,Benita Girona Quirós,F,6.0,87.7,3.7,4.5,Bajo,Ninguna,0
EST-4834,Lidia Soler Lluch,M,11.0,100.0,5.0,4.1,Medio-Bajo,Ninguna,0
EST-4835,Gracia Miranda Baró,F,6.0,93.0,4.4,3.8,Bajo,Ninguna,0
EST-4836,Guadalupe Morales Sandoval,M,6.0,94.1,4.7,3.7,Medio-Bajo,Ninguna,0
EST-4837,Jovita Daza Sevillano,M,11.0,91.2,5.0,3.6,Bajo,Música,0
EST-4838,Jaime Gimeno Soria,M,7.0,91.9,4.8,5.0,Medio-Bajo,Ninguna,1
EST-4839,Milagros Feliu Riba,M,10.0,100.0,3.9,4.2,Bajo,Arte,0
EST-4840,Severino Alegre Gomila,M,10.0,99.7,3.0,2.9,Bajo,Deportes,0
EST-4841,Glauco Gonzalez Exposito,O,11.0,87.3,5.0,3.5,Bajo-Bajo,Arte,0
EST-4842,Máxima Mateu Salinas,O,11.0,100.0,4.6,4.1,Medio-Bajo,Ninguna,0
EST-4843,Narcisa Crespi Espejo,M,7.0,100.0,2.9,5.0,Medio-Bajo,Deportes,0
EST-4844,Catalina Gallart Blazquez,M,10.0,93.6,2.6,3.6,Bajo-Bajo,Deportes,0
EST-4845,Jafet Baquero Cánovas,,6.0,96.5,5.0,3.7,Bajo,Arte,0
EST-4846,Quirino Herrero Domingo,M,8.0,94.9,2.8,4.2,Bajo,Música,0
EST-4847,Vicente Llabrés Elorza,F,11.0,100.0,5.0,5.0,Medio-Bajo,Deportes,1
EST-4848,Carolina Petrona Palomino Vidal,M,8.0,91.0,1.5,,Medio-Bajo,Ninguna,0
EST-4849,Lucía Villaverde Arranz,F,9.0,95.7,5.0,4.5,Bajo,Ninguna,0
EST-4850,Gertrudis Borja Araujo,M,8.0,,4.6,3.5,Medio-Bajo,Ninguna,0
EST-4851,Ruben Solera Abad,O,9.0,87.8,3.6,3.6,Medio,Arte,0
EST-4852,Lázaro Silvestre Espada Rosa,M,11.0,100.0,3.8,5.0,Bajo-Bajo,Ninguna,0
EST-4853,Zaida Tudela Aranda,F,6.0,89.1,5.0,3.5,Bajo,,0
EST-4854,Inmaculada Alonso,M,9.0,96.1,5.0,5.0,Medio-Bajo,Arte,1
EST-4855,Simón del Valenzuela,F,11.0,86.3,2.4,4.4,Medio-Bajo,Ninguna,0
EST-4856,Duilio de Tello,M,8.0,93.0,1.9,3.0,Bajo-Bajo,,0
EST-4857,Raquel del Chamorro,M,6.0,97.1,4.2,,Bajo,Deportes,0
EST-4858,Poncio Rodriguez Padilla,F,9.0,90.9,4.0,4.8,Bajo-Bajo,Ninguna,0
EST-4859,Felipa Ferrándiz Amaya,F,7.0,97.9,2.2,2.9,Medio-Bajo,Ninguna,0
EST-4860,María Luisa Jódar Alvarez,,6.0,93.7,4.3,2.5,Medio-Bajo,Música,1
EST-4861,Isabel Borrell Tejero,F,11.0,100.0,3.7,5.0,Bajo-Bajo,Arte,1
EST-4862,Bernarda Arregui Fernández,F,9.0,100.0,,3.2,Bajo,Deportes,1
EST-4863,Aurelia de Valero,M,,92.1,4.9,,Bajo,Robótica,0
EST-4864,Cebrián Maldonado,M,10.0,95.4,5.0,5.0,Medio-Bajo,Robótica,0
EST-4865,Mohamed Francisco Castellanos,M,10.0,95.9,5.0,2.5,Bajo-Bajo,Robótica,1
EST-4866,Cándida Soto Vigil,F,6.0,98.1,3.5,2.9,Medio-Bajo,Deportes,1
EST-4867,Consuela Barberá-Cadenas,M,8.0,95.1,4.4,3.7,Medio-Bajo,Robótica,0
EST-4868,Octavia Lastra Sarabia,M,7.0,96.0,4.5,3.8,Medio-Bajo,Ninguna,1
EST-4869,Luisa Adadia-Beltrán,F,11.0,93.8,2.8,3.3,Medio-Bajo,,1
EST-4870,Berto Garriga-Tamayo,F,6.0,95.6,4.5,3.0,Bajo,Robótica,0
EST-4871,Loreto Barbero Santamaria,M,7.0,100.0,5.0,5.0,Medio-Bajo,Ninguna,0
EST-4872,Cecilia Alberdi-Ayala,M,8.0,98.2,4.0,4.5,Medio-Bajo,Deportes,0
EST-4873,Martirio Toledo-Palma,M,7.0,98.5,2.5,4.8,Medio-Bajo,,1
EST-4874,Cipriano Pablo Fabra,,7.0,98.6,4.0,4.1,Bajo-Bajo,Robótica,0
EST-4875,Rufino Olmo-Gaya,M,9.0,94.2,2.5,4.5,Bajo-Bajo,Música,0
EST-4876,Octavia Alemany Gomez,F,6.0,96.6,5.0,5.0,Medio-Bajo,Música,0
EST-4877,José Antonio Luis Vilalta Millán,F,6.0,89.6,4.1,2.9,Medio,Música,0
EST-4878,Graciano Pellicer Badía,F,8.0,100.0,3.8,4.5,Medio-Bajo,,0
EST-4879,Eladio Castillo Armas,M,10.0,81.1,3.1,4.6,Medio-Bajo,Música,0
EST-4880,Delia Canales-Mancebo,F,9.0,94.6,3.7,5.0,Medio-Bajo,Música,0
EST-4881,Alexandra Piña-Sales,M,8.0,100.0,4.4,5.0,Bajo,Música,1
EST-4882,Jose Miguel de Ramos,M,9.0,88.2,2.6,4.0,Medio-Bajo,Música,0
EST-4883,Leopoldo Sales Santos,F,8.0,97.0,2.3,5.0,Medio-Bajo,Ninguna,0
EST-4884,Berta Zabaleta Lopez,M,11.0,91.6,5.0,1.5,Medio-Bajo,Robótica,0
EST-4885,Jacinta Cerdán Suárez,M,6.0,93.2,3.5,5.0,Medio,Música,0
EST-4886,Aitana Mora Cisneros,F,9.0,99.7,4.6,3.5,Bajo,Robótica,1
EST-4887,Rogelio Llorente Burgos,M,11.0,96.0,4.3,4.0,Bajo-Bajo,Robótica,0
EST-4888,Ana Graciana Aguilar Valdés,F,10.0,84.8,3.9,,Medio,Deportes,0
EST-4889,Abigaíl Rodríguez Almagro,M,6.0,90.1,2.6,3.8,Bajo-Bajo,Ninguna,0
EST-4890,Graciela Prieto Orozco,F,7.0,99.9,2.0,4.4,Medio-Bajo,Música,0
EST-4891,Alberto Oller Valle,M,10.0,97.2,3.7,,Medio-Bajo,Robótica,1
EST-4892,Rolando Heredia Nicolau,M,,100.0,4.5,3.8,Bajo,Robótica,0
EST-4893,Antonio del Zurita,F,10.0,100.0,3.1,3.1,Medio-Bajo,,0
EST-4894,Zaida Rosales Carpio,M,10.0,93.3,4.0,5.0,Bajo,Ninguna,1
EST-4895,Eric Fulgencio Enríquez Arnau,M,10.0,100.0,5.0,4.7,Medio-Bajo,Robótica,0
EST-4896,Celso Francisco,M,6.0,95.1,1.8,5.0,Bajo-Bajo,Robótica,0
EST-4897,Ruperta Acevedo Tamayo,M,10.0,90.2,3.1,5.0,Medio-Bajo,,0
EST-4898,Manuelita Berenguer-Llobet,M,9.0,91.8,5.0,2.9,Medio-Bajo,Música,1
EST-4899,Vicenta Dorita Soriano Melero,M,10.0,83.7,3.8,4.5,Bajo,Robótica,1
EST-4900,Juanita Roig Vaquero,F,6.0,100.0,3.2,3.2,Medio-Bajo,Deportes,0
EST-4901,Blanca Romeu Valverde,M,6.0,100.0,5.0,4.2,Medio,Música,0
EST-4902,Hipólito del Comas,F,8.0,89.9,3.6,3.6,Medio-Bajo,Ninguna,0
EST-4903,Emiliana Quero Espejo,M,6.0,93.9,3.6,2.4,Medio,Ninguna,0
EST-4904,Herminio Palau Garmendia,M,9.0,95.5,4.6,3.2,Bajo,Ninguna,1
EST-4905,Teodoro Casals Machado,F,11.0,90.2,3.2,,Bajo,Arte,0
EST-4906,Macarena Mendizábal Jaume,M,8.0,86.2,2.3,4.1,Bajo,,0
EST-4907,Dulce Montero Barberá,O,11.0,93.9,3.9,3.8,Medio-Alto,,0
EST-4908,Regina Candela Cuadrado Castell,M,6.0,93.4,2.8,5.0,Bajo-Bajo,Música,0
EST-4909,Samu Heredia Oliveras,F,6.0,93.1,4.0,3.8,Bajo,Arte,0
EST-4910,Tiburcio Meléndez Arranz,F,6.0,96.1,4.4,,Bajo,Deportes,0
EST-4911,Felisa Caballero Pol,F,7.0,100.0,5.0,5.0,Bajo,Robótica,0
EST-4912,Irma Prado Pérez,F,11.0,93.5,5.0,3.6,Medio,Ninguna,0
EST-4913,Rosario Roman Rivero,F,6.0,95.9,3.5,3.3,Bajo,Ninguna,0
EST-4914,Rosa Becerra,M,9.0,98.6,4.6,1.9,Medio,Deportes,0
EST-4915,Jacinto Cal Cepeda,M,8.0,97.8,4.6,3.3,Bajo,Deportes,0
EST-4916,Pepito Iborra,F,11.0,91.9,4.4,3.3,Medio-Bajo,Música,0
EST-4917,Adán Álvaro,M,6.0,95.5,3.4,4.2,Bajo,Ninguna,0
EST-4918,Eutropio Quevedo,M,7.0,97.7,3.2,3.6,Bajo,Arte,1
EST-4919,Ernesto Bejarano Pintor,F,6.0,89.4,4.1,5.0,Bajo,Deportes,0
EST-4920,Jose Luis de Casal,M,8.0,100.0,,2.9,Bajo,Ninguna,1
EST-4921,Dorita Sales Zabala,O,7.0,100.0,4.1,5.0,Bajo,Ninguna,1
EST-4922,Guillermo Tudela Menéndez,F,11.0,91.4,1.5,4.4,Bajo,Música,0
EST-4923,Cristian de Canales,F,9.0,96.0,2.8,4.8,Bajo-Bajo,Ninguna,1
EST-4924,Eugenio Andreu,F,9.0,98.2,3.3,,Bajo,Ninguna,1
EST-4925,Gloria Sevillano Padilla,M,9.0,92.3,5.0,1.8,Medio-Bajo,,1
EST-4926,Cristian del Rosales,M,6.0,97.4,4.8,4.2,Bajo,Arte,0
EST-4927,Elpidio Mendoza Osorio,M,8.0,95.8,3.3,3.9,Medio-Bajo,Deportes,0
EST-4928,Zoraida Pedraza Rivera,M,11.0,87.7,4.4,2.6,Medio-Alto,Ninguna,0
EST-4929,Baltasar Montalbán,F,10.0,97.3,5.0,,Bajo,Deportes,0
EST-4930,Benito Cervantes Cózar,F,11.0,89.5,3.7,5.0,Bajo,Música,1
EST-4931,Leocadia Páez Calderón,M,10.0,99.7,2.3,1.5,Bajo-Bajo,Robótica,0
EST-4932,Josefina Morera,M,6.0,91.6,3.8,3.7,Bajo,Deportes,0
EST-4933,Odalis Lara Osuna,O,7.0,94.2,4.3,3.0,Medio-Bajo,Música,1
EST-4934,Tere Nogueira Elorza,M,6.0,100.0,2.9,4.3,Bajo,Deportes,1
EST-4935,Severino Ballesteros,F,7.0,97.5,4.4,3.9,Bajo-Bajo,Robótica,0
EST-4936,Lupe Benet Ortiz,M,6.0,89.6,4.2,3.3,Bajo,Música,1
EST-4937,Jesús Roda Caballero,F,8.0,89.9,4.0,4.4,Medio-Bajo,Ninguna,0
EST-4938,Sandalio Vallés Camps,F,9.0,92.0,4.3,5.0,Medio-Bajo,Robótica,0
EST-4939,Guadalupe Bernal Viñas,F,11.0,97.0,5.0,5.0,Medio,Música,1
EST-4940,Chuy Vilaplana Alcántara,F,10.0,96.8,4.2,3.5,Medio,Arte,1
EST-4941,Jovita Montoya Cañete,M,11.0,90.8,4.2,2.4,Bajo-Bajo,Música,0
EST-4942,Esther Olalla Cánovas Lago,M,6.0,89.2,3.0,4.3,Bajo-Bajo,Ninguna,0
EST-4943,Blanca Verdejo Cabrero,F,6.0,96.4,3.3,5.0,Bajo,Ninguna,0
EST-4944,Sarita de Campillo,M,9.0,94.1,5.0,5.0,Bajo,Deportes,0
EST-4945,Chema Escalona Soria,F,7.0,100.0,1.5,5.0,Bajo,Robótica,0
EST-4946,Íngrid Blázquez Cortés,F,7.0,95.2,5.0,4.0,Bajo-Bajo,Robótica,0
EST-4947,Cebrián Sarabia Trujillo,F,7.0,100.0,3.3,3.6,Bajo-Bajo,Deportes,0
EST-4948,Josep del Planas,F,7.0,89.1,2.6,4.0,Bajo-Bajo,Arte,0
EST-4949,Alba Comas Fabregat,F,8.0,87.1,4.2,3.6,Medio-Bajo,Deportes,1
EST-4950,América Eugenia Galiano Piquer,F,8.0,89.4,1.7,4.4,Medio,Ninguna,0
EST-4951,Mar Sebastián Bernal,M,8.0,100.0,,5.0,Bajo-Bajo,Robótica,1
EST-4952,Francisco Javier del Pedrosa,M,9.0,100.0,3.0,5.0,Bajo,Deportes,0
EST-4953,María Belén Osuna Catalá,M,8.0,91.1,3.7,4.7,Bajo-Bajo,Arte,0
EST-4954,Cristina Torralba Neira,F,7.0,92.7,3.0,4.4,Medio,Arte,0
EST-4955,Raimundo Dueñas Exposito,M,6.0,89.2,5.0,4.7,Medio,Música,1
EST-4956,Clímaco de Catalá,F,7.0,85.9,5.0,1.9,Bajo,Deportes,1
EST-4957,María Manuela Elías Mascaró,M,10.0,98.6,1.6,4.2,Bajo,Ninguna,0
EST-4958,Atilio Gómez,F,10.0,96.1,4.7,4.1,Bajo,Ninguna,0
EST-4959,Amelia Meléndez-Bautista,M,9.0,95.1,5.0,4.4,Bajo,Robótica,0
EST-4960,Florencio Ibarra Bautista,F,7.0,88.0,4.2,3.8,Medio-Bajo,Arte,0
EST-4961,Marcio Valcárcel-Casal,F,9.0,100.0,3.2,4.4,Bajo,Ninguna,0
EST-4962,Fito Jover,M,9.0,92.5,3.7,3.6,Medio,Robótica,0
EST-4963,Luna de Huguet,M,8.0,97.7,3.1,5.0,Bajo-Bajo,Arte,0
EST-4964,Piedad Blanco,F,9.0,87.7,3.0,4.4,Medio-Bajo,,0
EST-4965,Buenaventura Baró Cañete,F,8.0,94.0,2.5,4.2,Bajo,Ninguna,0
EST-4966,Ariel Bilbao Perea,M,9.0,96.5,3.9,3.5,Bajo,Deportes,0
EST-4967,Morena Vargas Tamarit,O,10.0,96.6,2.2,5.0,Medio-Bajo,Deportes,0
EST-4968,Otilia Nieto Gutiérrez,F,6.0,95.8,3.8,4.4,Medio,,0
EST-4969,Vasco Teobaldo Huertas Arnal,O,10.0,97.5,2.9,3.4,Medio-Bajo,,1
EST-4970,Moisés Garzón-Juliá,M,6.0,89.3,3.7,3.6,Medio-Bajo,Ninguna,0
EST-4971,Joaquina de Acosta,M,6.0,96.0,3.2,4.8,Medio-Bajo,Arte,0
EST-4972,Amador Bayo,F,11.0,95.6,4.3,4.8,Bajo,Deportes,0
EST-4973,Carmela Cañas-Rodrigo,F,11.0,96.2,5.0,4.7,Medio-Bajo,Robótica,0
EST-4974,Áurea del Morcillo,F,6.0,95.4,5.0,4.3,Medio-Bajo,,0
EST-4975,Rómulo Velasco Domingo,M,8.0,88.6,1.0,4.7,Bajo,Ninguna,0
EST-4976,Consuelo Marisela Casanova Cruz,M,6.0,88.4,2.9,4.9,Medio-Bajo,Ninguna,1
EST-4977,Soledad Nuria Trujillo Perelló,M,8.0,83.9,3.5,4.6,Medio-Bajo,,1
EST-4978,Mónica Rios Llopis,M,10.0,99.1,5.0,3.4,Medio-Bajo,Ninguna,1
EST-4979,Selena Ripoll Izaguirre,M,11.0,99.1,2.0,2.9,Bajo,Ninguna,0
EST-4980,Mariana Marta Ortuño Cañete,M,9.0,99.2,,3.7,Medio-Bajo,Robótica,0
EST-4981,Ale del Villegas,O,8.0,96.5,4.2,5.0,Medio-Bajo,Ninguna,0
EST-4982,Eva María Narváez Quintana,M,9.0,84.3,3.6,4.2,Bajo,Deportes,0
EST-4983,Candelas de Bernat,F,7.0,89.9,4.0,5.0,Medio-Bajo,Arte,0
EST-4984,Isaura Domínguez Maestre,F,11.0,95.9,4.9,4.1,Bajo-Bajo,Robótica,1
EST-4985,Charo Valle Giner,F,11.0,95.7,4.4,3.9,Bajo-Bajo,Robótica,0
EST-4986,Estela Carmona Bayón,M,9.0,93.9,4.2,4.1,Medio-Bajo,Música,0
EST-4987,Ani Fabregat Borrás,F,7.0,96.8,4.1,3.9,Medio,Ninguna,0
EST-4988,Maricela Yáñez Verdú,F,7.0,95.1,4.8,3.2,Bajo-Bajo,Ninguna,0
EST-4989,Benigno del Cañellas,F,6.0,95.6,1.5,2.9,Medio-Bajo,Ninguna,0
EST-4990,Fausto Antón Jerez,F,10.0,91.8,5.0,4.7,Bajo,Robótica,0
EST-4991,Juan Francisco Santamaría Jaume,O,8.0,99.9,1.5,5.0,Medio-Bajo,Música,0
EST-4992,Juan Ribes Arcos,F,7.0,92.8,3.1,,Medio-Bajo,Arte,1
EST-4993,Inés Heredia-Carbajo,M,8.0,88.3,3.2,3.5,Medio,Deportes,0
EST-4994,Ramiro Colomer Crespi,F,10.0,91.1,4.8,3.8,Medio-Bajo,Deportes,0
EST-4995,María Belén Campillo Alberto,M,6.0,93.3,1.5,3.4,Medio-Bajo,Robótica,0
EST-4996,Manuela Peña Sánchez,F,11.0,100.0,4.4,5.0,Bajo-Bajo,Deportes,1
EST-4997,Tania Ruth Baró Valero,M,11.0,94.8,5.0,,Bajo,Arte,0
EST-4998,Luz Díaz Jódar,M,11.0,94.1,5.0,3.3,Bajo,Arte,1
EST-4999,María José Quevedo,F,8.0,88.8,2.7,2.8,Medio-Bajo,Ninguna,0
EST-5000,Leocadia Ros Viña,F,7.0,98.9,4.0,5.0,Bajo-Bajo,Música,1
